"Report Number","Local Case Number","Agency Name","ACRS Report Type","Crash Date/Time","Route Type","Road Name","Cross-Street Name","Off-Road Description","Municipality","Related Non-Motorist","Collision Type","Weather","Surface Condition","Light","Traffic Control","Driver Substance Abuse","Non-Motorist Substance Abuse","Person ID","Pedestrian Type","Pedestrian Movement","Pedestrian Actions","Pedestrian Location","At Fault","Injury Severity","Safety Equipment","Latitude","Longitude","Location"
"MCP3280007Y","260012513","MONTGOMERY","Injury Crash","03/22/2026 07:30:00 PM","County Route","STEWART LA","OLD COLUMBIA PIKE OLD COLUMBIA PIKE (SB/L)",,,"Pedestrian","Single Vehicle","Clear","Dry","Daylight","Stop Sign","Not Suspect of Alcohol Use, Not Suspect of Drug Use","Not Suspect of Alcohol Use, Not Suspect of Drug Use","99B2D663-9EE5-44A5-9E29-74CA43326DD6","Pedestrian","Cross/Enter at Intersection","None (No Improper Action)","Intersection Marked Crosswalk","No","Possible Injury","None","39.04620981","-76.98654308","    (39.04620981, -76.98654308)"
"MCP3126007Y","260012218","MONTGOMERY","Injury Crash","03/20/2026 08:01:00 PM",,,,"Parking Lot Way        MILESTONE SHOPPING CENTER IN FRONT TJMAXX",,"Pedestrian","Single Vehicle","Rain",,"Dark - Lighted",,"Not Suspect of Alcohol Use, Not Suspect of Drug Use","Not Suspect of Alcohol Use, Not Suspect of Drug Use","89F6AD0F-6B93-40BD-B9E1-A8A78E098FF7","Pedestrian","Cross/Enter at Intersection","None (No Improper Action)","Intersection Marked Crosswalk","No","Suspected Minor Injury","None","39.1990915","-77.24783967","    (39.1990915, -77.24783967)"
"MCP3126007Y","260012218","MONTGOMERY","Injury Crash","03/20/2026 08:01:00 PM",,,,"Parking Lot Way        MILESTONE SHOPPING CENTER IN FRONT TJMAXX",,"Pedestrian","Single Vehicle","Rain",,"Dark - Lighted",,"Not Suspect of Alcohol Use, Not Suspect of Drug Use","Not Suspect of Alcohol Use, Not Suspect of Drug Use","2B296D8C-1193-49C5-BEF6-FEBA3C876697","Pedestrian","Cross/Enter at Intersection","None (No Improper Action)","Intersection Marked Crosswalk","No","No Apparent Injury","None","39.1990915","-77.24783967","    (39.1990915, -77.24783967)"
"MCP3077002M","260012176","MONTGOMERY","Injury Crash","03/20/2026 03:53:00 PM","County Route","FATHER HURLEY BLVD",,,,"Pedestrian","Single Vehicle","Clear","Dry","Daylight","Lane Use Control Signal","Not Suspect of Alcohol Use, Not Suspect of Drug Use","Not Suspect of Alcohol Use, Not Suspect of Drug Use","55D25240-73A2-46F2-A717-05B56AF3168E","Pedestrian","Cross/Enter at Intersection","None (No Improper Action)","Intersection Marked Crosswalk","No","Possible Injury","None","39.19198337","-77.27216959","    (39.19198337, -77.27216959)"
"MCP30790088","260011936","MONTGOMERY","Injury Crash","03/19/2026 09:19:00 AM",,,,"Parking Aisle        PARKING LOT IN FRONT OF LEASING OFFICE LOCATED AT 19757 CRYSTAL ROCK DRIVE, GERMANTOWN, MARYLAND,20874",,"Pedestrian","Single Vehicle","Clear",,"Daylight",,"Not Suspect of Alcohol Use, Not Suspect of Drug Use","Not Suspect of Alcohol Use, Not Suspect of Drug Use","4D0EF2CC-CE50-4C65-A383-021468451663","Pedestrian","Other","None (No Improper Action)","Other","No","Possible Injury","None","39.17920958","-77.26097442","    (39.17920958, -77.26097442)"
"MCP3329005S","260011841","MONTGOMERY","Injury Crash","03/18/2026 04:21:00 PM",,,,"Parking Lot Way        12028 CHERRY HILL RD PARKING LOT",,"Pedestrian","Single Vehicle","Clear",,"Daylight",,"Not Suspect of Alcohol Use, Not Suspect of Drug Use","Not Suspect of Alcohol Use, Not Suspect of Drug Use","397C94AA-5528-49B9-AC5B-E6CBDAA13A66","Pedestrian","Walking/Cycling Along Roadway With Traffic (In or Adjacent to Travel Lane)","In Roadway Improperly (Standing, Lying, Working, Playing)","Intersection Other","No","Suspected Minor Injury","None","39.05472117","-76.9561315","    (39.05472117, -76.9561315)"
"MCP27600089","260011232","MONTGOMERY","Injury Crash","03/14/2026 06:30:00 PM","County Route","MONTGOMERY VILLAGE AVE (SB/L)",,,,"Cyclist (Electric)","Single Vehicle","Clear","Dry","Dusk","Pedestrian Crossing Sign","Unknown, Unknown","Not Suspect of Alcohol Use, Not Suspect of Drug Use","CC4099DD-B97E-4733-B186-FFC9776723B3","Cyclist (Electric)","Cross/Enter at Intersection","None (No Improper Action)","Intersection Marked Crosswalk","No","Suspected Minor Injury","None","39.17087197","-77.20405393","    (39.17087197, -77.20405393)"
"MCP3307003N","260011179","MONTGOMERY","Injury Crash","03/14/2026 10:35:00 AM","Local Route","MATTHEW HENSON TRL","SULLIVAN LA",,,"Cyclist (Electric)","Single Vehicle","Clear","Dry","Daylight","Pedestrian Crossing Sign","Not Suspect of Alcohol Use, Not Suspect of Drug Use","Not Suspect of Alcohol Use, Not Suspect of Drug Use","55B075B6-37EE-4096-A030-CD2BA57FFB8B","Cyclist (Electric)","Cross/Enter Not at Intersection","None (No Improper Action)","Intersection Marked Crosswalk","No","Suspected Minor Injury","Helmet","39.08425294","-77.04149687","    (39.08425294, -77.04149687)"
"MCP3058006B","260010774","MONTGOMERY","Injury Crash","03/11/2026 03:03:00 PM","County Route","DIAMONDBACK DR (SB/L)","KEY WEST AVE (WB/L)",,,"Cyclist (Electric)","Single Vehicle","Clear","Dry","Daylight","Traffic Control Signal","Not Suspect of Alcohol Use, Not Suspect of Drug Use","Not Suspect of Alcohol Use, Not Suspect of Drug Use","15A4E028-79F6-4F64-880B-B28DBECE06A7","Cyclist (Electric)","Cross/Enter at Intersection","None (No Improper Action)","Intersection Marked Crosswalk","No","Suspected Minor Injury","Helmet","39.1052565","-77.201615","    (39.1052565, -77.201615)"
"MCP30680075","260010633","MONTGOMERY","Injury Crash","03/10/2026 03:55:00 PM","County Route",,,,,"Pedestrian","Single Vehicle","Clear","Dry","Daylight","No Controls","Not Suspect of Alcohol Use, Not Suspect of Drug Use","Not Suspect of Alcohol Use, Not Suspect of Drug Use","B2CE3BB1-B823-47BC-8D4D-453FA0325354","Pedestrian","Cross/Enter Not at Intersection","Dart/Dash","Intersection Unmarked Crosswalk","Yes","Suspected Minor Injury","None","38.97911535","-77.09875904","    (38.97911535, -77.09875904)"
"MCP3093006L","260010175","MONTGOMERY","Injury Crash","03/07/2026 05:51:00 PM","Bicycle Route",,,,,"Pedestrian","Single Vehicle","Clear","Dry","Daylight","No Controls","Not Suspect of Alcohol Use, Not Suspect of Drug Use","Not Suspect of Alcohol Use, Not Suspect of Drug Use","771E337D-4F8F-4767-A490-E9A3C9DEDE41","Pedestrian","Cross/Enter Not at Intersection","Unknown","Travel Lane Other Location","No","Possible Injury","None","38.980725","-77.09583833","    (38.980725, -77.09583833)"
"MCP316300B8","260010060","MONTGOMERY","Injury Crash","03/06/2026 08:00:00 PM","County Route","MARINELLI RD","ROCKVILLE PIKE",,,"Pedestrian","Single Vehicle","Clear","Dry","Dark - Lighted","Traffic Control Signal","Not Suspect of Alcohol Use, Not Suspect of Drug Use","Not Suspect of Alcohol Use, Not Suspect of Drug Use","60DF6245-2B43-4642-91E3-BE3779268134","Pedestrian","Cross/Enter at Intersection","None (No Improper Action)","Intersection Marked Crosswalk","No","Suspected Minor Injury","None","39.04717249","-77.11283405","    (39.04717249, -77.11283405)"
"MCP3051008X","260009726","MONTGOMERY","Injury Crash","03/04/2026 07:00:00 PM","County Route","LONE OAK DR",,,,"Pedestrian","Single Vehicle","Rain","Wet","Dark - Unknown Lighting","Pedestrian Crossing Sign","Not Suspect of Alcohol Use, Not Suspect of Drug Use","Not Suspect of Alcohol Use, Not Suspect of Drug Use","358A3B5B-D9BC-48DB-95BD-55183D53C3E5","Pedestrian","Cross/Enter at Intersection","Not Visible (Dark Clothing, No Lighting, etc.)","Intersection Marked Crosswalk","No","Possible Injury","None","39.02070354","-77.12246551","    (39.02070354, -77.12246551)"
"MCP316300B6","260009970","MONTGOMERY","Injury Crash","03/03/2026 01:30:00 PM","Maryland (State) Route","WISCONSIN AVE (SB/L)","S PARK AVE",,,"Pedestrian","Single Vehicle","Rain","Wet","Daylight","Traffic Control Signal","Unknown, Unknown","Not Suspect of Alcohol Use, Not Suspect of Drug Use","96EF7044-9EF6-4CD0-9444-29A81D7BAFB5","Pedestrian","Cross/Enter at Intersection","Unknown","Intersection Marked Crosswalk","No","Suspected Minor Injury","None","38.96379264","-77.08719265","    (38.96379264, -77.08719265)"
"MCP33860045","260009316","MONTGOMERY","Injury Crash","03/02/2026 03:03:00 PM","Maryland (State) Route","WISCONSIN AVE","LELAND ST",,,"Pedestrian","Single Vehicle","Snow","Wet","Daylight","Traffic Control Signal","Not Suspect of Alcohol Use, Not Suspect of Drug Use","Not Suspect of Alcohol Use, Not Suspect of Drug Use","25F44892-1460-4E89-AF54-47D82D3B199A","Pedestrian","Cross/Enter at Intersection","None (No Improper Action)","Intersection Marked Crosswalk","No","Suspected Minor Injury","None","38.98020683","-77.09200567","    (38.98020683, -77.09200567)"
"MCP26350094","260009207","MONTGOMERY","Fatal Crash","03/01/2026 06:30:00 PM","Municipality Route","AVERY RD","NORBECK RD",,,"Pedestrian","Single Vehicle","Clear","Dry","Dark - Lighted","Traffic Control Signal","Not Suspect of Alcohol Use, Not Suspect of Drug Use","Unknown, Not Suspect of Drug Use","FF8C713D-2E63-4FBB-B170-6A810FF03738","Pedestrian","Unknown","Unknown","Unknown","No","Fatal Injury","None","39.09281566","-77.12271671","    (39.09281566, -77.12271671)"
"MCP2460002K","260009046","MONTGOMERY","Injury Crash","02/28/2026 05:14:00 PM",,,,"Parking Lot Way        PARKING LOT WAY OF 9651 LOST KNIFE CIRCLE.",,"Pedestrian","Single Vehicle","Clear",,"Daylight",,"Not Suspect of Alcohol Use, Not Suspect of Drug Use","Not Suspect of Alcohol Use, Not Suspect of Drug Use","A48CDA52-1420-4987-B9B2-1D99B88EE12D","Pedestrian","Other","None (No Improper Action)","Other","No","Possible Injury","None","39.15376787","-77.19792279","    (39.15376787, -77.19792279)"
"MCP2460002K","260009046","MONTGOMERY","Injury Crash","02/28/2026 05:14:00 PM",,,,"Parking Lot Way        PARKING LOT WAY OF 9651 LOST KNIFE CIRCLE.",,"Pedestrian","Single Vehicle","Clear",,"Daylight",,"Not Suspect of Alcohol Use, Not Suspect of Drug Use","Not Suspect of Alcohol Use, Not Suspect of Drug Use","71E3FA30-F542-4651-98C9-42528C80E8D4","Pedestrian","Other","None (No Improper Action)","Other","No","Suspected Minor Injury","None","39.15376787","-77.19792279","    (39.15376787, -77.19792279)"
"MCP2460002K","260009046","MONTGOMERY","Injury Crash","02/28/2026 05:14:00 PM",,,,"Parking Lot Way        PARKING LOT WAY OF 9651 LOST KNIFE CIRCLE.",,"Pedestrian","Single Vehicle","Clear",,"Daylight",,"Not Suspect of Alcohol Use, Not Suspect of Drug Use","Not Suspect of Alcohol Use, Not Suspect of Drug Use","CACA12EB-BE7F-482C-90E2-99434752A55B","Pedestrian","Other","None (No Improper Action)","Other","No","Possible Injury","None","39.15376787","-77.19792279","    (39.15376787, -77.19792279)"
"MCP316300B4","260008758","MONTGOMERY","Injury Crash","02/26/2026 06:27:00 PM","Maryland (State) Route","PLYERS MILL RD","CONNECTICUT AVE",,,"Scooter (electric)","Single Vehicle","Rain","Wet","Dark - Lighted","Traffic Control Signal","Not Suspect of Alcohol Use, Not Suspect of Drug Use","Not Suspect of Alcohol Use, Not Suspect of Drug Use","15F0DAA4-8477-4C03-8DA9-20A326AEC57D","Scooter (electric)","Walking/Cycling on Sidewalk","Not Visible (Dark Clothing, No Lighting, etc.)","Intersection Marked Crosswalk","No","Suspected Minor Injury","None","39.0297585","-77.07576983","    (39.0297585, -77.07576983)"
"DD5659001K","260008714","ROCKVILLE","Injury Crash","02/26/2026 03:26:00 PM","Crossover",,"ROCKVILLE PIKE",,,"Cyclist (non-electric)","Single Vehicle","Freezing Rain Or Freezing Drizzle","Wet","Daylight","Traffic Control Signal","Not Suspect of Alcohol Use, Not Suspect of Drug Use","Not Suspect of Alcohol Use, Not Suspect of Drug Use","5D1372E8-A74D-4782-AD6E-4CF30346FB04","Cyclist (non-electric)","None","None (No Improper Action)","Intersection Marked Crosswalk","No","Possible Injury","None","39.06306611","-77.12492536","    (39.06306611, -77.12492536)"
"MCP2989003S","260008430","MONTGOMERY","Injury Crash","02/25/2026 06:40:00 AM","County Route",,"VEIRS MILL RD (WB/L)",,,"Pedestrian","Single Vehicle","Clear","Dry","Daylight","Traffic Control Signal","Not Suspect of Alcohol Use, Not Suspect of Drug Use","Not Suspect of Alcohol Use, Not Suspect of Drug Use","1377F6D9-E8EF-4D4B-90FE-9AF4D4D0BD82","Pedestrian","Cross/Enter at Intersection","Dart/Dash, Failure to Yield Right-Of-Way","Intersection Marked Crosswalk","Yes","Suspected Serious Injury","None","39.07347303","-77.11189733","    (39.07347303, -77.11189733)"
"MCP3489000K","260008384","MONTGOMERY","Injury Crash","02/24/2026 06:37:00 PM","County Route","E FRANKLIN AVE (WB/L)","UNIVERSITY BLVD E (WB/L)",,,"Pedestrian","Single Vehicle","Clear","Dry","Dark - Lighted","Traffic Control Signal","Not Suspect of Alcohol Use, Not Suspect of Drug Use","Not Suspect of Alcohol Use, Not Suspect of Drug Use","288A457A-489B-4B8D-A8E0-BB82B9A3CB21","Pedestrian","Cross/Enter at Intersection","None (No Improper Action)","Intersection Marked Crosswalk","No","Suspected Minor Injury","None","39.01227563","-77.002663","    (39.01227563, -77.002663)"
"EJ7844001T","260008226","GAITHERSBURG","Injury Crash","02/23/2026 03:40:00 PM","Municipality Route","MAIN ST",,,,"Pedestrian","Single Vehicle","Cloudy","Wet","Daylight","No Controls","Not Suspect of Alcohol Use, Not Suspect of Drug Use","Not Suspect of Alcohol Use, Not Suspect of Drug Use","B2EFB27B-4A2B-43DB-8980-C6499DF81624","Pedestrian","Standing","None (No Improper Action)","Travel Lane Other Location","No","Suspected Minor Injury","None","39.12171679","-77.23830652","    (39.12171679, -77.23830652)"
"MCP3050007C","260007974","MONTGOMERY","Injury Crash","02/22/2026 03:22:00 PM",,,,"Parking Lot Way        PARKING LOT OF GIANT, ASPEN HILL SHOPPING CENTER.",,"Pedestrian","Single Vehicle","Clear",,"Daylight",,"Unknown, Unknown","Not Suspect of Alcohol Use, Not Suspect of Drug Use","5C4297A5-AB95-4485-B97D-5BAF6034B236","Pedestrian","Other","None (No Improper Action)","Other","No","Possible Injury","None","39.07994865","-77.07909204","    (39.07994865, -77.07909204)"
"MCP3037007R","260007977","MONTGOMERY","Injury Crash","02/21/2026 04:03:00 PM","Local Route","CHESTNUT BRANCH WAY",,,,"Pedestrian","Single Vehicle","Clear","Dry","Daylight","No Controls","Not Suspect of Alcohol Use, Not Suspect of Drug Use","Not Suspect of Alcohol Use, Not Suspect of Drug Use","1DD381C4-4EAA-44BE-8BB6-EAD50FE3BC4F","Pedestrian","Cross/Enter at Intersection","None (No Improper Action)","Intersection Unmarked Crosswalk","No","Suspected Minor Injury","None","39.22993523","-77.24931428","    (39.22993523, -77.24931428)"
"MCP3009009S","260007960","MONTGOMERY","Injury Crash","02/21/2026 01:22:00 PM","County Route","SHAKESPEARE BLVD (WB/L)",,,,"Pedestrian","Single Vehicle","Clear","Dry","Daylight","No Controls","Not Suspect of Alcohol Use, Not Suspect of Drug Use","Not Suspect of Alcohol Use, Not Suspect of Drug Use","14531941-53C4-4F89-89BF-841ADE1C5C3D","Pedestrian","Cross/Enter at Intersection","None (No Improper Action)","Midblock Marked Crosswalk","No","Suspected Minor Injury","None","39.19742154","-77.2522854","    (39.19742154, -77.2522854)"
"MCP34020054","260007744","MONTGOMERY","Injury Crash","02/20/2026 06:55:00 AM","Private Route",,"MT PISGAH RD OAKVIEW DR",,,"Pedestrian","Single Vehicle","Rain","Wet","Dark - Lighted","No Controls","Not Suspect of Alcohol Use, Not Suspect of Drug Use","Not Suspect of Alcohol Use, Not Suspect of Drug Use","323E5653-0985-45B6-9365-76A4E92102F0","Pedestrian","None","None (No Improper Action)","Intersection Other","No","Suspected Minor Injury","None","39.01515338","-76.9769653","    (39.01515338, -76.9769653)"
"MCP301000CV","260007746","MONTGOMERY","Injury Crash","02/20/2026 06:54:00 AM","Maryland (State) Route","EAST WEST HWY",,,,"Pedestrian","Single Vehicle","Rain","Wet","Dawn","No Controls","Not Suspect of Alcohol Use, Not Suspect of Drug Use","Not Suspect of Alcohol Use, Not Suspect of Drug Use","CF0C4AF2-89CE-42EC-A0E5-FBF032259000","Pedestrian","Cross/Enter at Intersection","None (No Improper Action)","Intersection Marked Crosswalk","No","Suspected Minor Injury","None","38.99510001","-77.03804573","    (38.99510001, -77.03804573)"
"EJ7918000J","260007703","GAITHERSBURG","Injury Crash","02/19/2026 08:10:00 PM","Municipality Route","PARAMOUNT PARK DR (NB/L)",,,,"Pedestrian","Single Vehicle","Rain","Wet","Dark - Lighted","Stop Sign","Not Suspect of Alcohol Use, Not Suspect of Drug Use","Not Suspect of Alcohol Use, Not Suspect of Drug Use","3C8D1BEF-F26C-4FCD-BC05-38FC8DF328B7","Pedestrian","Cross/Enter at Intersection","None (No Improper Action)","Intersection Marked Crosswalk","No","Suspected Minor Injury","None","39.15994232","-77.22143697","    (39.15994232, -77.22143697)"
"EJ7918000J","260007703","GAITHERSBURG","Injury Crash","02/19/2026 08:10:00 PM","Municipality Route","PARAMOUNT PARK DR (NB/L)",,,,"Pedestrian","Single Vehicle","Rain","Wet","Dark - Lighted","Stop Sign","Not Suspect of Alcohol Use, Not Suspect of Drug Use","Not Suspect of Alcohol Use, Not Suspect of Drug Use","5106A777-E3F7-4916-BFC4-A833F970225E","Pedestrian","Cross/Enter at Intersection","None (No Improper Action)","Intersection Marked Crosswalk","No","Suspected Minor Injury","None","39.15994232","-77.22143697","    (39.15994232, -77.22143697)"
"MCP33760030","260007690","MONTGOMERY","Property Damage Crash","02/19/2026 06:42:00 PM","County Route","GLENALLAN AVE (WB/L)","LAYHILL RD",,,"Pedestrian","Single Vehicle","Rain","Wet","Dark - Lighted","Traffic Control Signal","Not Suspect of Alcohol Use, Not Suspect of Drug Use","Not Suspect of Alcohol Use, Not Suspect of Drug Use","D3669226-8C5A-46F0-A75A-D7D85C2CB1F7","Pedestrian","Cross/Enter at Intersection","None (No Improper Action)","Intersection Marked Crosswalk","No","No Apparent Injury","None","39.06317414","-77.05019567","    (39.06317414, -77.05019567)"
"DD5673002R","260007688","ROCKVILLE","Injury Crash","02/19/2026 04:40:00 PM","Maryland (State) Route","ROCKVILLE PIKE (SB/L)",,,,"Pedestrian","Single Vehicle","Clear",,"Daylight","No Controls","Unknown, Unknown","Not Suspect of Alcohol Use, Not Suspect of Drug Use","F2652F3C-2024-474A-96A9-73C2BD3F3FB1","Pedestrian","Walking/Cycling on Sidewalk","None (No Improper Action)","Sidewalk","No","Possible Injury","None","39.07214333","-77.13334324","    (39.07214333, -77.13334324)"
"DD5673002R","260007688","ROCKVILLE","Injury Crash","02/19/2026 04:40:00 PM","Maryland (State) Route","ROCKVILLE PIKE (SB/L)",,,,"Pedestrian","Single Vehicle","Clear",,"Daylight","No Controls","Unknown, Unknown","Not Suspect of Alcohol Use, Not Suspect of Drug Use","44EEC924-DE66-4C65-8D2E-486CD0D29D53","Pedestrian","Walking/Cycling on Sidewalk","None (No Improper Action)","Sidewalk","No","Possible Injury","None","39.07214333","-77.13334324","    (39.07214333, -77.13334324)"
"MCP29740062","260007435","MONTGOMERY","Injury Crash","02/18/2026 10:47:00 AM",,,,"Parking Lot Way        PARKING GARAGE",,"Pedestrian","Single Vehicle","Clear",,"Daylight",,"Not Suspect of Alcohol Use, Not Suspect of Drug Use","Not Suspect of Alcohol Use, Not Suspect of Drug Use","D51DFFCE-5BCC-4F05-B81C-DB8A672DC1A6","Pedestrian","Other","None (No Improper Action)","Other","No","Suspected Serious Injury","None","39.04869562","-76.95658039","    (39.04869562, -76.95658039)"
"MCP2761007R","260007262","MONTGOMERY","Injury Crash","02/17/2026 09:58:00 AM","County Route","YELLOW LEAF WAY",,,,"Pedestrian","Single Vehicle","Cloudy","Dry","Daylight","No Controls","Not Suspect of Alcohol Use, Not Suspect of Drug Use","Not Suspect of Alcohol Use, Not Suspect of Drug Use","21BE02D3-CCCB-4A0F-AA0A-C50F3129149D","Pedestrian","Other Working","None (No Improper Action)","Travel Lane Other Location","No","Possible Injury","Reflectors","39.18546959","-77.22977226","    (39.18546959, -77.22977226)"
"MCP3477000L","260007173","MONTGOMERY","Injury Crash","02/16/2026 04:26:00 PM","Local Route","POTOMAC PROMENADE/PLACE","FALLS RD FALLS RD (SB/L)",,,"Pedestrian","Single Vehicle","Clear","Dry","Daylight","Traffic Control Signal","Not Suspect of Alcohol Use, Not Suspect of Drug Use","Not Suspect of Alcohol Use, Not Suspect of Drug Use","9F19DFEF-557F-4692-8909-D386D787A315","Pedestrian","Cross/Enter at Intersection","Failure to Obey Traffic Signs, Signals, or Officer","Intersection Marked Crosswalk","Yes","Suspected Minor Injury","None","39.01715387","-77.20987371","    (39.01715387, -77.20987371)"
"MCP2351006V","260007008","MONTGOMERY","Injury Crash","02/15/2026 02:23:00 PM",,,,"Parking Lot Way        IN PARKING LOT IN TRAVEL LANE ADJACENT BURLINGTON STORE LOCATED AT 12087 ROCKVILLE PIKE, ROCKVILLE, MD",,"Pedestrian","Single Vehicle","Rain",,"Daylight",,"Not Suspect of Alcohol Use, Not Suspect of Drug Use","Not Suspect of Alcohol Use, Not Suspect of Drug Use","36638EC8-427A-4901-B889-568E7AE7B4B7","Pedestrian","Other","Unknown","Unknown","No","Suspected Minor Injury","None","39.05579261","-77.11738531","    (39.05579261, -77.11738531)"
"EJ7919000H","260006736","GAITHERSBURG","Injury Crash","02/13/2026 01:08:00 PM","Maryland (State) Route","S FREDERICK RD",,,,"Scooter (electric)","Single Vehicle","Clear","Dry","Daylight","No Controls","Not Suspect of Alcohol Use, Not Suspect of Drug Use","Not Suspect of Alcohol Use, Not Suspect of Drug Use","9261D724-ADAD-45C4-A8A7-A2EA1A4AF934","Scooter (electric)","Walking/Cycling on Sidewalk","Failure to Yield Right-Of-Way","Driveway Access","Yes","Suspected Minor Injury","Helmet","39.13940705","-77.19577155","    (39.13940705, -77.19577155)"
"MCP31400035","260006507","MONTGOMERY","Fatal Crash","02/11/2026 09:57:00 PM","Maryland (State) Route",,,,,"Pedestrian","Single Vehicle","Clear","Dry","Dark - Lighted","Pedestrian Crossing","Not Suspect of Alcohol Use, Not Suspect of Drug Use","Unknown, Unknown","93B5DD99-5F63-4336-A92B-4E92E5C4671B","Pedestrian","Cross/Enter Not at Intersection","Other","Travel Lane Other Location","Yes","Fatal Injury","None","38.9949805","-77.045462","    (38.9949805, -77.045462)"
"MCP9406003Q","260006304","MONTGOMERY","Injury Crash","02/10/2026 07:11:00 PM",,,,"Parking Lot Way        PARKING LOT OF THE WESTFIELD WHEATON COSTCO AT 11160 VEIRS MILL ROAD, SILVER SPRING, MONTGOMERY COUNTY, MARYLAND.",,"Pedestrian","Unknown","Clear",,"Dark - Lighted",,"Not Suspect of Alcohol Use, Not Suspect of Drug Use","Not Suspect of Alcohol Use, Not Suspect of Drug Use","5E2AD86D-6DC1-46A8-A9C2-ED365A1895DD","Pedestrian","Other","Unknown","Other","No","Suspected Minor Injury","None","39.03514117","-77.05654717","    (39.03514117, -77.05654717)"
"MCP137801G1","260006245","MONTGOMERY","Injury Crash","02/10/2026 03:14:00 PM","County Route","PARKER AVE","GEORGIA AVE (SB/L)",,,"Pedestrian","Single Vehicle","Cloudy","Wet","Daylight","No Controls","Not Suspect of Alcohol Use, Not Suspect of Drug Use","Not Suspect of Alcohol Use, Not Suspect of Drug Use","FDDAB3B6-4068-4120-A654-DBA6EC0B1C1B","Pedestrian","Cross/Enter Not at Intersection","Dart/Dash","Travel Lane Other Location","Yes","Suspected Serious Injury","None","39.04953835","-77.05194984","    (39.04953835, -77.05194984)"
"MCP235300DR","260006199","MONTGOMERY","Injury Crash","02/10/2026 01:04:00 PM","Maryland (State) Route",,"FORT SUMNER DR WESTBARD AVE",,,"Pedestrian","Single Vehicle","Cloudy","Dry","Daylight","Pedestrian Crossing Sign","Not Suspect of Alcohol Use, Not Suspect of Drug Use","Not Suspect of Alcohol Use, Not Suspect of Drug Use","47381638-CA28-4D98-8D25-9ABAE6FB032C","Pedestrian","Cross/Enter at Intersection","None (No Improper Action)","Intersection Marked Crosswalk","No","Suspected Minor Injury","None, Other","38.95817152","-77.10968823","    (38.95817152, -77.10968823)"
"MCP235300DR","260006199","MONTGOMERY","Injury Crash","02/10/2026 01:04:00 PM","Maryland (State) Route",,"FORT SUMNER DR WESTBARD AVE",,,"Pedestrian","Single Vehicle","Cloudy","Dry","Daylight","Pedestrian Crossing Sign","Not Suspect of Alcohol Use, Not Suspect of Drug Use","Not Suspect of Alcohol Use, Not Suspect of Drug Use","1479F649-AD3F-46E1-A8E6-7B6131B51739","Pedestrian","Cross/Enter at Intersection","None (No Improper Action)","Intersection Marked Crosswalk","No","Suspected Minor Injury","None, Other","38.95817152","-77.10968823","    (38.95817152, -77.10968823)"