"Report Number","Local Case Number","Agency Name","ACRS Report Type","Crash Date/Time","Route Type","Road Name","Cross-Street Name","Off-Road Description","Municipality","Related Non-Motorist","Collision Type","Weather","Surface Condition","Light","Traffic Control","Driver Substance Abuse","Non-Motorist Substance Abuse","Person ID","Pedestrian Type","Pedestrian Movement","Pedestrian Actions","Pedestrian Location","At Fault","Injury Severity","Safety Equipment","Latitude","Longitude","Location"
"MCP2752007P","260006028","MONTGOMERY","Property Damage Crash","02/09/2026 03:40:00 PM","Maryland (State) Route",,,,,"Cyclist (non-electric)","Single Vehicle","Clear","Dry","Daylight","Traffic Control Signal","Unknown, Unknown","Not Suspect of Alcohol Use, Not Suspect of Drug Use","AC88FB33-DCF1-452B-AE46-78AF21AD86C8","Cyclist (non-electric)","Walking/Cycling Along Roadway With Traffic (In or Adjacent to Travel Lane)","None (No Improper Action)","Shoulder/Roadside","No","No Apparent Injury","Helmet, Reflectors","38.99293523","-77.10760343","    (38.99293523, -77.10760343)"
"MCP3319004C","260005856","MONTGOMERY","Injury Crash","02/08/2026 01:57:00 PM",,,,"Parking Lot Way        GIANT PARKING LOT
8750 ARLISS ST",,"Pedestrian","Angle","Clear",,"Daylight",,"Not Suspect of Alcohol Use, Not Suspect of Drug Use, Not Suspect of Alcohol Use, Not Suspect of Drug Use","Not Suspect of Alcohol Use, Not Suspect of Drug Use","EA84A2EE-FD54-45F3-8318-3466D36F74C2","Pedestrian","Standing","None (No Improper Action)","Other","No","Possible Injury","None","39.00023068","-77.00263071","    (39.00023068, -77.00263071)"
"MCP137801G2","260005583","MONTGOMERY","Injury Crash","02/06/2026 12:00:00 PM",,,,"Parking Lot Way        PARKING LOT OF SHADY GROVE HOME DEPOT",,"Pedestrian","Single Vehicle","Clear",,"Daylight",,"Unknown, Unknown","Unknown, Unknown","110B0A62-4E34-4A97-A278-E33D15A0DD27","Pedestrian","Other","Unknown","Other","No","Possible Injury","None","39.11500778","-77.18690702","    (39.11500778, -77.18690702)"
"MCP287100DL","260005095","MONTGOMERY","Injury Crash","02/03/2026 06:37:00 PM","County Route",,,,,"Pedestrian","Single Vehicle","Clear","Dry","Dark - Not Lighted","No Controls","Not Suspect of Alcohol Use, Not Suspect of Drug Use","Not Suspect of Alcohol Use, Not Suspect of Drug Use","E171861C-8B4A-4439-AA03-3B97AA713F76","Pedestrian","Unknown","Not Visible (Dark Clothing, No Lighting, etc.)","Travel Lane Other Location","Yes","Suspected Minor Injury","None","39.00193644","-77.15973981","    (39.00193644, -77.15973981)"
"MCP3482000H","260004883","MONTGOMERY","Injury Crash","02/02/2026 04:07:00 PM","Maryland (State) Route","COLESVILLE RD (WB/L)",,,,"Pedestrian","Single Vehicle","Clear","Dry","Daylight","Traffic Control Signal","Not Suspect of Alcohol Use, Not Suspect of Drug Use","Not Suspect of Alcohol Use, Not Suspect of Drug Use","B14FFDEE-57E3-41A9-879C-A6EF23B7EDF0","Pedestrian","Cross/Enter at Intersection","None (No Improper Action)","Intersection Marked Crosswalk","No","Suspected Minor Injury","None","38.99434051","-77.03110128","    (38.99434051, -77.03110128)"
"DD5690000T","260005292","ROCKVILLE","Injury Crash","02/02/2026 01:40:00 PM","Municipality Route","MONROE ST",,,,"Cyclist (non-electric)","Single Vehicle","Clear","Dry","Daylight","Stop Sign","Not Suspect of Alcohol Use, Not Suspect of Drug Use","Not Suspect of Alcohol Use, Not Suspect of Drug Use","370A2A37-9FDF-4C29-AB57-5ABD152F0444","Cyclist (non-electric)","Walking/Cycling on Sidewalk","None (No Improper Action)","Intersection Marked Crosswalk","No","Suspected Minor Injury","Unknown","39.08441506","-77.1491036","    (39.08441506, -77.1491036)"
"MCP3390002Q","260004792","MONTGOMERY","Property Damage Crash","02/01/2026 08:14:00 PM","County Route","FATHER HURLEY BLVD",,,,"Pedestrian","Single Vehicle","Clear","Dry","Dark - Lighted","No Controls","Not Suspect of Alcohol Use, Not Suspect of Drug Use","Not Suspect of Alcohol Use, Not Suspect of Drug Use","7D2B0F4F-BE3C-46E1-913D-2C051CF50D7F","Pedestrian","Walking/Cycling Along Roadway With Traffic (In or Adjacent to Travel Lane)","In Roadway Improperly (Standing, Lying, Working, Playing), Not Visible (Dark Clothing, No Lighting, etc.)","Shoulder/Roadside","Yes","No Apparent Injury","Lighting","39.18993458","-77.2732948","    (39.18993458, -77.2732948)"
"MCP3262006T","260004783","MONTGOMERY","Injury Crash","02/01/2026 06:02:00 PM","County Route","SERPENTINE WAY","AVENTURINE WAY",,,"Pedestrian","Single Vehicle","Clear","Slush","Dark - Lighted","No Controls","Not Suspect of Alcohol Use, Not Suspect of Drug Use","Not Suspect of Alcohol Use, Not Suspect of Drug Use","773D388F-3B80-4C0D-98AD-FC0902515E10","Pedestrian","Standing","Other","Other","Yes","Suspected Minor Injury","None","39.06761874","-76.96965667","    (39.06761874, -76.96965667)"
"MCP3480000B","260004565","MONTGOMERY","Injury Crash","01/31/2026 11:50:00 PM","Maryland (State) Route","ROCKVILLE PIKE (SB/L)",,,,"Pedestrian","Single Vehicle","Clear","Dry","Dark - Lighted","No Controls","Unknown, Unknown","Unknown, Unknown","4B061618-AA9A-478A-91B4-5D95E90C9D29","Pedestrian","Unknown","Unknown","Shoulder/Roadside","No","Suspected Minor Injury","Unknown","39.04864252","-77.11388648","    (39.04864252, -77.11388648)"
"MCP34000034","260004797","MONTGOMERY","Injury Crash","01/31/2026 06:00:00 PM","Maryland (State) Route",,"FENTON ST",,,"Pedestrian","Single Vehicle","Clear","Ice/Frost","Unknown","Traffic Control Signal","Not Suspect of Alcohol Use, Not Suspect of Drug Use","Not Suspect of Alcohol Use, Not Suspect of Drug Use","EE8F9084-252E-4134-8653-7D981E2FC6DB","Pedestrian","Cross/Enter at Intersection","None (No Improper Action)","Intersection Marked Crosswalk","No","Suspected Minor Injury","None","38.99537533","-77.02452685","    (38.99537533, -77.02452685)"
"DD5701000G","260004656","ROCKVILLE","Injury Crash","01/31/2026 04:15:00 PM",,,,"Parking Lot Way        PARKING LOT IN FRONT OF THE BURGUNDY SHOPPING CENTER",,"Pedestrian","Single Vehicle","Clear",,"Daylight",,"Unknown, Unknown","Not Suspect of Alcohol Use, Not Suspect of Drug Use","C90674F3-E93D-4696-8A3D-76FE29C7FCDC","Pedestrian","Walking/Cycling on Sidewalk","None (No Improper Action)","NonTrafficway Area","No","Possible Injury","None","39.08477358","-77.13541061","    (39.08477358, -77.13541061)"
"MCP3430001D","260004602","MONTGOMERY","Injury Crash","01/31/2026 11:45:00 AM","County Route","SLIGO AVE",,,,"Pedestrian","Single Vehicle","Clear","Dry","Daylight","No Controls","Suspect of Alcohol Use, Not Suspect of Drug Use","Not Suspect of Alcohol Use, Not Suspect of Drug Use","CD27058F-A45F-40F9-AF1A-5A813D12BDE5","Pedestrian","Walking/Cycling Along Roadway With Traffic (In or Adjacent to Travel Lane)","None (No Improper Action)","Shoulder/Roadside","No","Suspected Minor Injury","None","38.99017577","-77.02207366","    (38.99017577, -77.02207366)"
"MCP3009009N","260004454","MONTGOMERY","Injury Crash","01/30/2026 02:00:00 PM",,,,"Parking Aisle        20910 FREDERICK ROAD GERMANTOWN, MD 20876",,"Pedestrian","Single Vehicle","Clear",,"Daylight",,"Not Suspect of Alcohol Use, Not Suspect of Drug Use","Not Suspect of Alcohol Use, Not Suspect of Drug Use","E578D5A9-198D-4ADD-92E2-0E797B99C963","Pedestrian","Cross/Enter at Intersection","None (No Improper Action)","Midblock Marked Crosswalk","No","Possible Injury","None","39.19884695","-77.25159765","    (39.19884695, -77.25159765)"
"MCP3395004Z","260004099","MONTGOMERY","Injury Crash","01/28/2026 07:50:00 AM","Maryland (State) Route","WISCONSIN AVE","MONTGOMERY AVE",,,"Pedestrian","Single Vehicle","Clear","Dry","Daylight","Traffic Control Signal","Not Suspect of Alcohol Use, Not Suspect of Drug Use","Not Suspect of Alcohol Use, Not Suspect of Drug Use","87E0291A-C173-4DF7-9476-D1B6B930238A","Pedestrian","None","None (No Improper Action)","Intersection Marked Crosswalk","No","Possible Injury","None","38.98366551","-77.0937764","    (38.98366551, -77.0937764)"
"MCP299100C5","260003563","MONTGOMERY","Injury Crash","01/23/2026 09:30:00 AM","County Route","FRANKFORT DR",,,,"Pedestrian","Single Vehicle","Clear","Dry","Daylight","No Controls","Not Suspect of Alcohol Use, Not Suspect of Drug Use","Not Suspect of Alcohol Use, Not Suspect of Drug Use","039613AC-18B9-4129-9649-126D2304F6A8","Pedestrian","Other Working","None (No Improper Action)","Other","No","Possible Injury","Other","39.08177437","-77.08543721","    (39.08177437, -77.08543721)"
"MCP3396002W","260003306","MONTGOMERY","Injury Crash","01/21/2026 05:10:00 PM","County Route","GRANDVIEW AVE",,,,"Scooter (electric)","Single Vehicle","Clear","Dry","Daylight","Stop Sign","Not Suspect of Alcohol Use, Not Suspect of Drug Use","Not Suspect of Alcohol Use, Not Suspect of Drug Use","C12A983C-DC76-4C64-98DE-E17B1D3C917E","Scooter (electric)","Cross/Enter at Intersection","Failure to Obey Traffic Signs, Signals, or Officer, Failure to Yield Right-Of-Way","Intersection Other","Yes","Possible Injury","Helmet","39.05096273","-77.05270107","    (39.05096273, -77.05270107)"
"MCP3039008B","260003162","MONTGOMERY","Injury Crash","01/20/2026 05:43:00 PM","Local Route","WMATA ENT",,,,"Pedestrian","Single Vehicle","Clear","Dry","Dark - Lighted","Traffic Control Signal","Not Suspect of Alcohol Use, Not Suspect of Drug Use","Not Suspect of Alcohol Use, Not Suspect of Drug Use","2479BDD1-25A0-46BF-B41D-50229A11528A","Pedestrian","Cross/Enter at Intersection","None (No Improper Action)","Intersection Marked Crosswalk","No","Possible Injury","None","38.99417143","-77.03091286","    (38.99417143, -77.03091286)"
"MCP3009009L","260003079","MONTGOMERY","Injury Crash","01/20/2026 11:00:00 AM",,,,"Private Road        20440 GERMANTOWN ROAD GERMANTOWN, MD 20876",,"Pedestrian","Single Vehicle","Clear",,"Daylight",,"Not Suspect of Alcohol Use, Not Suspect of Drug Use","Not Suspect of Alcohol Use, Not Suspect of Drug Use","2305AC75-A566-4F48-A44B-9DDFA973669E","Pedestrian","Cross/Enter Not at Intersection","Dart/Dash","Other","Yes","Suspected Minor Injury","None","39.19237707","-77.24377451","    (39.19237707, -77.24377451)"
"MCP27600082","260003003","MONTGOMERY","Injury Crash","01/19/2026 07:05:00 PM","Municipality Route","FIRSTFIELD RD","QUINCE ORCHARD RD QUINCE ORCHARD RD (SB/L)",,,"Pedestrian","Single Vehicle","Clear","Dry","Dark - Lighted","Traffic Control Signal","Not Suspect of Alcohol Use, Not Suspect of Drug Use","Not Suspect of Alcohol Use, Not Suspect of Drug Use","91854574-E924-4FCE-8044-F2D559B017E3","Pedestrian","Cross/Enter at Intersection","Dart/Dash","Intersection Marked Crosswalk","Yes","Possible Injury","None","39.14504666","-77.22008721","    (39.14504666, -77.22008721)"
"MCP2108002K","260002833","MONTGOMERY","Injury Crash","01/18/2026 04:45:00 PM",,,,"Parking Lot Way        PARKING LOT DRIVEWAY OF 1911 ROCKVILLE PIKE",,"Cyclist (Electric)","Single Vehicle","Snow",,"Daylight",,"Not Suspect of Alcohol Use, Not Suspect of Drug Use","Unknown, Unknown","8D8CE6BE-7420-44C0-9505-30EEC2576BAB","Cyclist (Electric)","Walking/Cycling on Sidewalk","Unknown","Driveway Access","No","Suspected Minor Injury","Helmet","39.05837187","-77.12118333","    (39.05837187, -77.12118333)"
"MCP27170113","260002508","MONTGOMERY","Injury Crash","01/16/2026 12:18:00 PM","US (State)","GEORGIA AVE","KING ST",,,"Scooter (electric)","Single Vehicle","Clear","Dry","Daylight","Stop Sign","Not Suspect of Alcohol Use, Not Suspect of Drug Use","Not Suspect of Alcohol Use, Not Suspect of Drug Use","BE9754DE-32C5-4354-8EA6-FB0F56B15802","Scooter (electric)","Cross/Enter at Intersection","Other","Intersection Marked Crosswalk","No","Suspected Minor Injury","Other","38.98653998","-77.02674633","    (38.98653998, -77.02674633)"
"MCP28180059","260002328","MONTGOMERY","Injury Crash","01/15/2026 09:00:00 AM","County Route","STEDWICK RD","WATKINS MILL RD",,,"Pedestrian","Single Vehicle","Snow","Snow","Daylight","Traffic Control Signal","Not Suspect of Alcohol Use, Not Suspect of Drug Use","Not Suspect of Alcohol Use, Not Suspect of Drug Use","DCF9FE64-4359-4C18-94CD-EC3F1C8B964D","Pedestrian","Cross/Enter at Intersection","Other","Intersection Marked Crosswalk","No","Suspected Minor Injury","None","39.17053816","-77.20892974","    (39.17053816, -77.20892974)"
"MCP28180059","260002328","MONTGOMERY","Injury Crash","01/15/2026 09:00:00 AM","County Route","STEDWICK RD","WATKINS MILL RD",,,"Pedestrian","Single Vehicle","Snow","Snow","Daylight","Traffic Control Signal","Not Suspect of Alcohol Use, Not Suspect of Drug Use","Not Suspect of Alcohol Use, Not Suspect of Drug Use","68365088-C749-4A26-B629-40EE7460FEEB","Pedestrian","Cross/Enter at Intersection","Other","Intersection Marked Crosswalk","No","Suspected Minor Injury","None","39.17053816","-77.20892974","    (39.17053816, -77.20892974)"
"MCP2730005P","260002317","MONTGOMERY","Injury Crash","01/15/2026 08:00:00 AM","Maryland (State) Route","GERMANTOWN RD (SB/L)",,,,"Pedestrian","Single Vehicle","Clear","Dry","Daylight","Yield Sign","Not Suspect of Alcohol Use, Not Suspect of Drug Use","Not Suspect of Alcohol Use, Not Suspect of Drug Use","A6A7B111-22F2-4C1C-B691-10AB0CAB59A7","Pedestrian","Walking/Cycling on Sidewalk","None (No Improper Action)","Other","No","Suspected Serious Injury","None","39.18269609","-77.25906738","    (39.18269609, -77.25906738)"
"MCP1227002G","260001910","MONTGOMERY","Fatal Crash","01/12/2026 06:39:00 PM","County Route","FAIRLAND RD (WB/L)","COLUMBIA PIKE (SB/L)",,,"Pedestrian","Single Vehicle","Clear","Dry","Dark - Lighted","Traffic Control Signal","Not Suspect of Alcohol Use, Not Suspect of Drug Use, Unknown, Unknown","Unknown, Unknown","D62B83DB-6B52-46EC-AF0C-6BBCF762B2AD","Pedestrian","Cross/Enter at Intersection","Unknown","Intersection Marked Crosswalk","No","Fatal Injury","None","39.073615","-76.95569865","    (39.073615, -76.95569865)"
"MCP3245007V","260001904","MONTGOMERY","Injury Crash","01/12/2026 04:30:00 PM","County Route","ROYAL WOODS CT",,,,"Cyclist (non-electric)","Single Vehicle","Clear","Dry","Dusk","No Controls","Not Suspect of Alcohol Use, Not Suspect of Drug Use","Not Suspect of Alcohol Use, Not Suspect of Drug Use","06BC02B7-0BE1-4554-8D81-51B969DBC6EE","Cyclist (non-electric)","Walking/Cycling Along Roadway With Traffic (In or Adjacent to Travel Lane)","None (No Improper Action)","Travel Lane Other Location","No","Suspected Minor Injury","None","39.17929499","-77.21437847","    (39.17929499, -77.21437847)"
"MCP2671004T","260001894","MONTGOMERY","Property Damage Crash","01/12/2026 03:27:00 PM","Maryland (State) Route",,"FENTON ST",,,"Pedestrian","Single Vehicle","Clear","Dry","Daylight","Traffic Control Signal","Unknown, Unknown","Not Suspect of Alcohol Use, Not Suspect of Drug Use","DFF03380-7084-4562-BF00-2B3DB5EE155B","Pedestrian","Walking/Cycling Along Roadway Against Traffic (In or Adjacent to Travel Lane)","Failure to Obey Traffic Signs, Signals, or Officer","Intersection Marked Crosswalk","Yes","No Apparent Injury","None","38.99537291","-77.02439135","    (38.99537291, -77.02439135)"
"MCP3446000X","260001797","MONTGOMERY","Injury Crash","01/12/2026 09:45:00 AM","County Route","HENDERSON AVE",,,,"Pedestrian","Single Vehicle","Clear","Dry","Daylight","Flashing Traffic Control Signal","Not Suspect of Alcohol Use, Not Suspect of Drug Use","Not Suspect of Alcohol Use, Not Suspect of Drug Use","2303AB63-C2C9-4D50-B127-4CA0516B5258","Pedestrian","Cross/Enter at Intersection","None (No Improper Action)","Intersection Marked Crosswalk","No","Suspected Minor Injury","None","39.05077572","-77.05147888","    (39.05077572, -77.05147888)"
"MCP2905007K","260001759","MONTGOMERY","Injury Crash","01/12/2026 07:09:00 AM","County Route","POINDEXTER LA","OLD GEORGETOWN RD (SB/L)",,,"Pedestrian","Single Vehicle","Cloudy","Dry","Dark - Lighted","Pedestrian Crossing","Not Suspect of Alcohol Use, Not Suspect of Drug Use","Not Suspect of Alcohol Use, Not Suspect of Drug Use","77882BC7-2ABE-4889-9F76-7DEA6D2A7DC9","Pedestrian","Cross/Enter at Intersection","None (No Improper Action)","Intersection Marked Crosswalk","No","Suspected Minor Injury","Unknown","39.0400339","-77.12233434","    (39.0400339, -77.12233434)"
"MCP1233006Z","260001728","MONTGOMERY","Property Damage Crash","01/11/2026 07:50:00 PM","Local Route","CHAPMAN AVE",,,,"Cyclist (Electric)","Single Vehicle","Cloudy","Dry","Dark - Lighted","No Controls","Not Suspect of Alcohol Use, Not Suspect of Drug Use","Not Suspect of Alcohol Use, Not Suspect of Drug Use","59FF70B7-971F-4166-8729-1011B0AB0987","Cyclist (Electric)","Walking/Cycling Along Roadway Against Traffic (In or Adjacent to Travel Lane)","Not Visible (Dark Clothing, No Lighting, etc.)","Travel Lane Other Location","No","No Apparent Injury","None","39.05164054","-77.11158306","    (39.05164054, -77.11158306)"
"MCP156300CC","260001666","MONTGOMERY","Injury Crash","01/11/2026 12:42:00 PM","County Route","SUGARBUSH LA","TUCKERMAN LA TUCKERMAN LA (EB/L)",,,"Pedestrian","Single Vehicle","Clear","Dry","Daylight","Traffic Control Signal","Not Suspect of Alcohol Use, Not Suspect of Drug Use","Not Suspect of Alcohol Use, Not Suspect of Drug Use","D109D901-BFDA-4A13-9704-80B300B3A2A4","Pedestrian","Cross/Enter at Intersection","None (No Improper Action)","Intersection Unmarked Crosswalk","No","Suspected Minor Injury","None","39.03196609","-77.11800449","    (39.03196609, -77.11800449)"
"MCP2921005Z","260001601","MONTGOMERY","Injury Crash","01/10/2026 08:41:00 PM","County Route","MIDDLEBROOK RD",,,,"Pedestrian","Single Vehicle","Rain","Wet","Dark - Lighted","Traffic Control Signal","Not Suspect of Alcohol Use, Not Suspect of Drug Use","Not Suspect of Alcohol Use, Not Suspect of Drug Use","B8B00DA7-4DBB-4EEE-BDC2-DEECCF3F3DC2","Pedestrian","Cross/Enter at Intersection","None (No Improper Action)","Intersection Marked Crosswalk","No","Possible Injury","None","39.18120465","-77.23821132","    (39.18120465, -77.23821132)"
"MCP1233006Y","260001582","MONTGOMERY","Injury Crash","01/10/2026 06:27:00 PM","County Route","OLD GEORGETOWN RD (SB/L)",,,,"Other Pedestrian (person in a building, skater, personal conveyance, etc.)","Single Vehicle","Rain","Wet","Dark - Not Lighted","Other Pavement Marking (excluding edgelines, centerlines, or lane lines)","Not Suspect of Alcohol Use, Not Suspect of Drug Use","Not Suspect of Alcohol Use, Not Suspect of Drug Use","A4054518-47BF-4913-A614-D0777CD93477","Other Pedestrian (person in a building, skater, personal conveyance, etc.)","Standing","In Roadway Improperly (Standing, Lying, Working, Playing), Not Visible (Dark Clothing, No Lighting, etc.)","Shared Lane Markings)","Yes","Suspected Minor Injury","None","39.04978493","-77.11263511","    (39.04978493, -77.11263511)"
"MCP9390003Z","260001576","MONTGOMERY","Injury Crash","01/10/2026 05:45:00 PM",,,,"Parking Aisle        PARKING LOT OF 28 UPPER ROCK CIR",,"Pedestrian","Single Vehicle","Rain",,"Dark - Lighted",,"Not Suspect of Alcohol Use, Not Suspect of Drug Use","Not Suspect of Alcohol Use, Not Suspect of Drug Use","84272229-C561-4A9E-9752-DA6C293E372F","Pedestrian","Other","None (No Improper Action)","Other","Yes","Suspected Minor Injury","None","39.11341438","-77.18588473","    (39.11341438, -77.18588473)"
"MCP9379005T","260001508","MONTGOMERY","Injury Crash","01/10/2026 11:10:00 AM",,,,"Parking Stall        CVS PARKING LOT 7955 TUCKERMAN LN",,"Pedestrian","Unknown","Rain",,"Daylight",,,"Not Suspect of Alcohol Use, Not Suspect of Drug Use","F164F692-B9A6-4135-99DD-26F41433910D","Pedestrian","Standing","Other","Other","Yes","Suspected Minor Injury","None","39.0410307","-77.15752133","    (39.0410307, -77.15752133)"
"MCP3411003D","260001406","MONTGOMERY","Injury Crash","01/09/2026 06:26:00 PM","County Route",,,,,"Pedestrian","Single Vehicle","Rain","Wet","Dark - Not Lighted","Traffic Control Signal","Not Suspect of Alcohol Use, Not Suspect of Drug Use","Not Suspect of Alcohol Use, Not Suspect of Drug Use","90C5E124-333B-4671-9E30-8A1A069CDFAA","Pedestrian","None","Unknown","Unknown","No","Suspected Serious Injury","None","38.97857571","-77.20697227","    (38.97857571, -77.20697227)"
"MCP28550067","260001394","MONTGOMERY","Injury Crash","01/09/2026 05:50:00 PM","Maryland (State) Route","PINEY BRANCH RD",,,,"Pedestrian","Single Vehicle","Rain","Wet","Dark - Lighted","No Controls","Unknown, Unknown","Not Suspect of Alcohol Use, Not Suspect of Drug Use","6FFF3F7A-BBCE-4F92-8E29-0E87D59E68C1","Pedestrian","Cross/Enter at Intersection","None (No Improper Action)","Intersection Marked Crosswalk","No","Suspected Serious Injury","None","39.00126733","-76.9875315","    (39.00126733, -76.9875315)"
"MCP30940073","260001389","MONTGOMERY","Injury Crash","01/09/2026 05:42:00 PM","County Route","SNOUFFERS SCHOOL RD","SWEET AUTUMN DR",,,"Cyclist (non-electric)","Single Vehicle","Rain","Wet","Dark - Lighted","Pedestrian Crossing Sign","Not Suspect of Alcohol Use, Not Suspect of Drug Use","Not Suspect of Alcohol Use, Not Suspect of Drug Use","1428C9B7-CDCE-46B3-9FDF-B425A4462172","Cyclist (non-electric)","Cross/Enter at Intersection","None (No Improper Action)","Intersection Marked Crosswalk","No","Suspected Minor Injury","Reflectors","39.16061218","-77.1627521","    (39.16061218, -77.1627521)"
"MCP33780025","260001364","MONTGOMERY","Injury Crash","01/09/2026 05:00:00 PM","County Route",,"GEORGIA AVE (SB/L)",,,"Pedestrian","Single Vehicle","Rain","Wet","Dark - Lighted","Flashing Traffic Control Signal","Not Suspect of Alcohol Use, Not Suspect of Drug Use","Not Suspect of Alcohol Use, Not Suspect of Drug Use","8B1FA6CE-5EBE-4987-8EAB-7BF38DE6642F","Pedestrian","Walking/Cycling Along Roadway Against Traffic (In or Adjacent to Travel Lane)","None (No Improper Action)","Intersection Marked Crosswalk","No","Suspected Minor Injury","None","39.06810991","-77.06116594","    (39.06810991, -77.06116594)"
"MCP3162006H","260001309","MONTGOMERY","Injury Crash","01/09/2026 07:00:00 AM","County Route","ATHERTON DR","WELLER RD",,,"Pedestrian","Single Vehicle","Cloudy","Dry","Dawn","Stop Sign","Not Suspect of Alcohol Use, Not Suspect of Drug Use","Not Suspect of Alcohol Use, Not Suspect of Drug Use","BEAA7785-E262-48BC-BADB-7B84B9EA4513","Pedestrian","Cross/Enter at Intersection","None (No Improper Action)","Median/Crossing Island","No","Suspected Minor Injury","None","39.06242754","-77.07529855","    (39.06242754, -77.07529855)"
"MCP30400091","260001250","MONTGOMERY","Injury Crash","01/08/2026 08:30:00 PM",,,,"Parking Aisle        PARKING LOT OF 3610 PEAR TREE CT",,"Pedestrian","Single Vehicle","Clear",,"Dark - Lighted",,"Not Suspect of Alcohol Use, Not Suspect of Drug Use","Not Suspect of Alcohol Use, Not Suspect of Drug Use","A05E08C9-0D3D-4CA6-87B5-4B758723283E","Pedestrian","Other","None (No Improper Action)","Shoulder/Roadside","No","Suspected Minor Injury","None","39.09212509","-77.07191276","    (39.09212509, -77.07191276)"
"DD5705000C","260001026","ROCKVILLE","Injury Crash","01/08/2026 04:10:00 PM","Municipality Route","BALTIMORE RD","FIRST ST",,,"Unknown Type Of Non-Motorist","Unknown","Clear","Dry","Daylight","Traffic Control Signal","Unknown, Unknown","Not Suspect of Alcohol Use, Not Suspect of Drug Use","8CEF4878-295B-47F2-AB14-296CB564BBEC","Unknown Type Of Non-Motorist","Cross/Enter at Intersection","None (No Improper Action)","Intersection Marked Crosswalk","No","Suspected Minor Injury","None","39.08463578","-77.13614271","    (39.08463578, -77.13614271)"
"MCP3275003V","260001175","MONTGOMERY","Injury Crash","01/08/2026 01:00:00 PM","Maryland (State) Route","GEORGIA AVE (SB/L)","FOREST GLEN RD (WB/L)",,,"Pedestrian","Single Vehicle","Clear","Dry","Daylight","Traffic Control Signal","Not Suspect of Alcohol Use, Not Suspect of Drug Use","Not Suspect of Alcohol Use, Not Suspect of Drug Use","26EBA7C0-4700-4D4A-B3AB-5CA65FE9C265","Pedestrian","Cross/Enter Not at Intersection","None (No Improper Action)","Intersection Marked Crosswalk","No","Suspected Minor Injury","None","39.01556666","-77.04294186","    (39.01556666, -77.04294186)"
"MCP2466006Q","260001008","MONTGOMERY","Injury Crash","01/07/2026 04:03:00 PM","Maryland (State) Route",,"JONES LA",,,"Cyclist (non-electric)","Single Vehicle","Clear","Dry","Daylight","No Controls","Not Suspect of Alcohol Use, Not Suspect of Drug Use","Not Suspect of Alcohol Use, Not Suspect of Drug Use","2115A8E3-DF15-46A4-A533-BD58DA603445","Cyclist (non-electric)","Walking/Cycling Along Roadway With Traffic (In or Adjacent to Travel Lane)","None (No Improper Action)","Shoulder/Roadside","No","Suspected Minor Injury","Helmet","39.11372735","-77.26763324","    (39.11372735, -77.26763324)"