"Report Number","Local Case Number","Agency Name","ACRS Report Type","Crash Date/Time","Route Type","Road Name","Cross-Street Name","Off-Road Description","Municipality","Related Non-Motorist","Collision Type","Weather","Surface Condition","Light","Traffic Control","Driver Substance Abuse","Non-Motorist Substance Abuse","Person ID","Pedestrian Type","Pedestrian Movement","Pedestrian Actions","Pedestrian Location","At Fault","Injury Severity","Safety Equipment","Latitude","Longitude","Location"
"MCP2671004R","260000993","MONTGOMERY","Injury Crash","01/07/2026 03:00:00 PM","Maryland (State) Route","WAYNE AVE",,,,"Pedestrian","Single Vehicle","Clear","Dry","Daylight","Traffic Control Signal","Not Suspect of Alcohol Use, Not Suspect of Drug Use","Not Suspect of Alcohol Use, Not Suspect of Drug Use","41E1BCB7-49E7-4FF8-9E5E-FDCFA56B33E6","Pedestrian","Cross/Enter Not at Intersection","Dart/Dash","Travel Lane Other Location","Yes","Suspected Minor Injury","None","38.9992314","-77.01771936","    (38.9992314, -77.01771936)"
"DD5681001G","260000918","ROCKVILLE","Property Damage Crash","01/07/2026 01:00:00 AM","Municipality Route","MARYLAND AVE","E MIDDLE LA (WB/L)",,,"Pedestrian","Single Vehicle","Clear","Dry","Dark - Lighted","Traffic Control Signal","Unknown, Unknown","Not Suspect of Alcohol Use, Not Suspect of Drug Use","42FDE3B5-1878-4942-A1DF-4A1463824953","Pedestrian","Cross/Enter at Intersection","None (No Improper Action)","Intersection Marked Crosswalk","No","No Apparent Injury","None","39.08511068","-77.15096706","    (39.08511068, -77.15096706)"
"MCP137801FD","260000669","MONTGOMERY","Injury Crash","01/05/2026 04:07:00 PM","Maryland (State) Route","GEORGIA AVE (SB/L)","ASPEN HILL RD",,,"Cyclist (non-electric)","Single Vehicle","Cloudy","Dry","Daylight","Traffic Control Signal","Not Suspect of Alcohol Use, Not Suspect of Drug Use","Not Suspect of Alcohol Use, Not Suspect of Drug Use","05879C12-9DC7-414D-9547-3167E753403E","Cyclist (non-electric)","Cross/Enter at Intersection","None (No Improper Action)","Intersection Marked Crosswalk","No","Suspected Minor Injury","None","39.0806226","-77.07532502","    (39.0806226, -77.07532502)"
"DD5663002Q","260000500","ROCKVILLE","Injury Crash","01/04/2026 03:21:00 PM","Municipality Route",,"WOOTTON PKWY (EB/L)",,,"Cyclist (non-electric)","Single Vehicle","Clear","Dry","Daylight","Traffic Control Signal","Not Suspect of Alcohol Use, Not Suspect of Drug Use","Not Suspect of Alcohol Use, Not Suspect of Drug Use","50C0CB94-9B96-4CEA-9EB3-691FEFC5585D","Cyclist (non-electric)","Walking/Cycling Along Roadway With Traffic (In or Adjacent to Travel Lane)","None (No Improper Action)","Intersection Marked Crosswalk","No","Suspected Minor Injury","Helmet, Lighting, Protective Pads (elbows, knees, shins, etc.), Reflectors","39.06683399","-77.16163025","    (39.06683399, -77.16163025)"
"DD5673002L","260000535","ROCKVILLE","Injury Crash","01/03/2026 09:21:00 PM",,,,"Driveway        DRIVEWAY OF SHELL GAS STATION",,"Pedestrian","Single Vehicle","Clear",,"Unknown",,"Unknown, Unknown","Unknown, Unknown","FFC28E11-36AD-4542-9C38-7922EB4E4B24","Pedestrian","Unknown","Unknown","Driveway Access","No","Suspected Minor Injury","Unknown","39.05837513","-77.12118333","    (39.05837513, -77.12118333)"
"MCP3387003M","260000366","MONTGOMERY","Injury Crash","01/03/2026 04:03:00 PM","County Route","SILVER SPRING AVE","FENTON ST",,,"Pedestrian","Single Vehicle","Cloudy","Dry","Daylight","Traffic Control Signal","Not Suspect of Alcohol Use, Not Suspect of Drug Use","Not Suspect of Alcohol Use, Not Suspect of Drug Use","9B83FC29-D0CC-49D0-B65D-8119869D3946","Pedestrian","Cross/Enter at Intersection","None (No Improper Action)","Intersection Marked Crosswalk","No","Suspected Minor Injury","None","38.99171652","-77.02408035","    (38.99171652, -77.02408035)"
"MCP298700B4","260000232","MONTGOMERY","Injury Crash","01/02/2026 04:56:00 PM","County Route","BROADMORE RD",,,,"Cyclist (non-electric)","Single Vehicle","Clear","Dry","Daylight","No Controls","Not Suspect of Alcohol Use, Not Suspect of Drug Use","Not Suspect of Alcohol Use, Not Suspect of Drug Use","84F95A9F-AB88-4CBD-AFCE-DFA43FFDF21D","Cyclist (non-electric)","Cross/Enter Not at Intersection","Other","Travel Lane Other Location","No","Suspected Minor Injury","None","39.07139788","-76.99140344","    (39.07139788, -76.99140344)"
"MCP3387003L","260000220","MONTGOMERY","Injury Crash","01/02/2026 03:49:00 PM","US (State)","GEORGIA AVE (SB/L)","SILVER SPRING AVE",,,"Pedestrian","Single Vehicle","Clear","Dry","Daylight","Traffic Control Signal","Not Suspect of Alcohol Use, Not Suspect of Drug Use","Not Suspect of Alcohol Use, Not Suspect of Drug Use","347FC443-AB91-4BD2-AF3A-F3F6192DCFBE","Pedestrian","Cross/Enter at Intersection","None (No Improper Action)","Intersection Marked Crosswalk","No","Suspected Minor Injury","None","38.99158306","-77.02661205","    (38.99158306, -77.02661205)"
"MCP30390088","260000113","MONTGOMERY","Injury Crash","01/01/2026 06:00:00 PM","County Route","GROVE ST","BONIFANT ST HANKIN ST",,,"Pedestrian","Single Vehicle","Clear","Dry","Dark - Not Lighted","Stop Sign","Not Suspect of Alcohol Use, Not Suspect of Drug Use","Not Suspect of Alcohol Use, Not Suspect of Drug Use","6BDF0F48-2F86-4D9C-ABFB-B5F3CAF5B453","Pedestrian","None","None (No Improper Action)","Intersection Marked Crosswalk","No","Suspected Minor Injury","None","38.99531589","-77.02218763","    (38.99531589, -77.02218763)"
"MCP2671004Q","260000109","MONTGOMERY","Injury Crash","01/01/2026 05:25:00 PM","County Route","DEVON RD","DALE DR PINEY BRANCH RD THAYER PL",,,"Pedestrian","Single Vehicle","Clear","Dry","Dark - Lighted","Traffic Control Signal","Not Suspect of Alcohol Use, Not Suspect of Drug Use","Not Suspect of Alcohol Use, Not Suspect of Drug Use","50113183-5335-4ECF-80F5-FDB49378D297","Pedestrian","Cross/Enter at Intersection","None (No Improper Action)","Intersection Marked Crosswalk","No","Suspected Minor Injury","None","38.99372032","-77.00907795","    (38.99372032, -77.00907795)"
"MCP3372004J","250058394","MONTGOMERY","Injury Crash","12/31/2025 07:16:00 PM","Local Route","INDEPENDENCE ST","CONNECTICUT AVE",,,"Pedestrian","Single Vehicle","Clear","Dry","Dark - Lighted","Pedestrian Crossing","Not Suspect of Alcohol Use, Not Suspect of Drug Use","Not Suspect of Alcohol Use, Not Suspect of Drug Use","5DE17E3B-A633-4551-AA3C-859690B287FF","Pedestrian","None","Unknown","Intersection Marked Crosswalk","No","Suspected Serious Injury","None","39.07646767","-77.08041483","    (39.07646767, -77.08041483)"
"MCP3084007K","250058353","MONTGOMERY","Injury Crash","12/31/2025 03:38:00 PM","Maryland (State) Route","ROCKVILLE PIKE",,,,"Pedestrian","Angle","Clear","Dry","Daylight","No Controls","Not Suspect of Alcohol Use, Not Suspect of Drug Use, Not Suspect of Alcohol Use, Not Suspect of Drug Use","Not Suspect of Alcohol Use, Not Suspect of Drug Use","B6B29DAA-0448-4549-8858-1FE2CC2FE072","Pedestrian","Walking/Cycling on Sidewalk","None (No Improper Action)","Sidewalk","No","Suspected Minor Injury","None","39.04912287","-77.11398614","    (39.04912287, -77.11398614)"
"MCP3424001P","250058176","MONTGOMERY","Injury Crash","12/30/2025 12:17:00 PM",,,,"Parking Lot Way        PARKING LOT OF GIANT AT 18250 FLOWER HILL WAY",,"Pedestrian","Single Vehicle","Clear",,"Daylight",,"Not Suspect of Alcohol Use, Not Suspect of Drug Use","Not Suspect of Alcohol Use, Not Suspect of Drug Use","29BFF5FF-BEE4-4028-A1F4-CFE1D45CCDEA","Pedestrian","Cross/Enter Not at Intersection","None (No Improper Action)","Intersection Marked Crosswalk","No","Suspected Minor Injury","None","39.1554791","-77.16579512","    (39.1554791, -77.16579512)"
"MCP3053009L","250058100","MONTGOMERY","Property Damage Crash","12/29/2025 07:38:00 PM",,,,"Driveway        PAVEMENT IN FRONT OF 12908 GEORGIA AVE",,"Scooter (electric)","Single Vehicle","Clear",,"Dark - Lighted",,"Not Suspect of Alcohol Use, Not Suspect of Drug Use","Not Suspect of Alcohol Use, Not Suspect of Drug Use","EFD69F72-4700-4A20-B984-77962FC213F5","Scooter (electric)","Walking/Cycling on Sidewalk","Unknown","Travel Lane Other Location","No","No Apparent Injury","None","39.06735484","-77.06048197","    (39.06735484, -77.06048197)"
"MCP2756007K","250058043","MONTGOMERY","Injury Crash","12/29/2025 03:25:00 PM",,,,"Driveway        ENTRANCE TO 11323 GEORGIA AVE. SILVER SPRING, MD 20902",,"Cyclist (non-electric)","Single Vehicle","Severe Crosswinds",,"Daylight",,"Not Suspect of Alcohol Use, Not Suspect of Drug Use","Not Suspect of Alcohol Use, Not Suspect of Drug Use","0F2140EF-4790-4903-83FE-D292D659AD9C","Cyclist (non-electric)","Walking/Cycling on Sidewalk","None (No Improper Action)","Sidewalk","No","Suspected Minor Injury","None","39.04076403","-77.05136014","    (39.04076403, -77.05136014)"
"MCP3212004B","250057825","MONTGOMERY","Injury Crash","12/27/2025 07:05:00 PM","US (State)",,,,,"Scooter (electric)","Single Vehicle","Clear","Dry","Dark - Lighted","Lane Use Control Signal","Not Suspect of Alcohol Use, Not Suspect of Drug Use","Not Suspect of Alcohol Use, Not Suspect of Drug Use","2D2DF4E1-74BD-42DE-8A31-7F36E36EF106","Scooter (electric)","Walking/Cycling Along Roadway With Traffic (In or Adjacent to Travel Lane)","Entering/Exiting Parked/Standing Vehicle","Travel Lane Other Location","No","Suspected Minor Injury","None","38.99736577","-77.02721691","    (38.99736577, -77.02721691)"
"EJ7906003D","250057707","GAITHERSBURG","Injury Crash","12/26/2025 05:30:00 PM","Local Route","SHOP CTR CUT THRU CUT","KENTLANDS BLVD (NB/L) KENTLANDS SQUARE PL",,,"Pedestrian","Single Vehicle","Rain","Wet","Dark - Lighted","Stop Sign","Not Suspect of Alcohol Use, Not Suspect of Drug Use","Not Suspect of Alcohol Use, Not Suspect of Drug Use","8298AD72-B6D9-4C41-AE17-C88D8FEA1BA4","Pedestrian","Cross/Enter at Intersection","Unknown","Intersection Marked Crosswalk","No","Suspected Minor Injury","None","39.12334","-77.23662667","    (39.12334, -77.23662667)"
"MCP3322004Q","250057491","MONTGOMERY","Injury Crash","12/24/2025 02:50:00 PM",,,,"Parking Aisle        13625 GEORGIA AVE. ASPEN MANOR SHOPPING CENTER",,"Pedestrian","Rear To Side","Clear",,"Daylight",,"Not Suspect of Alcohol Use, Not Suspect of Drug Use, Not Suspect of Alcohol Use, Not Suspect of Drug Use","Not Suspect of Alcohol Use, Not Suspect of Drug Use","5F9D7C6D-3173-4233-963C-BBC4BD82A7D0","Pedestrian","Standing","In Roadway Improperly (Standing, Lying, Working, Playing)","Other","No","Possible Injury","None","39.07983209","-77.07218738","    (39.07983209, -77.07218738)"
"MCP2298019Z","250057457","MONTGOMERY","Injury Crash","12/24/2025 10:21:00 AM","County Route","SHADY GROVE RD (SB/L)",,,,"Pedestrian","Single Vehicle","Clear","Dry","Daylight","No Controls","Not Suspect of Alcohol Use, Not Suspect of Drug Use","Not Suspect of Alcohol Use, Not Suspect of Drug Use","2B88E36D-3191-4144-848B-9CFE3CD8219F","Pedestrian","Cross/Enter Not at Intersection","In Roadway Improperly (Standing, Lying, Working, Playing)","Other","Yes","Suspected Serious Injury","None","39.11405066","-77.18622233","    (39.11405066, -77.18622233)"
"DD5704000B","250057417","ROCKVILLE","Injury Crash","12/23/2025 10:36:00 PM","Municipality Route","W EDMONSTON DR",,,,"Pedestrian","Single Vehicle","Clear","Dry","Dark - Lighted","Traffic Control Signal","Not Suspect of Alcohol Use, Not Suspect of Drug Use","Not Suspect of Alcohol Use, Not Suspect of Drug Use","13B974F0-C3F6-4EBF-A0F3-363D2B98EDE8","Pedestrian","Unknown","Unknown","Intersection Marked Crosswalk","No","Suspected Minor Injury","Unknown","39.07129728","-77.13956402","    (39.07129728, -77.13956402)"
"MCP3192006Y","250057194","MONTGOMERY","Injury Crash","12/22/2025 07:09:00 PM","County Route","RANDOLPH RD (WB/L)",,,,"Pedestrian","Single Vehicle","Clear","Dry","Dark - Lighted","Traffic Control Signal","Not Suspect of Alcohol Use, Not Suspect of Drug Use","Not Suspect of Alcohol Use, Not Suspect of Drug Use","D5AC2AE3-CF64-463F-A0A1-FF7AC58FBD2E","Pedestrian","Cross/Enter at Intersection","Failure to Obey Traffic Signs, Signals, or Officer, In Roadway Improperly (Standing, Lying, Working, Playing), Inattentive (Talking, Eating, etc.), Not Visible (Dark Clothing, No Lighting, etc.)","Intersection Marked Crosswalk","Yes","Possible Injury","None","39.06610871","-77.03443908","    (39.06610871, -77.03443908)"
"MCP2678006C","250057062","MONTGOMERY","Injury Crash","12/22/2025 07:51:00 AM","County Route","WESTCHESTER DR",,,,"Pedestrian","Single Vehicle","Clear","Dry","Daylight","No Controls","Not Suspect of Alcohol Use, Not Suspect of Drug Use","Not Suspect of Alcohol Use, Not Suspect of Drug Use","807392E4-2E13-46E5-AB1A-FF47E03B90B7","Pedestrian","Cross/Enter Not at Intersection","In Roadway Improperly (Standing, Lying, Working, Playing)","Travel Lane Other Location","Yes","Suspected Minor Injury","None","39.04022214","-77.04249937","    (39.04022214, -77.04249937)"
"MCP3251001S","250056936","MONTGOMERY","Injury Crash","12/20/2025 11:55:00 PM","County Route","MIDDLEBROOK RD",,,,"Pedestrian","Single Vehicle","Clear","Dry","Dark - Lighted","Traffic Control Signal","Not Suspect of Alcohol Use, Not Suspect of Drug Use","Not Suspect of Alcohol Use, Not Suspect of Drug Use","357994B5-7D82-4094-8DAC-0FBAD54BBC4F","Pedestrian","Cross/Enter at Intersection","Failure to Obey Traffic Signs, Signals, or Officer","Intersection Marked Crosswalk","No","Suspected Serious Injury","None","39.17509818","-77.25376618","    (39.17509818, -77.25376618)"
"MCP3339005W","250056922","MONTGOMERY","Injury Crash","12/20/2025 08:49:00 PM","Private Route",,,,,"Pedestrian","Single Vehicle","Clear","Dry","Dark - Not Lighted","Yield Sign","Not Suspect of Alcohol Use, Not Suspect of Drug Use","Not Suspect of Alcohol Use, Not Suspect of Drug Use","8067C21A-4761-4271-A79A-DACF7B8BE16F","Pedestrian","Cross/Enter at Intersection","Not Visible (Dark Clothing, No Lighting, etc.)","Intersection Marked Crosswalk","No","Suspected Minor Injury","None","39.100991","-77.0742875","    (39.100991, -77.0742875)"
"MCP3376002W","250056903","MONTGOMERY","Injury Crash","12/20/2025 05:46:00 PM","County Route","WINDHAM LA","GEORGIA AVE",,,"Pedestrian","Single Vehicle","Clear","Dry","Dark - Lighted","Traffic Control Signal","Not Suspect of Alcohol Use, Not Suspect of Drug Use","Not Suspect of Alcohol Use, Not Suspect of Drug Use","01A7989F-E525-47BF-88C7-69F5290B27AD","Pedestrian","Cross/Enter Not at Intersection","Unknown","Intersection Other","Yes","Suspected Minor Injury","None","39.03194304","-77.04826014","    (39.03194304, -77.04826014)"
"DM8515001N","250056785","TAKOMA","Injury Crash","12/19/2025 08:46:00 PM","Maryland (State) Route","PINEY BRANCH RD",,,,"Pedestrian","Single Vehicle","Clear","Dry","Dark - Lighted","Traffic Control Signal","Not Suspect of Alcohol Use, Not Suspect of Drug Use","Not Suspect of Alcohol Use, Not Suspect of Drug Use","AE4F9CEA-B48B-45DD-9890-66C32B821FD5","Pedestrian","None","Unknown","Intersection Marked Crosswalk","No","Suspected Minor Injury","None","38.98327345","-77.01542304","    (38.98327345, -77.01542304)"
"MCP3356003M","250056737","MONTGOMERY","Injury Crash","12/19/2025 03:32:00 PM","County Route","WISTERIA DR",,,,"Pedestrian","Single Vehicle","Clear","Dry","Daylight","Pedestrian Crossing","Not Suspect of Alcohol Use, Not Suspect of Drug Use","Not Suspect of Alcohol Use, Not Suspect of Drug Use","C5D67353-710F-431B-84E4-4C0386AD0AFB","Pedestrian","Cross/Enter at Intersection","Dart/Dash","Intersection Marked Crosswalk","No","Possible Injury","None","39.16788161","-77.25988612","    (39.16788161, -77.25988612)"
"MCP2195007W","250056667","MONTGOMERY","Injury Crash","12/19/2025 06:50:00 AM","Other Public Roadway","HENDERSON CORNER RD (NB/L)","SENECA CROSSING DR",,,"Pedestrian","Single Vehicle","Rain","Wet","Dark - Not Lighted","Pedestrian Crossing","Not Suspect of Alcohol Use, Not Suspect of Drug Use","Not Suspect of Alcohol Use, Not Suspect of Drug Use","A79AB868-9058-4D78-B328-5E5D89F41E45","Pedestrian","Cross/Enter at Intersection","Not Visible (Dark Clothing, No Lighting, etc.)","Intersection Marked Crosswalk","No","Suspected Serious Injury","None","39.20345038","-77.24417689","    (39.20345038, -77.24417689)"
"MCP3280007K","250056665","MONTGOMERY","Fatal Crash","12/19/2025 06:10:00 AM","US (State)","GEORGIA AVE",,,,"Pedestrian","Single Vehicle","Rain","Wet","Dark - Lighted","Traffic Control Signal","Not Suspect of Alcohol Use, Not Suspect of Drug Use","Unknown, Unknown","ECF315CC-B7E3-4052-BF9A-7EEAE49C7A87","Pedestrian","Unknown","Unknown","Unknown","No","Fatal Injury","None","38.99117769","-77.02649317","    (38.99117769, -77.02649317)"
"MCP2861006Z","250056562","MONTGOMERY","Injury Crash","12/18/2025 02:50:00 PM","County Route","MACARTHUR BLVD",,,,"Cyclist (non-electric)","Single Vehicle","Cloudy","Dry","Daylight","No Controls","Unknown, Unknown","Not Suspect of Alcohol Use, Not Suspect of Drug Use","E1FD52F1-6567-43ED-B5FD-75632AE38B20","Cyclist (non-electric)","Walking/Cycling Along Roadway With Traffic (In or Adjacent to Travel Lane)","None (No Improper Action)","Travel Lane Other Location","No","Suspected Minor Injury","Helmet, Protective Pads (elbows, knees, shins, etc.), Reflectors","38.95697907","-77.12990513","    (38.95697907, -77.12990513)"
"MCP3109009F","250056560","MONTGOMERY","Fatal Crash","12/18/2025 02:01:00 PM","Maryland (State) Route","NEW HAMPSHIRE AVE",,,,"Cyclist (non-electric)","Single Vehicle","Clear","Other","Daylight","No Controls","Not Suspect of Alcohol Use, Not Suspect of Drug Use","Not Suspect of Alcohol Use, Not Suspect of Drug Use","3D7947C5-BF83-4B73-8379-9B27A8F85DCB","Cyclist (non-electric)","Walking/Cycling Along Roadway With Traffic (In or Adjacent to Travel Lane)","None (No Improper Action)","Shoulder/Roadside","No","Fatal Injury","Helmet, Lighting","39.10494723","-77.00236033","    (39.10494723, -77.00236033)"
"MCP2195007V","250056486","MONTGOMERY","Injury Crash","12/18/2025 08:02:00 AM","County Route",,,,,"Pedestrian","Single Vehicle","Clear","Dry","Daylight","Pedestrian Crossing","Not Suspect of Alcohol Use, Not Suspect of Drug Use","Not Suspect of Alcohol Use, Not Suspect of Drug Use","A4B7D251-77B4-466E-93C8-814C4053ACC4","Pedestrian","Cross/Enter at Intersection","Inattentive (Talking, Eating, etc.)","Intersection Marked Crosswalk","No","Possible Injury","None","39.28416463","-77.20913651","    (39.28416463, -77.20913651)"
"MCP23560053","250056411","MONTGOMERY","Injury Crash","12/17/2025 05:25:00 PM","County Route",,,,,"Pedestrian","Single Vehicle","Clear","Dry","Dark - Lighted","Traffic Control Signal","Not Suspect of Alcohol Use, Not Suspect of Drug Use","Not Suspect of Alcohol Use, Not Suspect of Drug Use","499C2533-8C71-4CD7-B154-639E11B4A5C6","Pedestrian","Cross/Enter Not at Intersection","In Roadway Improperly (Standing, Lying, Working, Playing), Not Visible (Dark Clothing, No Lighting, etc.)","Travel Lane Other Location","No","Suspected Minor Injury","None","39.11621145","-77.16572426","    (39.11621145, -77.16572426)"
"MCP3441001W","250056284","MONTGOMERY","Injury Crash","12/16/2025 09:01:00 PM","County Route",,"MOTOR CITY DR",,,"Pedestrian","Single Vehicle","Clear","Dry","Dark - Lighted","Traffic Control Signal","Unknown, Unknown","Not Suspect of Alcohol Use, Not Suspect of Drug Use","196E6A04-5F77-4828-9BB7-F11A643C5032","Pedestrian","Cross/Enter at Intersection","None (No Improper Action)","Intersection Marked Crosswalk","No","Suspected Serious Injury","None","39.02648027","-77.14402173","    (39.02648027, -77.14402173)"
"MCP3257009V","250055844","MONTGOMERY","Injury Crash","12/13/2025 09:20:00 PM",,,,"Parking Lot Way        PARKING LOT OF THE MEN'S SHELTER LOCATED AT 11600 NEBEL ST",,"Pedestrian","Sideswipe, Opposite Direction","Clear",,"Dark - Lighted",,"Suspect of Alcohol Use, Not Suspect of Drug Use","Not Suspect of Alcohol Use, Not Suspect of Drug Use","69DDD35F-F097-45CC-8974-A39731F38A41","Pedestrian","Other","None (No Improper Action)","Other","No","Suspected Minor Injury","None","39.04688293","-77.10553037","    (39.04688293, -77.10553037)"
"MCP2687004W","250055757","MONTGOMERY","Injury Crash","12/13/2025 12:40:00 PM","Municipality Route","N PARK AVE",,,,"Unknown","Single Vehicle","Clear","Dry","Daylight","Other","Not Suspect of Alcohol Use, Not Suspect of Drug Use","Not Suspect of Alcohol Use, Not Suspect of Drug Use","F2B2CFF9-E79F-47F0-9441-553000C2DB37","Unknown","Standing","None (No Improper Action)","Other","No","Suspected Minor Injury","Reflectors","38.96347735","-77.09140961","    (38.96347735, -77.09140961)"
"MCP3376002V","250055652","MONTGOMERY","Injury Crash","12/12/2025 04:29:00 PM","Local Route","WHEATON PLZ RING RD CUT",,,,"Pedestrian","Single Vehicle","Clear","Dry","Daylight","No Controls","Not Suspect of Alcohol Use, Not Suspect of Drug Use","Not Suspect of Alcohol Use, Not Suspect of Drug Use","A3189634-892D-4614-A19C-033A4D5AA4E3","Pedestrian","Cross/Enter Not at Intersection","None (No Improper Action)","Intersection Marked Crosswalk","No","Suspected Minor Injury","None","39.03797176","-77.05693097","    (39.03797176, -77.05693097)"
"MCP3442001C","250055551","MONTGOMERY","Injury Crash","12/12/2025 04:00:00 AM","Bicycle Route",,,,,"Scooter (electric)","Single Vehicle","Clear","Dry","Dark - Not Lighted","No Controls","Not Suspect of Alcohol Use, Not Suspect of Drug Use","Not Suspect of Alcohol Use, Not Suspect of Drug Use","375C68F1-28A2-4573-A1D8-8841C50F80A2","Scooter (electric)","Cross/Enter at Intersection","Unknown","Intersection Marked Crosswalk","No","Suspected Minor Injury","Helmet","39.0506042","-77.11469472","    (39.0506042, -77.11469472)"
"MCP2921005X","250055470","MONTGOMERY","Injury Crash","12/11/2025 03:36:00 PM","Maryland (State) Route","FREDERICK RD (SB/L)",,,,"Pedestrian","Single Vehicle","Clear","Dry","Daylight","No Controls","Not Suspect of Alcohol Use, Not Suspect of Drug Use","Not Suspect of Alcohol Use, Not Suspect of Drug Use","F54D7312-B8EF-4CEE-A7DF-D70CA7ACAA89","Pedestrian","Cross/Enter Not at Intersection","Dart/Dash, Failure to Obey Traffic Signs, Signals, or Officer, Failure to Yield Right-Of-Way, In Roadway Improperly (Standing, Lying, Working, Playing)","Travel Lane Other Location","Yes","Suspected Serious Injury","None","39.17643039","-77.23852325","    (39.17643039, -77.23852325)"
"MCP30680070","250055507","MONTGOMERY","Injury Crash","12/11/2025 01:50:00 PM","Maryland (State) Route","WISCONSIN AVE",,,,"Cyclist (non-electric)","Single Vehicle","Clear","Dry","Daylight","No Controls","Not Suspect of Alcohol Use, Not Suspect of Drug Use","Not Suspect of Alcohol Use, Not Suspect of Drug Use","14FAB082-34BC-465A-83AD-E6FDEE42C807","Cyclist (non-electric)","Walking/Cycling Along Roadway With Traffic (In or Adjacent to Travel Lane)","None (No Improper Action)","Travel Lane Other Location","No","Suspected Minor Injury","Helmet","38.96521065","-77.08766798","    (38.96521065, -77.08766798)"
"MCP34300018","250055401","MONTGOMERY","Injury Crash","12/11/2025 09:20:00 AM",,,,"Driveway        THE GARAGE EXIT OF A CAR SHOP AT MURRAYS AUTO CLINIC, 939 GIST AVE, SILVER SPRING, MD 20910",,"Pedestrian","Single Vehicle","Clear",,"Daylight",,"Not Suspect of Alcohol Use, Not Suspect of Drug Use","Not Suspect of Alcohol Use, Not Suspect of Drug Use","BACB69F0-5A29-4B86-904B-B084FE757378","Pedestrian","Other","Inattentive (Talking, Eating, etc.)","NonTrafficway Area","Yes","Suspected Minor Injury","None","38.98961667","-77.02578143","    (38.98961667, -77.02578143)"
"MCP219800J9","250055337","MONTGOMERY","Injury Crash","12/10/2025 08:40:00 PM","County Route","SHADY GROVE RD (SB/L)",,,,"Pedestrian","Single Vehicle","Cloudy","Dry","Dark - Lighted","Traffic Control Signal","Not Suspect of Alcohol Use, Not Suspect of Drug Use","Unknown, Unknown","E8B86170-428D-4EDD-9628-4CB313F95FF9","Pedestrian","Unknown","Unknown","Unknown","Yes","Suspected Serious Injury","None","39.119198","-77.18246467","    (39.119198, -77.18246467)"