"Report Number","Local Case Number","Agency Name","ACRS Report Type","Crash Date/Time","Route Type","Road Name","Cross-Street Name","Off-Road Description","Municipality","Related Non-Motorist","Collision Type","Weather","Surface Condition","Light","Traffic Control","Driver Substance Abuse","Non-Motorist Substance Abuse","Person ID","Pedestrian Type","Pedestrian Movement","Pedestrian Actions","Pedestrian Location","At Fault","Injury Severity","Safety Equipment","Latitude","Longitude","Location"
"MCP27380060","250051802","MONTGOMERY","Injury Crash","11/18/2025 10:22:00 PM","County Route",,,,,"Pedestrian","Single Vehicle","Rain","Wet","Dark - Lighted","No Controls","Not Suspect of Alcohol Use, Not Suspect of Drug Use","Not Suspect of Alcohol Use, Not Suspect of Drug Use","53B384D5-2D3F-4B87-97E9-8875A8BF685E","Pedestrian","Cross/Enter Not at Intersection","Not Visible (Dark Clothing, No Lighting, etc.)","Travel Lane Other Location","Yes","Possible Injury","None","39.03937195","-76.99132101","    (39.03937195, -76.99132101)"
"DD5669001J","250051771","ROCKVILLE","Injury Crash","11/18/2025 06:56:00 PM","Maryland (State) Route","VEIRS MILL RD (WB/L)","BROADWOOD DR",,,"Pedestrian","Single Vehicle","Rain","Wet","Dark - Lighted","Traffic Control Signal","Not Suspect of Alcohol Use, Not Suspect of Drug Use","Not Suspect of Alcohol Use, Not Suspect of Drug Use","39236181-840C-4891-B845-DCD61705CA46","Pedestrian","Other","None (No Improper Action)","Intersection Marked Crosswalk","No","Suspected Minor Injury","None","39.07722295","-77.12378542","    (39.07722295, -77.12378542)"
"DD5676001C","250051769","ROCKVILLE","Injury Crash","11/18/2025 06:25:00 PM","Municipality Route","TWINBROOK PKWY (NB/L)","ROCKVILLE PIKE ROLLINS AVE",,,"Pedestrian","Single Vehicle","Rain","Wet","Dark - Lighted","Traffic Control Signal","Not Suspect of Alcohol Use, Not Suspect of Drug Use","Not Suspect of Alcohol Use, Not Suspect of Drug Use","9190F9E6-7766-4AC8-A8D8-FA41164D384C","Pedestrian","Cross/Enter at Intersection","None (No Improper Action)","Intersection Marked Crosswalk","No","Suspected Minor Injury","None","39.05883175","-77.12104006","    (39.05883175, -77.12104006)"
"MCP2967007F","250051751","MONTGOMERY","Injury Crash","11/18/2025 05:33:00 PM","County Route","SUGARBUSH LA","TUCKERMAN LA TUCKERMAN LA (EB/L)",,,"Pedestrian","Single Vehicle","Rain","Wet","Dark - Lighted","Traffic Control Signal","Not Suspect of Alcohol Use, Not Suspect of Drug Use","Not Suspect of Alcohol Use, Not Suspect of Drug Use","D4FB683E-A552-4C64-9E29-0FF71523AE2E","Pedestrian","Cross/Enter at Intersection","None (No Improper Action)","Intersection Unmarked Crosswalk","No","Possible Injury","None","39.0319194","-77.11801286","    (39.0319194, -77.11801286)"
"DD556700BT","250051749","ROCKVILLE","Injury Crash","11/18/2025 05:28:00 PM","Local Route","KISS AND RIDE TWINBROOK LOT","BOUIC AVE CHAPMAN AVE",,,"Pedestrian","Single Vehicle","Rain","Wet","Dark - Lighted","Stop Sign","Not Suspect of Alcohol Use, Not Suspect of Drug Use","Not Suspect of Alcohol Use, Not Suspect of Drug Use","948E4585-39AE-49BE-869F-794273A5232B","Pedestrian","Cross/Enter at Intersection","None (No Improper Action)","Intersection Marked Crosswalk","No","Suspected Minor Injury","None","39.06111631","-77.12105684","    (39.06111631, -77.12105684)"
"MCP3335003X","250051738","MONTGOMERY","Property Damage Crash","11/18/2025 04:42:00 PM","Maryland (State) Route","UNIVERSITY BLVD E (WB/L)","RAMP 1 FR MD 193 NB TO IS 495 WB",,,"Cyclist (non-electric)","Single Vehicle","Clear","Dry","Daylight","Other Pavement Marking (excluding edgelines, centerlines, or lane lines)","Not Suspect of Alcohol Use, Not Suspect of Drug Use","Not Suspect of Alcohol Use, Not Suspect of Drug Use","E530D501-7969-4510-A349-835FD777C663","Cyclist (non-electric)","Cross/Enter at Intersection","None (No Improper Action)","Intersection Marked Crosswalk","No","No Apparent Injury","Helmet","39.01573851","-77.00519274","    (39.01573851, -77.00519274)"
"DD556700BQ","250051670","ROCKVILLE","Injury Crash","11/18/2025 11:29:00 AM","Maryland (State) Route","HUNGERFORD DR (SB/L)","BEALL AVE #2",,,"Pedestrian","Single Vehicle","Clear","Dry","Daylight","Pedestrian Crossing","Not Suspect of Alcohol Use, Not Suspect of Drug Use","Not Suspect of Alcohol Use, Not Suspect of Drug Use","E7BC97B4-5A8A-463A-AA73-8A2425AEE362","Pedestrian","Cross/Enter at Intersection","None (No Improper Action)","Intersection Marked Crosswalk","No","Suspected Serious Injury","None","39.08745832","-77.15015184","    (39.08745832, -77.15015184)"
"EJ78870069","250051618","GAITHERSBURG","Injury Crash","11/18/2025 07:50:00 AM","Municipality Route","QUINCE ORCHARD BLVD",,,,"Pedestrian","Single Vehicle","Clear","Dry","Daylight","No Controls","Not Suspect of Alcohol Use, Not Suspect of Drug Use","Not Suspect of Alcohol Use, Not Suspect of Drug Use","1A6AB7B7-D22F-4C01-82F9-31CFC8F5228D","Pedestrian","Walking/Cycling on Sidewalk","Unknown","Intersection Unmarked Crosswalk","No","Suspected Minor Injury","None","39.1417315","-77.22785867","    (39.1417315, -77.22785867)"
"MCP3290004P","250051611","MONTGOMERY","Injury Crash","11/18/2025 06:37:00 AM","Government Route","SLIGO CREEK PKWY","COLESVILLE RD COLESVILLE RD (SB/L) ST ANDREWS WAY",,,"Pedestrian","Single Vehicle","Clear","Dry","Dark - Lighted","Traffic Control Signal","Not Suspect of Alcohol Use, Not Suspect of Drug Use","Not Suspect of Alcohol Use, Not Suspect of Drug Use","C651A646-798C-48E1-8C5E-A7A3BAE3789D","Pedestrian","Cross/Enter at Intersection","Unknown","Intersection Marked Crosswalk","No","Suspected Minor Injury","None","39.00770243","-77.02014089","    (39.00770243, -77.02014089)"
"MCP3339005R","250051564","MONTGOMERY","Property Damage Crash","11/17/2025 05:48:00 PM","Maryland (State) Route","GEORGIA AVE (SB/L)",,,,"Cyclist (Electric)","Single Vehicle","Clear","Dry","Dark - Not Lighted","Stop Sign","Unknown, Unknown","Not Suspect of Alcohol Use, Not Suspect of Drug Use","723300E3-B8D4-4186-9ECE-0ABA9C6874AC","Cyclist (Electric)","Walking/Cycling on Sidewalk","None (No Improper Action)","Intersection Unmarked Crosswalk","No","No Apparent Injury","None","39.08276479","-77.07747279","    (39.08276479, -77.07747279)"
"MCP3073006W","250051551","MONTGOMERY","Injury Crash","11/17/2025 03:57:00 PM",,,,"Parking Lot Way        PARKING LOT IN FRONT OF GIANT",,"Pedestrian","Other","Clear",,"Daylight",,"Not Suspect of Alcohol Use, Not Suspect of Drug Use, Unknown, Unknown","Not Suspect of Alcohol Use, Not Suspect of Drug Use","9D4B6D8A-B2E7-4CCC-A63A-F264D4865267","Pedestrian","Standing","None (No Improper Action)","OffStreet Trails or Sidepaths","No","Possible Injury","Unknown","39.15326217","-77.06403733","    (39.15326217, -77.06403733)"
"MCP0617007D","250051450","MONTGOMERY","Injury Crash","11/17/2025 06:20:00 AM","Maryland (State) Route","LAYHILL RD",,,,"Pedestrian","Single Vehicle","Clear","Dry","Dark - Not Lighted","No Controls","Not Suspect of Alcohol Use, Not Suspect of Drug Use","Not Suspect of Alcohol Use, Not Suspect of Drug Use","21DA2D0F-CC57-4AC1-98FC-6D6A5627C785","Pedestrian","Walking/Cycling Along Roadway With Traffic (In or Adjacent to Travel Lane)","Not Visible (Dark Clothing, No Lighting, etc.)","Shoulder/Roadside","Yes","Suspected Minor Injury","None","39.10637395","-77.03806185","    (39.10637395, -77.03806185)"
"MCP2752007G","250051435","MONTGOMERY","Injury Crash","11/16/2025 07:05:00 PM","Maryland (State) Route","WISCONSIN AVE (SB/L)","S PARK AVE",,,"Pedestrian","Single Vehicle","Clear","Dry","Dark - Lighted","Traffic Control Signal","Unknown, Unknown","Not Suspect of Alcohol Use, Not Suspect of Drug Use","72F4323C-5058-4E50-A1EF-36A90E4196C9","Pedestrian","Cross/Enter at Intersection","Unknown","Intersection Marked Crosswalk","No","Suspected Minor Injury","None","38.96374388","-77.08727478","    (38.96374388, -77.08727478)"
"MCP3382002Z","250051321","MONTGOMERY","Injury Crash","11/15/2025 09:03:00 PM","County Route","COLESVILLE MANOR DR","NEW HAMPSHIRE AVE (SB/L)",,,"Pedestrian","Single Vehicle","Clear","Dry","Dark - Not Lighted","No Controls","Not Suspect of Alcohol Use, Not Suspect of Drug Use","Not Suspect of Alcohol Use, Not Suspect of Drug Use","2D469C8E-A260-4676-B44E-8E7999C17C28","Pedestrian","None","None (No Improper Action)","Intersection Unmarked Crosswalk","No","Possible Injury","None","39.08548007","-76.99980399","    (39.08548007, -76.99980399)"
"MCP289100FP","250051270","MONTGOMERY","Injury Crash","11/15/2025 12:28:00 PM","County Route","SPRING ST","COLESVILLE RD",,,"Pedestrian","Single Vehicle","Clear","Dry","Daylight","Traffic Control Signal","Not Suspect of Alcohol Use, Not Suspect of Drug Use","Not Suspect of Alcohol Use, Not Suspect of Drug Use","11230460-803E-41B2-8C2F-4D43D9B30853","Pedestrian","Cross/Enter at Intersection","None (No Improper Action)","Intersection Marked Crosswalk","No","Suspected Minor Injury","None","38.99895063","-77.02614106","    (38.99895063, -77.02614106)"
"MCP3213002F","250051239","MONTGOMERY","Injury Crash","11/15/2025 05:52:00 AM","US (State)","COLESVILLE RD","UNIVERSITY BLVD E",,,"Pedestrian","Single Vehicle","Clear","Dry","Dark - Lighted","Traffic Control Signal","Not Suspect of Alcohol Use, Not Suspect of Drug Use","Not Suspect of Alcohol Use, Not Suspect of Drug Use","6E827FB8-2F1C-4917-843F-165BBA85DEA2","Pedestrian","Walking/Cycling on Sidewalk","None (No Improper Action)","Intersection Marked Crosswalk","No","Suspected Serious Injury","None","39.01971187","-77.01319236","    (39.01971187, -77.01319236)"
"DD56810016","250051222","ROCKVILLE","Injury Crash","11/14/2025 11:45:00 PM","Municipality Route","MARYLAND AVE",,,,"Pedestrian","Single Vehicle","Clear","Dry","Dark - Lighted","No Controls","Suspect of Alcohol Use, Not Suspect of Drug Use","Not Suspect of Alcohol Use, Not Suspect of Drug Use","8F656E81-6643-4D32-857F-F33E40AF2FF1","Pedestrian","Cross/Enter at Intersection","None (No Improper Action)","Intersection Unmarked Crosswalk","No","Possible Injury","None","39.08611948","-77.15102817","    (39.08611948, -77.15102817)"
"EJ7903005M","250051141","GAITHERSBURG","Injury Crash","11/14/2025 12:50:00 PM","Municipality Route","E DIAMOND AVE",,,,"Pedestrian","Single Vehicle","Clear","Dry","Daylight","No Controls","Not Suspect of Alcohol Use, Not Suspect of Drug Use","Not Suspect of Alcohol Use, Not Suspect of Drug Use","1E23EA2A-18D5-4531-AE41-425377706E84","Pedestrian","Cross/Enter Not at Intersection","In Roadway Improperly (Standing, Lying, Working, Playing)","Travel Lane Other Location","Yes","Suspected Minor Injury","None","39.14191036","-77.19554811","    (39.14191036, -77.19554811)"
"MCP3257009L","250051076","MONTGOMERY","Injury Crash","11/13/2025 08:00:00 PM",,,,"Driveway        DRIVE WAY OF 10839 GEORGIA AVE; EXTRA SPACE STORAGE",,"Pedestrian","Single Vehicle","Clear",,"Dark - Unknown Lighting",,"Unknown, Unknown","Unknown, Unknown","A15644BB-E162-4445-9784-F1215ED61E62","Pedestrian","Unknown","Unknown","Other","No","Suspected Minor Injury","None","39.03354099","-77.04770356","    (39.03354099, -77.04770356)"
"MCP1233006W","250050996","MONTGOMERY","Injury Crash","11/13/2025 04:15:00 PM","Maryland (State) Route","KNOWLES AVE",,,,"Cyclist (non-electric)","Single Vehicle","Clear","Dry","Daylight","Other Pavement Marking (excluding edgelines, centerlines, or lane lines)","Not Suspect of Alcohol Use, Not Suspect of Drug Use","Not Suspect of Alcohol Use, Not Suspect of Drug Use","ED2C06EF-5F72-4B94-997F-BF929C29A311","Cyclist (non-electric)","Walking/Cycling Along Roadway With Traffic (In or Adjacent to Travel Lane)","None (No Improper Action)","Shoulder/Roadside","No","Suspected Minor Injury","Helmet","39.03349355","-77.08918804","    (39.03349355, -77.08918804)"
"MCP3378001W","250050976","MONTGOMERY","Injury Crash","11/13/2025 02:15:00 PM","County Route","CONNECTICUT AVE SERVICE RD",,,,"Pedestrian","Single Vehicle","Clear","Dry","Daylight","No Controls","Not Suspect of Alcohol Use, Not Suspect of Drug Use","Not Suspect of Alcohol Use, Not Suspect of Drug Use","56FD5B29-7BAB-4137-8DB5-C35F36808805","Pedestrian","Walking/Cycling Along Roadway Against Traffic (In or Adjacent to Travel Lane)","None (No Improper Action)","Intersection Unmarked Crosswalk","No","Suspected Minor Injury","None","39.0538365","-77.07409667","    (39.0538365, -77.07409667)"
"MCP913000LM","250050977","MONTGOMERY","Injury Crash","11/13/2025 02:15:00 PM","Maryland (State) Route",,"RITCHIE AVE",,,"Pedestrian","Single Vehicle","Clear","Dry","Daylight","Stop Sign","Not Suspect of Alcohol Use, Not Suspect of Drug Use","Not Suspect of Alcohol Use, Not Suspect of Drug Use","A46C0C9B-58BA-4149-98D0-2416CDC0593D","Pedestrian","Cross/Enter at Intersection","None (No Improper Action)","Intersection Marked Crosswalk","No","Suspected Minor Injury","None","38.98811232","-77.01231913","    (38.98811232, -77.01231913)"
"MCP209400PZ","250050921","MONTGOMERY","Injury Crash","11/13/2025 09:13:00 AM","County Route","FERNWOOD RD (SB/L)",,,,"Cyclist (Electric)","Single Vehicle","Clear","Dry","Daylight","Pedestrian Crossing Sign","Not Suspect of Alcohol Use, Not Suspect of Drug Use","Not Suspect of Alcohol Use, Not Suspect of Drug Use","8A288FB0-3EC2-47A9-A330-8A37582622AF","Cyclist (Electric)","Walking/Cycling on Sidewalk","None (No Improper Action)","Intersection Marked Crosswalk","No","Suspected Minor Injury","Helmet, Reflectors","39.02185302","-77.1349627","    (39.02185302, -77.1349627)"
"MCP3384001T","250050838","MONTGOMERY","Injury Crash","11/12/2025 05:50:00 PM","US (State)","GEORGIA AVE",,,,"Pedestrian","Single Vehicle","Clear","Dry","Dark - Lighted","Traffic Control Signal","Not Suspect of Alcohol Use, Not Suspect of Drug Use","Not Suspect of Alcohol Use, Not Suspect of Drug Use","7094190F-3B31-457F-B2E8-F6AAED720285","Pedestrian","Walking/Cycling Along Roadway Against Traffic (In or Adjacent to Travel Lane)","None (No Improper Action)","Intersection Marked Crosswalk","No","Possible Injury","None","38.99030456","-77.02654979","    (38.99030456, -77.02654979)"
"DD5648004Q","250050828","ROCKVILLE","Injury Crash","11/12/2025 05:30:00 PM","Municipality Route","CONGRESSIONAL LA",,,,"Pedestrian","Sideswipe, Same Direction","Clear","Dry","Dark - Not Lighted","No Controls","Unknown, Unknown, Unknown, Unknown","Not Suspect of Alcohol Use, Not Suspect of Drug Use","85D1CC0A-4835-462B-A01C-C2294D5BA826","Pedestrian","Other","None (No Improper Action)","Shoulder/Roadside","No","Possible Injury","None","39.05955874","-77.1306544","    (39.05955874, -77.1306544)"
"MCP33200048","250050834","MONTGOMERY","Property Damage Crash","11/12/2025 04:10:00 PM","County Route","RILEY RD","SEMINARY PL",,,"Pedestrian","Single Vehicle","Clear","Dry","Daylight","Stop Sign","Unknown, Unknown","Not Suspect of Alcohol Use, Not Suspect of Drug Use","FCE4EBF3-8DDF-4E99-967B-44F80BBA31A6","Pedestrian","Cross/Enter at Intersection","None (No Improper Action)","Intersection Marked Crosswalk","No","No Apparent Injury","None","39.00969415","-77.04309288","    (39.00969415, -77.04309288)"
"MCP3290004N","250050782","MONTGOMERY","Injury Crash","11/12/2025 02:37:00 PM","Maryland (State) Route","METRORAIL TRACK B1 RAIL",,,,"Cyclist (non-electric)","Single Vehicle","Clear","Dry","Daylight","No Controls","Unknown, Unknown","Not Suspect of Alcohol Use, Not Suspect of Drug Use","7E6818D6-D153-43D6-A558-7171E8076F55","Cyclist (non-electric)","Walking/Cycling on Sidewalk","Other","Travel Lane Other Location","Yes","Suspected Minor Injury","None","39.01073624","-77.04098269","    (39.01073624, -77.04098269)"
"MCP3362006S","250050781","MONTGOMERY","Injury Crash","11/12/2025 02:21:00 PM","Maryland (State) Route","UNIVERSITY BLVD W",,,,"Cyclist (non-electric)","Single Vehicle","Clear","Dry","Daylight","Traffic Control Signal","Not Suspect of Alcohol Use, Not Suspect of Drug Use","Not Suspect of Alcohol Use, Not Suspect of Drug Use","358CCD26-A57A-4D6A-BEB2-6DBDB98B4B28","Cyclist (non-electric)","Cross/Enter Not at Intersection","Dart/Dash","Intersection Marked Crosswalk","No","Suspected Minor Injury","None","39.02607318","-77.02027006","    (39.02607318, -77.02027006)"
"MCP3358003T","250050584","MONTGOMERY","Property Damage Crash","11/11/2025 08:26:00 AM","County Route","LELAND ST","WOODMONT AVE",,,"Scooter (electric)","Single Vehicle","Clear","Dry","Daylight","Pedestrian Crossing","Not Suspect of Alcohol Use, Not Suspect of Drug Use","Not Suspect of Alcohol Use, Not Suspect of Drug Use","A2DDCA93-252D-4597-8812-59F48EF56B88","Scooter (electric)","Cross/Enter at Intersection","None (No Improper Action)","Intersection Marked Crosswalk","No","No Apparent Injury","Helmet","38.98008632","-77.09376028","    (38.98008632, -77.09376028)"
"MCP3037007M","250050532","MONTGOMERY","Injury Crash","11/10/2025 07:13:00 PM","County Route","CLARKSBURG RD","CATAWBA MANOR WAY GENERAL STORE DR",,,"Pedestrian","Single Vehicle","Clear","Dry","Dark - Lighted","Stop Sign","Not Suspect of Alcohol Use, Not Suspect of Drug Use","Not Suspect of Alcohol Use, Not Suspect of Drug Use","18D6048A-1432-45D0-BCA5-9727A0448EBC","Pedestrian","Cross/Enter at Intersection","None (No Improper Action)","Intersection Marked Crosswalk","No","Suspected Minor Injury","None","39.24360284","-77.27915507","    (39.24360284, -77.27915507)"
"MCP289200JJ","250050524","MONTGOMERY","Injury Crash","11/10/2025 06:01:00 PM","County Route","GARDINER AVE","DENNIS AVE",,,"Pedestrian","Single Vehicle","Clear","Dry","Dark - Unknown Lighting","No Controls","Unknown, Unknown","Not Suspect of Alcohol Use, Not Suspect of Drug Use","CC019CE4-5A2B-4751-A2A3-2D9D23FE3684","Pedestrian","Cross/Enter at Intersection","None (No Improper Action)","Intersection Marked Crosswalk","No","Suspected Minor Injury","None","39.02453759","-77.04989253","    (39.02453759, -77.04989253)"
"MCP30500075","250050394","MONTGOMERY","Injury Crash","11/09/2025 06:49:00 PM","County Route","GRAND PRE RD",,,,"Pedestrian","Single Vehicle","Clear","Dry","Dark - Lighted","No Controls","Unknown, Unknown","Not Suspect of Alcohol Use, Not Suspect of Drug Use","D4EAFEE5-6594-4CED-ADC4-95D33C3D4E0B","Pedestrian","Walking/Cycling on Sidewalk","None (No Improper Action)","Sidewalk","No","Possible Injury","None","39.08878867","-77.07539967","    (39.08878867, -77.07539967)"
"MCP3439000W","250050340","MONTGOMERY","Injury Crash","11/09/2025 11:45:00 AM",,,,"Parking Lot Way        PARKING LOT EXIT",,"Pedestrian","Single Vehicle","Cloudy",,"Daylight",,"Not Suspect of Alcohol Use, Not Suspect of Drug Use","Not Suspect of Alcohol Use, Not Suspect of Drug Use","22975C19-788D-4D8D-B975-64EB4323689A","Pedestrian","Walking/Cycling on Sidewalk","None (No Improper Action)","Intersection Unmarked Crosswalk","No","Suspected Minor Injury","None","39.04193614","-77.05173799","    (39.04193614, -77.05173799)"
"MCP22390039","250050206","MONTGOMERY","Injury Crash","11/08/2025 11:01:00 AM","County Route","DARNESTOWN RD",,,,"Cyclist (non-electric)","Single Vehicle","Clear","Dry","Daylight","No Controls","Not Suspect of Alcohol Use, Not Suspect of Drug Use","Not Suspect of Alcohol Use, Not Suspect of Drug Use","3E4DC05F-8C30-486F-ADAA-73CC2F0B1D01","Cyclist (non-electric)","Walking/Cycling Along Roadway With Traffic (In or Adjacent to Travel Lane)","Unknown","Travel Lane Other Location","No","Suspected Minor Injury","Helmet","39.09643099","-77.20301089","    (39.09643099, -77.20301089)"
"MCP3000005J","250050152","MONTGOMERY","Injury Crash","11/07/2025 11:12:00 PM","Maryland (State) Route","GREAT SENECA HWY (SB/L)",,,,"Scooter (electric)","Single Vehicle","Rain","Wet","Dark - Not Lighted","No Controls","Not Suspect of Alcohol Use, Not Suspect of Drug Use","Not Suspect of Alcohol Use, Not Suspect of Drug Use","A8A85863-5A00-47B8-98ED-31AC724F352E","Scooter (electric)","Other","Not Visible (Dark Clothing, No Lighting, etc.)","Travel Lane Other Location","Yes","Suspected Minor Injury","None","39.16694681","-77.27007332","    (39.16694681, -77.27007332)"
"MCP3300003H","250050147","MONTGOMERY","Injury Crash","11/07/2025 10:14:00 PM","County Route","ASPEN HILL RD","FRANKFORT DR GRENOBLE DR",,,"Pedestrian","Single Vehicle","Rain","Wet","Dark - Lighted","Pedestrian Crossing Sign","Unknown, Unknown","Not Suspect of Alcohol Use, Not Suspect of Drug Use","B804991B-D91D-4E98-A742-108DFAEF7301","Pedestrian","Cross/Enter at Intersection","None (No Improper Action)","Intersection Marked Crosswalk","No","Suspected Minor Injury","None","39.07954158","-77.08385866","    (39.07954158, -77.08385866)"
"MCP30500074","250050117","MONTGOMERY","Injury Crash","11/07/2025 06:43:00 PM","Local Route","INDEPENDENCE ST","CONNECTICUT AVE",,,"Scooter (electric)","Single Vehicle","Clear","Dry","Dark - Lighted","Traffic Control Signal","Not Suspect of Alcohol Use, Not Suspect of Drug Use","Not Suspect of Alcohol Use, Not Suspect of Drug Use","BA94163D-28C7-4B9B-8811-B61C0C1203A8","Scooter (electric)","Cross/Enter at Intersection","Unknown","Intersection Marked Crosswalk","No","Possible Injury","None","39.07637699","-77.08051961","    (39.07637699, -77.08051961)"
"MCP30900095","250049940","MONTGOMERY","Injury Crash","11/06/2025 08:48:00 PM","County Route","WALKERS CHOICE RD","MONTGOMERY VILLAGE AVE (SB/L)",,,"Cyclist (non-electric)","Single Vehicle","Clear","Dry","Dark - Lighted","Traffic Control Signal","Unknown, Unknown","Not Suspect of Alcohol Use, Not Suspect of Drug Use","25CDCBE6-181E-46B6-AF76-539DF63CEF4C","Cyclist (non-electric)","Walking/Cycling on Sidewalk","None (No Improper Action)","Intersection Marked Crosswalk","No","Possible Injury","None","39.16145556","-77.20215973","    (39.16145556, -77.20215973)"
"MCP3030008F","250049915","MONTGOMERY","Injury Crash","11/06/2025 05:46:00 PM","Maryland (State) Route",,,,,"Pedestrian","Single Vehicle","Clear","Dry","Dark - Lighted","Pedestrian Crossing","Not Suspect of Alcohol Use, Not Suspect of Drug Use","Not Suspect of Alcohol Use, Not Suspect of Drug Use","64019FA8-2DAF-4DD7-AA26-C440B2E3A48C","Pedestrian","Other","None (No Improper Action)","Intersection Marked Crosswalk","No","Suspected Serious Injury","None","38.96469419","-77.10360327","    (38.96469419, -77.10360327)"
"MCP3337004F","250049897","MONTGOMERY","Injury Crash","11/06/2025 04:17:00 PM","County Route","ARCOLA AVE",,,,"Pedestrian","Single Vehicle","Clear","Dry","Daylight","Pedestrian Crossing Sign","Not Suspect of Alcohol Use, Not Suspect of Drug Use","Not Suspect of Alcohol Use, Not Suspect of Drug Use","F75BBDA7-0E84-4345-AB6B-D62936396FEA","Pedestrian","Cross/Enter at Intersection","None (No Improper Action)","Intersection Marked Crosswalk","No","Suspected Minor Injury","None","39.04712874","-77.05035061","    (39.04712874, -77.05035061)"
"MCP3079007S","250049843","MONTGOMERY","Injury Crash","11/06/2025 12:10:00 PM","County Route",,"GERMANTOWN RD",,,"Cyclist (non-electric)","Single Vehicle","Clear","Dry","Daylight","Traffic Control Signal","Not Suspect of Alcohol Use, Not Suspect of Drug Use","Not Suspect of Alcohol Use, Not Suspect of Drug Use","C487CCE1-E485-46D3-A7D2-6231807A48A7","Cyclist (non-electric)","Cross/Enter at Intersection","Failure to Obey Traffic Signs, Signals, or Officer","Intersection Marked Crosswalk","Yes","Suspected Minor Injury","None","39.17139911","-77.27729741","    (39.17139911, -77.27729741)"
"MCP156300C3","250049820","MONTGOMERY","Injury Crash","11/06/2025 10:55:00 AM","County Route","OLD STAGE RD","TILDENWOOD DR",,,"Pedestrian","Single Vehicle","Clear","Dry","Daylight","Pedestrian Crossing","Not Suspect of Alcohol Use, Not Suspect of Drug Use","Not Suspect of Alcohol Use, Not Suspect of Drug Use","049A78B8-553D-49C2-8778-2E9C0514D73D","Pedestrian","Cross/Enter at Intersection","None (No Improper Action)","Intersection Marked Crosswalk","No","Suspected Serious Injury","None","39.0493449","-77.14086883","    (39.0493449, -77.14086883)"