"Report Number","Local Case Number","Agency Name","ACRS Report Type","Crash Date/Time","Route Type","Road Name","Cross-Street Name","Off-Road Description","Municipality","Related Non-Motorist","Collision Type","Weather","Surface Condition","Light","Traffic Control","Driver Substance Abuse","Non-Motorist Substance Abuse","Person ID","Pedestrian Type","Pedestrian Movement","Pedestrian Actions","Pedestrian Location","At Fault","Injury Severity","Safety Equipment","Latitude","Longitude","Location"
"MCP2989003F","250049800","MONTGOMERY","Injury Crash","11/06/2025 08:51:00 AM",,,,"Driveway        DRIVEWAY/SIDEWALK EXTENSION OF 15301 FREDERICK RD",,"Scooter (electric)","Single Vehicle","Clear",,"Daylight",,"Not Suspect of Alcohol Use, Not Suspect of Drug Use","Not Suspect of Alcohol Use, Not Suspect of Drug Use","72E6897A-D865-44E6-A5DB-64BAA14646E0","Scooter (electric)","Walking/Cycling on Sidewalk","None (No Improper Action)","Driveway Access","No","Suspected Minor Injury","None","39.10734849","-77.15875868","    (39.10734849, -77.15875868)"
"MCP3408002C","250049791","MONTGOMERY","Injury Crash","11/06/2025 08:00:00 AM","County Route","RAY DR","PINEY BRANCH RD",,,"Pedestrian","Single Vehicle","Clear","Dry","Daylight","Traffic Control Signal","Not Suspect of Alcohol Use, Not Suspect of Drug Use","Not Suspect of Alcohol Use, Not Suspect of Drug Use","83174A1D-ED0F-4FB6-83B3-65BAABB2BED7","Pedestrian","Cross/Enter at Intersection","In Roadway Improperly (Standing, Lying, Working, Playing)","Intersection Unmarked Crosswalk","Yes","Suspected Minor Injury","None","38.98546308","-77.01420933","    (38.98546308, -77.01420933)"
"MCP3387003H","250049539","MONTGOMERY","Injury Crash","11/04/2025 02:45:00 PM","Crossover","CROSSOVER","RAMP 7 FR RP 2 (FR IS495 WB) TO 193 UNIVERSITY BLVD E (WB/L)",,,"Pedestrian","Single Vehicle","Clear","Dry","Daylight","Traffic Control Signal","Not Suspect of Alcohol Use, Not Suspect of Drug Use","Not Suspect of Alcohol Use, Not Suspect of Drug Use","8C121EBB-2122-4098-A88F-4BE09A34CFC0","Pedestrian","Cross/Enter at Intersection","None (No Improper Action)","Intersection Marked Crosswalk","No","Suspected Minor Injury","None","39.01594597","-77.00527489","    (39.01594597, -77.00527489)"
"EJ78870066","250049444","GAITHERSBURG","Injury Crash","11/04/2025 10:20:00 AM",,,,"Service Road        DRIVE THRU OF 10007 FIELDS RD",,"Pedestrian","Single Vehicle","Clear",,"Daylight",,"Not Suspect of Alcohol Use, Not Suspect of Drug Use","Not Suspect of Alcohol Use, Not Suspect of Drug Use","9DDAF03A-89C8-4B47-B69B-5798087477BB","Pedestrian","Standing","None (No Improper Action)","Driveway Access","No","Possible Injury","None","39.11697835","-77.20582193","    (39.11697835, -77.20582193)"
"MCP32120049","250049728","MONTGOMERY","Injury Crash","11/03/2025 11:30:00 PM","County Route","PLYERS MILL RD","BRUNSWICK AVE",,,"Pedestrian","Single Vehicle","Unknown",,"Dark - Unknown Lighting","Pedestrian Crossing","Unknown, Unknown","Not Suspect of Alcohol Use, Not Suspect of Drug Use","E31356AA-8DDF-47AB-A6BC-371ACEB37821","Pedestrian","Walking/Cycling on Sidewalk","None (No Improper Action)","Intersection Marked Crosswalk","No","Suspected Minor Injury","None","39.02968219","-77.05496375","    (39.02968219, -77.05496375)"
"MCP3257009M","250049388","MONTGOMERY","Injury Crash","11/03/2025 08:50:00 PM",,,,"Parking Lot Way        PARKING LOT OF SUMMIT HILLS APARTMENTS",,"Pedestrian","Single Vehicle","Clear",,"Dark - Lighted",,"Not Suspect of Alcohol Use, Not Suspect of Drug Use","Not Suspect of Alcohol Use, Not Suspect of Drug Use","A6C0641A-76C2-424E-B6F1-E44E003605F5","Pedestrian","Other Working","None (No Improper Action)","Travel Lane Other Location","No","Suspected Minor Injury","None","38.99573865","-77.03664481","    (38.99573865, -77.03664481)"
"DD56810013","250049249","ROCKVILLE","Property Damage Crash","11/02/2025 10:15:00 PM","Municipality Route","N STONESTREET AVE","PARK RD (WB/L)",,,"Cyclist (non-electric)","Single Vehicle","Clear","Dry","Dark - Lighted","Traffic Control Signal","Unknown, Unknown","Not Suspect of Alcohol Use, Not Suspect of Drug Use","1485BF53-848B-45C0-BB28-756669CCD2D4","Cyclist (non-electric)","Cross/Enter at Intersection","None (No Improper Action)","Intersection Marked Crosswalk","No","No Apparent Injury","None","39.08557216","-77.14669729","    (39.08557216, -77.14669729)"
"MCP3271006H","250049198","MONTGOMERY","Injury Crash","11/02/2025 04:24:00 PM","County Route","TILDENWOOD DR","MONTROSE RD",,,"Pedestrian","Single Vehicle","Clear","Dry","Dusk","Traffic Control Signal","Not Suspect of Alcohol Use, Not Suspect of Drug Use","Not Suspect of Alcohol Use, Not Suspect of Drug Use","7ED33BAF-C51A-48B0-994B-EF804E17CB9D","Pedestrian","Cross/Enter at Intersection","None (No Improper Action)","Intersection Marked Crosswalk","No","Suspected Minor Injury","None","39.0538787","-77.13809868","    (39.0538787, -77.13809868)"
"MCP2195007Q","250049172","MONTGOMERY","Injury Crash","11/02/2025 01:07:00 PM","County Route","HONEY HILL LA","MOON RYDER ALY",,,"Scooter (electric)","Single Vehicle","Clear","Dry","Daylight","No Controls","Not Suspect of Alcohol Use, Not Suspect of Drug Use","Not Suspect of Alcohol Use, Not Suspect of Drug Use","9D886C8C-F9DB-4E26-A6C6-723A4B318DED","Scooter (electric)","Cross/Enter at Intersection","Failure to Obey Traffic Signs, Signals, or Officer, Failure to Yield Right-Of-Way, Inattentive (Talking, Eating, etc.)","Intersection Other","Yes","Suspected Serious Injury","None","39.22381463","-77.24588989","    (39.22381463, -77.24588989)"
"MCP34450018","250049087","MONTGOMERY","Injury Crash","11/01/2025 06:30:00 PM","Maryland (State) Route",,"SPRINGER RD",,,"Other Pedestrian (person in a building, skater, personal conveyance, etc.)","Angle","Clear","Dry","Dark - Lighted","No Controls","Not Suspect of Alcohol Use, Not Suspect of Drug Use, Unknown, Not Suspect of Drug Use","Not Suspect of Alcohol Use, Not Suspect of Drug Use","EAC5AF4E-B801-4E0B-9A11-2FDAD2CDD7AE","Other Pedestrian (person in a building, skater, personal conveyance, etc.)","None","None (No Improper Action)","Other","No","No Apparent Injury","None","38.9871055","-77.13225617","    (38.9871055, -77.13225617)"
"MCP34450018","250049087","MONTGOMERY","Injury Crash","11/01/2025 06:30:00 PM","Maryland (State) Route",,"SPRINGER RD",,,"Other Pedestrian (person in a building, skater, personal conveyance, etc.)","Angle","Clear","Dry","Dark - Lighted","Stop Sign","Not Suspect of Alcohol Use, Not Suspect of Drug Use, Unknown, Not Suspect of Drug Use","Not Suspect of Alcohol Use, Not Suspect of Drug Use","EAC5AF4E-B801-4E0B-9A11-2FDAD2CDD7AE","Other Pedestrian (person in a building, skater, personal conveyance, etc.)","None","None (No Improper Action)","Other","No","No Apparent Injury","None","38.9871055","-77.13225617","    (38.9871055, -77.13225617)"
"MCP3192006N","250049091","MONTGOMERY","Injury Crash","11/01/2025 06:00:00 PM",,,,"Parking Lot Way        PARKING LOT OF 13781 CONNECTICUT AVE",,"Pedestrian","Single Vehicle","Clear",,"Dark - Lighted",,"Unknown, Unknown","Not Suspect of Alcohol Use, Not Suspect of Drug Use","228EBAF0-3D84-4DDB-907E-20AAB2DF6FEC","Pedestrian","Walking/Cycling on Sidewalk","None (No Improper Action)","Intersection Marked Crosswalk","No","Possible Injury","None","39.07988451","-77.07879294","    (39.07988451, -77.07879294)"
"EJ7871008T","250049079","GAITHERSBURG","Injury Crash","11/01/2025 05:25:00 PM","County Route","DIAMONDBACK DR","MUDDY BRANCH RD (SB/L)",,,"Cyclist (Electric)","Single Vehicle","Clear","Dry","Daylight","Traffic Control Signal","Not Suspect of Alcohol Use, Not Suspect of Drug Use","Not Suspect of Alcohol Use, Not Suspect of Drug Use","CB4B30F1-55A6-4682-8984-F530D6318D6B","Cyclist (Electric)","Cross/Enter at Intersection","None (No Improper Action)","Intersection Marked Crosswalk","No","Suspected Minor Injury","Helmet","39.11518823","-77.21596697","    (39.11518823, -77.21596697)"
"MCP3044008S","250049077","MONTGOMERY","Injury Crash","11/01/2025 04:00:00 PM","County Route","JACKSON RD",,,,"Cyclist (non-electric)","Unknown","Clear","Dry","Daylight","No Controls","Unknown, Unknown","Not Suspect of Alcohol Use, Not Suspect of Drug Use","FE0A0BE5-FF1D-4BAE-9E55-A99D01F52982","Cyclist (non-electric)","Walking/Cycling Along Roadway With Traffic (In or Adjacent to Travel Lane)","None (No Improper Action)","Travel Lane Other Location","No","Suspected Minor Injury","Helmet, Reflective Wear (backpack, triangles, etc.)","39.05543367","-76.986057","    (39.05543367, -76.986057)"
"MCP2445007M","250049041","MONTGOMERY","Injury Crash","11/01/2025 12:54:00 PM","County Route","SENECA MEADOWS PKWY",,,,"Pedestrian","Single Vehicle","Clear","Dry","Daylight","Pedestrian Crossing","Not Suspect of Alcohol Use, Not Suspect of Drug Use","Not Suspect of Alcohol Use, Not Suspect of Drug Use","4C445DEE-3A8E-4309-8C3F-639FD77BC1BB","Pedestrian","Cross/Enter at Intersection","None (No Improper Action)","Midblock Marked Crosswalk","No","Suspected Minor Injury","None","39.19711333","-77.25765667","    (39.19711333, -77.25765667)"
"MCP3389001H","250049022","MONTGOMERY","Injury Crash","11/01/2025 10:03:00 AM","County Route","MANSFIELD RD","DALE DR",,,"Pedestrian","Single Vehicle","Clear","Dry","Daylight","Pedestrian Crossing Sign","Unknown, Unknown","Not Suspect of Alcohol Use, Not Suspect of Drug Use","6870E7E3-D190-4806-AE71-81DCDC081375","Pedestrian","Other","None (No Improper Action)","Other","No","Suspected Minor Injury","None","38.99651209","-77.01589103","    (38.99651209, -77.01589103)"
"DD5653005V","250049013","ROCKVILLE","Injury Crash","11/01/2025 08:18:00 AM","Municipality Route","MONROE ST","FLEET ST",,,"Pedestrian","Single Vehicle","Clear","Dry","Dawn","Traffic Control Signal","Unknown, Unknown","Not Suspect of Alcohol Use, Not Suspect of Drug Use","9BF419E0-6095-4862-8CC5-5E77A29A345C","Pedestrian","Cross/Enter at Intersection","Failure to Obey Traffic Signs, Signals, or Officer","Intersection Marked Crosswalk","Yes","Suspected Serious Injury","None","39.08082373","-77.15005467","    (39.08082373, -77.15005467)"
"MCP3429001H","250048675","MONTGOMERY","Injury Crash","10/30/2025 07:19:00 AM","County Route",,"PARKER FARM WAY (SB/L)",,,"Pedestrian","Single Vehicle","Rain","Wet","Dawn","Traffic Control Signal","Unknown, Unknown","Not Suspect of Alcohol Use, Not Suspect of Drug Use","48A50E88-25C6-4A0B-907D-D321E8490A16","Pedestrian","Cross/Enter Not at Intersection","Unknown","Intersection Unmarked Crosswalk","No","Possible Injury","None","39.0905276","-77.04796563","    (39.0905276, -77.04796563)"
"MCP34080029","250048556","MONTGOMERY","Injury Crash","10/29/2025 01:00:00 PM","Maryland (State) Route","COLESVILLE RD",,,,"Pedestrian","Single Vehicle","Clear","Dry","Daylight","Traffic Control Signal","Not Suspect of Alcohol Use, Not Suspect of Drug Use","Not Suspect of Alcohol Use, Not Suspect of Drug Use","2BCB7729-A687-4557-93E0-A9E087E30FFC","Pedestrian","Cross/Enter Not at Intersection","None (No Improper Action)","Median/Crossing Island","Yes","Suspected Serious Injury","None","38.99369671","-77.03197929","    (38.99369671, -77.03197929)"
"EJ79080039","250048344","GAITHERSBURG","Injury Crash","10/28/2025 06:00:00 AM","Municipality Route","EDUCATION BLVD","S FREDERICK RD (SB/L)",,,"Pedestrian","Single Vehicle","Clear","Dry","Dark - Lighted","Traffic Control Signal","Not Suspect of Alcohol Use, Not Suspect of Drug Use","Not Suspect of Alcohol Use, Not Suspect of Drug Use","0376E1A7-9BC3-40C7-8F0A-90A5EF817B7C","Pedestrian","Cross/Enter at Intersection","None (No Improper Action)","Intersection Marked Crosswalk","No","Possible Injury","None","39.13604317","-77.192508","    (39.13604317, -77.192508)"
"MCP28660097","250048389","MONTGOMERY","Injury Crash","10/27/2025 07:15:00 PM","County Route","ARLINGTON RD",,,,"Cyclist (non-electric)","Single Vehicle","Clear","Dry","Dark - Lighted","No Controls","Unknown, Unknown","Not Suspect of Alcohol Use, Not Suspect of Drug Use","94397EDE-541C-460A-8A3F-7287D9B0B79B","Cyclist (non-electric)","Walking/Cycling on Sidewalk","None (No Improper Action)","Driveway Access","No","Suspected Minor Injury","Unknown","38.98011882","-77.09832152","    (38.98011882, -77.09832152)"
"MCP2760007R","250048251","MONTGOMERY","Injury Crash","10/27/2025 03:22:00 PM","County Route",,"STEDWICK RD",,,"Pedestrian","Single Vehicle","Clear","Dry","Daylight","Stop Sign","Not Suspect of Alcohol Use, Not Suspect of Drug Use","Not Suspect of Alcohol Use, Not Suspect of Drug Use","01264A82-DBA2-4F79-8D80-DB20F8F2EF66","Pedestrian","Cross/Enter at Intersection","None (No Improper Action)","Intersection Marked Crosswalk","No","Possible Injury","None","39.17610442","-77.20981042","    (39.17610442, -77.20981042)"
"MCP3407001R","250048241","MONTGOMERY","Injury Crash","10/27/2025 02:53:00 PM","County Route","MIDDLEBROOK RD (WB/L)",,,,"Pedestrian","Single Vehicle","Clear","Dry","Daylight","Stop Sign","Unknown, Unknown","Not Suspect of Alcohol Use, Not Suspect of Drug Use","63DABAED-5071-49CF-9C8E-AD8B4FED0901","Pedestrian","Standing","None (No Improper Action)","Shoulder/Roadside","No","Suspected Serious Injury","None","39.1816672","-77.23425146","    (39.1816672, -77.23425146)"
"MCP3362006P","250048212","MONTGOMERY","Injury Crash","10/27/2025 12:23:00 PM",,,,"Parking Lot Way        DRIVE-THRU OF DARCAR TOYOTA @ 12210 CHERRY HILL ROAD",,"Pedestrian","Single Vehicle","Clear",,"Daylight",,"Not Suspect of Alcohol Use, Not Suspect of Drug Use","Not Suspect of Alcohol Use, Not Suspect of Drug Use","C0B5D3F6-C606-4296-BE9D-9AAD0062D454","Pedestrian","Cross/Enter Not at Intersection","Inattentive (Talking, Eating, etc.)","Driveway Access","No","Possible Injury","None","39.05787474","-76.95592392","    (39.05787474, -76.95592392)"
"MCP9419006F","250048200","MONTGOMERY","Injury Crash","10/27/2025 11:34:00 AM",,,,"Parking Aisle        REAR PARKING LOT OF 16651 CRABBS BRANCH WAY",,"Pedestrian","Single Vehicle","Clear",,"Daylight",,"Not Suspect of Alcohol Use, Not Suspect of Drug Use","Not Suspect of Alcohol Use, Not Suspect of Drug Use","87EED594-97CD-4B03-B0F8-974BA9E84CCA","Pedestrian","Other","Unknown","Other","Yes","Possible Injury","None","39.12733288","-77.16309015","    (39.12733288, -77.16309015)"
"MCP34300011","250048194","MONTGOMERY","Injury Crash","10/27/2025 11:10:00 AM","US (State)","GEORGIA AVE","THAYER AVE",,,"Pedestrian","Single Vehicle","Clear","Dry","Daylight","No Controls","Not Suspect of Alcohol Use, Not Suspect of Drug Use","Not Suspect of Alcohol Use, Not Suspect of Drug Use","66248D0E-8A7D-400F-9726-110A425D0402","Pedestrian","Unknown","None (No Improper Action)","Intersection Marked Crosswalk","No","Suspected Minor Injury","None","38.99297265","-77.02656017","    (38.99297265, -77.02656017)"
"MCP32680066","250048161","MONTGOMERY","Injury Crash","10/27/2025 08:06:00 AM",,,,"Parking Lot Way        PARKING LOT AREA/DRIVEWAY OF 910 SCHINDLER DR, SILVER SPRING, MD 20903",,"Pedestrian","Single Vehicle","Clear",,"Daylight",,"Not Suspect of Alcohol Use, Not Suspect of Drug Use","Not Suspect of Alcohol Use, Not Suspect of Drug Use","D892ADFE-0B79-40E5-92DA-2B88578701EB","Pedestrian","Cross/Enter Not at Intersection","Failure to Obey Traffic Signs, Signals, or Officer","Other","Yes","Suspected Minor Injury","None","39.02757946","-76.9916449","    (39.02757946, -76.9916449)"
"MCP3053009F","250048109","MONTGOMERY","Injury Crash","10/26/2025 06:07:00 PM","Maryland (State) Route","NO NAME",,,,"Scooter (electric)","Single Vehicle","Clear","Dry","Dusk","Traffic Control Signal","Not Suspect of Alcohol Use, Not Suspect of Drug Use","Not Suspect of Alcohol Use, Not Suspect of Drug Use","95FE013E-DD63-4623-ABEB-FFF9D91D3D7B","Scooter (electric)","Cross/Enter at Intersection","Dart/Dash","Intersection Marked Crosswalk","No","Suspected Minor Injury","None","39.05190768","-77.07509392","    (39.05190768, -77.07509392)"
"MCP3379002G","250047966","MONTGOMERY","Injury Crash","10/25/2025 03:06:00 PM",,,,"Parking Aisle        PARKING LOT IN FRONT OF 13508 WELL HOUSE CT",,"Pedestrian","Single Vehicle","Clear",,"Daylight",,"Not Suspect of Alcohol Use, Not Suspect of Drug Use","Not Suspect of Alcohol Use, Not Suspect of Drug Use","8E6B24A8-5BDD-4BE5-BD79-913BAA4D1357","Pedestrian","Push/Work on Vehicle","None (No Improper Action)","Driveway Access","No","Suspected Minor Injury","None","39.15430219","-77.26973033","    (39.15430219, -77.26973033)"
"MCP1233006T","250047874","MONTGOMERY","Injury Crash","10/24/2025 06:21:00 PM","County Route",,"EAST WEST HWY",,,"Scooter (electric)","Single Vehicle","Cloudy","Dry","Dusk","Pedestrian Crossing","Not Suspect of Alcohol Use, Not Suspect of Drug Use","Not Suspect of Alcohol Use, Not Suspect of Drug Use","28153CB1-5020-4312-9887-8EF1976F765D","Scooter (electric)","Cross/Enter at Intersection","Not Visible (Dark Clothing, No Lighting, etc.)","Intersection Marked Crosswalk","No","Suspected Minor Injury","None","38.99376364","-77.05185327","    (38.99376364, -77.05185327)"
"MCP30390083","250047849","MONTGOMERY","Injury Crash","10/24/2025 04:03:00 PM","Local Route","SILVER SPRING AVE",,,,"Pedestrian","Single Vehicle","Clear","Dry","Daylight","No Controls","Not Suspect of Alcohol Use, Not Suspect of Drug Use","Not Suspect of Alcohol Use, Not Suspect of Drug Use","075FA087-BC48-4A02-8E5F-209667E38807","Pedestrian","Cross/Enter at Intersection","None (No Improper Action)","Intersection Unmarked Crosswalk","No","Suspected Minor Injury","None","38.99157131","-77.02671856","    (38.99157131, -77.02671856)"
"MCP2052004D","250047848","MONTGOMERY","Injury Crash","10/24/2025 03:27:00 PM","County Route","CRESTHAVEN DR","LA GRANDE RD",,,"Cyclist (Electric)","Single Vehicle","Clear","Dry","Daylight","Stop Sign","Not Suspect of Alcohol Use, Not Suspect of Drug Use","Not Suspect of Alcohol Use, Not Suspect of Drug Use","F0DD3A0B-4ACB-42C3-B749-53C4C3376D7B","Cyclist (Electric)","Walking/Cycling Along Roadway With Traffic (In or Adjacent to Travel Lane)","Failure to Obey Traffic Signs, Signals, or Officer, Improper Passing","Intersection Other","Yes","Suspected Minor Injury","None","39.02579102","-76.98741144","    (39.02579102, -76.98741144)"
"MCP272300B1","250047664","MONTGOMERY","Injury Crash","10/23/2025 03:30:00 PM","County Route","BAUER DR","REC CENTER ENT/ROCK CK SC",,,"Pedestrian","Single Vehicle","Clear","Dry","Daylight","Traffic Control Signal","Unknown, Unknown","Not Suspect of Alcohol Use, Not Suspect of Drug Use","A4839BD5-48B0-468C-B87C-34C2BF43A178","Pedestrian","Cross/Enter at Intersection","None (No Improper Action)","Intersection Marked Crosswalk","No","Suspected Minor Injury","None","39.09482915","-77.10933039","    (39.09482915, -77.10933039)"
"EJ7904003H","250047632","GAITHERSBURG","Injury Crash","10/23/2025 12:42:00 PM","Maryland (State) Route","FREDERICK RD",,,,"Pedestrian","Single Vehicle","Clear","Dry","Daylight","No Controls","Not Suspect of Alcohol Use, Not Suspect of Drug Use","Not Suspect of Alcohol Use, Not Suspect of Drug Use","CEF6F37F-2E36-4D6E-B08A-0958305FCDA1","Pedestrian","Walking/Cycling on Sidewalk","None (No Improper Action)","Driveway Access","No","Suspected Minor Injury","None","39.1510325","-77.20995658","    (39.1510325, -77.20995658)"
"EJ7904003G","250047613","GAITHERSBURG","Injury Crash","10/23/2025 10:35:00 AM",,,,"Parking Stall        PARKING LOT OF 415 RUSSELL AVE",,"Pedestrian","Single Vehicle","Clear",,"Daylight",,"Unknown, Unknown","Not Suspect of Alcohol Use, Not Suspect of Drug Use","D6C09913-398F-496E-A4DF-F9D1F946D964","Pedestrian","Standing","None (No Improper Action)","Other","No","Suspected Minor Injury","None","39.14967717","-77.19967817","    (39.14967717, -77.19967817)"
"MCP2637006C","250047232","MONTGOMERY","Injury Crash","10/21/2025 08:08:00 AM","Maryland (State) Route","DARNESTOWN RD (WB/L)",,,,"Pedestrian","Single Vehicle","Clear","Dry","Daylight","Traffic Control Signal","Not Suspect of Alcohol Use, Not Suspect of Drug Use","Not Suspect of Alcohol Use, Not Suspect of Drug Use","B05EB472-FFEA-48EF-86A3-9414169E9EA0","Pedestrian","Cross/Enter at Intersection","None (No Improper Action)","Intersection Marked Crosswalk","No","Suspected Minor Injury","None","39.11602017","-77.24661333","    (39.11602017, -77.24661333)"
"MCP3430000Y","250047116","MONTGOMERY","Property Damage Crash","10/20/2025 01:25:00 PM","Maryland (State) Route","WAYNE AVE","GEORGIA AVE",,,"Pedestrian","Single Vehicle","Clear","Dry","Daylight","Traffic Control Signal","Unknown, Unknown","Not Suspect of Alcohol Use, Not Suspect of Drug Use","8C22BE04-C581-4E26-B607-FA335FD05DDB","Pedestrian","Cross/Enter at Intersection","None (No Improper Action)","Intersection Marked Crosswalk","No","No Apparent Injury","None","38.99448269","-77.02670366","    (38.99448269, -77.02670366)"
"MCP24640042","250047051","MONTGOMERY","Injury Crash","10/20/2025 01:21:00 AM","County Route","OAKVIEW DR",,,,"Pedestrian","Single Vehicle","Rain","Wet","Dark - Lighted","Stop Sign","Not Suspect of Alcohol Use, Not Suspect of Drug Use","Suspect of Alcohol Use, Not Suspect of Drug Use","AED9692C-F8DA-4CE2-A4B7-C0569B365291","Pedestrian","Cross/Enter at Intersection","None (No Improper Action)","Intersection Marked Crosswalk","No","Suspected Minor Injury","None","39.01522129","-76.97693878","    (39.01522129, -76.97693878)"
"MCP31370025","250047017","MONTGOMERY","Injury Crash","10/19/2025 07:31:00 PM","County Route",,"WILDLIFE LA",,,"Cyclist (non-electric)","Single Vehicle","Clear","Dry","Dark - Lighted","Stop Sign","Not Suspect of Alcohol Use, Not Suspect of Drug Use","Not Suspect of Alcohol Use, Not Suspect of Drug Use","8BFCCBF6-DAD2-4376-AE40-BA1238AAEE64","Cyclist (non-electric)","Cross/Enter at Intersection","Other","Intersection Marked Crosswalk","Yes","Suspected Minor Injury","None","39.08267698","-76.93067348","    (39.08267698, -76.93067348)"
"MCP3109009D","250047018","MONTGOMERY","Injury Crash","10/19/2025 06:17:00 PM","Maryland (State) Route","GEORGIA AVE (SB/L)","EVANS DR",,,"Pedestrian","Single Vehicle","Clear","Dry","Daylight","Lane Use Control Signal","Not Suspect of Alcohol Use, Not Suspect of Drug Use","Not Suspect of Alcohol Use, Not Suspect of Drug Use","39A4B5BF-5E9D-4F10-BB42-7E38A99C6A2E","Pedestrian","Cross/Enter at Intersection","Dart/Dash","Intersection Other","Yes","Suspected Serious Injury","None","39.02675523","-77.04670141","    (39.02675523, -77.04670141)"
"MCP3382002S","250046984","MONTGOMERY","Injury Crash","10/19/2025 03:25:00 PM","County Route","ILFORD RD",,,,"Pedestrian","Single Vehicle","Clear","Dry","Daylight","No Controls","Not Suspect of Alcohol Use, Not Suspect of Drug Use","Not Suspect of Alcohol Use, Not Suspect of Drug Use","E6B0BB64-6DD7-4C90-A409-70F0AC96C9C0","Pedestrian","Cross/Enter Not at Intersection","Dart/Dash","Shoulder/Roadside","Yes","Suspected Serious Injury","None","39.058411","-77.07857833","    (39.058411, -77.07857833)"
"MCP2989003B","250046867","MONTGOMERY","Injury Crash","10/18/2025 03:41:00 PM","Municipality Route","FISHER AVE","CATTAIL RD",,,"Pedestrian","Single Vehicle","Clear","Dry","Daylight","Stop Sign","Not Suspect of Alcohol Use, Not Suspect of Drug Use","Not Suspect of Alcohol Use, Not Suspect of Drug Use","44EE40C0-83A0-4292-9280-35F6B74C7AFF","Pedestrian","Cross/Enter at Intersection","None (No Improper Action)","Intersection Marked Crosswalk","No","Suspected Minor Injury","None","39.14388492","-77.40847959","    (39.14388492, -77.40847959)"
"MCP2989003B","250046867","MONTGOMERY","Injury Crash","10/18/2025 03:41:00 PM","Municipality Route","FISHER AVE","CATTAIL RD",,,"Pedestrian","Single Vehicle","Clear","Dry","Daylight","Stop Sign","Not Suspect of Alcohol Use, Not Suspect of Drug Use","Not Suspect of Alcohol Use, Not Suspect of Drug Use","B0A027F5-88CB-4316-9CDE-1FE90D24B5B4","Pedestrian","Cross/Enter at Intersection","None (No Improper Action)","Intersection Marked Crosswalk","No","Suspected Minor Injury","None","39.14388492","-77.40847959","    (39.14388492, -77.40847959)"
"MCP3275003G","250046799","MONTGOMERY","Injury Crash","10/18/2025 12:48:00 AM",,,,"Parking Lot Way        14135 CASTLE BLVD",,"Pedestrian","Single Vehicle","Clear",,"Dark - Lighted",,"Not Suspect of Alcohol Use, Not Suspect of Drug Use","Suspect of Alcohol Use, Unknown","1316B6C0-2334-4FB1-9312-812BC70874D6","Pedestrian","Getting Off/On Vehicle","Other","Other","Yes","Possible Injury","None","39.08660539","-76.93814944","    (39.08660539, -76.93814944)"