"Report Number","Local Case Number","Agency Name","ACRS Report Type","Crash Date/Time","Route Type","Road Name","Cross-Street Name","Off-Road Description","Municipality","Related Non-Motorist","Collision Type","Weather","Surface Condition","Light","Traffic Control","Driver Substance Abuse","Non-Motorist Substance Abuse","Person ID","Pedestrian Type","Pedestrian Movement","Pedestrian Actions","Pedestrian Location","At Fault","Injury Severity","Safety Equipment","Latitude","Longitude","Location"
"MCP26030071","250046697","MONTGOMERY","Injury Crash","10/17/2025 01:15:00 PM","County Route","MONTGOMERY VILLAGE AVE","LAKE SHORE DR (WB/L)",,,"Pedestrian","Single Vehicle","Clear","Dry","Daylight","Traffic Control Signal","Not Suspect of Alcohol Use, Not Suspect of Drug Use","Not Suspect of Alcohol Use, Not Suspect of Drug Use","035664D1-5DC6-4621-8F47-AF5A43F9BC9E","Pedestrian","Cross/Enter at Intersection","None (No Improper Action)","Intersection Marked Crosswalk","No","Suspected Serious Injury","None","39.16152828","-77.20167673","    (39.16152828, -77.20167673)"
"DD5653005L","250046680","ROCKVILLE","Injury Crash","10/17/2025 12:01:00 PM","Maryland (State) Route","ROCKVILLE PIKE",,,,"Cyclist (Electric)","Single Vehicle","Clear","Dry","Daylight","Stop Sign","Not Suspect of Alcohol Use, Not Suspect of Drug Use","Not Suspect of Alcohol Use, Not Suspect of Drug Use","7A60445F-B75F-45C3-B2FB-0C9BCC88B5E6","Cyclist (Electric)","Cross/Enter at Intersection","None (No Improper Action)","Sidewalk","No","Suspected Minor Injury","None","39.0718896","-77.13280976","    (39.0718896, -77.13280976)"
"MCP31930073","250047390","MONTGOMERY","Property Damage Crash","10/16/2025 07:30:00 PM","County Route","BLUHILL RD","CLAY ST",,,"Pedestrian","Unknown","Unknown",,"Unknown","Stop Sign","Not Suspect of Alcohol Use, Not Suspect of Drug Use","Not Suspect of Alcohol Use, Not Suspect of Drug Use","99913ECB-145D-4023-9664-10586F3D6435","Pedestrian","Cross/Enter at Intersection","None (No Improper Action)","Intersection Marked Crosswalk","No","No Apparent Injury","None","39.05731506","-77.0661471","    (39.05731506, -77.0661471)"
"MCP2760007L","250046591","MONTGOMERY","Injury Crash","10/16/2025 06:00:00 PM","County Route","MONTGOMERY VILLAGE AVE (SB/L)","STEDWICK RD",,,"Cyclist (Electric)","Single Vehicle","Clear","Dry","Dark - Lighted","Traffic Control Signal","Unknown, Unknown","Not Suspect of Alcohol Use, Not Suspect of Drug Use","355DB7C6-6356-4F44-BBFC-438A4F3E1E8A","Cyclist (Electric)","Cross/Enter at Intersection","Not Visible (Dark Clothing, No Lighting, etc.)","Intersection Marked Crosswalk","No","Possible Injury","Helmet","39.16973204","-77.20446624","    (39.16973204, -77.20446624)"
"DD5657002V","250046466","ROCKVILLE","Injury Crash","10/16/2025 07:40:00 AM",,,,"Service Road        NEW UNDER CONSTRUCTION COMMUNITY",,"Pedestrian","Single Vehicle","Clear",,"Daylight",,"Not Suspect of Alcohol Use, Not Suspect of Drug Use","Not Suspect of Alcohol Use, Not Suspect of Drug Use","B08BA24D-3E39-4E11-A198-D186F1DC6F91","Pedestrian","Other Working","None (No Improper Action)","Other","No","Suspected Minor Injury","Unknown","39.11983149","-77.1762059","    (39.11983149, -77.1762059)"
"MCP3271006B","250046445","MONTGOMERY","Injury Crash","10/15/2025 08:50:00 PM","Maryland (State) Route","RIVER RD",,,,"Pedestrian","Single Vehicle","Clear","Dry","Dark - Not Lighted","Pedestrian Crossing Sign","Not Suspect of Alcohol Use, Not Suspect of Drug Use","Not Suspect of Alcohol Use, Not Suspect of Drug Use","C830B56C-88E9-4C83-B891-F781EDF03067","Pedestrian","Unknown","Not Visible (Dark Clothing, No Lighting, etc.)","Unknown","No","Suspected Serious Injury","None","38.96468655","-77.10355319","    (38.96468655, -77.10355319)"
"MCP285900JW","250046341","MONTGOMERY","Property Damage Crash","10/15/2025 12:40:00 PM","Municipality Route","BANK ST (EB/L)","QUINCE ORCHARD RD QUINCE ORCHARD RD (SB/L)",,,"Pedestrian","Single Vehicle","Clear","Dry","Daylight","Traffic Control Signal","Not Suspect of Alcohol Use, Not Suspect of Drug Use","Not Suspect of Alcohol Use, Not Suspect of Drug Use","D0001767-4F9A-443B-B9F5-F5237D057D3A","Pedestrian","Cross/Enter at Intersection","None (No Improper Action)","Intersection Marked Crosswalk","No","No Apparent Injury","None","39.14002761","-77.22188436","    (39.14002761, -77.22188436)"
"MCP209400PT","250046291","MONTGOMERY","Injury Crash","10/15/2025 07:48:00 AM","County Route","MONTROSE RD",,,,"Scooter (electric)","Single Vehicle","Clear","Dry","Dawn","Pedestrian Crossing","Not Suspect of Alcohol Use, Not Suspect of Drug Use","Not Suspect of Alcohol Use, Not Suspect of Drug Use","A648BC71-FD7F-4A56-9FE1-2608AFC40DC6","Scooter (electric)","Cross/Enter at Intersection","None (No Improper Action)","Midblock Marked Crosswalk","No","Suspected Serious Injury","None","39.05509967","-77.14686633","    (39.05509967, -77.14686633)"
"MCP34940004","250046212","MONTGOMERY","Injury Crash","10/14/2025 04:06:00 PM","County Route","SEMINARY PL","BROOKVILLE RD SEMINARY RD",,,"Pedestrian","Single Vehicle","Clear","Dry","Daylight","Stop Sign","Not Suspect of Alcohol Use, Not Suspect of Drug Use","Not Suspect of Alcohol Use, Not Suspect of Drug Use","43CFCF9F-5A7D-4FF3-9EAC-EB4B5061B208","Pedestrian","Cross/Enter at Intersection","None (No Improper Action)","Intersection Marked Crosswalk","No","Suspected Minor Injury","Unknown","39.00978017","-77.04431783","    (39.00978017, -77.04431783)"
"DD5604005V","250046032","ROCKVILLE","Injury Crash","10/13/2025 04:47:00 PM","Municipality Route",,"ROCKVILLE PIKE (SB/L)",,,"Pedestrian","Single Vehicle","Clear","Dry","Daylight","Traffic Control Signal","Not Suspect of Alcohol Use, Not Suspect of Drug Use","Not Suspect of Alcohol Use, Not Suspect of Drug Use","EE38DF7D-36EB-4A93-A839-0D3D3073AFE7","Pedestrian","Cross/Enter at Intersection","None (No Improper Action)","Intersection Marked Crosswalk","No","Possible Injury","None","39.06420372","-77.12613616","    (39.06420372, -77.12613616)"
"MCP3456000Z","250045953","MONTGOMERY","Injury Crash","10/13/2025 10:50:00 AM",,,,"Parking Lot Way        GAS STATION PUMP AREA",,"Pedestrian","Single Vehicle","Rain",,"Daylight",,"Not Suspect of Alcohol Use, Not Suspect of Drug Use","Not Suspect of Alcohol Use, Not Suspect of Drug Use","691BCB76-8EEE-46E2-9779-5EEE693A4D60","Pedestrian","Other","None (No Improper Action)","Other","No","Suspected Minor Injury","None","39.150761","-77.062383","    (39.150761, -77.062383)"
"MCP30500072","250045864","MONTGOMERY","Injury Crash","10/12/2025 03:35:00 PM","Maryland (State) Route","GEORGIA AVE",,,,"Scooter (electric)","Single Vehicle","Clear","Dry","Daylight","Stop Sign","Unknown, Unknown","Not Suspect of Alcohol Use, Not Suspect of Drug Use","5B08D698-4223-4784-8396-1799868B62B0","Scooter (electric)","Cross/Enter at Intersection","None (No Improper Action)","Driveway Access","No","Suspected Minor Injury","None","39.0803202","-77.07435803","    (39.0803202, -77.07435803)"
"DM8522004Q","250045852","TAKOMA","Injury Crash","10/12/2025 02:18:00 PM","Municipality Route","KANSAS LA","WESTMORELAND ST",,,"Cyclist (Electric)","Single Vehicle","Cloudy","Dry","Daylight","Stop Sign","Not Suspect of Alcohol Use, Not Suspect of Drug Use","Not Suspect of Alcohol Use, Not Suspect of Drug Use","0565BE16-B711-4099-ABB9-9857A7523797","Cyclist (Electric)","Cross/Enter at Intersection","Unknown","Intersection Unmarked Crosswalk","Yes","Possible Injury","None","38.96930991","-77.0050771","    (38.96930991, -77.0050771)"
"MCP3382002Q","250045853","MONTGOMERY","Injury Crash","10/12/2025 02:01:00 PM","Maryland (State) Route","VEIRS MILL RD (WB/L)","HAVARD ST",,,"Pedestrian","Single Vehicle","Clear","Dry","Daylight","No Controls","Unknown, Unknown","Not Suspect of Alcohol Use, Not Suspect of Drug Use","46323673-220C-40F2-B475-EFB6F9576786","Pedestrian","Cross/Enter Not at Intersection","Dart/Dash","Intersection Other","Yes","Suspected Minor Injury","None","39.0583535","-77.08625218","    (39.0583535, -77.08625218)"
"MCP2059008Z","250045712","MONTGOMERY","Property Damage Crash","10/11/2025 11:29:00 AM",,,,"Driveway        PARKING LOT ACCESS TO GIANT, 7142 ARLINGTON RD, BETHESDA, MD",,"Occupant Of a Non-Motor Vehicle Transportation Device","Single Vehicle","Clear",,"Daylight",,"Unknown, Unknown","Not Suspect of Alcohol Use, Not Suspect of Drug Use","36F60126-F2D4-4921-B828-A81797D065B1","Occupant Of a Non-Motor Vehicle Transportation Device","Walking/Cycling on Sidewalk","None (No Improper Action)","Driveway Access","No","No Apparent Injury","None","38.9816165","-77.09857629","    (38.9816165, -77.09857629)"
"MCP3402004J","250045694","MONTGOMERY","Injury Crash","10/11/2025 07:45:00 AM","County Route","STEWART LA",,,,"Pedestrian","Single Vehicle","Clear","Dry","Daylight","No Controls","Not Suspect of Alcohol Use, Not Suspect of Drug Use","Unknown, Not Suspect of Drug Use","A17D652D-CE84-48BD-8ED2-EEB80CE1A173","Pedestrian","Cross/Enter Not at Intersection","Other","Shoulder/Roadside","Yes","Suspected Serious Injury","None","39.04610607","-76.98632883","    (39.04610607, -76.98632883)"
"MCP2361003J","250045597","MONTGOMERY","Injury Crash","10/10/2025 03:16:00 PM","County Route","RANDOLPH RD (WB/L)",,,,"Cyclist (Electric)","Single Vehicle","Clear","Dry","Daylight","Other Pavement Marking (excluding edgelines, centerlines, or lane lines)","Not Suspect of Alcohol Use, Not Suspect of Drug Use","Not Suspect of Alcohol Use, Not Suspect of Drug Use","21FE0824-9179-40BB-9C16-BCE1CEE62C0B","Cyclist (Electric)","Walking/Cycling Along Roadway With Traffic (In or Adjacent to Travel Lane)","None (No Improper Action)","Travel Lane Other Location","No","Suspected Minor Injury","Helmet","39.06529075","-77.03713729","    (39.06529075, -77.03713729)"
"MCP34040028","250045531","MONTGOMERY","Injury Crash","10/10/2025 07:59:00 AM","Crossover",,"SCHOOL CUT THRU CUT UNIVERSITY BLVD E (WB/L)",,,"Cyclist (non-electric)","Single Vehicle","Clear","Dry","Daylight","No Controls","Not Suspect of Alcohol Use, Not Suspect of Drug Use","Not Suspect of Alcohol Use, Not Suspect of Drug Use","C7C5F13F-81D7-4190-8802-BC6DC3560C33","Cyclist (non-electric)","Walking/Cycling on Sidewalk","None (No Improper Action)","Intersection Unmarked Crosswalk","No","Suspected Minor Injury","None","39.0189715","-77.00851861","    (39.0189715, -77.00851861)"
"MCP3228006T","250045436","MONTGOMERY","Injury Crash","10/09/2025 04:06:00 PM","County Route","FENTON ST",,,,"Pedestrian","Single Vehicle","Clear","Dry","Daylight","Stop Sign","Not Suspect of Alcohol Use, Not Suspect of Drug Use","Not Suspect of Alcohol Use, Not Suspect of Drug Use","AEDD37AF-51C3-4D54-9F1F-E7EF88C77908","Pedestrian","Cross/Enter at Intersection","Failure to Yield Right-Of-Way","Intersection Marked Crosswalk","No","Suspected Minor Injury","None","38.98566543","-77.02291417","    (38.98566543, -77.02291417)"
"MCP25630027","250045429","MONTGOMERY","Fatal Crash","10/09/2025 03:12:00 PM","County Route","RUSSETT RD","BAUER DR",,,"Cyclist (non-electric)","Single Vehicle","Clear","Dry","Daylight","Pedestrian Crossing Sign","Not Suspect of Alcohol Use, Not Suspect of Drug Use","Not Suspect of Alcohol Use, Not Suspect of Drug Use","491F4477-88D0-4BC6-981D-E22BF1A9629D","Cyclist (non-electric)","Cross/Enter at Intersection","Dart/Dash, Failure to Yield Right-Of-Way","Intersection Marked Crosswalk","Yes","Fatal Injury","Helmet","39.08976697","-77.10529675","    (39.08976697, -77.10529675)"
"MCP137801DV","250045424","MONTGOMERY","Injury Crash","10/09/2025 03:01:00 PM",,,,"Parking Lot Way        PARKING LOT OF 12401 DALEWOOD DR",,"Pedestrian","Single Vehicle","Clear",,"Daylight",,"Unknown, Unknown","Not Suspect of Alcohol Use, Not Suspect of Drug Use","072D0EFB-7557-44D9-8AC0-FD0A25BC534B","Pedestrian","Standing","None (No Improper Action)","Other","No","Suspected Minor Injury","None","39.0595053","-77.06867229","    (39.0595053, -77.06867229)"
"MCP3312006V","250045411","MONTGOMERY","Injury Crash","10/09/2025 02:00:00 PM",,,,"Parking Aisle        PARKING LOT OF 15618 OLD COLUMBIA PIKE",,"Pedestrian","Single Vehicle","Clear",,"Daylight",,"Not Suspect of Alcohol Use, Not Suspect of Drug Use","Not Suspect of Alcohol Use, Not Suspect of Drug Use","C3EECE48-BE96-4BEA-B0F8-AC7B7ED1E427","Pedestrian","Walking/Cycling Along Roadway Against Traffic (In or Adjacent to Travel Lane)","None (No Improper Action)","Other","No","Suspected Minor Injury","None","39.11298382","-76.93506472","    (39.11298382, -76.93506472)"
"MCP3329004V","250045292","MONTGOMERY","Injury Crash","10/08/2025 06:07:00 PM",,,,"Parking Lot Way        PARKING LOT OF 11556 LOCKWOOD DR",,"Pedestrian","Single Vehicle","Clear",,"Daylight",,"Not Suspect of Alcohol Use, Not Suspect of Drug Use","Not Suspect of Alcohol Use, Not Suspect of Drug Use","7A484C2B-084C-4D8E-AE8E-AE3D99F143F3","Pedestrian","Other","Other","Other","No","Suspected Minor Injury","None","39.04301972","-76.98315592","    (39.04301972, -76.98315592)"
"DD556700B5","250045224","ROCKVILLE","Injury Crash","10/08/2025 12:28:00 PM","Municipality Route","REDLAND BLVD",,,,"Pedestrian","Single Vehicle","Clear","Dry","Daylight","Pedestrian Crossing Sign","Not Suspect of Alcohol Use, Not Suspect of Drug Use","Not Suspect of Alcohol Use, Not Suspect of Drug Use","7ADD8657-D8DB-4379-8A21-B1F87E5BC7A5","Pedestrian","Cross/Enter at Intersection","Dart/Dash","Intersection Marked Crosswalk","No","Suspected Serious Injury","None","39.11472688","-77.16721465","    (39.11472688, -77.16721465)"
"EJ7916000W","250045123","GAITHERSBURG","Injury Crash","10/07/2025 05:40:00 PM","Municipality Route","LONGDRAFT RD (SB/L)","CLOPPER RD LONGDRAFT RD",,,"Pedestrian","Unknown","Cloudy","Dry","Daylight","Traffic Control Signal","Not Suspect of Alcohol Use, Not Suspect of Drug Use, Not Suspect of Alcohol Use, Not Suspect of Drug Use, Unknown, Unknown","Not Suspect of Alcohol Use, Not Suspect of Drug Use","F33740A2-FDF6-4C63-BA58-F5B0079C79AA","Pedestrian","Cross/Enter at Intersection","None (No Improper Action)","Intersection Marked Crosswalk","No","No Apparent Injury","Unknown","39.14831753","-77.23781669","    (39.14831753, -77.23781669)"
"MCP2392000L","250045037","MONTGOMERY","Injury Crash","10/07/2025 06:46:00 AM","Maryland (State) Route","NEW HAMPSHIRE AVE (SB/L)","DILSTON RD",,,"Unknown","Single Vehicle","Clear","Dry","Daylight","Intersection Ahead Warning Sign","Unknown, Unknown","Not Suspect of Alcohol Use, Not Suspect of Drug Use","39205038-AFC2-4906-9C7A-89A038FB611F","Unknown","Cross/Enter at Intersection","Unknown","Intersection Marked Crosswalk","No","Possible Injury","None","39.0113189","-76.9792602","    (39.0113189, -76.9792602)"
"MCP3401002C","250045011","MONTGOMERY","Injury Crash","10/07/2025 05:32:00 AM","US (State)","COLUMBIA PIKE",,,,"Pedestrian","Single Vehicle","Clear","Dry","Dark - Not Lighted","No Controls","Not Suspect of Alcohol Use, Not Suspect of Drug Use","Not Suspect of Alcohol Use, Not Suspect of Drug Use","AC7519B8-6B45-4B2E-9C9B-FBA4A5BB2F88","Pedestrian","Walking/Cycling Along Roadway With Traffic (In or Adjacent to Travel Lane)","Unknown","Travel Lane Other Location","No","Suspected Serious Injury","None","39.04775317","-76.98482317","    (39.04775317, -76.98482317)"
"MCP30900091","250044975","MONTGOMERY","Injury Crash","10/06/2025 06:32:00 PM","County Route","ROYAL BONNET CIR (SB/L)","ROYAL BONNET TERR",,,"Pedestrian","Single Vehicle","Clear","Dry","Daylight","Stop Sign","Not Suspect of Alcohol Use, Not Suspect of Drug Use","Not Suspect of Alcohol Use, Not Suspect of Drug Use","6BF43D83-0E8F-48A7-8C79-F8D228C7173E","Pedestrian","Cross/Enter at Intersection","Dart/Dash","Intersection Unmarked Crosswalk","Yes","Possible Injury","None","39.15301172","-77.19421826","    (39.15301172, -77.19421826)"
"MCP2603006Z","250044811","MONTGOMERY","Injury Crash","10/05/2025 03:34:00 PM","Maryland (State) Route","DARNESTOWN RD (WB/L)",,,,"Cyclist (non-electric)","Single Vehicle","Clear","Dry","Daylight","No Controls","Unknown, Unknown","Not Suspect of Alcohol Use, Not Suspect of Drug Use","32F0A0F6-5555-46E4-BBA6-4B12F4B49374","Cyclist (non-electric)","Walking/Cycling on Sidewalk","Unknown","Driveway Access","No","Suspected Minor Injury","Helmet","39.1177309","-77.25183801","    (39.1177309, -77.25183801)"
"EJ79080034","250044767","GAITHERSBURG","Injury Crash","10/05/2025 01:30:00 PM","Municipality Route","WEST SIDE DR",,,,"Occupant of Motor Vehicle Not in Transport, Pedestrian","Single Vehicle","Clear","Dry","Daylight","No Controls","Not Suspect of Alcohol Use, Not Suspect of Drug Use","Not Suspect of Alcohol Use, Not Suspect of Drug Use","9A56931B-5057-4160-B964-046557265C83","Occupant of Motor Vehicle Not in Transport","Getting Off/On Vehicle","None (No Improper Action)","NonTrafficway Area","No","Suspected Serious Injury","None","39.126516","-77.20512567","    (39.126516, -77.20512567)"
"EJ79080034","250044767","GAITHERSBURG","Injury Crash","10/05/2025 01:30:00 PM","Municipality Route","WEST SIDE DR",,,,"Occupant of Motor Vehicle Not in Transport, Pedestrian","Single Vehicle","Clear","Dry","Daylight","No Controls","Not Suspect of Alcohol Use, Not Suspect of Drug Use","Not Suspect of Alcohol Use, Not Suspect of Drug Use","6AF30C2E-6A6A-4D25-B73E-5A948AFAB426","Pedestrian","Getting Off/On Vehicle","None (No Improper Action)","NonTrafficway Area","No","Possible Injury","None","39.126516","-77.20512567","    (39.126516, -77.20512567)"
"DM8478003T","250044766","TAKOMA","Injury Crash","10/05/2025 01:07:00 PM","Municipality Route","WILLOW AVE",,,,"Pedestrian","Single Vehicle","Clear","Dry","Daylight","No Controls","Not Suspect of Alcohol Use, Not Suspect of Drug Use","Not Suspect of Alcohol Use, Not Suspect of Drug Use","D21A6316-96FF-4FFE-A146-B1F0F64C8A46","Pedestrian","None","None (No Improper Action)","OnStreet Bike Lanes","No","Possible Injury","None","38.97716353","-77.01142082","    (38.97716353, -77.01142082)"
"MCP3068006P","250044677","MONTGOMERY","Property Damage Crash","10/04/2025 06:06:00 PM","County Route","WOODMONT AVE","EDGEMOOR LA EDGEMOOR LA (WB/L)",,,"Cyclist (non-electric)","Single Vehicle","Clear","Dry","Daylight","Traffic Control Signal","Not Suspect of Alcohol Use, Not Suspect of Drug Use","Not Suspect of Alcohol Use, Not Suspect of Drug Use","2578FAB4-DC97-45D5-ACCA-8C453186B90D","Cyclist (non-electric)","Cross/Enter at Intersection","None (No Improper Action)","Intersection Marked Crosswalk","No","No Apparent Injury","None","38.98467867","-77.09671767","    (38.98467867, -77.09671767)"
"MCP3360002G","250044656","MONTGOMERY","Injury Crash","10/04/2025 04:12:00 PM","Maryland (State) Route","S FREDERICK RD",,,,"Pedestrian","Single Vehicle","Clear","Dry","Daylight","No Controls","Not Suspect of Alcohol Use, Not Suspect of Drug Use","Not Suspect of Alcohol Use, Not Suspect of Drug Use","4A63B9CD-5FEF-47E0-BDB9-2093D9E1BEEB","Pedestrian","Other","None (No Improper Action)","Driveway Access","No","Possible Injury","None","39.12841654","-77.18531625","    (39.12841654, -77.18531625)"
"MCP33070038","250044642","MONTGOMERY","Injury Crash","10/04/2025 01:45:00 PM",,,,"Parking Lot Way        PARKING LOT OF ASPEN MANOR SHOPPING CENTER",,"Pedestrian","Single Vehicle","Clear",,"Daylight",,"Unknown, Unknown","Not Suspect of Alcohol Use, Not Suspect of Drug Use","1C4BF54F-B303-4A57-84E3-20187701D156","Pedestrian","Walking/Cycling on Sidewalk","None (No Improper Action)","Other","No","Possible Injury","None","39.07981724","-77.07356358","    (39.07981724, -77.07356358)"
"EJ7913001F","250044427","GAITHERSBURG","Injury Crash","10/03/2025 09:30:00 AM",,,,"Driveway        405 S FREDERICK DRIVEWAY EXIT TO ENTER NORTHBOUND S FREDERICK AVE",,"Cyclist (non-electric)","Single Vehicle","Clear",,"Daylight",,"Not Suspect of Alcohol Use, Not Suspect of Drug Use","Not Suspect of Alcohol Use, Not Suspect of Drug Use","DB0AFAAA-BF34-45F2-BFAD-5CC4AF4DB9A1","Cyclist (non-electric)","Walking/Cycling on Sidewalk","None (No Improper Action)","Driveway Access","No","Suspected Minor Injury","None","39.13637762","-77.19244543","    (39.13637762, -77.19244543)"
"MCP3423002F","250044420","MONTGOMERY","Injury Crash","10/03/2025 08:11:00 AM","County Route","LOCKWOOD DR",,,,"Cyclist (Electric)","Single Vehicle","Clear","Dry","Daylight","No Controls","Not Suspect of Alcohol Use, Not Suspect of Drug Use","Not Suspect of Alcohol Use, Not Suspect of Drug Use","5CD94000-6E8F-4149-B53C-3156BAA165C4","Cyclist (Electric)","Walking/Cycling Along Roadway With Traffic (In or Adjacent to Travel Lane)","None (No Improper Action)","Travel Lane Other Location","No","Suspected Minor Injury","Helmet","39.03389917","-77.000405","    (39.03389917, -77.000405)"
"MCP3138008B","250044265","MONTGOMERY","Injury Crash","10/02/2025 05:49:00 AM","County Route","SHOREFIELD RD","GEORGIA AVE (SB/L)",,,"Pedestrian","Single Vehicle","Clear","Dry","Dark - Lighted","No Controls","Not Suspect of Alcohol Use, Not Suspect of Drug Use","Not Suspect of Alcohol Use, Not Suspect of Drug Use","B9861DDD-80A8-49F9-8355-4E37C5CA30E0","Pedestrian","Cross/Enter at Intersection","Not Visible (Dark Clothing, No Lighting, etc.)","Intersection Marked Crosswalk","No","Possible Injury","None","39.05302299","-77.05118267","    (39.05302299, -77.05118267)"
"MCP34080023","250044195","MONTGOMERY","Injury Crash","10/01/2025 03:30:00 PM",,,,"Parking Lot Way        PARKING LOT BY HOME GOODS.",,"Pedestrian","Single Vehicle","Clear",,"Daylight",,"Unknown, Unknown","Not Suspect of Alcohol Use, Not Suspect of Drug Use","F4283D73-A83C-444C-A6FF-A142CA04D83B","Pedestrian","Standing","None (No Improper Action)","Other","No","Possible Injury","None","39.04403897","-77.10532704","    (39.04403897, -77.10532704)"
"MCP3436001F","250044143","MONTGOMERY","Injury Crash","10/01/2025 01:26:00 PM","Maryland (State) Route","GEORGIA AVE (SB/L)",,,,"Pedestrian","Single Vehicle","Clear","Dry","Daylight","Pedestrian Crossing","Not Suspect of Alcohol Use, Not Suspect of Drug Use","Not Suspect of Alcohol Use, Not Suspect of Drug Use","DD019E45-8A34-4989-8BD6-489CB348AD3A","Pedestrian","Cross/Enter at Intersection","None (No Improper Action)","Midblock Marked Crosswalk","No","Suspected Minor Injury","None","38.99822937","-77.03064285","    (38.99822937, -77.03064285)"
"MCP3170004C","250044027","MONTGOMERY","Injury Crash","09/30/2025 07:12:00 PM","County Route","WATERS LANDING DR","WYNNFIELD DR",,,"Pedestrian","Single Vehicle","Clear","Dry","Dark - Not Lighted","Stop Sign","Not Suspect of Alcohol Use, Not Suspect of Drug Use","Not Suspect of Alcohol Use, Not Suspect of Drug Use","94ABC502-4743-4E3F-978F-75EEC00A642E","Pedestrian","Cross/Enter at Intersection","None (No Improper Action)","Intersection Marked Crosswalk","No","Suspected Minor Injury","None","39.19138807","-77.28058491","    (39.19138807, -77.28058491)"
"MCP3076004H","250043875","MONTGOMERY","Injury Crash","09/30/2025 05:31:00 PM","Municipality Route","TULIP DR",,,,"Pedestrian","Unknown","Clear","Dry","Daylight","No Controls","Not Suspect of Alcohol Use, Not Suspect of Drug Use","Not Suspect of Alcohol Use, Not Suspect of Drug Use","EE597BC7-46D4-4E68-89F9-1BB50B4599FE","Pedestrian","Other","None (No Improper Action)","Other","No","Possible Injury","None","39.13741002","-77.18876045","    (39.13741002, -77.18876045)"
"DD5604005S","250043985","ROCKVILLE","Injury Crash","09/30/2025 03:42:00 PM","Municipality Route","FALLSMEAD WAY",,,,"Cyclist (non-electric)","Single Vehicle","Clear","Dry","Daylight","No Controls","Not Suspect of Alcohol Use, Not Suspect of Drug Use","Not Suspect of Alcohol Use, Not Suspect of Drug Use","EE7F0008-5286-4203-A1C5-A86E09BBBBA5","Cyclist (non-electric)","Walking/Cycling on Sidewalk","None (No Improper Action)","Sidewalk","No","Suspected Minor Injury","Helmet","39.07362533","-77.169709","    (39.07362533, -77.169709)"
"MCP3233005W","250044013","MONTGOMERY","Injury Crash","09/30/2025 03:26:00 PM","Maryland (State) Route","PINEY BRANCH RD",,,,"Pedestrian","Single Vehicle","Clear","Dry","Daylight","Pedestrian Crossing Sign","Unknown, Unknown","Not Suspect of Alcohol Use, Not Suspect of Drug Use","7FA6FF7B-000D-4F6E-BD93-A1BB3EE4FD5F","Pedestrian","Cross/Enter at Intersection","None (No Improper Action)","Intersection Marked Crosswalk","No","Suspected Minor Injury","None","38.99997688","-76.99068693","    (38.99997688, -76.99068693)"