"Report Number","Local Case Number","Agency Name","ACRS Report Type","Crash Date/Time","Route Type","Road Name","Cross-Street Name","Off-Road Description","Municipality","Related Non-Motorist","Collision Type","Weather","Surface Condition","Light","Traffic Control","Driver Substance Abuse","Non-Motorist Substance Abuse","Person ID","Pedestrian Type","Pedestrian Movement","Pedestrian Actions","Pedestrian Location","At Fault","Injury Severity","Safety Equipment","Latitude","Longitude","Location"
"DD56440046","250028765","ROCKVILLE","Injury Crash","06/27/2025 09:37:00 PM","Municipality Route","WOOTTON PKWY (EB/L)",,,,"Pedestrian","Single Vehicle","Rain","Wet","Dark - Not Lighted","No Controls","Unknown, Unknown","Not Suspect of Alcohol Use, Not Suspect of Drug Use","B3D863FE-E4DD-4220-BCB4-4A9D5A82236A","Pedestrian","Cross/Enter Not at Intersection","In Roadway Improperly (Standing, Lying, Working, Playing)","Travel Lane Other Location","Yes","Possible Injury","None","39.0690078","-77.16899209","    (39.0690078, -77.16899209)"
"MCP93180043","250028717","MONTGOMERY","Property Damage Crash","06/27/2025 04:43:00 PM","Maryland (State) Route",,,,,"Scooter (electric)","Single Vehicle","Clear","Dry","Daylight","No Controls","Not Suspect of Alcohol Use, Not Suspect of Drug Use","Not Suspect of Alcohol Use, Not Suspect of Drug Use","FA9D033D-BB45-4BF9-A534-27B06EDE1545","Scooter (electric)","Other","None (No Improper Action)","Driveway Access","No","No Apparent Injury","Unknown","38.99258765","-76.9929002","    (38.99258765, -76.9929002)"
"EJ79050039","250028695","GAITHERSBURG","Injury Crash","06/27/2025 03:09:00 PM","Other Public Roadway","W WATKINS MILL RD",,,,"Scooter (electric)","Single Vehicle","Cloudy","Dry","Daylight","Traffic Control Signal","Not Suspect of Alcohol Use, Not Suspect of Drug Use","Not Suspect of Alcohol Use, Not Suspect of Drug Use","2BFA19FB-6CB5-428C-B91B-6AC32FC87F68","Scooter (electric)","Cross/Enter at Intersection","Failure to Obey Traffic Signs, Signals, or Officer","Intersection Marked Crosswalk","Yes","Possible Injury","None","39.15916637","-77.21933489","    (39.15916637, -77.21933489)"
"MCP320000GB","250028502","MONTGOMERY","Injury Crash","06/26/2025 12:38:00 PM","County Route","W CEDAR LA","OLD GEORGETOWN RD",,,"Cyclist (non-electric)","Single Vehicle","Clear","Dry","Daylight","Pedestrian Crossing","Not Suspect of Alcohol Use, Not Suspect of Drug Use","Not Suspect of Alcohol Use, Not Suspect of Drug Use","90378BD4-4C3B-4369-AC59-477CBE45A38B","Cyclist (non-electric)","Cross/Enter at Intersection","None (No Improper Action)","Intersection Marked Crosswalk","No","Suspected Minor Injury","None","39.00454138","-77.11057708","    (39.00454138, -77.11057708)"
"DD56630025","250028444","ROCKVILLE","Injury Crash","06/26/2025 07:28:00 AM","Municipality Route","TOWER OAKS BLVD",,,,"Cyclist (non-electric)","Single Vehicle","Clear","Dry","Daylight","No Controls","Not Suspect of Alcohol Use, Not Suspect of Drug Use","Not Suspect of Alcohol Use, Not Suspect of Drug Use","EFC78771-A2A8-43F2-AEFF-85DB0D185776","Cyclist (non-electric)","Walking/Cycling Along Roadway With Traffic (In or Adjacent to Travel Lane)","None (No Improper Action)","OnStreet Buffered Bike Lanes","No","Possible Injury","Helmet","39.0568583","-77.1503252","    (39.0568583, -77.1503252)"
"DD57010003","250028402","ROCKVILLE","Injury Crash","06/25/2025 09:14:00 PM","Municipality Route",,,,,"Pedestrian","Single Vehicle","Clear","Dry","Dark - Lighted","Traffic Control Signal","Not Suspect of Alcohol Use, Not Suspect of Drug Use","Not Suspect of Alcohol Use, Not Suspect of Drug Use","AD70911D-7436-4D40-B2BC-20AD7B06C9E8","Pedestrian","Cross/Enter at Intersection","Unknown","Intersection Marked Crosswalk","No","Suspected Minor Injury","None","39.11550679","-77.16624081","    (39.11550679, -77.16624081)"
"MCP3376002C","250028348","MONTGOMERY","Injury Crash","06/25/2025 02:30:00 PM",,,,"Parking Lot Way        PARKING LOT AROUND 2100  MC MAHON RD",,"Cyclist (non-electric)","Single Vehicle","Clear",,"Daylight",,"Not Suspect of Alcohol Use, Not Suspect of Drug Use","Not Suspect of Alcohol Use, Not Suspect of Drug Use","3C121593-3436-4534-B261-9E02A3B63BDA","Cyclist (non-electric)","Walking/Cycling Along Roadway With Traffic (In or Adjacent to Travel Lane)","Unknown","Unknown","Yes","Possible Injury","Unknown","39.03323854","-77.04179831","    (39.03323854, -77.04179831)"
"MCP3446000G","250028327","MONTGOMERY","Injury Crash","06/25/2025 12:40:00 PM","County Route","MACDUFF AVE",,,,"Pedestrian","Single Vehicle","Clear","Dry","Daylight","No Controls","Not Suspect of Alcohol Use, Not Suspect of Drug Use","Not Suspect of Alcohol Use, Not Suspect of Drug Use","3024B830-7141-4AD4-A590-5B68680D76E8","Pedestrian","Other Working","In Roadway Improperly (Standing, Lying, Working, Playing)","Travel Lane Other Location","Yes","Suspected Minor Injury","None","39.1422912","-77.0888234","    (39.1422912, -77.0888234)"
"MCP32450076","250027971","MONTGOMERY","Property Damage Crash","06/23/2025 04:11:00 PM","County Route","CINNABAR DR",,,,"Pedestrian","Single Vehicle","Clear","Dry","Daylight","No Controls","Not Suspect of Alcohol Use, Not Suspect of Drug Use","Not Suspect of Alcohol Use, Not Suspect of Drug Use","3DEB0CC1-8837-4765-8FAF-6128C78AD984","Pedestrian","Cross/Enter Not at Intersection","Dart/Dash","Travel Lane Other Location","Yes","No Apparent Injury","None","39.18849316","-77.15759436","    (39.18849316, -77.15759436)"
"MCP295200FX","250027938","MONTGOMERY","Injury Crash","06/23/2025 12:58:00 PM","Maryland (State) Route","16TH ST (SB/L)",,,,"Cyclist (Electric)","Single Vehicle","Clear","Dry","Daylight","Traffic Control Signal","Not Suspect of Alcohol Use, Not Suspect of Drug Use","Not Suspect of Alcohol Use, Not Suspect of Drug Use","C687DD27-E46F-4499-B47F-F936268C38E0","Cyclist (Electric)","Walking/Cycling Along Roadway With Traffic (In or Adjacent to Travel Lane)","Failure to Obey Traffic Signs, Signals, or Officer","Unknown","No","Possible Injury","Helmet","38.99464637","-77.03635113","    (38.99464637, -77.03635113)"
"MCP2845009M","250027921","MONTGOMERY","Injury Crash","06/23/2025 10:20:00 AM","County Route","DIXON AVE","WAYNE AVE",,,"Scooter (electric)","Single Vehicle","Clear","Dry","Daylight","Pedestrian Crossing Sign","Unknown, Unknown","Not Suspect of Alcohol Use, Not Suspect of Drug Use","EA0A87E8-4891-4DB8-B2E6-879C46B9EEDD","Scooter (electric)","Cross/Enter at Intersection","None (No Improper Action)","Intersection Marked Crosswalk","No","Suspected Minor Injury","Helmet","38.99434464","-77.0279865","    (38.99434464, -77.0279865)"
"MCP34570014","250027552","MONTGOMERY","Injury Crash","06/20/2025 05:36:00 PM","County Route","DARCY FOREST DR","FOREST GLEN RD",,,"Pedestrian","Single Vehicle","Clear","Dry","Daylight","Stop Sign","Not Suspect of Alcohol Use, Not Suspect of Drug Use","Not Suspect of Alcohol Use, Not Suspect of Drug Use","DAFCC345-27B0-4748-80A7-27BDCE0E88EE","Pedestrian","Cross/Enter at Intersection","None (No Improper Action)","Intersection Marked Crosswalk","No","Suspected Minor Injury","None","39.01538301","-77.04741672","    (39.01538301, -77.04741672)"
"MCP312900CX","250027526","MONTGOMERY","Injury Crash","06/20/2025 04:03:00 PM","Ramp","RAMP 7 FR RANDOLPH RD WB TO MD 97 SB",,,,"Pedestrian","Single Vehicle","Clear","Dry","Daylight","Traffic Control Signal","Not Suspect of Alcohol Use, Not Suspect of Drug Use","Not Suspect of Alcohol Use, Not Suspect of Drug Use","73F8E6B0-A272-4DCD-A42C-BD4DBC4A00C9","Pedestrian","Cross/Enter at Intersection","None (No Improper Action)","Intersection Marked Crosswalk","No","Possible Injury","None","39.05842167","-77.04959783","    (39.05842167, -77.04959783)"
"MCP3355001P","250027484","MONTGOMERY","Injury Crash","06/20/2025 12:18:00 PM","Maryland (State) Route","WAYNE AVE","GEORGIA AVE",,,"Pedestrian","Single Vehicle","Clear","Dry","Daylight","Pedestrian Crossing Sign","Not Suspect of Alcohol Use, Not Suspect of Drug Use","Not Suspect of Alcohol Use, Not Suspect of Drug Use","2ABCC134-FE5A-4B35-A393-955B43E6D6ED","Pedestrian","Cross/Enter at Intersection","None (No Improper Action)","Intersection Marked Crosswalk","No","Suspected Minor Injury","None","38.99446385","-77.02660766","    (38.99446385, -77.02660766)"
"DM8494003Z","250027409","TAKOMA","Injury Crash","06/19/2025 09:11:00 PM","Maryland (State) Route","PINEY BRANCH RD",,,,"Pedestrian","Unknown","Clear","Wet","Dark - Lighted","Flashing Traffic Control Signal","Unknown, Unknown","Not Suspect of Alcohol Use, Not Suspect of Drug Use","3D06753C-52EC-4B4E-8A88-75CAA99B51E8","Pedestrian","Cross/Enter at Intersection","Unknown","Intersection Marked Crosswalk","No","Suspected Minor Injury","None","38.98314894","-77.01551686","    (38.98314894, -77.01551686)"
"DD5567008S","250027376","ROCKVILLE","Injury Crash","06/19/2025 05:11:00 PM","Local Route","KISS AND RIDE TWINBROOK LOT","BOUIC AVE CHAPMAN AVE",,,"Pedestrian","Single Vehicle","Clear","Wet","Daylight","Stop Sign","Unknown, Unknown","Not Suspect of Alcohol Use, Not Suspect of Drug Use","B16D430A-3F02-48A1-9242-F7D143AE774C","Pedestrian","Cross/Enter at Intersection","None (No Improper Action)","Intersection Marked Crosswalk","No","Possible Injury","None","39.06111396","-77.12100136","    (39.06111396, -77.12100136)"
"MCP0617006Z","250027478","MONTGOMERY","Injury Crash","06/19/2025 01:00:00 PM",,,,"Parking Lot Way        PARKING LOT OF 12028 CHERRY HILL RD SILVER SPRING MD (GIANT FOOD)",,"Pedestrian","Single Vehicle","Clear",,"Daylight",,"Unknown, Unknown","Unknown, Not Suspect of Drug Use","5BC3DFA5-AB9A-43D7-A075-6AD3E78EDD8C","Pedestrian","Standing","None (No Improper Action)","Other","No","Possible Injury","None","39.05467611","-76.95587864","    (39.05467611, -76.95587864)"
"MCP0617006Z","250027478","MONTGOMERY","Injury Crash","06/19/2025 01:00:00 PM",,,,"Parking Lot Way        PARKING LOT OF 12028 CHERRY HILL RD SILVER SPRING MD (GIANT FOOD)",,"Pedestrian","Single Vehicle","Clear",,"Daylight",,"Unknown, Unknown","Unknown, Unknown","7748D664-D24A-4507-BDEA-1E2481C55957","Pedestrian","None","None (No Improper Action)","Other","No","Possible Injury","None","39.05467611","-76.95587864","    (39.05467611, -76.95587864)"
"MCP24550084","250027201","MONTGOMERY","Injury Crash","06/18/2025 01:55:00 PM",,,,"Parking Lot Way        PARKING LOT OF 12266 ROCKVILLE PIKE",,"Pedestrian","Single Vehicle","Rain",,"Daylight",,"Not Suspect of Alcohol Use, Not Suspect of Drug Use","Not Suspect of Alcohol Use, Not Suspect of Drug Use","520F63B2-4E0B-4ED8-8D92-347A7D9E4D4B","Pedestrian","Other","Failure to Obey Traffic Signs, Signals, or Officer, Failure to Yield Right-Of-Way","Other","No","Possible Injury","None","39.05726706","-77.12255051","    (39.05726706, -77.12255051)"
"MCP2181005K","250027100","MONTGOMERY","Fatal Crash","06/18/2025 12:54:00 AM","Maryland (State) Route","FREDERICK RD",,,,"Pedestrian","Single Vehicle","Fog, Smog, Smoke","Dry","Dark - Lighted","Flashing Traffic Control Signal","Suspect of Alcohol Use, Unknown","Suspect of Alcohol Use, Unknown","AE5CB8F3-F83D-4482-B847-3D79F80F66A9","Pedestrian","Standing","In Roadway Improperly (Standing, Lying, Working, Playing)","Travel Lane Other Location","No","Fatal Injury","None","39.1127206","-77.16205086","    (39.1127206, -77.16205086)"
"MCP3068006D","250026884","MONTGOMERY","Injury Crash","06/16/2025 04:17:00 PM","County Route","NO NAME","GRUBB RD",,,"Pedestrian","Single Vehicle","Rain","Wet","Daylight","Traffic Control Signal","Not Suspect of Alcohol Use, Not Suspect of Drug Use","Not Suspect of Alcohol Use, Not Suspect of Drug Use","184E02FD-D7B9-42B1-8A87-BE1267D05337","Pedestrian","Cross/Enter at Intersection","Dart/Dash","Intersection Marked Crosswalk","Yes","Suspected Minor Injury","None","38.993744","-77.05184567","    (38.993744, -77.05184567)"
"MCP33580034","250026786","MONTGOMERY","Injury Crash","06/16/2025 09:01:00 AM","Municipality Route","THE HILLS PLAZA","S PARK AVE",,,"Pedestrian","Single Vehicle","Cloudy","Wet","Daylight","Stop Sign","Not Suspect of Alcohol Use, Not Suspect of Drug Use","Not Suspect of Alcohol Use, Not Suspect of Drug Use","481BA9E6-DA5B-413F-9467-A1DC0E0ADA30","Pedestrian","Cross/Enter at Intersection","None (No Improper Action)","Intersection Marked Crosswalk","No","Suspected Minor Injury","None","38.96332483","-77.08817482","    (38.96332483, -77.08817482)"
"MCP3126006N","250026708","MONTGOMERY","Injury Crash","06/15/2025 03:28:00 PM","Local Route","COUNTRY SQUIRE WAY","COUNTRY SQUIRE WAY NEWCUT RD",,,"Scooter (electric)","Single Vehicle","Clear","Dry","Daylight","Stop Sign","Not Suspect of Alcohol Use, Not Suspect of Drug Use","Not Suspect of Alcohol Use, Not Suspect of Drug Use","B98AB4C8-AE5C-49D5-BF00-91055326DE85","Scooter (electric)","Cross/Enter at Intersection","Failure to Yield Right-Of-Way, None (No Improper Action)","Intersection Unmarked Crosswalk","No","Suspected Minor Injury","None","39.22888005","-77.24959561","    (39.22888005, -77.24959561)"
"MCP3126006N","250026708","MONTGOMERY","Injury Crash","06/15/2025 03:28:00 PM","Local Route","COUNTRY SQUIRE WAY","COUNTRY SQUIRE WAY NEWCUT RD",,,"Scooter (electric)","Single Vehicle","Clear","Dry","Daylight","Stop Sign","Not Suspect of Alcohol Use, Not Suspect of Drug Use","Not Suspect of Alcohol Use, Not Suspect of Drug Use","9885A6CA-7FD0-41B7-B402-38DAAF7992DE","Scooter (electric)","Cross/Enter at Intersection","Failure to Yield Right-Of-Way, None (No Improper Action)","Intersection Unmarked Crosswalk","Yes","Suspected Minor Injury","None","39.22888005","-77.24959561","    (39.22888005, -77.24959561)"
"MCP3079007B","250026687","MONTGOMERY","Injury Crash","06/15/2025 11:00:00 AM","County Route","MIDDLEBROOK RD","GERMANTOWN RD (SB/L)",,,"Cyclist (non-electric)","Single Vehicle","Clear","Dry","Daylight","Traffic Control Signal","Not Suspect of Alcohol Use, Not Suspect of Drug Use","Not Suspect of Alcohol Use, Not Suspect of Drug Use","53FD185B-6151-439C-91D7-5EB477FB26E8","Cyclist (non-electric)","Cross/Enter at Intersection","None (No Improper Action)","Intersection Marked Crosswalk","No","Possible Injury","None","39.17882657","-77.26751501","    (39.17882657, -77.26751501)"
"MCP3163008T","250027815","MONTGOMERY","Injury Crash","06/13/2025 07:50:00 PM","Maryland (State) Route","UNIVERSITY BLVD W","DRUMM AVE",,,"Pedestrian","Single Vehicle","Clear","Dry","Daylight","Pedestrian Crossing","Unknown, Unknown","Not Suspect of Alcohol Use, Not Suspect of Drug Use","B2686BDB-A713-4F69-AD57-136D886079F5","Pedestrian","Cross/Enter at Intersection","None (No Improper Action)","Intersection Marked Crosswalk","No","Suspected Minor Injury","None","39.03679314","-77.06147663","    (39.03679314, -77.06147663)"
"MCP3050006P","250026441","MONTGOMERY","Injury Crash","06/13/2025 03:10:00 PM","Private Route",,,,,"Cyclist (non-electric)","Single Vehicle","Clear","Dry","Daylight","Stop Sign","Unknown, Unknown","Not Suspect of Alcohol Use, Not Suspect of Drug Use","D4D68A3D-3E55-4531-B187-8D9E09A76A22","Cyclist (non-electric)","Other","None (No Improper Action)","Midblock Marked Crosswalk","No","Possible Injury","Unknown","39.10118898","-77.07573585","    (39.10118898, -77.07573585)"
"MCP3438000P","250026404","MONTGOMERY","Injury Crash","06/13/2025 01:05:00 PM","County Route","STRATHMORE ST","WOODMONT AVE",,,"Pedestrian","Single Vehicle","Clear","Dry","Daylight","Stop Sign","Not Suspect of Alcohol Use, Not Suspect of Drug Use","Not Suspect of Alcohol Use, Not Suspect of Drug Use","7FC8118C-A3FE-478E-88E3-148F5E1B1E95","Pedestrian","Cross/Enter at Intersection","None (No Improper Action)","Intersection Marked Crosswalk","No","Suspected Minor Injury","None","38.97993183","-77.09324767","    (38.97993183, -77.09324767)"
"EJ7913000K","250026302","GAITHERSBURG","Injury Crash","06/12/2025 09:13:00 PM","Municipality Route","E DIAMOND AVE","N SUMMIT AVE S SUMMIT AVE",,,"Pedestrian","Single Vehicle","Clear","Dry","Dark - Lighted","Traffic Control Signal","Not Suspect of Alcohol Use, Not Suspect of Drug Use","Not Suspect of Alcohol Use, Not Suspect of Drug Use","F39EDF62-83D0-485A-9F4F-B85141A5F4F7","Pedestrian","Cross/Enter at Intersection","Failure to Yield Right-Of-Way","Intersection Marked Crosswalk","Yes","Possible Injury","None","39.14222414","-77.19334541","    (39.14222414, -77.19334541)"
"MCP3411002F","250026292","MONTGOMERY","Injury Crash","06/12/2025 08:30:00 PM","County Route","HILLMEAD RD",,,,"Pedestrian","Single Vehicle","Clear","Dry","Daylight","No Controls",,"Not Suspect of Alcohol Use, Not Suspect of Drug Use","EBE0C050-77D9-42CD-AE62-3FA231C25B28","Pedestrian","Standing","None (No Improper Action)","Shoulder/Roadside","Yes","Possible Injury","None","39.00165483","-77.130653","    (39.00165483, -77.130653)"
"MCP2356004J","250026255","MONTGOMERY","Injury Crash","06/12/2025 05:15:00 PM","Bicycle Route",,"REDLAND RD",,,"Pedestrian","Single Vehicle","Clear","Dry","Daylight","Traffic Control Signal","Not Suspect of Alcohol Use, Not Suspect of Drug Use","Not Suspect of Alcohol Use, Not Suspect of Drug Use","FAA11F06-878B-446A-93E2-0C8B4472CDDF","Pedestrian","Cross/Enter at Intersection","None (No Improper Action)","Intersection Marked Crosswalk","No","Suspected Minor Injury","None","39.11999006","-77.15984766","    (39.11999006, -77.15984766)"
"MCP3426001Y","250026201","MONTGOMERY","Injury Crash","06/12/2025 07:00:00 AM","County Route","LINDEN AVE","POOKS HILL RD",,,"Pedestrian","Single Vehicle","Clear","Dry","Daylight","Stop Sign","Not Suspect of Alcohol Use, Not Suspect of Drug Use","Not Suspect of Alcohol Use, Not Suspect of Drug Use","4D79D149-820E-4125-A63E-3A6AA1A9472E","Pedestrian","Cross/Enter at Intersection","None (No Improper Action)","Intersection Marked Crosswalk","No","Possible Injury","None","39.01425441","-77.10618723","    (39.01425441, -77.10618723)"
"MCP312900CW","250025829","MONTGOMERY","Property Damage Crash","06/10/2025 10:27:00 AM","Private Route",,,,,"Other Pedestrian (person in a building, skater, personal conveyance, etc.)","Single Vehicle","Clear","Dry","Daylight","No Controls","Not Suspect of Alcohol Use, Not Suspect of Drug Use, Not Suspect of Alcohol Use, Not Suspect of Drug Use","Not Suspect of Alcohol Use, Not Suspect of Drug Use","2F8F658B-3406-4080-B74C-33F35C23A5C6","Other Pedestrian (person in a building, skater, personal conveyance, etc.)","None","None (No Improper Action)","Other","No","No Apparent Injury","None","39.09486797","-77.07085314","    (39.09486797, -77.07085314)"
"MCP3233005P","250025696","MONTGOMERY","Injury Crash","06/09/2025 02:50:00 PM","County Route","TIMBERWOOD AVE",,,,"Pedestrian","Single Vehicle","Clear","Dry","Daylight","Pedestrian Crossing","Not Suspect of Alcohol Use, Not Suspect of Drug Use","Not Suspect of Alcohol Use, Not Suspect of Drug Use","4F5B2534-8F92-4391-A1C6-C2F4EA882B1A","Pedestrian","Cross/Enter at Intersection","None (No Improper Action)","Intersection Marked Crosswalk","No","Suspected Minor Injury","None","39.02151501","-77.01165768","    (39.02151501, -77.01165768)"
"DD5538005D","250025612","ROCKVILLE","Injury Crash","06/09/2025 08:18:00 AM","Maryland (State) Route","FIRST ST","VEIRS MILL RD",,,"Scooter (electric)","Single Vehicle","Cloudy","Dry","Daylight","Traffic Control Signal","Not Suspect of Alcohol Use, Not Suspect of Drug Use","Not Suspect of Alcohol Use, Not Suspect of Drug Use","48953ACC-15B5-4513-99CC-0AFD4A8007D1","Scooter (electric)","Cross/Enter at Intersection","Other","Intersection Marked Crosswalk","Yes","Suspected Minor Injury","None","39.07966761","-77.13775854","    (39.07966761, -77.13775854)"
"MCP913000L0","250025487","MONTGOMERY","Injury Crash","06/08/2025 08:01:00 AM",,,,"Parking Lot Way        PARKING LOT OF MCDONALDS 106 UNIVERSITY BLVD W SILVER SPRING, MD 20901",,"Pedestrian","Single Vehicle","Cloudy",,"Daylight",,"Not Suspect of Alcohol Use, Not Suspect of Drug Use","Not Suspect of Alcohol Use, Not Suspect of Drug Use","7370707D-36CD-4B00-892D-AADA8D40B025","Pedestrian","Other","None (No Improper Action)","Other","No","Suspected Minor Injury","None","39.02046125","-77.01368648","    (39.02046125, -77.01368648)"
"MCP2662003B","250025412","MONTGOMERY","Injury Crash","06/07/2025 04:47:00 PM","County Route","YELLOWWOOD DR","ALLEY CUT THRU CUT",,,"Cyclist (non-electric)","Single Vehicle","Cloudy","Dry","Daylight","Stop Sign","Not Suspect of Alcohol Use, Not Suspect of Drug Use","Not Suspect of Alcohol Use, Not Suspect of Drug Use","3CD253A1-9B4D-4CE9-972E-D0052DA73DE3","Cyclist (non-electric)","Cross/Enter at Intersection","Failure to Obey Traffic Signs, Signals, or Officer, Failure to Yield Right-Of-Way","Driveway Access","Yes","Suspected Minor Injury","Helmet","39.235268","-77.23938533","    (39.235268, -77.23938533)"
"MCP203900CM","250025014","MONTGOMERY","Injury Crash","06/05/2025 08:31:00 AM","Local Route","INDEPENDENCE ST","CONNECTICUT AVE",,,"Cyclist (non-electric)","Single Vehicle","Cloudy","Dry","Daylight","Traffic Control Signal","Not Suspect of Alcohol Use, Not Suspect of Drug Use","Not Suspect of Alcohol Use, Not Suspect of Drug Use","2F48D71F-9BD8-434B-B8F9-34FD202E53CA","Cyclist (non-electric)","Cross/Enter at Intersection","None (No Improper Action)","Intersection Marked Crosswalk","No","Suspected Minor Injury","None","39.07631632","-77.08050136","    (39.07631632, -77.08050136)"
"DD5668001S","250024969","ROCKVILLE","Injury Crash","06/04/2025 09:13:00 PM","Municipality Route","NELSON ST",,,,"Pedestrian","Single Vehicle","Clear","Dry","Dark - Lighted","Pedestrian Crossing Sign","Suspect of Alcohol Use, Not Suspect of Drug Use","Not Suspect of Alcohol Use, Not Suspect of Drug Use","949B7899-F824-45DD-8FBB-A104C244BBAE","Pedestrian","Cross/Enter at Intersection","None (No Improper Action)","Intersection Marked Crosswalk","No","Suspected Minor Injury","None","39.09193917","-77.17372029","    (39.09193917, -77.17372029)"
"MCP3395003G","250024826","MONTGOMERY","Property Damage Crash","06/04/2025 09:59:00 AM",,,,"Parking Lot Way        8484 16TH ST PARKING LOT",,"Cyclist (Electric)","Single Vehicle","Clear",,"Daylight",,"Not Suspect of Alcohol Use, Not Suspect of Drug Use","Not Suspect of Alcohol Use, Not Suspect of Drug Use","3AE19CC2-B156-40B8-9678-13FFA88B2BA6","Cyclist (Electric)","Unknown","Other","Other","Yes","No Apparent Injury","Helmet","38.99545662","-77.03704674","    (38.99545662, -77.03704674)"
"DD56690018","250024772","ROCKVILLE","Injury Crash","06/03/2025 08:11:00 PM",,,,"Parking Lot Way        PARKING LOT AREA.",,"Pedestrian","Single Vehicle","Clear",,"Daylight",,"Unknown, Unknown","Not Suspect of Alcohol Use, Not Suspect of Drug Use","71BAC57A-A9CB-4C25-B91E-586AB264753F","Pedestrian","Cross/Enter Not at Intersection","None (No Improper Action)","Driveway Access","No","Suspected Minor Injury","None","39.0908808","-77.1519553","    (39.0908808, -77.1519553)"
"MCP3456000N","250024340","MONTGOMERY","Fatal Crash","06/01/2025 01:57:00 PM","Private Route",,,,,"Cyclist (non-electric)","Single Vehicle","Cloudy","Dry","Daylight","No Controls","Not Suspect of Alcohol Use, Not Suspect of Drug Use","Not Suspect of Alcohol Use, Not Suspect of Drug Use","6941AA9C-3E17-4643-BF6B-5BBD64CE5DDF","Cyclist (non-electric)","Walking/Cycling Along Roadway With Traffic (In or Adjacent to Travel Lane)","Unknown","Travel Lane Other Location","No","Fatal Injury","Helmet, Lighting, Protective Pads (elbows, knees, shins, etc.), Reflective Wear (backpack, triangles, etc.)","39.10823815","-77.07324083","    (39.10823815, -77.07324083)"
"MCP30670035","250024332","MONTGOMERY","Injury Crash","06/01/2025 01:00:00 PM",,,,"Driveway        18801 SHREMORE DRIVE DERWOOD MD 20855",,"Pedestrian","Single Vehicle","Clear",,"Daylight",,"Not Suspect of Alcohol Use, Not Suspect of Drug Use","Not Suspect of Alcohol Use, Not Suspect of Drug Use","72070F72-D52A-4100-A168-DFEE61F04D04","Pedestrian","None","In Roadway Improperly (Standing, Lying, Working, Playing), Other","Driveway Access","No","Suspected Minor Injury","None","39.16390915","-77.1133819","    (39.16390915, -77.1133819)"
"MCP304800DX","250024313","MONTGOMERY","Injury Crash","06/01/2025 10:00:00 AM","Maryland (State) Route","ROCKVILLE PIKE (SB/L)","GOLF LA",,,"Cyclist (non-electric)","Single Vehicle","Clear","Dry","Daylight","Stop Sign","Not Suspect of Alcohol Use, Not Suspect of Drug Use","Not Suspect of Alcohol Use, Not Suspect of Drug Use","9E200A95-0A51-49D4-94C9-4D1630658BDB","Cyclist (non-electric)","Cross/Enter at Intersection","None (No Improper Action)","Intersection Unmarked Crosswalk","No","Suspected Minor Injury","Helmet","39.03703533","-77.1080595","    (39.03703533, -77.1080595)"