"Report Number","Local Case Number","Agency Name","ACRS Report Type","Crash Date/Time","Route Type","Road Name","Cross-Street Name","Off-Road Description","Municipality","Related Non-Motorist","Collision Type","Weather","Surface Condition","Light","Traffic Control","Driver Substance Abuse","Non-Motorist Substance Abuse","Person ID","Pedestrian Type","Pedestrian Movement","Pedestrian Actions","Pedestrian Location","At Fault","Injury Severity","Safety Equipment","Latitude","Longitude","Location"
"DM8490003F","250024301","TAKOMA","Property Damage Crash","06/01/2025 05:51:00 AM","Municipality Route","LINCOLN AVE",,,,"Unknown","Single Vehicle","Unknown","Dry","Daylight","Stop Sign","Unknown, Unknown","Not Suspect of Alcohol Use, Not Suspect of Drug Use","C5CE9D78-CD3E-4BF1-AA0D-2BE832F44595","Unknown","None","Unknown","Unknown","No","No Apparent Injury","Unknown","38.9810075","-77.0023468","    (38.9810075, -77.0023468)"
"MCP3436000L","250023549","MONTGOMERY","Injury Crash","05/29/2025 06:00:00 PM","County Route","HIDDEN VALLEY LA",,,,"Cyclist (non-electric)","Single Vehicle","Clear","Dry","Daylight","No Controls","Not Suspect of Alcohol Use, Not Suspect of Drug Use","Not Suspect of Alcohol Use, Not Suspect of Drug Use","03F12FEF-6B1B-4896-8071-91251B5C56C0","Cyclist (non-electric)","Walking/Cycling Along Roadway With Traffic (In or Adjacent to Travel Lane)","None (No Improper Action)","Other","No","Suspected Minor Injury","Helmet","39.07257664","-76.96414316","    (39.07257664, -76.96414316)"
"DM8522004F","250032881","TAKOMA","Property Damage Crash","05/29/2025 03:10:00 PM","Maryland (State) Route","NEW HAMPSHIRE AVE (SB/L)","GLENSIDE DR",,,"Cyclist (Electric)","Single Vehicle","Clear","Dry","Daylight","Traffic Control Signal","Not Suspect of Alcohol Use, Not Suspect of Drug Use","Not Suspect of Alcohol Use, Not Suspect of Drug Use","80812865-F5D7-4958-89A6-DB4FD7147762","Cyclist (Electric)","Cross/Enter at Intersection","None (No Improper Action)","Intersection Marked Crosswalk","No","No Apparent Injury","Helmet","38.9816261","-76.98898662","    (38.9816261, -76.98898662)"
"DD5674001H","250023796","ROCKVILLE","Injury Crash","05/29/2025 10:09:00 AM","Maryland (State) Route","FREDERICK RD",,,,"Pedestrian","Single Vehicle","Cloudy","Dry","Daylight","No Controls","Not Suspect of Alcohol Use, Not Suspect of Drug Use","Unknown, Unknown","AA802547-FF02-43AF-8950-E663248A490E","Pedestrian","Walking/Cycling Along Roadway Against Traffic (In or Adjacent to Travel Lane)","None (No Improper Action)","Sidewalk","No","Suspected Minor Injury","None","39.11020885","-77.16039041","    (39.11020885, -77.16039041)"
"MCP1086000L","250023816","MONTGOMERY","Injury Crash","05/29/2025 07:45:00 AM",,,,"Parking Aisle        UPPER PARKING LOT AT NORTHWEST HIGH SCHOOL.",,"Pedestrian","Single Vehicle","Cloudy",,"Daylight",,"Not Suspect of Alcohol Use, Not Suspect of Drug Use","Not Suspect of Alcohol Use, Not Suspect of Drug Use","E60B23C7-191C-424C-AC1C-4E1CEB973CDD","Pedestrian","Other","Entering/Exiting Parked/Standing Vehicle, Failure to Yield Right-Of-Way, Inattentive (Talking, Eating, etc.)","Other","No","Suspected Minor Injury","None","39.1517401","-77.28177249","    (39.1517401, -77.28177249)"
"MCP33860030","250023685","MONTGOMERY","Injury Crash","05/28/2025 03:00:00 PM","Maryland (State) Route",,,,,"Pedestrian","Single Vehicle","Rain","Wet","Daylight","Traffic Control Signal","Not Suspect of Alcohol Use, Not Suspect of Drug Use","Not Suspect of Alcohol Use, Not Suspect of Drug Use","4A73F613-58AF-419F-B850-8BAA73111C36","Pedestrian","Cross/Enter Not at Intersection","In Roadway Improperly (Standing, Lying, Working, Playing)","Travel Lane Other Location","No","Suspected Minor Injury","None","38.99487788","-77.04531908","    (38.99487788, -77.04531908)"
"MCP3460000F","250023413","MONTGOMERY","Injury Crash","05/27/2025 08:41:00 AM","County Route","EWING DR","GREENTREE RD",,,"Pedestrian","Angle","Clear","Dry","Daylight","Stop Sign","Not Suspect of Alcohol Use, Not Suspect of Drug Use, Not Suspect of Alcohol Use, Not Suspect of Drug Use","Not Suspect of Alcohol Use, Not Suspect of Drug Use","A013246C-B28E-4BC0-8615-44B7ABA9F1F1","Pedestrian","Walking/Cycling on Sidewalk","None (No Improper Action)","Shared Use Path or Trail","No","Suspected Serious Injury","Unknown","39.0012327","-77.12319255","    (39.0012327, -77.12319255)"
"MCP3460000F","250023413","MONTGOMERY","Injury Crash","05/27/2025 08:41:00 AM","County Route","EWING DR","GREENTREE RD",,,"Pedestrian","Angle","Clear","Dry","Daylight","No Controls","Not Suspect of Alcohol Use, Not Suspect of Drug Use, Not Suspect of Alcohol Use, Not Suspect of Drug Use","Not Suspect of Alcohol Use, Not Suspect of Drug Use","A013246C-B28E-4BC0-8615-44B7ABA9F1F1","Pedestrian","Walking/Cycling on Sidewalk","None (No Improper Action)","Shared Use Path or Trail","No","Suspected Serious Injury","Unknown","39.0012327","-77.12319255","    (39.0012327, -77.12319255)"
"MCP3431000T","250023301","MONTGOMERY","Injury Crash","05/26/2025 02:30:00 PM","Private Route",,,,,"Scooter (non-Electric)","Single Vehicle","Clear","Dry","Daylight","No Controls","Not Suspect of Alcohol Use, Not Suspect of Drug Use","Not Suspect of Alcohol Use, Not Suspect of Drug Use","CBC8D7E2-F65D-4338-B66F-308816D12428","Scooter (non-Electric)","Unknown","Unknown","Other","No","Suspected Minor Injury","None","39.16660202","-77.28694648","    (39.16660202, -77.28694648)"
"MCP3328004S","250023227","MONTGOMERY","Injury Crash","05/25/2025 09:00:00 PM","Maryland (State) Route","VEIRS MILL RD (WB/L)",,,,"Pedestrian","Single Vehicle","Clear","Dry","Dark - Lighted","Pedestrian Crossing Sign","Not Suspect of Alcohol Use, Not Suspect of Drug Use","Suspect of Alcohol Use, Not Suspect of Drug Use","81D80606-A115-42C6-BFA2-A28E6A8DAA01","Pedestrian","Cross/Enter Not at Intersection","Dart/Dash, Failure to Yield Right-Of-Way, Not Visible (Dark Clothing, No Lighting, etc.)","Travel Lane Other Location","Yes","Suspected Serious Injury","None","39.04417177","-77.06320304","    (39.04417177, -77.06320304)"
"DM84790024","250023088","TAKOMA","Injury Crash","05/24/2025 07:59:00 PM","Maryland (State) Route","CARROLL AVE","FLOWER AVE",,,"Cyclist (Electric)","Single Vehicle","Clear","Dry","Daylight","Traffic Control Signal","Not Suspect of Alcohol Use, Not Suspect of Drug Use","Not Suspect of Alcohol Use, Not Suspect of Drug Use","AE147615-2C08-43D5-8581-794C2F6CD885","Cyclist (Electric)","Cross/Enter at Intersection","Failure to Obey Traffic Signs, Signals, or Officer, Failure to Yield Right-Of-Way","Intersection Marked Crosswalk","Yes","Suspected Minor Injury","None","38.98479604","-76.99852955","    (38.98479604, -76.99852955)"
"MCP3423001V","250023054","MONTGOMERY","Injury Crash","05/24/2025 04:45:00 PM","County Route","INDIAN SPRING DR",,,,"Pedestrian","Single Vehicle","Clear","Dry","Daylight","No Controls","Not Suspect of Alcohol Use, Not Suspect of Drug Use","Not Suspect of Alcohol Use, Not Suspect of Drug Use","ED57D443-99E9-4752-8274-95718219DB37","Pedestrian","Standing","None (No Improper Action)","Driveway Access","No","Possible Injury","None","39.01569335","-76.99779933","    (39.01569335, -76.99779933)"
"MCP2939007Q","250022932","MONTGOMERY","Injury Crash","05/23/2025 07:05:00 PM","County Route","NEWCUT RD","SNOWDEN FARM PKW (WB/L)Y",,,"Cyclist (non-electric)","Single Vehicle","Clear","Dry","Daylight","Traffic Control Signal","Not Suspect of Alcohol Use, Not Suspect of Drug Use","Unknown, Unknown","B592A5CD-7C5C-4140-A53A-7484ECE35666","Cyclist (non-electric)","Cross/Enter at Intersection","Failure to Obey Traffic Signs, Signals, or Officer, Inattentive (Talking, Eating, etc.), Other","Intersection Other","Yes","Suspected Minor Injury","None","39.22833993","-77.2501832","    (39.22833993, -77.2501832)"
"MCP299100BF","250022852","MONTGOMERY","Injury Crash","05/23/2025 11:00:00 AM","County Route","SAHALEA TERR",,,,"Unknown","Single Vehicle","Clear","Dry","Daylight","No Controls","Not Suspect of Alcohol Use, Not Suspect of Drug Use","Not Suspect of Alcohol Use, Not Suspect of Drug Use","EB5A719B-5B91-433B-B834-9EE3E691B95F","Unknown","Other Working","Other","Other","No","Possible Injury","Other","39.12668267","-76.9689055","    (39.12668267, -76.9689055)"
"MCP27520074","250022783","MONTGOMERY","Injury Crash","05/22/2025 08:38:00 PM","County Route","SEVEN LOCKS RD","TUCKERMAN LA",,,"Pedestrian","Single Vehicle","Rain","Wet","Daylight","Traffic Control Signal","Not Suspect of Alcohol Use, Not Suspect of Drug Use","Not Suspect of Alcohol Use, Not Suspect of Drug Use","93F0AB03-FBE3-4003-967C-3524511CA6A3","Pedestrian","Cross/Enter at Intersection","Dart/Dash","Intersection Marked Crosswalk","No","Suspected Minor Injury","None","39.04090039","-77.15924","    (39.04090039, -77.15924)"
"MCP2756006S","250022742","MONTGOMERY","Injury Crash","05/22/2025 04:48:00 PM",,,,"Parking Lot Way        REAR PARKING LOT OF 11135 NEWPORT MILL RD.",,"Pedestrian","Single Vehicle","Rain",,"Daylight",,"Not Suspect of Alcohol Use, Not Suspect of Drug Use","Not Suspect of Alcohol Use, Not Suspect of Drug Use","ED8B3616-BD39-40ED-8DB6-6C2BD39B536D","Pedestrian","Other","None (No Improper Action)","Other","No","Possible Injury","None","39.04001893","-77.06655832","    (39.04001893, -77.06655832)"
"MCP3387002P","250022656","MONTGOMERY","Injury Crash","05/22/2025 10:17:00 AM",,,,"Alley        ALLEY BEHIND TECH RD SHOPPING CENTER",,"Pedestrian","Single Vehicle","Rain",,"Daylight",,"Not Suspect of Alcohol Use, Not Suspect of Drug Use","Not Suspect of Alcohol Use, Not Suspect of Drug Use","17284F14-4D3C-4DD0-B55E-2DE5DE9583D6","Pedestrian","Cross/Enter Not at Intersection","Failure to Yield Right-Of-Way","NonTrafficway Area","Yes","Suspected Minor Injury","None","39.05758728","-76.96672413","    (39.05758728, -76.96672413)"
"EJ7894005V","250022671","GAITHERSBURG","Injury Crash","05/21/2025 10:30:00 AM","Municipality Route","CHRISTOPHER AVE",,,,"Pedestrian","Single Vehicle","Rain","Wet","Daylight","No Controls","Not Suspect of Alcohol Use, Not Suspect of Drug Use","Not Suspect of Alcohol Use, Not Suspect of Drug Use","EEA17A12-F314-4C7A-8FA8-769629E31DC9","Pedestrian","Other","None (No Improper Action)","Other","No","Possible Injury","None","39.15672888","-77.21458782","    (39.15672888, -77.21458782)"
"DD56690017","250022434","ROCKVILLE","Injury Crash","05/20/2025 11:24:00 PM","Municipality Route","FIRST ST",,,,"Pedestrian","Front to Rear","Clear","Dry","Dark - Lighted","No Controls","Unknown, Unknown","Not Suspect of Alcohol Use, Not Suspect of Drug Use","56F9AAE2-09D8-4330-A44C-58A0AF791A5E","Pedestrian","Other","Other","Other","No","Suspected Minor Injury","None","39.0887569","-77.1361305","    (39.0887569, -77.1361305)"
"MCP3050006M","250022405","MONTGOMERY","Injury Crash","05/20/2025 07:33:00 PM","County Route","GLENALLAN AVE (WB/L)",,,,"Pedestrian","Single Vehicle","Clear","Dry","Daylight","Traffic Control Signal","Not Suspect of Alcohol Use, Not Suspect of Drug Use, Unknown, Unknown","Not Suspect of Alcohol Use, Not Suspect of Drug Use","7794B5B4-3EAD-4769-A402-60AFD2D33F2C","Pedestrian","Cross/Enter at Intersection","Dart/Dash, Failure to Yield Right-Of-Way","Intersection Marked Crosswalk","No","Possible Injury","None","39.06317325","-77.0544775","    (39.06317325, -77.0544775)"
"MCP285300B6","250022228","MONTGOMERY","Injury Crash","05/19/2025 09:06:00 PM","US (State)","COLUMBIA PIKE",,,,"Pedestrian","Single Vehicle","Clear","Dry","Dark - Lighted","No Controls","Not Suspect of Alcohol Use, Not Suspect of Drug Use","Suspect of Alcohol Use, Not Suspect of Drug Use","BE394FB4-2A91-4F51-8D40-C53F5983C88C","Pedestrian","Walking/Cycling on Sidewalk","In Roadway Improperly (Standing, Lying, Working, Playing)","Sidewalk","No","Possible Injury","None","39.032216","-77.00361283","    (39.032216, -77.00361283)"
"MCP33900023","250022171","MONTGOMERY","Injury Crash","05/19/2025 04:01:00 PM","Local Route","DEERWATER DR",,,,"Pedestrian","Unknown","Clear","Dry","Daylight","No Controls","Unknown, Unknown","Not Suspect of Alcohol Use, Not Suspect of Drug Use","BAF052D5-9B92-400A-A047-3F142EA43F51","Pedestrian","Cross/Enter Not at Intersection","Dart/Dash","Travel Lane Other Location","No","Suspected Minor Injury","None","39.1919257","-77.2800692","    (39.1919257, -77.2800692)"
"DD5673001V","250022139","ROCKVILLE","Injury Crash","05/19/2025 02:23:00 PM",,,,"Private Road        PARKING LOT AT FLAGSHIP CAR WASH",,"Pedestrian","Single Vehicle","Clear",,"Daylight",,"Not Suspect of Alcohol Use, Not Suspect of Drug Use","Not Suspect of Alcohol Use, Not Suspect of Drug Use","F3211CD6-C692-4B79-86D0-03865E96383E","Pedestrian","Standing","None (No Improper Action)","Other","No","Suspected Minor Injury","None","39.0578314","-77.11629767","    (39.0578314, -77.11629767)"
"MCP2231008P","250022097","MONTGOMERY","Injury Crash","05/19/2025 10:58:00 AM",,,,"Driveway        PARKING LOT OF 438 N FREDERICK AVE",,"Pedestrian","Single Vehicle","Clear",,"Daylight",,"Not Suspect of Alcohol Use, Not Suspect of Drug Use","Not Suspect of Alcohol Use, Not Suspect of Drug Use","1448F03F-7AB0-48F7-BA73-379C7C1CF8E2","Pedestrian","Walking/Cycling on Sidewalk","None (No Improper Action)","Sidewalk","No","Suspected Minor Injury","None","39.14771349","-77.20618924","    (39.14771349, -77.20618924)"
"MCP91180059","250022019","MONTGOMERY","Injury Crash","05/18/2025 10:28:00 PM","County Route","CENTERHILL ST","VEIRS MILL RD (WB/L)",,,"Pedestrian","Single Vehicle","Clear","Dry","Dark - Unknown Lighting","Stop Sign","Not Suspect of Alcohol Use, Not Suspect of Drug Use","Not Suspect of Alcohol Use, Not Suspect of Drug Use","0B6DA1FF-C0B8-4307-B2DA-655DF0012EDB","Pedestrian","Cross/Enter at Intersection","Unknown","Intersection Marked Crosswalk","No","Possible Injury","None","39.05041779","-77.07256584","    (39.05041779, -77.07256584)"
"MCP2270004S","250021950","MONTGOMERY","Injury Crash","05/18/2025 11:00:00 AM",,,,"Parking Lot Way        SHELL GAS STATION
300 EAST GUDE DRIVE
ROCKVILLE, MD 20850",,"Pedestrian","Single Vehicle","Clear",,"Daylight",,"Not Suspect of Alcohol Use, Not Suspect of Drug Use","Not Suspect of Alcohol Use, Not Suspect of Drug Use","AE04CE2D-B2A9-4B64-B242-C63AB7421D00","Pedestrian","Walking/Cycling Along Roadway With Traffic (In or Adjacent to Travel Lane)","None (No Improper Action)","Driveway Access","No","Suspected Serious Injury","None","39.10617971","-77.15167737","    (39.10617971, -77.15167737)"
"MCP30770025","250021529","MONTGOMERY","Injury Crash","05/15/2025 08:55:00 PM","County Route","TOWN COMMONS BLVD","CENTURY BLVD",,,"Pedestrian","Single Vehicle","Clear","Dry","Dark - Lighted","Pedestrian Crossing","Not Suspect of Alcohol Use, Not Suspect of Drug Use","Not Suspect of Alcohol Use, Not Suspect of Drug Use","F23AB700-1079-4BEF-8897-6EC7A5A0CD6A","Pedestrian","Cross/Enter at Intersection","None (No Improper Action)","Intersection Marked Crosswalk","No","Suspected Minor Injury","None","39.18107375","-77.2671538","    (39.18107375, -77.2671538)"
"MCP22980173","250021436","MONTGOMERY","Injury Crash","05/15/2025 01:27:00 PM","County Route","ASPEN HILL RD","CONNECTICUT AVE (SB/L)",,,"Cyclist (Electric)","Unknown","Clear","Dry","Daylight","Traffic Control Signal","Not Suspect of Alcohol Use, Not Suspect of Drug Use","Not Suspect of Alcohol Use, Not Suspect of Drug Use","358F002A-D8F5-4721-814A-F86041BACED6","Cyclist (Electric)","Walking/Cycling Along Roadway Against Traffic (In or Adjacent to Travel Lane)","Failure to Yield Right-Of-Way","Intersection Other","Yes","Suspected Minor Injury","None","39.08023256","-77.08076385","    (39.08023256, -77.08076385)"
"MCP3052004K","250021433","MONTGOMERY","Injury Crash","05/15/2025 11:00:00 AM","County Route",,,,,"Cyclist (Electric)","Single Vehicle","Clear","Dry","Daylight","No Controls","Not Suspect of Alcohol Use, Not Suspect of Drug Use","Not Suspect of Alcohol Use, Not Suspect of Drug Use","A08CA3D1-D5F7-4C91-B642-FF616A5B9BCA","Cyclist (Electric)","Walking/Cycling on Sidewalk","Failure to Obey Traffic Signs, Signals, or Officer, Not Visible (Dark Clothing, No Lighting, etc.), Wrong-Way Riding or Walking","Driveway Access","Yes","Possible Injury","None","39.1677852","-77.17428102","    (39.1677852, -77.17428102)"
"MCP3208006W","250021341","MONTGOMERY","Injury Crash","05/14/2025 11:00:00 PM","County Route","FENTON ST","SLIGO AVE",,,"Pedestrian","Single Vehicle","Clear",,"Unknown","Traffic Control Signal","Unknown, Unknown","Suspect of Alcohol Use, Not Suspect of Drug Use","8E5F4660-66C0-4D1D-A24C-8C7CDEB8C1A6","Pedestrian","Cross/Enter at Intersection","Unknown","Intersection Marked Crosswalk","No","Suspected Minor Injury","None","38.99019397","-77.02389503","    (38.99019397, -77.02389503)"
"MCP2181005J","250021195","MONTGOMERY","Fatal Crash","05/14/2025 05:31:00 AM","Other Public Roadway","W WATKINS MILL RD",,,,"Pedestrian","Single Vehicle","Rain","Wet","Dark - Lighted","Flashing Traffic Control Signal","Unknown, Unknown","Unknown, Unknown","7D47DB54-F9FA-4B8F-8EE4-22009215FC41","Pedestrian","Cross/Enter at Intersection","Unknown","Intersection Marked Crosswalk","No","Fatal Injury","None","39.15797194","-77.22180418","    (39.15797194, -77.22180418)"
"MCP3305004F","250021000","MONTGOMERY","Injury Crash","05/12/2025 09:20:00 PM","County Route","SCHINDLER DR","NEW HAMPSHIRE AVE (SB/L)",,,"Pedestrian","Single Vehicle","Cloudy","Wet","Dark - Not Lighted","Traffic Control Signal","Not Suspect of Alcohol Use, Not Suspect of Drug Use","Not Suspect of Alcohol Use, Not Suspect of Drug Use","E4DDFBF8-CD88-4CCF-A574-FDB30CA78EC9","Pedestrian","Cross/Enter at Intersection","Unknown","Intersection Marked Crosswalk","No","Suspected Minor Injury","None","39.03343794","-76.986232","    (39.03343794, -76.986232)"
"EJ7891002F","250020676","GAITHERSBURG","Injury Crash","05/10/2025 09:01:00 PM","Ramp","RAMP 1 FR IS 270 NB TO MD 117 WB",,,,"Pedestrian","Single Vehicle","Clear","Dry","Dark - Lighted","Traffic Control Signal","Not Suspect of Alcohol Use, Not Suspect of Drug Use","Suspect of Alcohol Use, Not Suspect of Drug Use","5C9C85B8-054E-4016-AAFB-83D0650D5D7E","Pedestrian","Cross/Enter at Intersection","None (No Improper Action)","Intersection Marked Crosswalk","No","Suspected Minor Injury","None","39.14068682","-77.21070021","    (39.14068682, -77.21070021)"
"MCP3352002V","250020659","MONTGOMERY","Injury Crash","05/10/2025 07:25:00 PM","County Route","EMORY GROVE RD",,,,"Pedestrian","Single Vehicle","Clear","Dry","Daylight","No Controls","Not Suspect of Alcohol Use, Not Suspect of Drug Use","Not Suspect of Alcohol Use, Not Suspect of Drug Use","93512BDF-EC45-41D4-9280-1A329151CC95","Pedestrian","Cross/Enter Not at Intersection","None (No Improper Action)","Travel Lane Other Location","No","Suspected Minor Injury","None","39.15325669","-77.17374858","    (39.15325669, -77.17374858)"
"MCP32200056","250020510","MONTGOMERY","Injury Crash","05/09/2025 05:42:00 PM","Municipality Route","WASHINGTONIAN BLVD",,,,"Pedestrian","Single Vehicle","Clear","Dry","Daylight","Pedestrian Crossing Sign","Not Suspect of Alcohol Use, Not Suspect of Drug Use","Not Suspect of Alcohol Use, Not Suspect of Drug Use","AA0BC266-632A-4259-AA17-D105AEE26A83","Pedestrian","Cross/Enter at Intersection","None (No Improper Action)","Intersection Marked Crosswalk","No","Possible Injury","None","39.11645959","-77.19923171","    (39.11645959, -77.19923171)"
"MCP3050006J","250020502","MONTGOMERY","Injury Crash","05/09/2025 04:48:00 PM","Maryland (State) Route","GEORGIA AVE",,,,"Pedestrian","Single Vehicle","Clear","Dry","Daylight","No Controls","Unknown, Unknown","Not Suspect of Alcohol Use, Not Suspect of Drug Use","6CADFB4C-004C-4E3C-AB49-7AAB6BBF7DC2","Pedestrian","Other","None (No Improper Action)","Driveway Access","No","Possible Injury","None","39.08463197","-77.07799855","    (39.08463197, -77.07799855)"
"MCP284600B8","250020425","MONTGOMERY","Injury Crash","05/09/2025 09:30:00 AM","Maryland (State) Route","MUNCASTER MILL RD",,,,"Pedestrian","Unknown","Rain","Wet","Daylight","Pedestrian Crossing","Not Suspect of Alcohol Use, Not Suspect of Drug Use","Not Suspect of Alcohol Use, Not Suspect of Drug Use","D4FD5ACA-2EA5-4D6D-88E0-14962CEF9228","Pedestrian","Cross/Enter at Intersection","Dart/Dash","Intersection Marked Crosswalk","Yes","Suspected Minor Injury","None","39.10891144","-77.08008727","    (39.10891144, -77.08008727)"
"MCP235800DP","250020405","MONTGOMERY","Injury Crash","05/09/2025 06:49:00 AM","County Route","WESTBARD AVE",,,,"Pedestrian","Single Vehicle","Rain","Wet","Daylight","Traffic Control Signal","Not Suspect of Alcohol Use, Not Suspect of Drug Use","Not Suspect of Alcohol Use, Not Suspect of Drug Use","7D5B7E11-CFB0-4255-9D28-D6D4098E700A","Pedestrian","Cross/Enter at Intersection","None (No Improper Action)","Intersection Marked Crosswalk","No","Suspected Minor Injury","None","38.96370034","-77.10657709","    (38.96370034, -77.10657709)"
"MCP3053008R","250020345","MONTGOMERY","Property Damage Crash","05/08/2025 06:15:00 PM",,,,"Parking Lot Way        PARKING LOT OF 12325 GEORGIA AVE",,"Cyclist (non-electric)","Unknown","Clear",,"Daylight",,"Not Suspect of Alcohol Use, Not Suspect of Drug Use","Unknown, Unknown","C199BC61-E835-43A3-8E95-0253D01D196B","Cyclist (non-electric)","Cross/Enter Not at Intersection","Dart/Dash","Other","No","No Apparent Injury","None","39.05977367","-77.04914167","    (39.05977367, -77.04914167)"
"MCP3230006Y","250020302","MONTGOMERY","Injury Crash","05/08/2025 03:05:00 PM","County Route","TURKEY BRANCH PKWY","INDEPENDENCE ST",,,"Scooter (electric)","Single Vehicle","Clear","Dry","Daylight","No Controls","Not Suspect of Alcohol Use, Not Suspect of Drug Use","Not Suspect of Alcohol Use, Not Suspect of Drug Use","9F129704-88F8-4443-ABB7-B7D7ACB1786B","Scooter (electric)","Cross/Enter at Intersection","Failure to Yield Right-Of-Way","Intersection Unmarked Crosswalk","No","Suspected Minor Injury","None","39.07575217","-77.08181067","    (39.07575217, -77.08181067)"
"DD5583009P","250020118","ROCKVILLE","Property Damage Crash","05/07/2025 02:11:00 PM","Spur",,,,,"Cyclist (Electric)","Single Vehicle","Clear","Dry","Daylight","Pedestrian Crossing Sign","Not Suspect of Alcohol Use, Not Suspect of Drug Use","Not Suspect of Alcohol Use, Not Suspect of Drug Use","60D3D145-1E39-4B3A-9BAD-4238DD9BBC3E","Cyclist (Electric)","Cross/Enter at Intersection","Failure to Yield Right-Of-Way","Intersection Marked Crosswalk","No","No Apparent Injury","None","39.09189755","-77.15368625","    (39.09189755, -77.15368625)"
"MCP2612005M","250020271","MONTGOMERY","Injury Crash","05/07/2025 12:57:00 PM","County Route","GRANDVIEW AVE","WEISMAN RD",,,"Pedestrian","Single Vehicle","Clear","Dry","Daylight","Stop Sign","Unknown, Unknown","Unknown, Unknown","7F0989EF-A3B2-4180-B9B6-E4F92CAE7BD7","Pedestrian","Cross/Enter at Intersection","None (No Improper Action)","Intersection Marked Crosswalk","No","Possible Injury","None","39.04308501","-77.05313664","    (39.04308501, -77.05313664)"
"MCP3441000K","250019866","MONTGOMERY","Injury Crash","05/06/2025 12:19:00 PM","County Route","CHESTNUT ST","WISCONSIN AVE",,,"Cyclist (Electric)","Single Vehicle","Clear","Dry","Daylight","No Controls","Not Suspect of Alcohol Use, Not Suspect of Drug Use","Not Suspect of Alcohol Use, Not Suspect of Drug Use","6514C085-24E0-4D14-972D-A269FBBC6775","Cyclist (Electric)","Walking/Cycling on Sidewalk","None (No Improper Action)","Intersection Marked Crosswalk","No","Suspected Minor Injury","None","38.9934644","-77.09608134","    (38.9934644, -77.09608134)"
"MCP3190006K","250019790","MONTGOMERY","Injury Crash","05/05/2025 08:08:00 PM","County Route",,"GEORGIA AVE",,,"Scooter (electric)","Single Vehicle","Rain","Wet","Dark - Lighted","Pedestrian Crossing Sign","Not Suspect of Alcohol Use, Not Suspect of Drug Use","Not Suspect of Alcohol Use, Not Suspect of Drug Use","58842BCC-C176-4970-8AF0-8D654C085D52","Scooter (electric)","Cross/Enter at Intersection","None (No Improper Action)","Intersection Marked Crosswalk","No","Suspected Minor Injury","None","39.15040469","-77.0661939","    (39.15040469, -77.0661939)"