"Report Number","Local Case Number","Agency Name","ACRS Report Type","Crash Date/Time","Route Type","Road Name","Cross-Street Name","Off-Road Description","Municipality","Related Non-Motorist","Collision Type","Weather","Surface Condition","Light","Traffic Control","Driver Substance Abuse","Non-Motorist Substance Abuse","Person ID","Pedestrian Type","Pedestrian Movement","Pedestrian Actions","Pedestrian Location","At Fault","Injury Severity","Safety Equipment","Latitude","Longitude","Location"
"MCP2637005X","250012580","MONTGOMERY","Injury Crash","03/22/2025 01:39:00 PM","County Route","PENFOLD CT",,,,"Pedestrian, Wheelchair (non-electric)","Single Vehicle","Cloudy","Dry","Daylight","No Controls","Not Suspect of Alcohol Use, Not Suspect of Drug Use","Not Suspect of Alcohol Use, Not Suspect of Drug Use","90345DBE-536F-4D67-826F-8AD5AFCFF6FE","Wheelchair (non-electric)","Walking/Cycling Along Roadway With Traffic (In or Adjacent to Travel Lane)","None (No Improper Action)","Travel Lane Other Location","No","Possible Injury","None","39.05540906","-77.20670766","    (39.05540906, -77.20670766)"
"MCP2637005X","250012580","MONTGOMERY","Injury Crash","03/22/2025 01:39:00 PM","County Route","PENFOLD CT",,,,"Pedestrian, Wheelchair (non-electric)","Single Vehicle","Cloudy","Dry","Daylight","No Controls","Not Suspect of Alcohol Use, Not Suspect of Drug Use","Not Suspect of Alcohol Use, Not Suspect of Drug Use","45C2C1BE-4DC1-47CD-B3A6-87F03A4BE8F4","Pedestrian","Walking/Cycling Along Roadway Against Traffic (In or Adjacent to Travel Lane)","None (No Improper Action)","Travel Lane Other Location","No","No Apparent Injury","None","39.05540906","-77.20670766","    (39.05540906, -77.20670766)"
"MCP302600DL","250012584","MONTGOMERY","Injury Crash","03/21/2025 06:20:00 PM",,,,"Parking Lot Way        ENTRANCE / EXIT TO PARKING GARAGE",,"Wheelchair (electric)","Single Vehicle","Clear",,"Unknown",,"Unknown, Unknown","Not Suspect of Alcohol Use, Not Suspect of Drug Use","6FDECB7B-D95E-430C-ADB1-1357DCF3C72D","Wheelchair (electric)","Walking/Cycling Along Roadway With Traffic (In or Adjacent to Travel Lane)","None (No Improper Action)","Driveway Access","No","Suspected Minor Injury","Other","39.04269526","-77.11276741","    (39.04269526, -77.11276741)"
"MCP33950032","250012800","MONTGOMERY","Injury Crash","03/21/2025 04:28:00 PM","County Route",,"BEACH DR EAST WEST HWY",,,"Cyclist (non-electric)","Single Vehicle","Clear","Dry","Daylight","Traffic Control Signal","Unknown, Unknown","Unknown, Unknown","6F4C902B-BFF8-47D6-A80E-4228B51868DC","Cyclist (non-electric)","Unknown","Unknown","Intersection Marked Crosswalk","No","Possible Injury","Helmet","38.99317802","-77.06341918","    (38.99317802, -77.06341918)"
"DD55380055","250012450","ROCKVILLE","Injury Crash","03/21/2025 03:58:00 PM","Municipality Route","CABIN JOHN PKWY","E LYNFIELD DR",,,"Scooter (electric)","Single Vehicle","Clear","Dry","Daylight","No Controls","Not Suspect of Alcohol Use, Not Suspect of Drug Use","Not Suspect of Alcohol Use, Not Suspect of Drug Use","48571C60-8561-4F30-907C-E329D4005FE4","Scooter (electric)","Cross/Enter at Intersection","Dart/Dash","Intersection Unmarked Crosswalk","Yes","Suspected Minor Injury","None","39.07466819","-77.15089361","    (39.07466819, -77.15089361)"
"DD55380055","250012450","ROCKVILLE","Injury Crash","03/21/2025 03:58:00 PM","Municipality Route","CABIN JOHN PKWY","E LYNFIELD DR",,,"Scooter (electric)","Single Vehicle","Clear","Dry","Daylight","No Controls","Not Suspect of Alcohol Use, Not Suspect of Drug Use","Not Suspect of Alcohol Use, Not Suspect of Drug Use","4C9E61DF-DFB9-422B-AA6C-1EEA299BF585","Scooter (electric)","Cross/Enter at Intersection","Dart/Dash","Intersection Unmarked Crosswalk","No","Suspected Minor Injury","None","39.07466819","-77.15089361","    (39.07466819, -77.15089361)"
"MCP34240016","250012382","MONTGOMERY","Injury Crash","03/21/2025 09:37:00 AM","Municipality Route","W DIAMOND AVE",,,,"Pedestrian","Single Vehicle","Clear","Dry","Daylight","No Controls","Not Suspect of Alcohol Use, Not Suspect of Drug Use","Not Suspect of Alcohol Use, Not Suspect of Drug Use","2B17B4AA-F880-479C-A56C-4B1AE2491A83","Pedestrian","Cross/Enter Not at Intersection","Failure to Obey Traffic Signs, Signals, or Officer, Inattentive (Talking, Eating, etc.)","Travel Lane Other Location","Yes","Suspected Minor Injury","None","39.1408595","-77.19580067","    (39.1408595, -77.19580067)"
"MCP3276003G","250012336","MONTGOMERY","Injury Crash","03/20/2025 10:27:00 PM","Local Route","SILVER SPRING AVE","GEORGIA AVE (SB/L)",,,"Scooter (electric)","Single Vehicle","Clear","Wet","Dark - Lighted","Traffic Control Signal","Not Suspect of Alcohol Use, Not Suspect of Drug Use","Not Suspect of Alcohol Use, Not Suspect of Drug Use","DEF72A03-75A2-45C5-A10A-10398ACFD6A3","Scooter (electric)","Cross/Enter at Intersection","Failure to Obey Traffic Signs, Signals, or Officer","Intersection Unmarked Crosswalk","No","Suspected Minor Injury","None","38.99155184","-77.02674788","    (38.99155184, -77.02674788)"
"MCP156300BB","250012172","MONTGOMERY","Injury Crash","03/20/2025 07:31:00 AM","County Route","WINNETT RD","POMANDER LA",,,"Pedestrian","Single Vehicle","Clear","Dry","Daylight","Stop Sign","Not Suspect of Alcohol Use, Not Suspect of Drug Use","Not Suspect of Alcohol Use, Not Suspect of Drug Use","DFFB8F0F-67F4-49A8-8AF4-A295F15F6D37","Pedestrian","Cross/Enter at Intersection","None (No Improper Action)","Intersection Unmarked Crosswalk","No","Suspected Minor Injury","None","38.98053967","-77.06313583","    (38.98053967, -77.06313583)"
"DD5668001M","250012127","ROCKVILLE","Injury Crash","03/19/2025 07:28:00 PM","Other Public Roadway","CROFTON HILL LA",,,,"Pedestrian","Single Vehicle","Clear","Dry","Dark - Lighted","No Controls","Not Suspect of Alcohol Use, Not Suspect of Drug Use","Not Suspect of Alcohol Use, Not Suspect of Drug Use","8B2D4CB1-D4DE-4452-98C4-583CF9081D76","Pedestrian","Walking/Cycling Along Roadway With Traffic (In or Adjacent to Travel Lane)","Wrong-Way Riding or Walking","Shared Use Path or Trail","No","Possible Injury","None","39.08976327","-77.18060861","    (39.08976327, -77.18060861)"
"MCP2931007N","250012120","MONTGOMERY","Injury Crash","03/19/2025 06:36:00 PM","County Route","TWINBROOK PKWY",,,,"Scooter (electric)","Single Vehicle","Clear","Dry","Daylight","No Controls","Not Suspect of Alcohol Use, Not Suspect of Drug Use","Not Suspect of Alcohol Use, Not Suspect of Drug Use","8BDD1F28-55DE-4C85-A11E-6042F1FA673F","Scooter (electric)","None","None (No Improper Action), Unknown","Travel Lane Other Location","No","Suspected Serious Injury","None","39.06827067","-77.11413267","    (39.06827067, -77.11413267)"
"MCP2931007N","250012120","MONTGOMERY","Injury Crash","03/19/2025 06:36:00 PM","County Route","TWINBROOK PKWY",,,,"Scooter (electric)","Single Vehicle","Clear","Dry","Daylight","No Controls","Not Suspect of Alcohol Use, Not Suspect of Drug Use","Not Suspect of Alcohol Use, Not Suspect of Drug Use","8CA5CF67-4C01-4565-9C3E-0C99371B061F","Scooter (electric)","Other","None (No Improper Action), Unknown","Travel Lane Other Location","Yes","No Apparent Injury","None","39.06827067","-77.11413267","    (39.06827067, -77.11413267)"
"MCP33840018","250012047","MONTGOMERY","Injury Crash","03/19/2025 02:20:00 PM","Maryland (State) Route","COLESVILLE RD","WMATA ENT",,,"Pedestrian","Single Vehicle","Clear","Dry","Daylight","Flashing Traffic Control Signal","Unknown, Unknown","Unknown, Unknown","3CD8804D-66BF-4311-87FF-772AED0EEF39","Pedestrian","Cross/Enter at Intersection","Unknown","Unknown","No","Suspected Minor Injury","None","38.99420706","-77.03103005","    (38.99420706, -77.03103005)"
"MCP1550005X","250012025","MONTGOMERY","Injury Crash","03/19/2025 12:55:00 PM","County Route","WOODGLEN DR (NB/L)","SECURITY LA",,,"Pedestrian","Single Vehicle","Clear","Dry","Daylight","Stop Sign","Not Suspect of Alcohol Use, Not Suspect of Drug Use","Not Suspect of Alcohol Use, Not Suspect of Drug Use","D1B762A2-CDF6-489D-973F-56E1B38D2B54","Pedestrian","Cross/Enter at Intersection","None (No Improper Action)","Intersection Marked Crosswalk","No","Suspected Minor Injury","None","39.04194967","-77.11322117","    (39.04194967, -77.11322117)"
"DD5671000Y","250011825","ROCKVILLE","Injury Crash","03/18/2025 11:30:00 AM","Municipality Route",,"LEWIS AVE",,,"Pedestrian","Single Vehicle","Clear","Dry","Daylight","Stop Sign","Not Suspect of Alcohol Use, Not Suspect of Drug Use","Not Suspect of Alcohol Use, Not Suspect of Drug Use","D383F06A-6561-4EC2-B3E7-8522AA243C04","Pedestrian","Cross/Enter at Intersection","Unknown","Intersection Marked Crosswalk","No","Suspected Serious Injury","None","39.07497378","-77.134219","    (39.07497378, -77.134219)"
"MCP235300D3","250011815","MONTGOMERY","Injury Crash","03/18/2025 10:45:00 AM","Government Route","BEACH DR","FRANKLIN ST",,,"Cyclist (non-electric)","Single Vehicle","Cloudy","Dry","Daylight","No Controls","Not Suspect of Alcohol Use, Not Suspect of Drug Use","Not Suspect of Alcohol Use, Not Suspect of Drug Use","3D934EBE-5F5E-4324-AE87-EFD3AC355273","Cyclist (non-electric)","Walking/Cycling Along Roadway With Traffic (In or Adjacent to Travel Lane)","None (No Improper Action)","Shoulder/Roadside","No","Suspected Minor Injury","Helmet","39.01949057","-77.0976496","    (39.01949057, -77.0976496)"
"MCP3379001R","250011687","MONTGOMERY","Injury Crash","03/17/2025 03:44:00 PM","Maryland (State) Route","GERMANTOWN RD (SB/L)",,,,"Scooter (electric)","Single Vehicle","Clear","Dry","Daylight","Traffic Control Signal","Not Suspect of Alcohol Use, Not Suspect of Drug Use","Not Suspect of Alcohol Use, Not Suspect of Drug Use","3F759634-DB52-4692-B051-955264983B7A","Scooter (electric)","Cross/Enter at Intersection","Failure to Obey Traffic Signs, Signals, or Officer, Failure to Yield Right-Of-Way","Intersection Marked Crosswalk","Yes","Suspected Minor Injury","None","39.16716675","-77.28062683","    (39.16716675, -77.28062683)"
"MCP283200BL","250011627","MONTGOMERY","Injury Crash","03/17/2025 10:45:00 AM","Municipality Route","FARRAGUT AVE","LEXINGTON ST",,,"Pedestrian","Single Vehicle","Clear","Dry","Daylight","Stop Sign","Not Suspect of Alcohol Use, Not Suspect of Drug Use","Not Suspect of Alcohol Use, Not Suspect of Drug Use","4255432F-FE24-43BB-83D9-3BA46D745617","Pedestrian","Cross/Enter at Intersection","Other","Intersection Unmarked Crosswalk","No","Possible Injury","None","39.03184022","-77.07236932","    (39.03184022, -77.07236932)"
"MCP2445006T","250011609","MONTGOMERY","Injury Crash","03/17/2025 09:36:00 AM","County Route","OBSERVATION DR (SB/L)","MILESTONE CENTER DR (NB/L)",,,"Pedestrian","Single Vehicle","Cloudy","Dry","Daylight","Traffic Control Signal","Not Suspect of Alcohol Use, Not Suspect of Drug Use","Not Suspect of Alcohol Use, Not Suspect of Drug Use","AEF5C360-D8B8-41BE-A97A-69D3241646F0","Pedestrian","Cross/Enter at Intersection","None (No Improper Action)","Intersection Marked Crosswalk","No","Possible Injury","None","39.20382167","-77.25976667","    (39.20382167, -77.25976667)"
"MCP3258004Y","250011265","MONTGOMERY","Property Damage Crash","03/14/2025 04:29:00 PM","Maryland (State) Route","UNIVERSITY BLVD W",,,,"Cyclist (Electric)","Single Vehicle","Clear","Dry","Daylight","Traffic Control Signal","Not Suspect of Alcohol Use, Not Suspect of Drug Use","Not Suspect of Alcohol Use, Not Suspect of Drug Use","16C44B94-1B6A-440E-B8D4-1A0868D97AC2","Cyclist (Electric)","Walking/Cycling Along Roadway With Traffic (In or Adjacent to Travel Lane)","None (No Improper Action)","Other","No","No Apparent Injury","None","39.04138277","-77.04892881","    (39.04138277, -77.04892881)"
"MCP2674005Y","250011109","MONTGOMERY","Injury Crash","03/13/2025 05:45:00 PM",,,,"Driveway        DRIVE OF 6525 OLNEY LAYTONSVILLE RD",,"Cyclist (non-electric)","Single Vehicle","Clear",,"Daylight",,"Not Suspect of Alcohol Use, Not Suspect of Drug Use","Not Suspect of Alcohol Use, Not Suspect of Drug Use","2344534F-D245-40DA-A98C-E9F57BB4095B","Cyclist (non-electric)","Walking/Cycling on Sidewalk","None (No Improper Action)","Sidewalk","No","Possible Injury","Helmet","39.19897572","-77.13290312","    (39.19897572, -77.13290312)"
"MCP2764003T","250011113","MONTGOMERY","Property Damage Crash","03/13/2025 05:15:00 PM","Spur",,"PARKLAWN DR (SB/L) RANDOLPH RD",,,"Cyclist (non-electric)","Single Vehicle","Clear","Dry","Daylight","Traffic Control Signal","Not Suspect of Alcohol Use, Not Suspect of Drug Use","Unknown, Unknown","696A8527-8B3B-4D55-B19D-6231059C2666","Cyclist (non-electric)","Unknown","Unknown","Intersection Marked Crosswalk","Yes","No Apparent Injury","None","39.0533756","-77.10580968","    (39.0533756, -77.10580968)"
"MCP30900083","250011096","MONTGOMERY","Injury Crash","03/13/2025 04:51:00 PM","Maryland (State) Route",,,,,"Cyclist (Electric)","Single Vehicle","Clear","Dry","Daylight","No Controls","Not Suspect of Alcohol Use, Not Suspect of Drug Use","Not Suspect of Alcohol Use, Not Suspect of Drug Use","A226A5C9-12CC-4AC9-BA35-99E07BE845D5","Cyclist (Electric)","Walking/Cycling Along Roadway With Traffic (In or Adjacent to Travel Lane)","Improper Passing","Shoulder/Roadside","Yes","Suspected Serious Injury","Helmet","39.14289533","-77.13973867","    (39.14289533, -77.13973867)"
"MCP3423001D","250010989","MONTGOMERY","Injury Crash","03/13/2025 07:50:00 AM","County Route","FEATHERWOOD ST",,,,"Pedestrian","Single Vehicle","Clear","Dry","Daylight","No Controls","Not Suspect of Alcohol Use, Not Suspect of Drug Use","Not Suspect of Alcohol Use, Not Suspect of Drug Use","1E312939-A106-4EE0-908D-A2FBC7E69A6A","Pedestrian","Getting Off/On Vehicle","None (No Improper Action)","Travel Lane Other Location","No","Possible Injury","Lighting, Reflective Wear (backpack, triangles, etc.)","39.05773683","-76.9712545","    (39.05773683, -76.9712545)"
"MCP219800H2","250010863","MONTGOMERY","Injury Crash","03/12/2025 02:41:00 PM","Maryland (State) Route","QUINCE ORCHARD RD",,,,"Pedestrian","Single Vehicle","Clear","Dry","Daylight","Traffic Control Signal","Not Suspect of Alcohol Use, Not Suspect of Drug Use","Not Suspect of Alcohol Use, Not Suspect of Drug Use","905F43A3-67D9-4386-813C-D909C9A06F5E","Pedestrian","Cross/Enter at Intersection","None (No Improper Action)","Intersection Marked Crosswalk","No","Suspected Serious Injury","None","39.11882921","-77.25173402","    (39.11882921, -77.25173402)"
"EJ7902001S","250010737","GAITHERSBURG","Injury Crash","03/11/2025 08:40:00 PM","Maryland (State) Route","W DIAMOND AVE (WB/L)",,,,"Scooter (electric)","Single Vehicle","Clear","Dry","Dark - Lighted","Traffic Control Signal","Not Suspect of Alcohol Use, Not Suspect of Drug Use","Not Suspect of Alcohol Use, Not Suspect of Drug Use","7436BCB4-467C-45A8-90DA-038BAE708285","Scooter (electric)","Cross/Enter at Intersection","None (No Improper Action)","Intersection Marked Crosswalk","No","Suspected Minor Injury","None","39.14022667","-77.20504017","    (39.14022667, -77.20504017)"
"MCP0617006R","250010594","MONTGOMERY","Injury Crash","03/10/2025 04:00:00 PM",,,,"Parking Lot Way        PARKING LOT OF GIANT FOOD 3860 INTERNATIONAL DR SILVER SPRING MD",,"Pedestrian","Single Vehicle","Clear",,"Daylight",,"Unknown, Unknown","Not Suspect of Alcohol Use, Not Suspect of Drug Use","77FCF994-457C-40CD-BD5A-96557EAC599A","Pedestrian","Other","None (No Improper Action)","Other","No","Suspected Minor Injury","None","39.10181354","-77.07564686","    (39.10181354, -77.07564686)"
"MCP23950030","250010491","MONTGOMERY","Injury Crash","03/10/2025 02:41:00 PM","County Route","MILBERN DR","POSTOAK RD",,,"Pedestrian","Single Vehicle","Clear","Dry","Daylight","No Controls","Not Suspect of Alcohol Use, Not Suspect of Drug Use","Unknown, Unknown","465D80FE-919A-440B-896C-11EB345029A7","Pedestrian","Cross/Enter at Intersection","Unknown","Intersection Marked Crosswalk","No","Suspected Serious Injury","None","39.05090721","-77.1772632","    (39.05090721, -77.1772632)"
"EJ79030040","250010495","GAITHERSBURG","Injury Crash","03/10/2025 02:00:00 PM",,,,"Parking Aisle        COSTCO PARKING LOT LOCATED AT 880 RUSSELL AVENUE",,"Pedestrian","Single Vehicle","Clear",,"Daylight",,"Not Suspect of Alcohol Use, Not Suspect of Drug Use","Not Suspect of Alcohol Use, Not Suspect of Drug Use","A2BA4AFF-9D79-4064-B8BE-C20B5690E8C9","Pedestrian","None","None (No Improper Action)","Other","No","Suspected Minor Injury","None","39.15658209","-77.21402032","    (39.15658209, -77.21402032)"
"MCP3038007T","250010370","MONTGOMERY","Injury Crash","03/09/2025 07:00:00 PM","US (State)","GEORGIA AVE","WAYNE AVE (WB/L)",,,"Cyclist (Electric)","Single Vehicle","Clear","Dry","Daylight","Traffic Control Signal","Not Suspect of Alcohol Use, Not Suspect of Drug Use","Not Suspect of Alcohol Use, Not Suspect of Drug Use","3224F152-39AA-4632-A25C-7D30A3C19CDD","Cyclist (Electric)","Cross/Enter at Intersection","Dart/Dash, Failure to Obey Traffic Signs, Signals, or Officer, Failure to Yield Right-Of-Way, In Roadway Improperly (Standing, Lying, Working, Playing)","Intersection Marked Crosswalk","Yes","Suspected Minor Injury","None","38.99460408","-77.02659987","    (38.99460408, -77.02659987)"
"EJ7907001Q","250010361","GAITHERSBURG","Injury Crash","03/09/2025 05:44:00 PM","County Route","MUDDY BRANCH RD (SB/L)",,,,"Pedestrian","Single Vehicle","Clear","Dry","Daylight","Traffic Control Signal","Not Suspect of Alcohol Use, Not Suspect of Drug Use","Not Suspect of Alcohol Use, Not Suspect of Drug Use","5932FF6D-835E-4A07-A596-C7ACC0F23AC7","Pedestrian","Cross/Enter at Intersection","Failure to Yield Right-Of-Way","Intersection Marked Crosswalk","No","Suspected Minor Injury","None","39.13482583","-77.20588133","    (39.13482583, -77.20588133)"
"MCP3427000S","250010250","MONTGOMERY","Injury Crash","03/08/2025 10:04:00 PM","County Route","ODENDHAL AVE (EB/L)","ROYAL BONNET CIR",,,"Scooter (electric)","Single Vehicle","Clear","Dry","Dark - Lighted","No Controls","Not Suspect of Alcohol Use, Not Suspect of Drug Use","Not Suspect of Alcohol Use, Not Suspect of Drug Use","891C4679-FA5B-4EBC-8B6E-DB1DAF2DAABA","Scooter (electric)","Walking/Cycling Along Roadway With Traffic (In or Adjacent to Travel Lane)","Unknown","OnStreet Bike Lanes","No","Suspected Serious Injury","None","39.15232397","-77.19420322","    (39.15232397, -77.19420322)"
"MCP2737006G","250010121","MONTGOMERY","Injury Crash","03/08/2025 01:31:00 AM","County Route","GLENALLAN AVE",,,,"Pedestrian","Single Vehicle","Clear","Dry","Dark - Unknown Lighting","No Controls","Unknown, Unknown","Suspect of Alcohol Use, Unknown","271495EB-7568-4A82-9F36-11BF5B52515B","Pedestrian","Unknown","Unknown","Unknown","No","Suspected Serious Injury","None","39.0640318","-77.0526093","    (39.0640318, -77.0526093)"
"MCP3411001Y","250009927","MONTGOMERY","Injury Crash","03/06/2025 07:48:00 PM","Spur",,,,,"Pedestrian","Single Vehicle","Clear","Dry","Dark - Lighted","Traffic Control Signal","Not Suspect of Alcohol Use, Not Suspect of Drug Use","Not Suspect of Alcohol Use, Not Suspect of Drug Use","58A1FEED-EF93-45D6-B3D5-427B302DB9E7","Pedestrian","Cross/Enter Not at Intersection","Not Visible (Dark Clothing, No Lighting, etc.)","Travel Lane Other Location","No","Possible Injury","None","39.02248539","-77.1026802","    (39.02248539, -77.1026802)"
"MCP31930069","250009746","MONTGOMERY","Injury Crash","03/05/2025 08:46:00 PM","Maryland (State) Route","GEORGIA AVE",,,,"Pedestrian","Single Vehicle","Rain","Wet","Dark - Lighted","Traffic Control Signal","Not Suspect of Alcohol Use, Not Suspect of Drug Use","Not Suspect of Alcohol Use, Not Suspect of Drug Use","76F6CB5F-5EC4-47CC-90E2-3802DB1254FD","Pedestrian","Unknown","Unknown","Intersection Marked Crosswalk","No","Suspected Minor Injury","None","39.03872667","-77.0508055","    (39.03872667, -77.0508055)"
"MCP2466005V","250009725","MONTGOMERY","Injury Crash","03/05/2025 05:00:00 PM","County Route","BROAD GREEN DR",,,,"Pedestrian","Other","Clear","Wet","Daylight","No Controls","Unknown, Unknown","Not Suspect of Alcohol Use, Not Suspect of Drug Use","7B79D2C3-F8FE-4013-B953-29AD7757AC29","Pedestrian","Standing","None (No Improper Action)","Shoulder/Roadside","No","Suspected Minor Injury","None","39.04479165","-77.19693856","    (39.04479165, -77.19693856)"
"MCP2592004N","250009625","MONTGOMERY","Injury Crash","03/05/2025 09:45:00 AM",,,,"Parking Lot Way        PARKING LOT IN FRONT OF GAITHERSBURG LIBRARY 18330 MONTGOMERY VILLAGE AVE",,"Pedestrian","Single Vehicle","Clear",,"Daylight",,"Not Suspect of Alcohol Use, Not Suspect of Drug Use","Not Suspect of Alcohol Use, Not Suspect of Drug Use","FE7246AC-FFEE-44D5-A4D0-CCCED3474C9D","Pedestrian","Cross/Enter Not at Intersection","Unknown","Other","No","Possible Injury","None","39.15842918","-77.20562344","    (39.15842918, -77.20562344)"
"MCP3394001D","250009423","MONTGOMERY","Injury Crash","03/04/2025 06:03:00 AM","County Route","TOWNE RD","MONTROSE PKWY",,,"Cyclist (non-electric)","Single Vehicle","Clear","Dry","Dark - Lighted","Traffic Control Signal","Not Suspect of Alcohol Use, Not Suspect of Drug Use","Not Suspect of Alcohol Use, Not Suspect of Drug Use","029CE1DA-0AB2-4963-BA87-66FA5B38FD80","Cyclist (non-electric)","Cross/Enter at Intersection","None (No Improper Action)","OnStreet Bike Lanes","No","Suspected Minor Injury","Unknown","39.05166076","-77.11890721","    (39.05166076, -77.11890721)"
"MCP1550005W","250009192","MONTGOMERY","Injury Crash","03/02/2025 01:31:00 PM",,,,"Parking Stall        PARKING LOT AT 11560 ROCKVILLE PIKE",,"Pedestrian","Single Vehicle","Clear",,"Daylight",,"Not Suspect of Alcohol Use, Not Suspect of Drug Use","Not Suspect of Alcohol Use, Not Suspect of Drug Use","08636FD5-4642-40A4-A55E-0B181A85A7F2","Pedestrian","Walking/Cycling on Sidewalk","None (No Improper Action)","NonTrafficway Area","No","Suspected Serious Injury","None","39.04555631","-77.11349117","    (39.04555631, -77.11349117)"
"MCP3330002N","250009155","MONTGOMERY","Injury Crash","03/02/2025 08:08:00 AM","County Route","PRICE AVE","GEORGIA AVE",,,"Pedestrian","Single Vehicle","Clear","Dry","Daylight","Other Pavement Marking (excluding edgelines, centerlines, or lane lines)","Not Suspect of Alcohol Use, Not Suspect of Drug Use","Unknown, Unknown","FF96B319-0757-469B-B7E1-E9CA5F488811","Pedestrian","Cross/Enter at Intersection","Unknown","Intersection Marked Crosswalk","No","Suspected Minor Injury","None","39.04010214","-77.05093346","    (39.04010214, -77.05093346)"
"MCP3386002J","250008918","MONTGOMERY","Injury Crash","02/28/2025 03:21:00 PM","County Route","CHELTENHAM DR","NORFOLK AVE WOODMONT AVE",,,"Pedestrian","Single Vehicle","Clear","Dry","Daylight","Traffic Control Signal","Not Suspect of Alcohol Use, Not Suspect of Drug Use","Not Suspect of Alcohol Use, Not Suspect of Drug Use","09DA0576-D52F-41A4-8EC9-1B9826FAC32C","Pedestrian","Cross/Enter at Intersection","None (No Improper Action)","Intersection Marked Crosswalk","No","Suspected Minor Injury","None","38.98822528","-77.09600223","    (38.98822528, -77.09600223)"
"MCP3386002J","250008918","MONTGOMERY","Injury Crash","02/28/2025 03:21:00 PM","County Route","CHELTENHAM DR","NORFOLK AVE WOODMONT AVE",,,"Pedestrian","Single Vehicle","Clear","Dry","Daylight","Traffic Control Signal","Not Suspect of Alcohol Use, Not Suspect of Drug Use","Not Suspect of Alcohol Use, Not Suspect of Drug Use","7C994068-B86A-4DE5-AB66-9B76CDBBB48E","Pedestrian","Cross/Enter at Intersection","None (No Improper Action)","Intersection Marked Crosswalk","No","No Apparent Injury","None","38.98822528","-77.09600223","    (38.98822528, -77.09600223)"
"MCP2799008C","250008526","MONTGOMERY","Injury Crash","02/26/2025 04:00:00 PM","Maryland (State) Route","PINEY BRANCH RD",,,,"Pedestrian","Single Vehicle","Clear","Dry","Daylight","Traffic Control Signal","Not Suspect of Alcohol Use, Not Suspect of Drug Use","Not Suspect of Alcohol Use, Not Suspect of Drug Use","422A69C4-4230-4E91-BAA2-9659E9DA3B85","Pedestrian","Walking/Cycling Along Roadway With Traffic (In or Adjacent to Travel Lane)","In Roadway Improperly (Standing, Lying, Working, Playing)","Intersection Marked Crosswalk","Yes","Possible Injury","None","38.99386783","-77.00903617","    (38.99386783, -77.00903617)"
"MCP2420005Z","250008490","MONTGOMERY","Injury Crash","02/26/2025 12:45:00 PM","County Route","RANDOLPH RD",,,,"Pedestrian","Single Vehicle","Clear","Dry","Daylight","Lane Use Control Signal","Not Suspect of Alcohol Use, Not Suspect of Drug Use","Not Suspect of Alcohol Use, Not Suspect of Drug Use","66B96D3C-E19D-4544-8787-33A6DC3719CC","Pedestrian","Cross/Enter at Intersection","Unknown","Intersection Marked Crosswalk","No","Suspected Serious Injury","None","39.06592609","-77.03436935","    (39.06592609, -77.03436935)"