"Report Number","Local Case Number","Agency Name","ACRS Report Type","Crash Date/Time","Route Type","Road Name","Cross-Street Name","Off-Road Description","Municipality","Related Non-Motorist","Collision Type","Weather","Surface Condition","Light","Traffic Control","Driver Substance Abuse","Non-Motorist Substance Abuse","Person ID","Pedestrian Type","Pedestrian Movement","Pedestrian Actions","Pedestrian Location","At Fault","Injury Severity","Safety Equipment","Latitude","Longitude","Location"
"DM84450027","250003780","TAKOMA","Injury Crash","01/27/2025 09:17:00 AM","Municipality Route","GRANT AVE","MAPLE AVE",,,"Cyclist (non-electric)","Single Vehicle","Clear","Dry","Daylight","Stop Sign","Not Suspect of Alcohol Use, Not Suspect of Drug Use","Not Suspect of Alcohol Use, Not Suspect of Drug Use","1AF4C35D-88CB-457F-8869-20C00E33D092","Cyclist (non-electric)","Cross/Enter at Intersection","Failure to Yield Right-Of-Way","Intersection Other","No","Possible Injury","Helmet","38.98154383","-77.00947151","    (38.98154383, -77.00947151)"
"MCP2583004K","250003570","MONTGOMERY","Injury Crash","01/25/2025 02:32:00 PM","County Route","FINEGAN FARM DR",,,,"Scooter (electric)","Single Vehicle","Clear","Ice/Frost","Daylight","No Controls","Not Suspect of Alcohol Use, Not Suspect of Drug Use","Not Suspect of Alcohol Use, Not Suspect of Drug Use","9A76F68F-8853-4512-BB26-2ABBF5F7BC47","Scooter (electric)","Walking/Cycling Along Roadway Against Traffic (In or Adjacent to Travel Lane)","Unknown","Travel Lane Other Location","No","Suspected Minor Injury","Unknown","39.10148117","-77.32793333","    (39.10148117, -77.32793333)"
"DD56580038","250003552","ROCKVILLE","Injury Crash","01/25/2025 12:08:00 PM","Municipality Route","SHERBROOKE WAY","HURLEY AVE",,,"Pedestrian","Single Vehicle","Clear","Dry","Daylight","No Controls","Unknown, Unknown","Not Suspect of Alcohol Use, Not Suspect of Drug Use","C007B468-7C76-4438-858C-C25CB128332B","Pedestrian","Walking/Cycling on Sidewalk","Unknown","Sidewalk","No","Possible Injury","None","39.08219505","-77.18338282","    (39.08219505, -77.18338282)"
"DD56580038","250003552","ROCKVILLE","Injury Crash","01/25/2025 12:08:00 PM","Municipality Route","SHERBROOKE WAY","HURLEY AVE",,,"Pedestrian","Single Vehicle","Clear","Dry","Daylight","No Controls","Unknown, Unknown","Not Suspect of Alcohol Use, Not Suspect of Drug Use","B271683B-03A4-4BE8-B25C-4EF727C974F3","Pedestrian","Walking/Cycling on Sidewalk","Unknown","Sidewalk","No","Possible Injury","None","39.08219505","-77.18338282","    (39.08219505, -77.18338282)"
"DD5663001S","250003282","ROCKVILLE","Injury Crash","01/23/2025 05:45:00 PM","Maryland (State) Route","ROCKVILLE PIKE","THOMPSON AVE",,,"Pedestrian","Single Vehicle","Clear","Dry","Dark - Lighted","Stop Sign","Not Suspect of Alcohol Use, Not Suspect of Drug Use","Not Suspect of Alcohol Use, Not Suspect of Drug Use","4F57714A-C84E-4D85-BA3B-C0F5193E1712","Pedestrian","Cross/Enter at Intersection","None (No Improper Action)","Intersection Marked Crosswalk","No","Suspected Minor Injury","None","39.05935745","-77.12167285","    (39.05935745, -77.12167285)"
"EJ787300B6","250003116","GAITHERSBURG","Injury Crash","01/22/2025 06:16:00 PM","Maryland (State) Route","S FREDERICK RD","E DEER PARK DR",,,"Pedestrian","Single Vehicle","Clear","Dry","Dark - Lighted","Traffic Control Signal","Unknown, Unknown","Not Suspect of Alcohol Use, Not Suspect of Drug Use","0115956C-98CA-4A87-8B51-35CF9F2B3027","Pedestrian","Cross/Enter at Intersection","None (No Improper Action)","Intersection Marked Crosswalk","No","Suspected Minor Injury","None","39.13224476","-77.18876463","    (39.13224476, -77.18876463)"
"MCP3230006G","250003075","MONTGOMERY","Injury Crash","01/22/2025 02:57:00 PM","Maryland (State) Route","CONNECTICUT AVE",,,,"Pedestrian","Single Vehicle","Clear","Dry","Daylight","No Controls","Not Suspect of Alcohol Use, Not Suspect of Drug Use","Not Suspect of Alcohol Use, Not Suspect of Drug Use","FE23F887-93D0-4586-8CB7-6E3F9D2DB262","Pedestrian","Cross/Enter Not at Intersection","In Roadway Improperly (Standing, Lying, Working, Playing)","Travel Lane Other Location","No","Suspected Minor Injury","None","39.08053011","-77.08035865","    (39.08053011, -77.08035865)"
"MCP3238003B","250003039","MONTGOMERY","Injury Crash","01/22/2025 12:04:00 PM","Maryland (State) Route","GEORGIA AVE",,,,"Pedestrian","Single Vehicle","Clear","Dry","Daylight","Other","Not Suspect of Alcohol Use, Not Suspect of Drug Use","Not Suspect of Alcohol Use, Not Suspect of Drug Use","D949CE0B-1BAB-4990-8059-B80CABAB78E4","Pedestrian","Cross/Enter at Intersection","None (No Improper Action)","Intersection Marked Crosswalk","No","Possible Injury","None","38.99811483","-77.02993294","    (38.99811483, -77.02993294)"
"EJ7894005J","250003034","GAITHERSBURG","Injury Crash","01/22/2025 10:50:00 AM","County Route","SHADY GROVE RD (SB/L)","CHOKE CHERRY RD CHOKE CHERRY RD (WB/L)",,,"Pedestrian","Single Vehicle","Clear","Dry","Daylight","No Controls","Not Suspect of Alcohol Use, Not Suspect of Drug Use","Not Suspect of Alcohol Use, Not Suspect of Drug Use","8138B86E-BA2A-4C16-A6F9-C8D5D8725ED5","Pedestrian","Other","Unknown","Unknown","No","Possible Injury","None","39.11474287","-77.18596296","    (39.11474287, -77.18596296)"
"MCP3262005H","250002944","MONTGOMERY","Injury Crash","01/21/2025 05:00:00 PM","County Route","TECH RD","OLD COLUMBIA PIKE",,,"Pedestrian","Unknown","Clear","Ice/Frost","Dusk","Traffic Control Signal","Unknown, Unknown","Not Suspect of Alcohol Use, Not Suspect of Drug Use","73C213D7-DCA1-4435-9423-EBB247B4501C","Pedestrian","Cross/Enter at Intersection","None (No Improper Action)","Intersection Marked Crosswalk","No","Suspected Minor Injury","None","39.0574562","-76.9680966","    (39.0574562, -76.9680966)"
"MCP32140037","250002703","MONTGOMERY","Property Damage Crash","01/19/2025 09:33:00 PM","Maryland (State) Route","FREDERICK RD",,,,"Occupant Of a Non-Motor Vehicle Transportation Device","Single Vehicle","Snow","Slush","Dark - Lighted","No Controls","Not Suspect of Alcohol Use, Not Suspect of Drug Use","Not Suspect of Alcohol Use, Not Suspect of Drug Use","257C57BB-86D8-42E9-932B-E1E0B5475043","Occupant Of a Non-Motor Vehicle Transportation Device","Other Working","None (No Improper Action)","Travel Lane Other Location","No","No Apparent Injury","None","39.19783683","-77.24470167","    (39.19783683, -77.24470167)"
"MCP33620053","250002637","MONTGOMERY","Injury Crash","01/19/2025 11:16:00 AM","County Route","E RANDOLPH RD (WB/L)","SERPENTINE WAY",,,"Pedestrian","Single Vehicle","Rain","Wet","Daylight","Traffic Control Signal","Not Suspect of Alcohol Use, Not Suspect of Drug Use","Not Suspect of Alcohol Use, Not Suspect of Drug Use","6864B622-2D88-4CCD-A603-1DE3516798DB","Pedestrian","Cross/Enter at Intersection","Failure to Obey Traffic Signs, Signals, or Officer","Intersection Marked Crosswalk","No","Suspected Serious Injury","None","39.06435178","-76.96927712","    (39.06435178, -76.96927712)"
"MCP2674005Q","250002569","MONTGOMERY","Injury Crash","01/18/2025 06:47:00 PM","Maryland (State) Route",,,,,"Pedestrian","Single Vehicle","Clear","Dry","Dark - Not Lighted","No Controls","Not Suspect of Alcohol Use, Not Suspect of Drug Use","Unknown, Unknown","1FE3C196-BB64-4285-8AA7-A39018B2DC3D","Pedestrian","Unknown","Unknown","Travel Lane Other Location","No","Suspected Serious Injury","None","39.18938693","-77.12064713","    (39.18938693, -77.12064713)"
"MCP2921005H","250002583","MONTGOMERY","Injury Crash","01/18/2025 06:40:00 PM","Bicycle Route",,,,,"Pedestrian","Single Vehicle","Clear","Dry","Dark - Lighted","Stop Sign","Not Suspect of Alcohol Use, Not Suspect of Drug Use","Not Suspect of Alcohol Use, Not Suspect of Drug Use","86A22F48-8736-4C68-8611-EF9676A6F904","Pedestrian","Walking/Cycling on Sidewalk","None (No Improper Action)","Intersection Marked Crosswalk","No","Possible Injury","None","39.2009622","-77.24558661","    (39.2009622, -77.24558661)"
"MCP12330069","250002561","MONTGOMERY","Injury Crash","01/18/2025 06:18:00 PM","Maryland (State) Route","CONNECTICUT AVE",,,,"Pedestrian","Angle","Cloudy","Wet","Dark - Not Lighted","No Controls","Unknown, Unknown, Unknown, Unknown","Unknown, Not Suspect of Drug Use","FDD7C866-0AFD-4245-8FB6-5297CFDB0FBD","Pedestrian","Cross/Enter Not at Intersection","Failure to Obey Traffic Signs, Signals, or Officer, In Roadway Improperly (Standing, Lying, Working, Playing), Not Visible (Dark Clothing, No Lighting, etc.)","Travel Lane Other Location","Yes","Suspected Serious Injury","None","39.02989244","-77.0757573","    (39.02989244, -77.0757573)"
"MCP12330069","250002561","MONTGOMERY","Injury Crash","01/18/2025 06:18:00 PM","Maryland (State) Route","CONNECTICUT AVE",,,,"Pedestrian","Angle","Cloudy","Wet","Dark - Not Lighted","Other Pavement Marking (excluding edgelines, centerlines, or lane lines)","Unknown, Unknown, Unknown, Unknown","Unknown, Not Suspect of Drug Use","FDD7C866-0AFD-4245-8FB6-5297CFDB0FBD","Pedestrian","Cross/Enter Not at Intersection","Failure to Obey Traffic Signs, Signals, or Officer, In Roadway Improperly (Standing, Lying, Working, Playing), Not Visible (Dark Clothing, No Lighting, etc.)","Travel Lane Other Location","Yes","Suspected Serious Injury","None","39.02989244","-77.0757573","    (39.02989244, -77.0757573)"
"MCP3426000X","250002513","MONTGOMERY","Injury Crash","01/18/2025 12:03:00 AM","County Route","KENNEDY DR",,,,"Pedestrian","Single Vehicle","Clear","Dry","Dark - Lighted","No Controls","Not Suspect of Alcohol Use, Not Suspect of Drug Use","Not Suspect of Alcohol Use, Not Suspect of Drug Use","595857E4-D214-4AFB-A072-9B22285E8588","Pedestrian","Getting Off/On Vehicle","None (No Improper Action)","Other","No","Suspected Serious Injury","None","38.97124387","-77.10298577","    (38.97124387, -77.10298577)"
"DD5567006Z","250002219","ROCKVILLE","Injury Crash","01/16/2025 06:47:00 PM","Maryland (State) Route","HUNGERFORD DR (SB/L)",,,,"Pedestrian","Single Vehicle","Snow","Wet","Dark - Lighted","No Controls","Not Suspect of Alcohol Use, Not Suspect of Drug Use","Unknown, Unknown","B8CD85D9-85E8-438A-A2FC-F8EC6485D468","Pedestrian","Cross/Enter Not at Intersection","Other","Travel Lane Other Location","No","Suspected Serious Injury","None","39.09430848","-77.1533965","    (39.09430848, -77.1533965)"
"MCP33860025","250000221","MONTGOMERY","Injury Crash","01/16/2025 06:10:00 PM","County Route","CHELTENHAM DR",,,,"Cyclist (non-electric)","Single Vehicle","Snow","Wet","Dark - Not Lighted","No Controls","Not Suspect of Alcohol Use, Not Suspect of Drug Use","Not Suspect of Alcohol Use, Not Suspect of Drug Use","28C3831D-7513-46F6-ABF0-BAC73169CB28","Cyclist (non-electric)","Walking/Cycling Along Roadway Against Traffic (In or Adjacent to Travel Lane)","None (No Improper Action)","Travel Lane Other Location","No","Suspected Minor Injury","Helmet","38.98819517","-77.09462217","    (38.98819517, -77.09462217)"
"MCP33870029","250001836","MONTGOMERY","Injury Crash","01/14/2025 01:51:00 PM","US (State)","COLUMBIA PIKE (SB/L)",,,,"Pedestrian","Front to Rear","Clear","Dry","Daylight","No Controls","Not Suspect of Alcohol Use, Not Suspect of Drug Use, Not Suspect of Alcohol Use, Not Suspect of Drug Use","Not Suspect of Alcohol Use, Not Suspect of Drug Use","17F640ED-E11E-4D5D-B70F-F54BB705F38E","Pedestrian","Standing","None (No Improper Action)","Other","No","Suspected Serious Injury","None","39.09591365","-76.93798931","    (39.09591365, -76.93798931)"
"DD5663001R","250001813","ROCKVILLE","Injury Crash","01/14/2025 11:45:00 AM",,,,"Parking Lot Way        CROSSWALK OF SHOPPING CENTER PARKING LOT (845 ROCKVILLE PIKE, ROCKVILLE, MD)",,"Pedestrian","Single Vehicle","Clear",,"Daylight",,"Not Suspect of Alcohol Use, Not Suspect of Drug Use","Not Suspect of Alcohol Use, Not Suspect of Drug Use","14511863-FCF5-485D-9CF7-49D3B46E9B62","Pedestrian","Cross/Enter Not at Intersection","None (No Improper Action)","Other","No","Suspected Serious Injury","None","39.07407909","-77.13741119","    (39.07407909, -77.13741119)"
"MCP2420005X","250001527","MONTGOMERY","Property Damage Crash","01/13/2025 01:02:00 PM",,,,"Parking Stall        12345 GEORGIA AVE",,"Pedestrian","Single Vehicle","Clear",,"Daylight",,"Not Suspect of Alcohol Use, Not Suspect of Drug Use","Not Suspect of Alcohol Use, Not Suspect of Drug Use","1444DC8F-5829-4FB0-8F6E-FC26A9C5BCB5","Pedestrian","Getting Off/On Vehicle","None (No Improper Action)","Other","No","No Apparent Injury","None","39.06057468","-77.04997793","    (39.06057468, -77.04997793)"
"MCP271700Z9","250001637","MONTGOMERY","Injury Crash","01/13/2025 08:45:00 AM","County Route","SUTHERLAND RD","TIMBERWOOD AVE",,,"Pedestrian","Single Vehicle","Clear","Dry","Daylight","Stop Sign","Not Suspect of Alcohol Use, Not Suspect of Drug Use","Not Suspect of Alcohol Use, Not Suspect of Drug Use","0970613A-8F9A-4DCB-BFC7-E8D9F1AA88EF","Pedestrian","Cross/Enter at Intersection","None (No Improper Action)","Intersection Marked Crosswalk","No","Suspected Minor Injury","None","39.02191","-77.01285167","    (39.02191, -77.01285167)"
"EJ78370089","250001564","GAITHERSBURG","Injury Crash","01/12/2025 03:40:00 PM","Municipality Route","CHRISTOPHER AVE (SB/L)",,,,"Pedestrian","Single Vehicle","Clear","Dry","Daylight","No Controls","Unknown, Unknown","Not Suspect of Alcohol Use, Not Suspect of Drug Use","4AF06637-96E0-4250-A7AC-657F3C7E1D3F","Pedestrian","Cross/Enter at Intersection","Dart/Dash","Travel Lane Other Location","Yes","Suspected Minor Injury","None","39.15636366","-77.21479688","    (39.15636366, -77.21479688)"
"MCP3176002W","250001479","MONTGOMERY","Injury Crash","01/11/2025 11:19:00 PM","US (State)","COLESVILLE RD",,,,"Cyclist (Electric)","Single Vehicle","Clear","Wet","Dark - Lighted","Traffic Control Signal","Unknown, Unknown","Unknown, Unknown","F066AC1A-DC6B-4F2D-A3B6-42AA96DD1A16","Cyclist (Electric)","Walking/Cycling on Sidewalk","None (No Improper Action)","Intersection Marked Crosswalk","No","Suspected Minor Injury","None","39.00771995","-77.02000751","    (39.00771995, -77.02000751)"
"MCP32330059","250001193","MONTGOMERY","Injury Crash","01/09/2025 08:45:00 PM","Maryland (State) Route","UNIVERSITY BLVD E",,,,"Pedestrian","Single Vehicle","Clear","Dry","Dark - Lighted","Traffic Control Signal","Unknown, Unknown","Not Suspect of Alcohol Use, Not Suspect of Drug Use","40C87DC2-F2EB-4300-9954-994ECFFB03C5","Pedestrian","Cross/Enter at Intersection","None (No Improper Action)","Intersection Marked Crosswalk","No","Suspected Minor Injury","None","39.00039511","-76.99567685","    (39.00039511, -76.99567685)"
"MCP31630085","250000880","MONTGOMERY","Injury Crash","01/07/2025 07:00:00 PM","County Route","ARLINGTON RD",,,,"Pedestrian","Single Vehicle","Clear","Wet","Dark - Lighted","Traffic Control Signal","Unknown, Unknown","Not Suspect of Alcohol Use, Not Suspect of Drug Use","F72E5564-0C6F-486A-BF2E-8DFC39678E69","Pedestrian","Cross/Enter at Intersection","None (No Improper Action)","Intersection Marked Crosswalk","No","Suspected Minor Injury","None","38.97802135","-77.09870974","    (38.97802135, -77.09870974)"
"MCP3258004G","250000871","MONTGOMERY","Injury Crash","01/07/2025 06:17:00 PM","Local Route","WHEATON PLZ RING RD CUT",,,,"Pedestrian","Single Vehicle","Snow","Slush","Dark - Lighted","Pedestrian Crossing","Not Suspect of Alcohol Use, Not Suspect of Drug Use","Not Suspect of Alcohol Use, Not Suspect of Drug Use","845F2373-990F-4D68-93BE-DAE911B23C7F","Pedestrian","Cross/Enter Not at Intersection","None (No Improper Action)","Travel Lane Other Location","No","Suspected Minor Injury","None","39.0374745","-77.05735933","    (39.0374745, -77.05735933)"
"MCP3414001D","250000846","MONTGOMERY","Injury Crash","01/07/2025 04:12:00 PM","US (State)","GEORGIA AVE (SB/L)","SILVER SPRING AVE",,,"Pedestrian","Single Vehicle","Cloudy","Snow","Daylight","Traffic Control Signal","Not Suspect of Alcohol Use, Not Suspect of Drug Use","Not Suspect of Alcohol Use, Not Suspect of Drug Use","3CB103E9-050F-4687-9078-36CCB40A336A","Pedestrian","Cross/Enter at Intersection","None (No Improper Action)","Intersection Marked Crosswalk","No","Possible Injury","None","38.99154861","-77.02688084","    (38.99154861, -77.02688084)"
"MCP9318003L","250000746","MONTGOMERY","Injury Crash","01/06/2025 04:56:00 PM","Maryland (State) Route","NEW HAMPSHIRE AVE",,,,"Pedestrian","Single Vehicle","Blowing Snow","Ice/Frost","Dusk","Traffic Control Signal","Suspect of Alcohol Use, Unknown","Not Suspect of Alcohol Use, Not Suspect of Drug Use","53D26F2E-4E1F-408F-ACA4-48061768E521","Pedestrian","Walking/Cycling on Sidewalk","None (No Improper Action)","Sidewalk","No","Suspected Serious Injury","None","39.01547538","-76.97754218","    (39.01547538, -76.97754218)"
"MCP9318003L","250000746","MONTGOMERY","Injury Crash","01/06/2025 04:56:00 PM","Maryland (State) Route","NEW HAMPSHIRE AVE",,,,"Pedestrian","Single Vehicle","Blowing Snow","Ice/Frost","Dusk","Traffic Control Signal","Suspect of Alcohol Use, Unknown","Not Suspect of Alcohol Use, Not Suspect of Drug Use","FA90791E-4AEC-4045-82D5-DD349E500310","Pedestrian","Walking/Cycling on Sidewalk","None (No Improper Action)","Sidewalk","No","Suspected Serious Injury","None","39.01547538","-76.97754218","    (39.01547538, -76.97754218)"
"MCP9318003L","250000746","MONTGOMERY","Injury Crash","01/06/2025 04:56:00 PM","Maryland (State) Route","NEW HAMPSHIRE AVE",,,,"Pedestrian","Single Vehicle","Blowing Snow","Ice/Frost","Dusk","Traffic Control Signal","Suspect of Alcohol Use, Unknown","Not Suspect of Alcohol Use, Not Suspect of Drug Use","17991FC0-C7EE-4FE5-993C-EABCAF82721B","Pedestrian","Walking/Cycling on Sidewalk","None (No Improper Action)","Sidewalk","No","Suspected Serious Injury","None","39.01547538","-76.97754218","    (39.01547538, -76.97754218)"
"MCP2761006K","250000353","MONTGOMERY","Injury Crash","01/03/2025 02:01:00 PM","Maryland (State) Route","CLOPPER RD",,,,"Pedestrian","Single Vehicle","Cloudy","Wet","Daylight","No Controls","Not Suspect of Alcohol Use, Not Suspect of Drug Use","Not Suspect of Alcohol Use, Not Suspect of Drug Use","BC5CFA9E-9C94-4D89-8CD2-A465386632C6","Pedestrian","Other Working","None (No Improper Action)","Other","No","Possible Injury","None","39.15552403","-77.26152346","    (39.15552403, -77.26152346)"
"MCP3391001L","250000269","MONTGOMERY","Injury Crash","01/02/2025 10:00:00 PM","County Route","AMHERST AVE","UNIVERSITY BLVD W",,,"Pedestrian","Single Vehicle","Clear","Dry","Dark - Lighted","Traffic Control Signal","Not Suspect of Alcohol Use, Not Suspect of Drug Use","Suspect of Alcohol Use, Not Suspect of Drug Use","77C6F0D3-5730-4E97-80A6-0319E938C073","Pedestrian","Cross/Enter at Intersection","None (No Improper Action)","Intersection Marked Crosswalk","No","Possible Injury","None","39.04137042","-77.04820645","    (39.04137042, -77.04820645)"
"MCP2965009G","250000158","MONTGOMERY","Injury Crash","01/02/2025 10:42:00 AM",,,,"Parking Lot Way        2201 RANDOLPH ROAD PARKING LOT",,"Pedestrian","Single Vehicle","Cloudy",,"Daylight",,"Not Suspect of Alcohol Use, Not Suspect of Drug Use","Not Suspect of Alcohol Use, Not Suspect of Drug Use","F3BBF6D1-981A-4ACD-BE6E-6CEB2E17C367","Pedestrian","Other","None (No Improper Action)","Other","No","Possible Injury","None","39.06013417","-77.0479225","    (39.06013417, -77.0479225)"
"EJ7781005J","250000147","GAITHERSBURG","Injury Crash","01/02/2025 09:23:00 AM","Municipality Route","SUFFIELD DR",,,,"Pedestrian","Single Vehicle","Clear","Dry","Daylight","Pedestrian Crossing","Not Suspect of Alcohol Use, Not Suspect of Drug Use","Not Suspect of Alcohol Use, Not Suspect of Drug Use","72742723-B235-41A8-9B01-FDC558419B0A","Pedestrian","Cross/Enter at Intersection","None (No Improper Action)","Intersection Marked Crosswalk","No","Suspected Minor Injury","None","39.112492","-77.216267","    (39.112492, -77.216267)"
"MCP30300079","240062372","MONTGOMERY","Injury Crash","12/31/2024 09:24:00 PM","County Route","WILLARD AVE",,,,"Pedestrian","Single Vehicle","Clear","Wet","Dark - Lighted","No Controls","Not Suspect of Alcohol Use, Not Suspect of Drug Use","Suspect of Alcohol Use, Not Suspect of Drug Use","F69E0926-CC79-470F-BA12-B3D70FADA6B1","Pedestrian","Cross/Enter Not at Intersection","Failure to Yield Right-Of-Way, Inattentive (Talking, Eating, etc.), Other","Travel Lane Other Location","Yes","Suspected Serious Injury","None","38.96230079","-77.08983301","    (38.96230079, -77.08983301)"
"MCP12270028","240062364","MONTGOMERY","Injury Crash","12/31/2024 06:13:00 PM","County Route","E FRANKLIN AVE","UNIVERSITY BLVD E (WB/L)",,,"Pedestrian","Single Vehicle","Rain","Wet","Dark - Lighted","Pedestrian Crossing","Not Suspect of Alcohol Use, Not Suspect of Drug Use","Suspect of Alcohol Use, Not Suspect of Drug Use","A6DEC110-93C4-45B1-B56B-CAF296493DF5","Pedestrian","Cross/Enter at Intersection","Failure to Obey Traffic Signs, Signals, or Officer, In Roadway Improperly (Standing, Lying, Working, Playing), Not Visible (Dark Clothing, No Lighting, etc.)","Intersection Marked Crosswalk","Yes","Suspected Serious Injury","None","39.01210985","-77.00250114","    (39.01210985, -77.00250114)"
"DD562000BZ","240062297","ROCKVILLE","Injury Crash","12/31/2024 12:00:00 PM",,,,"Parking Lot Way        1407 RESEARCH BLVD",,"Pedestrian","Single Vehicle","Clear",,"Daylight",,"Not Suspect of Alcohol Use, Not Suspect of Drug Use","Not Suspect of Alcohol Use, Not Suspect of Drug Use","DBED149A-05F0-4448-AB11-7E296B2063D3","Pedestrian","Cross/Enter at Intersection","None (No Improper Action)","Intersection Marked Crosswalk","No","Suspected Minor Injury","None","39.09163557","-77.17699993","    (39.09163557, -77.17699993)"
"MCP3111008V","240062257","MONTGOMERY","Injury Crash","12/31/2024 09:00:00 AM",,,,"Parking Lot Way        PARKING LOT AT 4206 LELAND ST",,"Pedestrian","Single Vehicle","Clear",,"Daylight",,"Not Suspect of Alcohol Use, Not Suspect of Drug Use","Not Suspect of Alcohol Use, Not Suspect of Drug Use","F2C05462-2097-4E7F-863B-DEFB0E6033B3","Pedestrian","Cross/Enter Not at Intersection","None (No Improper Action)","NonTrafficway Area","No","Suspected Minor Injury","None","38.98000196","-77.09102309","    (38.98000196, -77.09102309)"
"DD56530046","240062061","ROCKVILLE","Property Damage Crash","12/29/2024 06:33:00 PM","Maryland (State) Route","ROCKVILLE PIKE (SB/L)","MONROE PL",,,"Pedestrian","Single Vehicle","Rain","Wet","Dark - Lighted","Traffic Control Signal","Not Suspect of Alcohol Use, Not Suspect of Drug Use","Not Suspect of Alcohol Use, Not Suspect of Drug Use","E69BC5B5-56C0-4BD6-9A0A-5B95AE3CD6C8","Pedestrian","Cross/Enter at Intersection","Unknown","Shoulder/Roadside","No","No Apparent Injury","None","39.08346707","-77.14700401","    (39.08346707, -77.14700401)"
"MCP3395002X","240062031","MONTGOMERY","Injury Crash","12/29/2024 02:18:00 PM","County Route","CUSTER RD","HARWOOD RD",,,"Scooter (electric)","Single Vehicle","Cloudy","Dry","Daylight","No Controls","Not Suspect of Alcohol Use, Not Suspect of Drug Use","Not Suspect of Alcohol Use, Not Suspect of Drug Use","0B44BD90-3E81-4228-BF18-D9CBC4EEA476","Scooter (electric)","Walking/Cycling Along Roadway With Traffic (In or Adjacent to Travel Lane)","None (No Improper Action)","Shoulder/Roadside","No","Suspected Minor Injury","Helmet","38.99031617","-77.10772517","    (38.99031617, -77.10772517)"
"MCP93650030","240061856","MONTGOMERY","Injury Crash","12/28/2024 08:36:00 AM","Maryland (State) Route","NEW HAMPSHIRE AVE",,,,"Pedestrian","Single Vehicle","Rain","Wet","Daylight","No Controls","Not Suspect of Alcohol Use, Not Suspect of Drug Use","Not Suspect of Alcohol Use, Not Suspect of Drug Use","EABC1B0D-DCA2-4167-8A58-0221E4A81BEF","Pedestrian","Cross/Enter Not at Intersection","In Roadway Improperly (Standing, Lying, Working, Playing)","Other","Yes","Suspected Minor Injury","None","39.03913726","-76.99025917","    (39.03913726, -76.99025917)"
"MCP3410000W","240061814","MONTGOMERY","Injury Crash","12/27/2024 08:45:00 PM","Maryland (State) Route","NEW HAMPSHIRE AVE",,,,"Occupant of Motor Vehicle Not in Transport","Front to Rear","Clear","Dry","Dark - Not Lighted","No Controls","Not Suspect of Alcohol Use, Not Suspect of Drug Use","Not Suspect of Alcohol Use, Not Suspect of Drug Use","946D7901-5279-4140-BB77-5E848631930B","Occupant of Motor Vehicle Not in Transport","Standing","Disabled Vehicle-Related (Working on, Pushing, Leaving/Approaching)","Shoulder/Roadside","No","Suspected Serious Injury","None","39.168932","-77.016897","    (39.168932, -77.016897)"