"Report Number","Local Case Number","Agency Name","ACRS Report Type","Crash Date/Time","Route Type","Road Name","Cross-Street Name","Off-Road Description","Municipality","Related Non-Motorist","Collision Type","Weather","Surface Condition","Light","Traffic Control","Driver Substance Abuse","Non-Motorist Substance Abuse","Person ID","Pedestrian Type","Pedestrian Movement","Pedestrian Actions","Pedestrian Location","At Fault","Injury Severity","Safety Equipment","Latitude","Longitude","Location"
"EJ78880079","240061786","GAITHERSBURG","Property Damage Crash","12/27/2024 05:32:00 PM","Maryland (State) Route","S FREDERICK RD","N WESTLAND DR",,,"Pedestrian","Single Vehicle","Clear","Dry","Dark - Not Lighted","No Controls","Not Suspect of Alcohol Use, Not Suspect of Drug Use","Not Suspect of Alcohol Use, Not Suspect of Drug Use","2F906921-F77C-4806-81CA-4E3F71CCE506","Pedestrian","Other","None (No Improper Action)","Other","No","No Apparent Injury","None","39.12806934","-77.18514418","    (39.12806934, -77.18514418)"
"DD5538004X","240061768","ROCKVILLE","Injury Crash","12/27/2024 03:22:00 PM",,,,"Parking Aisle        1501 ROCKVILLE PIKE, ROCKVILLE MD 20852",,"Pedestrian","Single Vehicle","Clear",,"Daylight",,"Not Suspect of Alcohol Use, Not Suspect of Drug Use","Not Suspect of Alcohol Use, Not Suspect of Drug Use","B538C3E4-9E43-4F43-A428-C27DB676CAE3","Pedestrian","Other","Inattentive (Talking, Eating, etc.)","Other","No","Possible Injury","None","39.06467443","-77.12793369","    (39.06467443, -77.12793369)"
"MCP3258004F","240061761","MONTGOMERY","Injury Crash","12/27/2024 02:27:00 PM","County Route","TENBROOK DR",,,,"Pedestrian","Single Vehicle","Clear","Dry","Daylight","No Controls","Not Suspect of Alcohol Use, Not Suspect of Drug Use","Not Suspect of Alcohol Use, Not Suspect of Drug Use","AD052DF3-160A-4705-A212-E7932E6B5ABF","Pedestrian","Cross/Enter Not at Intersection","Dart/Dash","Other","Yes","Suspected Minor Injury","None","39.02843817","-77.027701","    (39.02843817, -77.027701)"
"DD5666001Y","240061729","ROCKVILLE","Injury Crash","12/27/2024 11:14:00 AM","Municipality Route","E GUDE DR (WB/L)","TAFT CT",,,"Pedestrian","Single Vehicle","Clear","Dry","Daylight","Traffic Control Signal","Not Suspect of Alcohol Use, Not Suspect of Drug Use","Not Suspect of Alcohol Use, Not Suspect of Drug Use","3852D327-CB04-4BD3-BFB8-5F2BEEE87DB2","Pedestrian","Cross/Enter at Intersection","Dart/Dash, Failure to Obey Traffic Signs, Signals, or Officer","Intersection Marked Crosswalk","Yes","Suspected Minor Injury","None","39.09422997","-77.13237145","    (39.09422997, -77.13237145)"
"MCP30510083","240061648","MONTGOMERY","Injury Crash","12/26/2024 05:28:00 PM",,,,"Parking Lot Way        PARKING LOT OF 7125 DEMOCRACY BLVD ( MACYS AT MONTGOMERY MALL)",,"Pedestrian","Single Vehicle","Clear",,"Dark - Lighted",,"Not Suspect of Alcohol Use, Not Suspect of Drug Use","Not Suspect of Alcohol Use, Not Suspect of Drug Use","332017FF-35F9-493E-95A1-675446A0E3D4","Pedestrian","Cross/Enter at Intersection","None (No Improper Action)","Intersection Unmarked Crosswalk","No","Possible Injury","None","39.02383832","-77.14829107","    (39.02383832, -77.14829107)"
"MCP2635008X","240061584","MONTGOMERY","Fatal Crash","12/26/2024 11:13:00 AM",,,,"Parking Stall        PARKING LOT OF 15618 OLD COLUMBIA PIKE.",,"Pedestrian","Other","Cloudy",,"Daylight",,"Not Suspect of Alcohol Use, Not Suspect of Drug Use","Not Suspect of Alcohol Use, Not Suspect of Drug Use","014B98E9-31BC-4BE8-B963-068F2AC52DCC","Pedestrian","Standing","None (No Improper Action)","NonTrafficway Area","No","Fatal Injury","None","39.11294203","-76.93497632","    (39.11294203, -76.93497632)"
"DD5671000R","240061247","ROCKVILLE","Injury Crash","12/23/2024 08:07:00 AM","Municipality Route","ENGLAND TERR","N STONESTREET AVE",,,"Pedestrian","Single Vehicle","Clear","Dry","Daylight","No Controls","Not Suspect of Alcohol Use, Not Suspect of Drug Use","Not Suspect of Alcohol Use, Not Suspect of Drug Use","5350862F-1358-47DC-9AE4-E56AD9F17191","Pedestrian","Walking/Cycling on Sidewalk","Unknown","Intersection Unmarked Crosswalk","No","Suspected Serious Injury","None","39.08661159","-77.1474393","    (39.08661159, -77.1474393)"
"MCP3452000D","240061770","MONTGOMERY","Injury Crash","12/23/2024 05:30:00 AM","County Route","ASPEN HILL RD","GEORGIA AVE",,,"Pedestrian","Single Vehicle","Clear","Dry","Dark - Lighted","Pedestrian Crossing","Unknown, Unknown","Unknown, Unknown","61D202F2-D1F8-4757-BA69-BDD6518AFD82","Pedestrian","Cross/Enter at Intersection","None (No Improper Action)","Intersection Marked Crosswalk","No","Suspected Minor Injury","None","39.08076112","-77.07507253","    (39.08076112, -77.07507253)"
"MCP3403001K","240061215","MONTGOMERY","Property Damage Crash","12/22/2024 08:30:00 PM",,,,"Parking Lot Way        PARKING LOT OF 4009 SANDY SPRING RD, BURTONSVILLE, MD 20866",,"Pedestrian","Unknown","Clear",,"Dark - Lighted",,"Not Suspect of Alcohol Use, Not Suspect of Drug Use","Not Suspect of Alcohol Use, Not Suspect of Drug Use","0BBD8D9B-3764-4730-9D3C-722BB6C496B2","Pedestrian","Other","None (No Improper Action)","NonTrafficway Area","No","No Apparent Injury","None","39.11119007","-76.92773835","    (39.11119007, -76.92773835)"
"DD5665002X","240061190","ROCKVILLE","Injury Crash","12/22/2024 05:15:00 PM","Municipality Route","CONGRESSIONAL LA",,,,"Pedestrian","Single Vehicle","Clear","Dry","Dark - Lighted","Traffic Control Signal","Not Suspect of Alcohol Use, Not Suspect of Drug Use","Not Suspect of Alcohol Use, Not Suspect of Drug Use","2E09FDCB-5DAF-46DD-B11E-4FC1E3334CE1","Pedestrian","Cross/Enter at Intersection","None (No Improper Action)","Intersection Marked Crosswalk","No","Possible Injury","None","39.06430406","-77.12615551","    (39.06430406, -77.12615551)"
"EJ79070017","240061050","GAITHERSBURG","Injury Crash","12/21/2024 05:24:00 PM","Municipality Route","FULKS CORNER AVE","S FREDERICK RD",,,"Cyclist (Electric)","Single Vehicle","Clear","Dry","Dusk","No Controls","Not Suspect of Alcohol Use, Not Suspect of Drug Use","Not Suspect of Alcohol Use, Not Suspect of Drug Use","24138BEB-2279-4D9E-A042-6068BDCBCE53","Cyclist (Electric)","Walking/Cycling Along Roadway With Traffic (In or Adjacent to Travel Lane)","Failure to Yield Right-Of-Way","Intersection Other","No","Suspected Serious Injury","Helmet","39.13974211","-77.19643174","    (39.13974211, -77.19643174)"
"MCP3395002T","240060990","MONTGOMERY","Injury Crash","12/21/2024 10:34:00 AM","Other Public Roadway","ROSEMARY HILLS RD","EAST WEST HWY",,,"Pedestrian","Single Vehicle","Clear","Dry","Daylight","Traffic Control Signal","Not Suspect of Alcohol Use, Not Suspect of Drug Use","Not Suspect of Alcohol Use, Not Suspect of Drug Use","A509E647-876E-4898-8BA8-827E280E35F4","Pedestrian","Cross/Enter at Intersection","Dart/Dash, Failure to Obey Traffic Signs, Signals, or Officer","Intersection Marked Crosswalk","Yes","Possible Injury","None","38.99559297","-77.04226835","    (38.99559297, -77.04226835)"
"MCP25630021","240060930","MONTGOMERY","Injury Crash","12/20/2024 07:58:00 PM","Municipality Route","ATLANTIC AVE","VEIRS MILL RD",,,"Pedestrian","Single Vehicle","Clear","Dry","Dark - Lighted","Traffic Control Signal","Not Suspect of Alcohol Use, Not Suspect of Drug Use","Unknown, Unknown","CEDBFFE4-DF65-41B7-A4DC-A52AECA17967","Pedestrian","Cross/Enter at Intersection","Failure to Obey Traffic Signs, Signals, or Officer, Failure to Yield Right-Of-Way, Inattentive (Talking, Eating, etc.), Not Visible (Dark Clothing, No Lighting, etc.)","Intersection Marked Crosswalk","Yes","Suspected Serious Injury","None","39.07492047","-77.11554609","    (39.07492047, -77.11554609)"
"MCP3423000Z","240060922","MONTGOMERY","Injury Crash","12/20/2024 06:30:00 PM","Maryland (State) Route","PINEY BRANCH RD",,,,"Pedestrian","Single Vehicle","Clear","Wet","Dark - Lighted","Lane Use Control Signal","Not Suspect of Alcohol Use, Not Suspect of Drug Use","Unknown, Unknown","E7743945-F190-41D7-9727-974FDB479829","Pedestrian","Unknown","Unknown","Shared Lane Markings)","Yes","Suspected Serious Injury","Unknown","38.99964238","-76.9945149","    (38.99964238, -76.9945149)"
"MCP30000051","240060914","MONTGOMERY","Injury Crash","12/20/2024 06:03:00 PM",,,,"Parking Lot Way        PARKING LOT OF HARRIS TEETER LOCATED AT 22700 SWEET SHRUB DR.",,"Pedestrian","Single Vehicle","Snow",,"Dark - Lighted",,"Not Suspect of Alcohol Use, Not Suspect of Drug Use","Not Suspect of Alcohol Use, Not Suspect of Drug Use","9EA4690D-ACD0-4034-BACF-4CA68778EB62","Pedestrian","Cross/Enter at Intersection","Other","Intersection Unmarked Crosswalk","Yes","Possible Injury","None","39.22991607","-77.25051702","    (39.22991607, -77.25051702)"
"MCP2931007J","240060907","MONTGOMERY","Injury Crash","12/20/2024 05:00:00 PM","Maryland (State) Route","ROCKVILLE PIKE (SB/L)",,,,"Scooter (electric)","Single Vehicle","Clear","Dry","Dark - Lighted","Traffic Control Signal","Not Suspect of Alcohol Use, Not Suspect of Drug Use","Not Suspect of Alcohol Use, Not Suspect of Drug Use","8815C635-C303-4860-9B7C-AE802532301B","Scooter (electric)","Cross/Enter at Intersection","Not Visible (Dark Clothing, No Lighting, etc.)","Intersection Marked Crosswalk","No","Possible Injury","None","39.057442","-77.12031713","    (39.057442, -77.12031713)"
"MCP2902006X","240060840","MONTGOMERY","Injury Crash","12/20/2024 11:38:00 AM","County Route","CENTURY BLVD","MIDDLEBROOK RD (WB/L)",,,"Pedestrian","Unknown","Snow","Wet","Daylight","Traffic Control Signal","Unknown, Unknown","Unknown, Unknown","7DA5AB89-4280-4B80-8DA0-8D72C43F5091","Pedestrian","Cross/Enter at Intersection","Unknown","Intersection Unmarked Crosswalk","No","Suspected Minor Injury","None","39.18035046","-77.26828517","    (39.18035046, -77.26828517)"
"MCP3133005Q","240060826","MONTGOMERY","Injury Crash","12/20/2024 11:03:00 AM","Private Route",,,,,"Pedestrian","Single Vehicle","Snow","Wet","Daylight","Pedestrian Crossing","Not Suspect of Alcohol Use, Not Suspect of Drug Use","Not Suspect of Alcohol Use, Not Suspect of Drug Use","605B6639-3F58-4FC7-A88B-2C522B625126","Pedestrian","Cross/Enter at Intersection","None (No Improper Action)","Intersection Marked Crosswalk","No","Possible Injury","None","39.15209077","-77.06417627","    (39.15209077, -77.06417627)"
"MCP31930062","240060754","MONTGOMERY","Injury Crash","12/19/2024 10:20:00 PM","Spur",,,,,"Pedestrian","Unknown","Clear","Dry","Dark - Unknown Lighting","No Controls","Not Suspect of Alcohol Use, Unknown","Unknown, Unknown","D7C92798-FD7D-4398-87AD-7A3BFB7558EE","Pedestrian","Cross/Enter at Intersection","None (No Improper Action)","Intersection Other","No","Suspected Minor Injury","None","39.05452757","-77.05032035","    (39.05452757, -77.05032035)"
"EJ78860047","240060735","GAITHERSBURG","Injury Crash","12/19/2024 08:32:00 PM","Interstate (State)","EISENHOWER MEMORIAL HWY",,,,"Pedestrian","Single Vehicle","Clear","Dry","Dark - Lighted","Pedestrian Crossing Sign","Unknown, Unknown","Not Suspect of Alcohol Use, Not Suspect of Drug Use","E279AD0A-5829-4295-90CE-6C7383256932","Pedestrian","Cross/Enter Not at Intersection","Unknown","Other","No","Suspected Minor Injury","None","39.14051552","-77.21259119","    (39.14051552, -77.21259119)"
"MCP2898005J","240060706","MONTGOMERY","Injury Crash","12/19/2024 06:08:00 PM","Maryland (State) Route","FREDERICK RD","SCENERY DR",,,"Pedestrian","Single Vehicle","Clear","Dry","Dark - Lighted","Stop Sign",,"Not Suspect of Alcohol Use, Not Suspect of Drug Use","CF5070F4-0A00-4EBC-87FC-5AE2CB71607C","Pedestrian","Cross/Enter at Intersection","None (No Improper Action)","Intersection Marked Crosswalk","No","Suspected Minor Injury","None","39.17549401","-77.23799998","    (39.17549401, -77.23799998)"
"DD56530044","240060701","ROCKVILLE","Injury Crash","12/19/2024 05:53:00 PM","Municipality Route","N HORNERS LA",,,,"Pedestrian","Single Vehicle","Clear","Dry","Dark - Lighted","No Controls","Not Suspect of Alcohol Use, Not Suspect of Drug Use","Not Suspect of Alcohol Use, Not Suspect of Drug Use","0CA24FA1-A6BD-4665-A829-B0BCF0952543","Pedestrian","Cross/Enter Not at Intersection","Dart/Dash","Shoulder/Roadside","No","Suspected Minor Injury","None","39.0930761","-77.14371127","    (39.0930761, -77.14371127)"
"EJ78870054","240060611","GAITHERSBURG","Injury Crash","12/19/2024 10:00:00 AM","Spur",,,,,"Pedestrian","Single Vehicle","Clear","Dry","Daylight","Traffic Control Signal","Unknown, Unknown","Not Suspect of Alcohol Use, Not Suspect of Drug Use","7BE8B32F-A450-4020-8862-1558793CFFCF","Pedestrian","Cross/Enter at Intersection","None (No Improper Action)","Intersection Marked Crosswalk","No","Suspected Minor Injury","None","39.14985734","-77.20905439","    (39.14985734, -77.20905439)"
"MCP33760021","240060532","MONTGOMERY","Injury Crash","12/18/2024 07:06:00 PM","County Route","KENDALL ST","LINDELL ST",,,"Pedestrian","Single Vehicle","Rain","Wet","Dark - Lighted","Stop Sign","Not Suspect of Alcohol Use, Not Suspect of Drug Use","Not Suspect of Alcohol Use, Not Suspect of Drug Use","3825B63B-B2C0-42AE-BD4B-B1073CD64CD5","Pedestrian","Cross/Enter at Intersection","None (No Improper Action)","Intersection Marked Crosswalk","No","Suspected Minor Injury","None","39.05740066","-77.06072598","    (39.05740066, -77.06072598)"
"MCP2339009Q","240060530","MONTGOMERY","Injury Crash","12/18/2024 06:57:00 PM","County Route","INDIANOLA DR",,,,"Pedestrian","Single Vehicle","Rain","Wet","Dark - Lighted","Traffic Control Signal","Not Suspect of Alcohol Use, Not Suspect of Drug Use","Not Suspect of Alcohol Use, Not Suspect of Drug Use","10A7CE10-B0A1-4B0D-852E-25FCAC8BB39D","Pedestrian","Unknown","Unknown","Shoulder/Roadside","No","Suspected Minor Injury","None","39.11466397","-77.1559358","    (39.11466397, -77.1559358)"
"MCP2187002D","240060423","MONTGOMERY","Injury Crash","12/18/2024 10:30:00 AM","Municipality Route","GIRARD ST","N SUMMIT AVE",,,"Pedestrian","Single Vehicle","Clear","Dry","Daylight","Traffic Control Signal","Not Suspect of Alcohol Use, Not Suspect of Drug Use","Suspect of Alcohol Use, Not Suspect of Drug Use","751EF15C-EE26-4B72-A5B4-8092275E54C3","Pedestrian","Cross/Enter at Intersection","None (No Improper Action)","Intersection Marked Crosswalk","No","Suspected Minor Injury","None","39.15078833","-77.19261333","    (39.15078833, -77.19261333)"
"MCP2440002D","240060396","MONTGOMERY","Injury Crash","12/18/2024 07:46:00 AM","County Route","APPLE RIDGE RD",,,,"Pedestrian","Single Vehicle","Clear","Dry","Daylight","No Controls","Not Suspect of Alcohol Use, Not Suspect of Drug Use","Not Suspect of Alcohol Use, Not Suspect of Drug Use","2D057C88-3C4A-48A9-AFCA-4387BBE767E5","Pedestrian","Cross/Enter Not at Intersection","Dart/Dash","Travel Lane Other Location","Yes","Suspected Minor Injury","None","39.18508767","-77.209145","    (39.18508767, -77.209145)"
"EJ7781005G","240060393","GAITHERSBURG","Injury Crash","12/18/2024 07:18:00 AM","Municipality Route","DIAMOND DR","QUINCE ORCHARD BLVD QUINCE ORCHARD BLVD (EB/L) SEBASTIANI BLVD SEBASTIANI BLVD (SB/L)",,,"Pedestrian","Single Vehicle","Clear","Dry","Dawn","No Controls","Not Suspect of Alcohol Use, Not Suspect of Drug Use","Not Suspect of Alcohol Use, Not Suspect of Drug Use","C494DD4D-429C-43C2-B23C-2DAE7BF8F805","Pedestrian","Cross/Enter at Intersection","None (No Improper Action)","Intersection Marked Crosswalk","No","Suspected Minor Injury","None","39.13496558","-77.22976059","    (39.13496558, -77.22976059)"
"MCP30510081","240060327","MONTGOMERY","Injury Crash","12/17/2024 06:30:00 PM","County Route",,,,,"Pedestrian","Single Vehicle","Clear","Dry","Dark - Lighted","Pedestrian Crossing Sign","Not Suspect of Alcohol Use, Not Suspect of Drug Use","Not Suspect of Alcohol Use, Not Suspect of Drug Use","AF014FD2-1176-4F66-946D-E99B5C38CAB8","Pedestrian","Cross/Enter at Intersection","None (No Improper Action)","Intersection Marked Crosswalk","No","Suspected Minor Injury","None","39.02913754","-77.10800326","    (39.02913754, -77.10800326)"
"DD5643004V","240060111","ROCKVILLE","Injury Crash","12/16/2024 05:19:00 PM","Municipality Route","MANNAKEE ST","CARR AVE #2",,,"Pedestrian","Single Vehicle","Rain","Wet","Dark - Lighted","Pedestrian Crossing","Not Suspect of Alcohol Use, Not Suspect of Drug Use","Not Suspect of Alcohol Use, Not Suspect of Drug Use","1CAAED06-F26A-46CE-976D-5AFD5B70D79E","Pedestrian","Unknown","Not Visible (Dark Clothing, No Lighting, etc.)","Intersection Marked Crosswalk","No","Suspected Minor Injury","None","39.0890798","-77.1666223","    (39.0890798, -77.1666223)"
"MCP3085005L","240060109","MONTGOMERY","Injury Crash","12/16/2024 05:04:00 PM","County Route","FINDLEY RD","DRUMM AVE",,,"Pedestrian","Single Vehicle","Clear","Wet","Dark - Lighted","No Controls","Not Suspect of Alcohol Use, Not Suspect of Drug Use","Not Suspect of Alcohol Use, Not Suspect of Drug Use","01A25FD4-47E9-4812-B3ED-173BC70CC9CA","Pedestrian","None","None (No Improper Action)","Intersection Other","No","Suspected Minor Injury","None","39.03608348","-77.06106521","    (39.03608348, -77.06106521)"
"MCP3355001L","240059888","MONTGOMERY","Injury Crash","12/16/2024 07:06:00 AM","County Route","FENTON ST",,,,"Pedestrian","Single Vehicle","Rain","Wet","Daylight","Traffic Control Signal","Unknown, Unknown","Not Suspect of Alcohol Use, Not Suspect of Drug Use","587CB8EA-968B-4593-A3CE-46D696A7AAFF","Pedestrian","None","None (No Improper Action)","Other","No","Suspected Minor Injury","None","38.99277502","-77.02409101","    (38.99277502, -77.02409101)"
"MCP3392001R","240060012","MONTGOMERY","Injury Crash","12/16/2024 06:40:00 AM","County Route","DAYTON ST","WINDHAM LA",,,"Pedestrian","Single Vehicle","Clear",,"Dark - Unknown Lighting","Stop Sign","Not Suspect of Alcohol Use, Not Suspect of Drug Use","Not Suspect of Alcohol Use, Not Suspect of Drug Use","9CEA5D5D-3506-4CFF-A66C-E7D8FF75F23E","Pedestrian","Other","None (No Improper Action)","Shoulder/Roadside","No","Suspected Minor Injury","None","39.03192394","-77.04424162","    (39.03192394, -77.04424162)"
"MCP32270060","240059984","MONTGOMERY","Injury Crash","12/15/2024 09:15:00 PM","Maryland (State) Route","PINEY BRANCH RD","GREENWOOD AVE",,,"Pedestrian","Single Vehicle","Rain","Wet","Dark - Lighted","Traffic Control Signal","Not Suspect of Alcohol Use, Not Suspect of Drug Use","Not Suspect of Alcohol Use, Not Suspect of Drug Use","2E68ED28-667F-44AD-A219-E0E8E6B4B219","Pedestrian","Cross/Enter at Intersection","Failure to Obey Traffic Signs, Signals, or Officer","Intersection Marked Crosswalk","No","Suspected Minor Injury","None","38.99835348","-77.00232227","    (38.99835348, -77.00232227)"
"MCP2399009B","240059940","MONTGOMERY","Injury Crash","12/15/2024 04:11:00 PM","Local Route","CENTERWAY RD","RHYTHM WAY",,,"Pedestrian","Single Vehicle","Rain","Wet","Daylight","Pedestrian Crossing","Not Suspect of Alcohol Use, Not Suspect of Drug Use","Not Suspect of Alcohol Use, Not Suspect of Drug Use","258CD2CD-87B6-46FC-B57A-3EA40F25221E","Pedestrian","Cross/Enter at Intersection","None (No Improper Action)","Intersection Marked Crosswalk","No","Possible Injury","None","39.17265245","-77.2059214","    (39.17265245, -77.2059214)"
"MCP2335002F","240059857","MONTGOMERY","Injury Crash","12/14/2024 10:41:00 PM","Maryland (State) Route","GERMANTOWN RD (SB/L)",,,,"Pedestrian","Single Vehicle","Clear","Dry","Dark - Lighted","No Controls","Not Suspect of Alcohol Use, Not Suspect of Drug Use","Suspect of Alcohol Use, Unknown","32879BFC-3FBB-42DC-828A-5C4EE40AB4D5","Pedestrian","Other","Failure to Yield Right-Of-Way","Other","No","Suspected Minor Injury","None","39.18033303","-77.26419282","    (39.18033303, -77.26419282)"
"MCP32330057","240059802","MONTGOMERY","Injury Crash","12/14/2024 03:32:00 PM","County Route","FLOWER AVE",,,,"Scooter (electric)","Single Vehicle","Clear","Dry","Daylight","Pedestrian Crossing","Unknown, Unknown","Not Suspect of Alcohol Use, Not Suspect of Drug Use","8AE4773A-D201-41CE-B9CB-55F08FDA94A2","Scooter (electric)","Cross/Enter at Intersection","None (No Improper Action)","Intersection Other","No","Suspected Minor Injury","Other","38.99914495","-77.00383815","    (38.99914495, -77.00383815)"
"MCP2395002W","240059767","MONTGOMERY","Injury Crash","12/14/2024 10:20:00 AM","Maryland (State) Route","COLESVILLE RD","GEORGIA AVE (SB/L)",,,"Pedestrian","Single Vehicle","Clear","Dry","Daylight","Traffic Control Signal","Not Suspect of Alcohol Use, Not Suspect of Drug Use","Not Suspect of Alcohol Use, Not Suspect of Drug Use","E556D2F9-CF36-4604-A09B-0297635E015C","Pedestrian","Cross/Enter at Intersection","None (No Improper Action)","Intersection Marked Crosswalk","No","Possible Injury","None","38.99596183","-77.02825132","    (38.99596183, -77.02825132)"
"MCP30300077","240059703","MONTGOMERY","Injury Crash","12/13/2024 06:00:00 PM","Maryland (State) Route","MASSACHUSETTS AVE","CROMWELL DR",,,"Pedestrian","Single Vehicle","Clear","Dry","Dark - Lighted","Pedestrian Crossing","Not Suspect of Alcohol Use, Not Suspect of Drug Use","Not Suspect of Alcohol Use, Not Suspect of Drug Use","97AA88BD-9DD8-4C94-B4A5-477265B0DDDF","Pedestrian","Cross/Enter at Intersection","None (No Improper Action)","Intersection Marked Crosswalk","No","Possible Injury","None","38.96100188","-77.11618646","    (38.96100188, -77.11618646)"
"MCP3352002H","240059477","MONTGOMERY","Injury Crash","12/12/2024 04:50:00 PM","County Route","LOST KNIFE RD (NB/L)",,,,"Cyclist (non-electric)","Single Vehicle","Clear","Dry","Dark - Lighted","Stop Sign","Not Suspect of Alcohol Use, Not Suspect of Drug Use","Not Suspect of Alcohol Use, Not Suspect of Drug Use","7ADC7649-72EE-4A91-8E11-3B9EE223316C","Cyclist (non-electric)","Cross/Enter at Intersection","None (No Improper Action)","Intersection Marked Crosswalk","No","Suspected Minor Injury","None","39.1572178","-77.20324396","    (39.1572178, -77.20324396)"
"MCP2837006N","240059371","MONTGOMERY","Injury Crash","12/12/2024 08:39:00 AM","Maryland (State) Route","DARNESTOWN RD (WB/L)",,,,"Cyclist (non-electric)","Single Vehicle","Clear","Dry","Daylight","No Controls","Not Suspect of Alcohol Use, Not Suspect of Drug Use","Not Suspect of Alcohol Use, Not Suspect of Drug Use","4F288C59-BB40-4B6C-A520-77C6B9599AB2","Cyclist (non-electric)","Walking/Cycling Along Roadway With Traffic (In or Adjacent to Travel Lane)","None (No Improper Action)","Travel Lane Other Location","No","Possible Injury","Helmet, Lighting, Reflectors","39.11810833","-77.25991333","    (39.11810833, -77.25991333)"
"MCP31480079","240059313","MONTGOMERY","Injury Crash","12/11/2024 06:42:00 PM",,,,"Parking Stall        11830 GRAND PARK AVE PARKING GARAGE",,"Pedestrian","Single Vehicle","Clear",,"Dark - Lighted",,"Unknown, Unknown","Not Suspect of Alcohol Use, Not Suspect of Drug Use","9445747E-FBD3-46D1-B930-15ECB1E71F62","Pedestrian","Other","Other","Driveway Access","No","Possible Injury","None","39.04986326","-77.11787598","    (39.04986326, -77.11787598)"
"MCP22700049","240059409","MONTGOMERY","Property Damage Crash","12/11/2024 06:15:00 PM","County Route","RYLAND DR","OLD GEORGETOWN RD PARKING LOT CUT THRU CUT",,,"Cyclist (non-electric)","Single Vehicle","Clear","Dry","Dark - Unknown Lighting","Traffic Control Signal","Not Suspect of Alcohol Use, Not Suspect of Drug Use","Not Suspect of Alcohol Use, Not Suspect of Drug Use","EE015B72-3B53-4C61-8875-4FD76B4D4E34","Cyclist (non-electric)","Cross/Enter at Intersection","Unknown","Intersection Marked Crosswalk","No","No Apparent Injury","Helmet","39.01313635","-77.11712976","    (39.01313635, -77.11712976)"
"MCP33350038","240059266","MONTGOMERY","Injury Crash","12/11/2024 03:52:00 PM","County Route","DOMER AVE","GARLAND AVE",,,"Pedestrian","Single Vehicle","Rain","Wet","Daylight","Stop Sign","Not Suspect of Alcohol Use, Not Suspect of Drug Use","Not Suspect of Alcohol Use, Not Suspect of Drug Use","DA6DC79B-F43B-4164-AF08-1C0AADF58724","Pedestrian","Cross/Enter at Intersection","None (No Improper Action)","Intersection Marked Crosswalk","No","Suspected Minor Injury","None","38.99688195","-76.99868277","    (38.99688195, -76.99868277)"