"Report Number","Local Case Number","Agency Name","ACRS Report Type","Crash Date/Time","Route Type","Road Name","Cross-Street Name","Off-Road Description","Municipality","Related Non-Motorist","Collision Type","Weather","Surface Condition","Light","Traffic Control","Driver Substance Abuse","Non-Motorist Substance Abuse","Person ID","Pedestrian Type","Pedestrian Movement","Pedestrian Actions","Pedestrian Location","At Fault","Injury Severity","Safety Equipment","Latitude","Longitude","Location"
"MCP2723008W","240048973","MONTGOMERY","Injury Crash","10/13/2024 08:50:00 PM","County Route","GRAND PRE RD",,,,"Pedestrian","Single Vehicle","Clear","Dry","Dark - Not Lighted","No Controls","Not Suspect of Alcohol Use, Not Suspect of Drug Use","Not Suspect of Alcohol Use, Not Suspect of Drug Use","A4669E36-C83F-446D-9384-12E60C5E0B7A","Pedestrian","Cross/Enter at Intersection","Unknown","Sidewalk","No","Possible Injury","None","39.09274296","-77.07647884","    (39.09274296, -77.07647884)"
"MCP2898005B","240048961","MONTGOMERY","Injury Crash","10/13/2024 06:28:00 PM",,,,"Parking Lot Way        PARKING LOT OF 211117 FREDERICK RD",,"Pedestrian","Single Vehicle","Clear",,"Dusk",,"Not Suspect of Alcohol Use, Not Suspect of Drug Use","Not Suspect of Alcohol Use, Not Suspect of Drug Use","AB800D0D-F54F-4D9E-8589-52EE18EB52AB","Pedestrian","Other","None (No Improper Action)","Other","No","Possible Injury","None","39.20445793","-77.24508927","    (39.20445793, -77.24508927)"
"MCP2455007K","240048636","MONTGOMERY","Injury Crash","10/11/2024 04:56:00 PM","Maryland (State) Route","ROCKVILLE PIKE (SB/L)",,,,"Other Pedestrian (person in a building, skater, personal conveyance, etc.)","Single Vehicle","Clear","Dry","Daylight","Traffic Control Signal","Not Suspect of Alcohol Use, Not Suspect of Drug Use","Not Suspect of Alcohol Use, Not Suspect of Drug Use","00DD932B-2C4B-457B-821D-2DAC35586B3B","Other Pedestrian (person in a building, skater, personal conveyance, etc.)","Cross/Enter at Intersection","Failure to Yield Right-Of-Way","Intersection Other","No","Suspected Minor Injury","None","39.05508381","-77.1182656","    (39.05508381, -77.1182656)"
"MCP291700DW","240048574","MONTGOMERY","Injury Crash","10/11/2024 12:17:00 PM","Maryland (State) Route","GEORGIA AVE (SB/L)",,,,"Pedestrian","Single Vehicle","Clear","Dry","Daylight","No Controls","Not Suspect of Alcohol Use, Not Suspect of Drug Use","Suspect of Alcohol Use, Suspect of Drug Use","A9782872-B398-49EB-B7C0-FD8E4EC7536E","Pedestrian","Cross/Enter Not at Intersection","Dart/Dash","Travel Lane Other Location","Yes","Suspected Serious Injury","None","38.99908177","-77.03153301","    (38.99908177, -77.03153301)"
"DD56120061","240048515","ROCKVILLE","Injury Crash","10/11/2024 08:05:00 AM",,,,"Driveway        ENTRANCE/EXIT 1010 ROCKVILLE PIKE",,"Cyclist (Electric)","Single Vehicle","Clear",,"Daylight",,"Not Suspect of Alcohol Use, Not Suspect of Drug Use","Not Suspect of Alcohol Use, Not Suspect of Drug Use","983CC9A5-D4A3-4290-8AA6-1A0462B48708","Cyclist (Electric)","Walking/Cycling on Sidewalk","None (No Improper Action)","Sidewalk","No","Possible Injury","Unknown","39.07389231","-77.13484794","    (39.07389231, -77.13484794)"
"MCP2966007R","240048472","MONTGOMERY","Injury Crash","10/10/2024 09:09:00 PM","Bicycle Route",,,,,"Cyclist (non-electric)","Single Vehicle","Clear","Dry","Dark - Not Lighted","No Controls","Not Suspect of Alcohol Use, Not Suspect of Drug Use","Not Suspect of Alcohol Use, Not Suspect of Drug Use","78A1015D-43B3-4E08-A87D-29AA0AFDEED5","Cyclist (non-electric)","Other","Not Visible (Dark Clothing, No Lighting, etc.)","Other","No","Suspected Minor Injury","Helmet","39.17949954","-77.23864436","    (39.17949954, -77.23864436)"
"MCP32550062","240048444","MONTGOMERY","Injury Crash","10/10/2024 06:15:00 PM","County Route","TRANSHIRE RD",,,,"Pedestrian","Single Vehicle","Clear","Dry","Dusk","No Controls","Not Suspect of Alcohol Use, Not Suspect of Drug Use","Not Suspect of Alcohol Use, Not Suspect of Drug Use","9A79331C-34A6-413B-8807-EF69351BA24A","Pedestrian","Cross/Enter Not at Intersection","Failure to Yield Right-Of-Way, In Roadway Improperly (Standing, Lying, Working, Playing), Inattentive (Talking, Eating, etc.)","Other","Yes","Suspected Serious Injury","None","39.17548494","-77.19808562","    (39.17548494, -77.19808562)"
"MCP1378019J","240048403","MONTGOMERY","Injury Crash","10/10/2024 03:02:00 PM","Maryland (State) Route","GEORGIA AVE",,,,"Scooter (electric)","Single Vehicle","Clear","Dry","Daylight","No Controls","Not Suspect of Alcohol Use, Not Suspect of Drug Use","Not Suspect of Alcohol Use, Not Suspect of Drug Use","42155806-8CC3-4DE1-858D-2941E84A6F51","Scooter (electric)","Walking/Cycling on Sidewalk","Other","Sidewalk","No","Possible Injury","None","39.07918842","-77.07285935","    (39.07918842, -77.07285935)"
"MCP12270027","240048346","MONTGOMERY","Injury Crash","10/10/2024 09:16:00 AM","County Route","CHERRY VALLEY DR",,,,"Other Pedestrian (person in a building, skater, personal conveyance, etc.)","Single Vehicle","Clear","Dry","Daylight","Person (including flagger, law enforcement, crossing guard, etc.","Not Suspect of Alcohol Use, Not Suspect of Drug Use","Not Suspect of Alcohol Use, Not Suspect of Drug Use","D09B7C9F-8862-49C9-9CA9-4A570B945D79","Other Pedestrian (person in a building, skater, personal conveyance, etc.)","Other","Other","Travel Lane Other Location","No","Suspected Serious Injury","Helmet","39.13927077","-77.06978133","    (39.13927077, -77.06978133)"
"MCP2727002Y","240048341","MONTGOMERY","Injury Crash","10/10/2024 09:10:00 AM","County Route","WOODGLEN DR (NB/L)",,,,"Pedestrian","Single Vehicle","Clear","Dry","Daylight","Stop Sign","Not Suspect of Alcohol Use, Not Suspect of Drug Use","Not Suspect of Alcohol Use, Not Suspect of Drug Use","C0D0F59D-FB30-430C-97C6-CC8094B81440","Pedestrian","Walking/Cycling on Sidewalk","None (No Improper Action)","Sidewalk","No","Suspected Serious Injury","None","39.04024793","-77.11307993","    (39.04024793, -77.11307993)"
"EJ7905001L","240048333","GAITHERSBURG","Injury Crash","10/10/2024 07:31:00 AM","County Route","LONGDRAFT RD","PHEASANT RUN DR",,,"Pedestrian","Single Vehicle","Clear","Dry","Daylight","Stop Sign","Not Suspect of Alcohol Use, Not Suspect of Drug Use","Not Suspect of Alcohol Use, Not Suspect of Drug Use","E1680551-21ED-4BD2-A1F6-8B2B046784AC","Pedestrian","Unknown","Unknown","Intersection Marked Crosswalk","No","Suspected Serious Injury","None","39.14456616","-77.2383461","    (39.14456616, -77.2383461)"
"MCP2513004M","240048322","MONTGOMERY","Injury Crash","10/10/2024 07:18:00 AM","County Route","FOREST GLEN RD","FOREST GLEN RD GEORGIA AVE",,,"Cyclist (non-electric)","Single Vehicle","Clear","Dry","Daylight","Pedestrian Crossing","Not Suspect of Alcohol Use, Not Suspect of Drug Use","Not Suspect of Alcohol Use, Not Suspect of Drug Use","230DCE75-FA90-498D-9849-FA0C703C5758","Cyclist (non-electric)","Cross/Enter at Intersection","Failure to Obey Traffic Signs, Signals, or Officer","Intersection Marked Crosswalk","Yes","Suspected Minor Injury","Helmet","39.0153875","-77.04281759","    (39.0153875, -77.04281759)"
"DM8514001K","240048276","TAKOMA","Injury Crash","10/09/2024 07:15:00 PM","Maryland (State) Route","UNIVERSITY BLVD",,,,"Pedestrian","Single Vehicle","Clear","Dry","Dark - Lighted","No Controls","Not Suspect of Alcohol Use, Not Suspect of Drug Use","Suspect of Alcohol Use, Not Suspect of Drug Use","BBF2B3EB-36DD-4207-92E3-003A71CE4887","Pedestrian","Cross/Enter Not at Intersection","Dart/Dash, Inattentive (Talking, Eating, etc.)","Median/Crossing Island","No","Possible Injury","None","38.98949796","-76.98858815","    (38.98949796, -76.98858815)"
"MCP31610072","240048274","MONTGOMERY","Property Damage Crash","10/09/2024 06:41:00 PM","County Route",,,,,"Cyclist (non-electric)","Single Vehicle","Clear","Dry","Daylight","No Controls","Not Suspect of Alcohol Use, Not Suspect of Drug Use","Unknown, Unknown","13F95FDF-B2DF-4AA4-83EC-D95E1422F522","Cyclist (non-electric)","Walking/Cycling Along Roadway With Traffic (In or Adjacent to Travel Lane)","Failure to Yield Right-Of-Way, Improper Passing","Travel Lane Other Location","No","No Apparent Injury","Helmet","38.99597574","-77.06589655","    (38.99597574, -77.06589655)"
"MCP2372006V","240048229","MONTGOMERY","Injury Crash","10/09/2024 02:32:00 PM","County Route","BEECH AVE","OLD GEORGETOWN RD (SB/L)",,,"Pedestrian","Single Vehicle","Clear","Dry","Daylight","Traffic Control Signal","Not Suspect of Alcohol Use, Not Suspect of Drug Use","Not Suspect of Alcohol Use, Not Suspect of Drug Use","E80AC611-B13D-4BDE-8D30-8EF6E219088C","Pedestrian","Cross/Enter at Intersection","Failure to Obey Traffic Signs, Signals, or Officer","Intersection Marked Crosswalk","Yes","Suspected Minor Injury","None","39.01015565","-77.11482416","    (39.01015565, -77.11482416)"
"MCP3089004H","240048176","MONTGOMERY","Injury Crash","10/09/2024 09:26:00 AM",,,,"Parking Lot Way        PARKING LOT OF GREENCASTLE ELEMENTARY SCHOOL",,"Pedestrian","Single Vehicle","Clear",,"Daylight",,"Unknown, Unknown","Not Suspect of Alcohol Use, Not Suspect of Drug Use","143A6CF9-4E2D-4D33-9F3B-F5ED996F12DF","Pedestrian","Other Working","None (No Improper Action)","Unknown","No","Possible Injury","None","39.08328604","-76.94011453","    (39.08328604, -76.94011453)"
"EJ78940051","240048153","GAITHERSBURG","Injury Crash","10/09/2024 06:41:00 AM","Municipality Route","FIRSTFIELD RD","QUINCE ORCHARD RD QUINCE ORCHARD RD (SB/L)",,,"Pedestrian","Single Vehicle","Clear","Dry","Dawn","Traffic Control Signal","Not Suspect of Alcohol Use, Not Suspect of Drug Use","Not Suspect of Alcohol Use, Not Suspect of Drug Use","C20FB24C-0202-4250-BAA4-A345543F576A","Pedestrian","Cross/Enter at Intersection","None (No Improper Action)","Intersection Marked Crosswalk","No","Possible Injury","None","39.14511966","-77.22006594","    (39.14511966, -77.22006594)"
"DD5657002M","240048092","ROCKVILLE","Injury Crash","10/08/2024 03:15:00 PM","Municipality Route","NELSON ST","MANNAKEE ST MARTINS LA",,,"Pedestrian","Unknown","Clear","Dry","Daylight","Traffic Control Signal","Not Suspect of Alcohol Use, Not Suspect of Drug Use","Not Suspect of Alcohol Use, Not Suspect of Drug Use","CF8496F3-ED4C-4504-9E54-7C8B7FF99703","Pedestrian","Cross/Enter at Intersection","None (No Improper Action)","Intersection Marked Crosswalk","No","Suspected Minor Injury","None","39.09333046","-77.16140076","    (39.09333046, -77.16140076)"
"MCP25630020","240047962","MONTGOMERY","Fatal Crash","10/07/2024 09:18:00 PM","Maryland (State) Route","GREAT SENECA HWY (SB/L)","KENTLANDS BLVD (NB/L)",,,"Pedestrian","Single Vehicle","Clear","Dry","Dark - Lighted","Traffic Control Signal","Not Suspect of Alcohol Use, Not Suspect of Drug Use","Not Suspect of Alcohol Use, Not Suspect of Drug Use","F6B8D988-402D-450B-A07B-103F38CF61F2","Pedestrian","Cross/Enter at Intersection","Dart/Dash, Failure to Obey Traffic Signs, Signals, or Officer, Not Visible (Dark Clothing, No Lighting, etc.)","Intersection Marked Crosswalk","Yes","Fatal Injury","None","39.12369719","-77.23171876","    (39.12369719, -77.23171876)"
"MCP2881006K","240047797","MONTGOMERY","Property Damage Crash","10/07/2024 07:50:00 AM","County Route","ETERNITY RD","AMARILLO DR HOPKINS RD",,,"Pedestrian","Single Vehicle","Clear","Dry","Daylight","Stop Sign","Not Suspect of Alcohol Use, Not Suspect of Drug Use","Not Suspect of Alcohol Use, Not Suspect of Drug Use","BAA214DB-5B43-4C97-B68A-876FED2E7258","Pedestrian","Cross/Enter at Intersection","None (No Improper Action)","Intersection Unmarked Crosswalk","No","No Apparent Injury","None","39.16879435","-77.29062071","    (39.16879435, -77.29062071)"
"MCP2881006K","240047797","MONTGOMERY","Property Damage Crash","10/07/2024 07:50:00 AM","County Route","ETERNITY RD","AMARILLO DR HOPKINS RD",,,"Pedestrian","Single Vehicle","Clear","Dry","Daylight","Stop Sign","Not Suspect of Alcohol Use, Not Suspect of Drug Use","Not Suspect of Alcohol Use, Not Suspect of Drug Use","2D686C32-3708-4995-BC70-30A51C5F3CFE","Pedestrian","Cross/Enter at Intersection","None (No Improper Action)","Intersection Unmarked Crosswalk","No","No Apparent Injury","None","39.16879435","-77.29062071","    (39.16879435, -77.29062071)"
"HA2377000Q","24002116","MCPARK","Injury Crash","10/06/2024 09:55:00 AM",,,,"Parking Lot Way        PARKING LOT OF LAYTONIA RECREATIONAL PARK LOCATED AT 7300 AIRPARK RD, GAITHERSBURG, MD 20879.",,"Pedestrian","Single Vehicle","Clear",,"Daylight",,"Not Suspect of Alcohol Use, Not Suspect of Drug Use","Not Suspect of Alcohol Use, Not Suspect of Drug Use","1272FACE-8FF7-4006-B83A-22A58A0A955F","Pedestrian","Other","None (No Improper Action)","Other","No","Suspected Minor Injury","None","39.15197405","-77.14510201","    (39.15197405, -77.14510201)"
"DD5649003W","240047597","ROCKVILLE","Injury Crash","10/05/2024 07:25:00 PM","Maryland (State) Route","ROCKVILLE PIKE (SB/L)",,,,"Pedestrian","Unknown","Clear","Dry","Dark - Lighted","No Controls","Not Suspect of Alcohol Use, Not Suspect of Drug Use","Not Suspect of Alcohol Use, Not Suspect of Drug Use","47426DC1-889D-4650-A137-D9B0E6AF1711","Pedestrian","Cross/Enter Not at Intersection","None (No Improper Action)","Midblock Marked Crosswalk","No","Suspected Minor Injury","None","39.05972847","-77.12235105","    (39.05972847, -77.12235105)"
"MCP3193005Z","240047614","MONTGOMERY","Injury Crash","10/05/2024 07:20:00 PM","County Route","PENDLETON DR",,,,"Pedestrian","Single Vehicle","Clear","Dry","Dark - Unknown Lighting","No Controls","Not Suspect of Alcohol Use, Not Suspect of Drug Use","Not Suspect of Alcohol Use, Not Suspect of Drug Use","5EAFD405-039D-42FA-9947-27A6EC33DB6B","Pedestrian","Cross/Enter at Intersection","None (No Improper Action)","Intersection Marked Crosswalk","No","Suspected Minor Injury","None","39.04695767","-77.06717667","    (39.04695767, -77.06717667)"
"MCP2853009Z","240047585","MONTGOMERY","Injury Crash","10/05/2024 05:17:00 PM","County Route","FOREST GLEN RD",,,,"Cyclist (non-electric)","Single Vehicle","Clear","Dry","Daylight","Pedestrian Crossing","Not Suspect of Alcohol Use, Not Suspect of Drug Use","Not Suspect of Alcohol Use, Not Suspect of Drug Use","914B7F25-F0FE-46C8-AF8A-0FD902CDAF04","Cyclist (non-electric)","Cross/Enter at Intersection","None (No Improper Action)","Intersection Marked Crosswalk","No","Suspected Minor Injury","Helmet","39.01612643","-77.03329447","    (39.01612643, -77.03329447)"
"MCP3421000D","240047313","MONTGOMERY","Injury Crash","10/05/2024 07:22:00 AM","Maryland (State) Route","CONNECTICUT AVE (SB/L)",,,,"Pedestrian","Single Vehicle","Clear","Dry","Dawn","No Controls","Not Suspect of Alcohol Use, Not Suspect of Drug Use","Not Suspect of Alcohol Use, Not Suspect of Drug Use","242F1139-5CDE-49E5-9246-623CBC4944AE","Pedestrian","Walking/Cycling on Sidewalk","None (No Improper Action)","Sidewalk","No","Possible Injury","None","39.08071909","-77.08049839","    (39.08071909, -77.08049839)"
"MCP28160044","240047198","MONTGOMERY","Injury Crash","10/03/2024 01:03:00 PM","Private Route",,"DARNESTOWN RD",,,"Cyclist (non-electric)","Single Vehicle","Clear","Dry","Daylight","No Controls","Not Suspect of Alcohol Use, Not Suspect of Drug Use","Not Suspect of Alcohol Use, Not Suspect of Drug Use","2C0CEA65-4732-4059-AA6C-88936EEF5937","Cyclist (non-electric)","Walking/Cycling Along Roadway With Traffic (In or Adjacent to Travel Lane)","None (No Improper Action)","OnStreet Bike Lanes","No","Suspected Minor Injury","Helmet, Reflective Wear (backpack, triangles, etc.), Reflectors","39.10096383","-77.21589666","    (39.10096383, -77.21589666)"
"MCP2798006K","240047112","MONTGOMERY","Injury Crash","10/02/2024 08:45:00 PM","County Route","WATERS LANDING DR",,,,"Cyclist (non-electric)","Single Vehicle","Clear","Dry","Dark - Lighted","Traffic Control Signal","Not Suspect of Alcohol Use, Not Suspect of Drug Use","Not Suspect of Alcohol Use, Not Suspect of Drug Use","A2ED701B-DCF6-4959-B99F-F652A3A8E4CD","Cyclist (non-electric)","Cross/Enter at Intersection","Unknown","Intersection Marked Crosswalk","No","Possible Injury","None","39.1918455","-77.27219383","    (39.1918455, -77.27219383)"
"MCP31610071","240047101","MONTGOMERY","Injury Crash","10/02/2024 07:15:00 PM","Maryland (State) Route","CONNECTICUT AVE",,,,"Pedestrian","Single Vehicle","Clear","Wet","Dark - Lighted","Person (including flagger, law enforcement, crossing guard, etc.","Not Suspect of Alcohol Use, Not Suspect of Drug Use","Not Suspect of Alcohol Use, Not Suspect of Drug Use","11E8F4D3-45FD-4B57-A4DB-6BCF318E2BDC","Pedestrian","Standing","None (No Improper Action)","Travel Lane Other Location","No","Suspected Minor Injury","Reflective Wear (backpack, triangles, etc.)","39.02002633","-77.0770985","    (39.02002633, -77.0770985)"
"MCP27560060","240047094","MONTGOMERY","Injury Crash","10/02/2024 06:49:00 PM","County Route","VALLEYWOOD DR",,,,"Pedestrian","Single Vehicle","Cloudy","Dry","Dark - Lighted","No Controls","Not Suspect of Alcohol Use, Not Suspect of Drug Use","Not Suspect of Alcohol Use, Not Suspect of Drug Use","D0B3E839-38B6-4AD8-B8E0-71EAC13AD116","Pedestrian","Cross/Enter Not at Intersection","Dart/Dash, Failure to Yield Right-Of-Way","Travel Lane Other Location","Yes","No Apparent Injury","None","39.05382757","-77.06757007","    (39.05382757, -77.06757007)"
"MCP27560060","240047094","MONTGOMERY","Injury Crash","10/02/2024 06:49:00 PM","County Route","VALLEYWOOD DR",,,,"Pedestrian","Single Vehicle","Cloudy","Dry","Dark - Lighted","No Controls","Not Suspect of Alcohol Use, Not Suspect of Drug Use","Not Suspect of Alcohol Use, Not Suspect of Drug Use","DAB2222B-8158-44AB-82A3-9348B15C8BDA","Pedestrian","Cross/Enter Not at Intersection","Dart/Dash, Failure to Yield Right-Of-Way","Travel Lane Other Location","Yes","Possible Injury","None","39.05382757","-77.06757007","    (39.05382757, -77.06757007)"
"MCP3222002T","240047080","MONTGOMERY","Property Damage Crash","10/02/2024 05:32:00 PM",,,,"Parking Lot Way        PARKING LOT OF MONTGOMERY MALL",,"Cyclist (non-electric)","Single Vehicle","Clear",,"Daylight",,"Not Suspect of Alcohol Use, Not Suspect of Drug Use","Not Suspect of Alcohol Use, Not Suspect of Drug Use","461B4A08-7E6E-41C0-9B68-C82E03C9C16B","Cyclist (non-electric)","Cross/Enter at Intersection","Dart/Dash, Failure to Obey Traffic Signs, Signals, or Officer, Inattentive (Talking, Eating, etc.)","Intersection Marked Crosswalk","No","No Apparent Injury","Helmet","39.02247096","-77.14741805","    (39.02247096, -77.14741805)"
"MCP3319002V","240046984","MONTGOMERY","Injury Crash","10/02/2024 07:50:00 AM","US (State)","COLESVILLE RD",,,,"Pedestrian","Single Vehicle","Rain","Wet","Daylight","No Controls","Unknown, Unknown","Not Suspect of Alcohol Use, Not Suspect of Drug Use","1F3BB395-2E33-4947-8C80-555FAD696A9B","Pedestrian","Standing","None (No Improper Action)","Shoulder/Roadside","No","Suspected Minor Injury","None","38.99837815","-77.02639373","    (38.99837815, -77.02639373)"
"MCP2372006S","240046963","MONTGOMERY","Injury Crash","10/02/2024 07:09:00 AM","Ramp","RAMP 1 FR MD 187 NB TO RAMP 8 (TO IS495)","OLD GEORGETOWN RD (SB/L) RAMP 7 FR RAMP 2 (FR IS495) TO MD 187 SB",,,"Cyclist (non-electric)","Single Vehicle","Cloudy","Wet","Dawn","Traffic Control Signal","Not Suspect of Alcohol Use, Not Suspect of Drug Use","Not Suspect of Alcohol Use, Not Suspect of Drug Use","54B50045-6F45-4BD6-8879-E3D21A4063CE","Cyclist (non-electric)","Walking/Cycling Along Roadway With Traffic (In or Adjacent to Travel Lane)","None (No Improper Action)","OnStreet Bike Lanes","No","Suspected Serious Injury","Helmet, Lighting, Reflectors","39.01651625","-77.11972724","    (39.01651625, -77.11972724)"
"MCP26780051","240046835","MONTGOMERY","Injury Crash","10/01/2024 11:45:00 AM",,,,"Parking Lot Way        PARKING LOT OF 10700 GEORGIA AVE, SILVER SPRING MD 20902",,"Pedestrian","Single Vehicle","Rain",,"Daylight",,"Not Suspect of Alcohol Use, Not Suspect of Drug Use","Not Suspect of Alcohol Use, Not Suspect of Drug Use","B127342B-8C2B-43FD-87B7-1F2582493447","Pedestrian","Other","None (No Improper Action)","Other","No","Suspected Minor Injury","None","39.03084881","-77.04860837","    (39.03084881, -77.04860837)"
"MCP31090093","240046743","MONTGOMERY","Fatal Crash","09/30/2024 07:55:00 PM","County Route","HIGH POINT DR","FREDERICK RD (SB/L)",,,"Pedestrian","Single Vehicle","Rain","Wet","Dark - Not Lighted","No Controls","Not Suspect of Alcohol Use, Not Suspect of Drug Use","Not Suspect of Alcohol Use, Not Suspect of Drug Use","C78B4453-F227-47C9-B476-C49675078EF5","Pedestrian","Cross/Enter at Intersection","Dart/Dash, Not Visible (Dark Clothing, No Lighting, etc.)","Intersection Other","Yes","Fatal Injury","None","39.16886161","-77.23415877","    (39.16886161, -77.23415877)"
"MCP3408000C","240046633","MONTGOMERY","Injury Crash","09/30/2024 12:37:00 PM","Ramp","RAMP 4 FR US 29 NB TO IS 495 EB",,,,"Cyclist (non-electric)","Single Vehicle","Cloudy","Dry","Daylight","Traffic Control Signal","Not Suspect of Alcohol Use, Not Suspect of Drug Use","Not Suspect of Alcohol Use, Not Suspect of Drug Use","A079DC00-1BEE-4134-8234-CCF7F9D3111E","Cyclist (non-electric)","Cross/Enter at Intersection","None (No Improper Action)","Intersection Marked Crosswalk","No","Possible Injury","Helmet","39.01432742","-77.01648216","    (39.01432742, -77.01648216)"
"MCP3176002T","240046564","MONTGOMERY","Injury Crash","09/29/2024 11:06:00 PM","US (State)","COLESVILLE RD",,,,"Pedestrian","Single Vehicle","Rain","Wet","Dark - Lighted","Traffic Control Signal","Not Suspect of Alcohol Use, Not Suspect of Drug Use","Suspect of Alcohol Use, Not Suspect of Drug Use","D0C45196-07E6-4D8F-8AFE-3427799A6336","Pedestrian","Other","In Roadway Improperly (Standing, Lying, Working, Playing)","Travel Lane Other Location","Yes","Suspected Minor Injury","None","38.99925033","-77.02606583","    (38.99925033, -77.02606583)"
"EJ7879004G","240046533","GAITHERSBURG","Property Damage Crash","09/29/2024 05:19:00 PM","Municipality Route","GIRARD ST",,,,"Pedestrian","Single Vehicle","Clear","Dry","Daylight","No Controls","Not Suspect of Alcohol Use, Not Suspect of Drug Use","Not Suspect of Alcohol Use, Not Suspect of Drug Use","48335FD5-6641-43C8-9387-A666326109A1","Pedestrian","Cross/Enter Not at Intersection","Dart/Dash","Other","Yes","No Apparent Injury","None","39.1495921","-77.18822317","    (39.1495921, -77.18822317)"
"MCP3051007X","240046528","MONTGOMERY","Injury Crash","09/29/2024 04:55:00 PM",,,,"Parking Lot Way        PARKING LOT OF ST. LUKES EPISCOPAL CHURCH",,"Occupant of Motor Vehicle Not in Transport","Single Vehicle","Clear",,"Daylight",,,"Not Suspect of Alcohol Use, Not Suspect of Drug Use","D4574E83-253E-41E8-BDC0-4D1BB48B2473","Occupant of Motor Vehicle Not in Transport","Getting Off/On Vehicle","Entering/Exiting Parked/Standing Vehicle","Other","No","Possible Injury","None","39.02184659","-77.12226689","    (39.02184659, -77.12226689)"
"MCP3334002Y","240046369","MONTGOMERY","Injury Crash","09/28/2024 04:40:00 PM","US (State)","GEORGIA AVE (SB/L)",,,,"Pedestrian","Single Vehicle","Clear","Dry","Daylight","Traffic Control Signal","Not Suspect of Alcohol Use, Not Suspect of Drug Use","Not Suspect of Alcohol Use, Not Suspect of Drug Use","2CF40C5F-8E46-4C91-9A5C-1450840DD162","Pedestrian","Cross/Enter at Intersection","Failure to Obey Traffic Signs, Signals, or Officer, Inattentive (Talking, Eating, etc.), Other","Travel Lane Other Location","Yes","Suspected Minor Injury","None","38.99593199","-77.02818202","    (38.99593199, -77.02818202)"
"EJ7887004S","240046352","GAITHERSBURG","Injury Crash","09/28/2024 02:30:00 PM","Municipality Route","PARAMOUNT PARK DR (NB/L)",,,,"Pedestrian","Single Vehicle","Clear","Dry","Daylight","Stop Sign","Not Suspect of Alcohol Use, Not Suspect of Drug Use","Not Suspect of Alcohol Use, Not Suspect of Drug Use","633628D3-6AA5-4A4C-9635-46367BD595A4","Pedestrian","Cross/Enter at Intersection","None (No Improper Action)","Intersection Marked Crosswalk","No","Suspected Minor Injury","None","39.15972691","-77.22149262","    (39.15972691, -77.22149262)"