"Report Number","Local Case Number","Agency Name","ACRS Report Type","Crash Date/Time","Route Type","Road Name","Cross-Street Name","Off-Road Description","Municipality","Related Non-Motorist","Collision Type","Weather","Surface Condition","Light","Traffic Control","Driver Substance Abuse","Non-Motorist Substance Abuse","Person ID","Pedestrian Type","Pedestrian Movement","Pedestrian Actions","Pedestrian Location","At Fault","Injury Severity","Safety Equipment","Latitude","Longitude","Location"
"MCP33550019","240034043","MONTGOMERY","Injury Crash","07/19/2024 06:28:00 AM","Maryland (State) Route",,"COLESVILLE RD (WB/L)",,,"Cyclist (non-electric)","Single Vehicle","Cloudy","Dry","Daylight","Traffic Control Signal","Not Suspect of Alcohol Use, Not Suspect of Drug Use","Not Suspect of Alcohol Use, Not Suspect of Drug Use","DFFB4EBE-644B-48BB-8D80-F1554C8F7F6C","Cyclist (non-electric)","Walking/Cycling Along Roadway With Traffic (In or Adjacent to Travel Lane)","None (No Improper Action)","Travel Lane Other Location","No","Suspected Minor Injury","None","38.99367978","-77.0323648","    (38.99367978, -77.0323648)"
"MCP31970046","240033854","MONTGOMERY","Injury Crash","07/17/2024 05:47:00 PM",,,,"Driveway        13515 GEORGIA AVENUE SILVER SPRING MD",,"Pedestrian","Single Vehicle","Clear",,"Daylight",,"Unknown, Unknown","Suspect of Alcohol Use, Not Suspect of Drug Use","7AA92D84-C775-4E06-AE27-F7D9B7D7EC99","Pedestrian","Walking/Cycling on Sidewalk","None (No Improper Action)","Driveway Access","No","Suspected Minor Injury","None","39.07844182","-77.071745","    (39.07844182, -77.071745)"
"MCP3145004W","240033573","MONTGOMERY","Injury Crash","07/16/2024 03:00:00 PM","County Route","CHERRY TREE LA","LORAIN AVE",,,"Scooter (electric)","Single Vehicle","Clear","Dry","Daylight","Pedestrian Crossing","Not Suspect of Alcohol Use, Not Suspect of Drug Use","Not Suspect of Alcohol Use, Not Suspect of Drug Use","51B321AB-1574-4D37-8B72-EE9F76804A44","Scooter (electric)","Cross/Enter at Intersection","Inattentive (Talking, Eating, etc.)","Intersection Unmarked Crosswalk","Yes","Suspected Minor Injury","None","39.02564708","-77.00448051","    (39.02564708, -77.00448051)"
"MCP31610070","240033576","MONTGOMERY","Property Damage Crash","07/16/2024 12:30:00 PM","Local Route","CHEVY CHASE LAKE TER",,,,"Pedestrian","Single Vehicle","Clear","Dry","Daylight","No Controls","Not Suspect of Alcohol Use, Not Suspect of Drug Use","Not Suspect of Alcohol Use, Not Suspect of Drug Use","5A2A5C88-903C-40AB-A490-FA72DC63F5FA","Pedestrian","Getting Off/On Vehicle","None (No Improper Action)","Travel Lane Other Location","No","No Apparent Injury","None","38.99545804","-77.07582841","    (38.99545804, -77.07582841)"
"MCP29480074","240033251","MONTGOMERY","Injury Crash","07/14/2024 07:45:00 PM","Maryland (State) Route","GEORGIA AVE",,,,"Pedestrian","Single Vehicle","Clear","Dry","Daylight","Traffic Control Signal","Not Suspect of Alcohol Use, Not Suspect of Drug Use","Not Suspect of Alcohol Use, Not Suspect of Drug Use","CDA85D6E-F9C9-4848-A398-B332EFD28DFB","Pedestrian","Cross/Enter at Intersection","None (No Improper Action)","Intersection Marked Crosswalk","No","Suspected Minor Injury","None","39.0530695","-77.05088383","    (39.0530695, -77.05088383)"
"MCP9429000R","240033247","MONTGOMERY","Injury Crash","07/14/2024 07:18:00 PM","US (State)","GEORGIA AVE",,,,"Scooter (electric)","Single Vehicle","Clear","Dry","Daylight","Traffic Control Signal","Not Suspect of Alcohol Use, Not Suspect of Drug Use","Not Suspect of Alcohol Use, Not Suspect of Drug Use","BD1C006E-592B-4ECB-84A7-081D00401A8C","Scooter (electric)","Other","Unknown","Intersection Marked Crosswalk","Yes","Possible Injury","None","38.99031993","-77.02653908","    (38.99031993, -77.02653908)"
"MCP2671003Y","240033235","MONTGOMERY","Injury Crash","07/14/2024 06:00:00 PM",,,,"Alley        8701 GEORGIA AVE",,"Scooter (electric)","Single Vehicle","Clear",,"Daylight",,"Unknown, Unknown","Not Suspect of Alcohol Use, Not Suspect of Drug Use","7BB21541-4941-4B9F-BFFD-5EEDFF115FEE","Scooter (electric)","Walking/Cycling on Sidewalk","None (No Improper Action)","Driveway Access","No","Suspected Minor Injury","None","38.99770457","-77.03005705","    (38.99770457, -77.03005705)"
"MCP3227005P","240033105","MONTGOMERY","Injury Crash","07/13/2024 06:08:00 PM","County Route","DILSTON RD","NEW HAMPSHIRE AVE (SB/L)",,,"Cyclist (non-electric)","Single Vehicle","Clear","Dry","Daylight","Traffic Control Signal","Not Suspect of Alcohol Use, Not Suspect of Drug Use","Not Suspect of Alcohol Use, Not Suspect of Drug Use","E6FE780E-B350-4BD4-A8A8-56FD64CE089A","Cyclist (non-electric)","Cross/Enter at Intersection","Failure to Obey Traffic Signs, Signals, or Officer","Intersection Marked Crosswalk","Yes","Suspected Minor Injury","None","39.01143909","-76.97903835","    (39.01143909, -76.97903835)"
"MCP3010009T","240033057","MONTGOMERY","Injury Crash","07/13/2024 11:21:00 AM",,,,"Parking Lot Way        DRIVEWAY/ SIDEWALK IFO 11130 ROCKVILLE PIKE",,"Pedestrian","Single Vehicle","Clear",,"Daylight",,"Not Suspect of Alcohol Use, Not Suspect of Drug Use","Not Suspect of Alcohol Use, Not Suspect of Drug Use","4D78AB16-EC86-4B9E-96C6-BDE8C1F7E677","Pedestrian","Walking/Cycling on Sidewalk","None (No Improper Action)","Sidewalk","No","Suspected Minor Injury","None","39.03981656","-77.10981687","    (39.03981656, -77.10981687)"
"EJ7888006F","240032939","GAITHERSBURG","Injury Crash","07/12/2024 05:00:00 PM","County Route","MUDDY BRANCH RD (SB/L)","DIAMONDBACK DR",,,"Unknown Type Of Non-Motorist","Single Vehicle","Clear","Dry","Daylight","Traffic Control Signal","Not Suspect of Alcohol Use, Not Suspect of Drug Use","Not Suspect of Alcohol Use, Not Suspect of Drug Use","A7D3EA3D-396B-45F0-A6A8-F183817BAF71","Unknown Type Of Non-Motorist","Cross/Enter at Intersection","Failure to Yield Right-Of-Way","Intersection Other","Yes","Suspected Serious Injury","None","39.11514333","-77.21599867","    (39.11514333, -77.21599867)"
"MCP3320002G","240032948","MONTGOMERY","Injury Crash","07/12/2024 04:14:00 PM","Maryland (State) Route","COLESVILLE RD","WMATA ENT",,,"Cyclist (non-electric)","Single Vehicle","Cloudy","Wet","Daylight","Traffic Control Signal","Not Suspect of Alcohol Use, Not Suspect of Drug Use","Not Suspect of Alcohol Use, Not Suspect of Drug Use","5ECBC44E-1DB9-421D-BA9A-37920570AFB6","Cyclist (non-electric)","Cross/Enter at Intersection","None (No Improper Action)","Intersection Marked Crosswalk","No","Possible Injury","None","38.99421812","-77.03097413","    (38.99421812, -77.03097413)"
"MCP3335002Y","240032765","MONTGOMERY","Injury Crash","07/11/2024 04:24:00 PM","County Route","LINTON ST","PATTON DR",,,"Cyclist (non-electric)","Single Vehicle","Clear","Dry","Daylight","Stop Sign","Not Suspect of Alcohol Use, Not Suspect of Drug Use","Not Suspect of Alcohol Use, Not Suspect of Drug Use","8D0D74A0-8E84-4229-8906-862BF568E96E","Cyclist (non-electric)","Cross/Enter at Intersection","Failure to Obey Traffic Signs, Signals, or Officer, Inattentive (Talking, Eating, etc.)","Intersection Other","Yes","Suspected Serious Injury","None","39.00378717","-76.99330517","    (39.00378717, -76.99330517)"
"MCP30840076","240032727","MONTGOMERY","Injury Crash","07/11/2024 01:39:00 PM","County Route","BETHESDA AVE",,,,"Cyclist (non-electric)","Single Vehicle","Clear","Dry","Daylight","Lane Use Control Signal","Not Suspect of Alcohol Use, Not Suspect of Drug Use","Not Suspect of Alcohol Use, Not Suspect of Drug Use","C4DC4C58-BFF7-4007-A6D6-F7B9FDFD5437","Cyclist (non-electric)","Cross/Enter at Intersection","None (No Improper Action)","Intersection Marked Crosswalk","No","Possible Injury","Unknown","38.98109123","-77.09277356","    (38.98109123, -77.09277356)"
"MCP2850002V","240032627","MONTGOMERY","Injury Crash","07/10/2024 11:35:00 PM","Maryland (State) Route","MONTGOMERY VILLAGE AVE",,,,"Pedestrian","Single Vehicle","Clear","Dry","Dark - Lighted","No Controls","Not Suspect of Alcohol Use, Not Suspect of Drug Use","Not Suspect of Alcohol Use, Not Suspect of Drug Use","D7F9DB38-5EFF-4FC5-92CF-5AC80968E94C","Pedestrian","Cross/Enter at Intersection","Dart/Dash, Failure to Yield Right-Of-Way, Not Visible (Dark Clothing, No Lighting, etc.)","Travel Lane Other Location","No","Suspected Minor Injury","None","39.1584435","-77.20367813","    (39.1584435, -77.20367813)"
"MCP3037006B","240032387","MONTGOMERY","Injury Crash","07/09/2024 08:02:00 PM","County Route","ARORA HILLS DR",,,,"Cyclist (non-electric)","Single Vehicle","Clear","Dry","Daylight","Other","Not Suspect of Alcohol Use, Not Suspect of Drug Use","Not Suspect of Alcohol Use, Suspect of Drug Use","259B0A58-9A4C-4299-A381-695E4C3D462A","Cyclist (non-electric)","Cross/Enter at Intersection","Dart/Dash, Failure to Obey Traffic Signs, Signals, or Officer, Failure to Yield Right-Of-Way","Driveway Access","Yes","Possible Injury","None","39.23150167","-77.24889833","    (39.23150167, -77.24889833)"
"MCP2351005T","240032286","MONTGOMERY","Injury Crash","07/09/2024 11:08:00 AM","County Route","ORCHARD BROOK DR",,,,"Pedestrian","Single Vehicle","Clear","Dry","Daylight","Person (including flagger, law enforcement, crossing guard, etc.",,"Not Suspect of Alcohol Use, Not Suspect of Drug Use","29703B2C-0BAE-49EB-9F31-3A7C5E312820","Pedestrian","Other","Other","Driveway Access","Yes","Suspected Minor Injury","None","39.06119767","-77.18940983","    (39.06119767, -77.18940983)"
"MCP3126005N","240032218","MONTGOMERY","Injury Crash","07/08/2024 08:13:00 PM",,,,"Alley        ALLEY WAY OF SOJOURN COURT",,"Pedestrian","Single Vehicle","Clear",,"Daylight",,"Not Suspect of Alcohol Use, Not Suspect of Drug Use","Not Suspect of Alcohol Use, Not Suspect of Drug Use","EBB44C09-25A6-4924-AD49-928511D11CFE","Pedestrian","Standing","None (No Improper Action)","Driveway Access","No","Possible Injury","None","39.20313147","-77.2645931","    (39.20313147, -77.2645931)"
"MCP2667009D","240028452","MONTGOMERY","Injury Crash","07/08/2024 06:30:00 AM","County Route","BEGONIA WAY","FLOWER HILL WAY HALLMARK CT",,,"Pedestrian","Single Vehicle","Clear","Dry","Daylight","Stop Sign","Not Suspect of Alcohol Use, Not Suspect of Drug Use","Not Suspect of Alcohol Use, Not Suspect of Drug Use","76D1E33C-6CA5-42BB-B74B-4C6E7EA8F26F","Pedestrian","Cross/Enter at Intersection","None (No Improper Action)","Intersection Unmarked Crosswalk","No","Suspected Minor Injury","None","39.15740393","-77.16958744","    (39.15740393, -77.16958744)"
"MCP2464003C","240032045","MONTGOMERY","Property Damage Crash","07/07/2024 09:40:00 PM",,,,"Parking Lot Way        PARKING LOT OF 8555 PINEY BRANCH RD",,"Pedestrian","Front to Front","Clear",,"Dark - Lighted",,"Not Suspect of Alcohol Use, Not Suspect of Drug Use, Unknown, Unknown","Not Suspect of Alcohol Use, Not Suspect of Drug Use","83A6EAB0-9932-47C6-9750-D49BDFCC3E3B","Pedestrian","Standing","None (No Improper Action)","Other","No","No Apparent Injury","None","38.99824041","-77.00109701","    (38.99824041, -77.00109701)"
"MCP2464003C","240032045","MONTGOMERY","Property Damage Crash","07/07/2024 09:40:00 PM",,,,"Parking Lot Way        PARKING LOT OF 8555 PINEY BRANCH RD",,"Pedestrian","Front to Front","Clear",,"Dark - Lighted",,"Not Suspect of Alcohol Use, Not Suspect of Drug Use, Unknown, Unknown","Not Suspect of Alcohol Use, Not Suspect of Drug Use","CF20A2B8-2F18-4C55-9AED-0965292BD383","Pedestrian","Standing","None (No Improper Action)","Other","No","No Apparent Injury","None","38.99824041","-77.00109701","    (38.99824041, -77.00109701)"
"MCP3352001S","240032015","MONTGOMERY","Injury Crash","07/07/2024 05:59:00 PM","County Route","MONTGOMERY VILLAGE AVE (SB/L)",,,,"Pedestrian","Single Vehicle","Clear","Dry","Daylight","Pedestrian Crossing","Not Suspect of Alcohol Use, Not Suspect of Drug Use","Not Suspect of Alcohol Use, Not Suspect of Drug Use","9E8FE45D-FC99-4893-98A2-A3D577F36E68","Pedestrian","Standing","None (No Improper Action)","Intersection Marked Crosswalk","No","Possible Injury","None","39.16780443","-77.20505412","    (39.16780443, -77.20505412)"
"MCP32280062","240032008","MONTGOMERY","Injury Crash","07/07/2024 05:27:00 PM","Maryland (State) Route",,"COLESVILLE RD",,,"Cyclist (non-electric)","Single Vehicle","Clear","Dry","Daylight","Traffic Control Signal","Not Suspect of Alcohol Use, Not Suspect of Drug Use","Not Suspect of Alcohol Use, Not Suspect of Drug Use","63646D48-0994-4D27-8E81-F63182C3EEFB","Cyclist (non-electric)","Cross/Enter at Intersection","Failure to Obey Traffic Signs, Signals, or Officer","Intersection Marked Crosswalk","No","Suspected Minor Injury","None","38.9935308","-77.0321831","    (38.9935308, -77.0321831)"
"MCP2286006C","240032219","MONTGOMERY","Injury Crash","07/06/2024 11:45:00 AM","Maryland (State) Route","MONTROSE PKWY",,,,"Cyclist (non-electric)","Single Vehicle","Clear","Dry","Daylight","Traffic Control Signal","Not Suspect of Alcohol Use, Not Suspect of Drug Use","Not Suspect of Alcohol Use, Not Suspect of Drug Use","50126DA3-10AC-4F38-AD84-8893E616FC41","Cyclist (non-electric)","Cross/Enter at Intersection","None (No Improper Action)","Intersection Marked Crosswalk","No","Suspected Minor Injury","Helmet","39.05275733","-77.11540621","    (39.05275733, -77.11540621)"
"MCP9311004C","240031817","MONTGOMERY","Injury Crash","07/06/2024 10:13:00 AM","County Route","MACARTHUR BLVD",,,,"Cyclist (non-electric)","Single Vehicle","Clear","Dry","Daylight","No Controls","Not Suspect of Alcohol Use, Not Suspect of Drug Use","Not Suspect of Alcohol Use, Not Suspect of Drug Use","D18DF974-B16D-4C9C-A1D9-27CC9C16A7BD","Cyclist (non-electric)","Walking/Cycling Along Roadway With Traffic (In or Adjacent to Travel Lane)","Other","Travel Lane Other Location","Yes","Possible Injury","Helmet","38.98257417","-77.22673683","    (38.98257417, -77.22673683)"
"EJ7871007L","240031762","GAITHERSBURG","Injury Crash","07/05/2024 09:25:00 PM","Municipality Route",,"FREDERICK RD",,,"Pedestrian","Single Vehicle","Clear","Dry","Dark - Lighted","Traffic Control Signal","Not Suspect of Alcohol Use, Not Suspect of Drug Use","Not Suspect of Alcohol Use, Not Suspect of Drug Use","6C4DE102-6210-4FDA-B2FE-0805CF5DA49A","Pedestrian","Cross/Enter at Intersection","None (No Improper Action)","Intersection Marked Crosswalk","No","Suspected Minor Injury","None","39.16140052","-77.22264372","    (39.16140052, -77.22264372)"
"MCP3080004W","240031575","MONTGOMERY","Injury Crash","07/05/2024 04:31:00 PM","County Route",,"TURTLE ROCK TERR",,,"Scooter (non-Electric)","Single Vehicle","Clear","Dry","Daylight","Stop Sign","Not Suspect of Alcohol Use, Not Suspect of Drug Use","Not Suspect of Alcohol Use, Not Suspect of Drug Use","37B1CCD9-9440-4B2D-8586-676388744058","Scooter (non-Electric)","Cross/Enter at Intersection","Failure to Yield Right-Of-Way","Intersection Unmarked Crosswalk","Yes","Suspected Minor Injury","None","39.23630848","-77.26186039","    (39.23630848, -77.26186039)"
"MCP31900063","240031646","MONTGOMERY","Property Damage Crash","07/05/2024 08:44:00 AM","Maryland (State) Route","GEORGIA AVE (SB/L)","EMORY LA",,,"Cyclist (non-electric)","Single Vehicle","Clear","Dry","Daylight","Pedestrian Crossing Sign","Not Suspect of Alcohol Use, Not Suspect of Drug Use","Not Suspect of Alcohol Use, Not Suspect of Drug Use","1617AE5A-F1D3-4F10-A50E-AD8B667899B5","Cyclist (non-electric)","Cross/Enter at Intersection","Unknown","Intersection Marked Crosswalk","No","No Apparent Injury","Helmet","39.12614608","-77.07261279","    (39.12614608, -77.07261279)"
"MCP3255005V","240031418","MONTGOMERY","Injury Crash","07/03/2024 04:50:00 AM","County Route","NEW HAMPSHIRE AVE SER RD",,,,"Pedestrian","Single Vehicle","Clear",,"Dawn","No Controls","Unknown, Unknown","Not Suspect of Alcohol Use, Not Suspect of Drug Use","6651DC0D-4A59-4419-BFAB-E6899B5A06D7","Pedestrian","Other Working","None (No Improper Action)","Intersection Marked Crosswalk","No","Suspected Minor Injury","None","39.01542333","-76.97791332","    (39.01542333, -76.97791332)"
"MCP24500053","240031266","MONTGOMERY","Injury Crash","07/02/2024 04:35:00 PM",,,,"Parking Lot Way        PARKING LOT OF 527 QUINCE ORCHARD RD.",,"Pedestrian","Single Vehicle","Clear",,"Daylight",,"Not Suspect of Alcohol Use, Not Suspect of Drug Use","Not Suspect of Alcohol Use, Not Suspect of Drug Use","2495BC81-C3F7-425B-9C30-E493B10671EB","Pedestrian","Other","Other","Other","Yes","Suspected Minor Injury","None","39.14455605","-77.21957523","    (39.14455605, -77.21957523)"
"MCP3377001N","240031248","MONTGOMERY","Injury Crash","07/02/2024 03:29:00 PM",,,,"Parking Lot Way        MEGAMART PARKING LOT 
11790 PARKLAWN DR ROCKVILLE, MD 20852",,"Pedestrian","Single Vehicle","Clear",,"Daylight",,"Not Suspect of Alcohol Use, Not Suspect of Drug Use","Not Suspect of Alcohol Use, Not Suspect of Drug Use","A47A2C3C-9FAE-46D0-A09A-88C92C900130","Pedestrian","Other","None (No Improper Action)","Driveway Access","No","Suspected Minor Injury","None","39.04848233","-77.102242","    (39.04848233, -77.102242)"
"MCP289200GD","240031111","MONTGOMERY","Injury Crash","07/01/2024 07:02:00 PM","County Route",,,,,"Pedestrian","Single Vehicle","Clear","Dry","Daylight","No Controls","Unknown, Unknown","Not Suspect of Alcohol Use, Not Suspect of Drug Use","3240E49F-E1EF-4E79-9380-5905C3E32FD9","Pedestrian","Walking/Cycling Along Roadway Against Traffic (In or Adjacent to Travel Lane)","None (No Improper Action)","OnStreet Bike Lanes","No","Possible Injury","None","39.01581641","-77.03994642","    (39.01581641, -77.03994642)"
"DD5538004G","240031080","ROCKVILLE","Injury Crash","07/01/2024 04:35:00 PM","Maryland (State) Route","HUNGERFORD DR",,,,"Wheelchair (electric)","Single Vehicle","Clear","Dry","Daylight","No Controls","Not Suspect of Alcohol Use, Not Suspect of Drug Use","Not Suspect of Alcohol Use, Not Suspect of Drug Use","FDCE8986-3841-4B07-B2E0-3BD2DCCE188F","Wheelchair (electric)","Walking/Cycling on Sidewalk","None (No Improper Action)","Driveway Access","No","Possible Injury","None","39.09476779","-77.15319541","    (39.09476779, -77.15319541)"
"MCP33910011","240031033","MONTGOMERY","Injury Crash","07/01/2024 12:40:00 PM",,,,"Parking Lot Way        SIDEWALK",,"Other Pedestrian (person in a building, skater, personal conveyance, etc.)","Single Vehicle","Clear",,"Daylight",,"Not Suspect of Alcohol Use, Not Suspect of Drug Use","Not Suspect of Alcohol Use, Not Suspect of Drug Use","4737B2FF-5EF0-46DC-A847-D750AA15AE22","Other Pedestrian (person in a building, skater, personal conveyance, etc.)","Standing","None (No Improper Action)","Other","No","Suspected Minor Injury","None","39.04179573","-77.04923866","    (39.04179573, -77.04923866)"
"MCP3264004B","240030898","MONTGOMERY","Property Damage Crash","06/30/2024 01:29:00 PM","US (State)","GEORGIA AVE (SB/L)",,,,"Cyclist (non-electric)","Single Vehicle","Clear","Dry","Daylight","No Controls","Not Suspect of Alcohol Use, Not Suspect of Drug Use","Not Suspect of Alcohol Use, Not Suspect of Drug Use","4EAF2783-C9CC-4C17-B069-C7A2618847EE","Cyclist (non-electric)","Walking/Cycling on Sidewalk","None (No Improper Action)","Driveway Access","No","No Apparent Injury","Helmet","38.99129379","-77.0267533","    (38.99129379, -77.0267533)"
"MCP31960043","240030493","MONTGOMERY","Injury Crash","06/30/2024 01:00:00 AM","County Route","MIDDLEBROOK RD (WB/L)",,,,"Pedestrian","Single Vehicle","Unknown",,"Unknown","No Controls","Unknown, Unknown","Suspect of Alcohol Use, Not Suspect of Drug Use","F81817F9-D0B4-4D22-9E69-35C36274981F","Pedestrian","Walking/Cycling Along Roadway Against Traffic (In or Adjacent to Travel Lane)","Unknown","Other","No","Suspected Minor Injury","None","39.17576684","-77.246446","    (39.17576684, -77.246446)"
"MCP3078005L","240030725","MONTGOMERY","Injury Crash","06/29/2024 11:22:00 AM",,,,"Parking Aisle        13701 GEORGIA AVENUE SILVER SPRING MD",,"Pedestrian","Single Vehicle","Clear",,"Daylight",,"Unknown, Unknown","Not Suspect of Alcohol Use, Not Suspect of Drug Use","1818E51F-CC7E-4717-AF85-AA1794768377","Pedestrian","Cross/Enter Not at Intersection","None (No Improper Action)","Travel Lane Other Location","No","Suspected Minor Injury","None","39.08025277","-77.07335497","    (39.08025277, -77.07335497)"
"MCP3404001B","240030530","MONTGOMERY","Injury Crash","06/28/2024 09:02:00 AM","County Route","LOCKWOOD DR","OAK LEAF DR",,,"Pedestrian","Rear To Side","Clear","Dry","Daylight","Stop Sign","Not Suspect of Alcohol Use, Not Suspect of Drug Use, Not Suspect of Alcohol Use, Not Suspect of Drug Use","Not Suspect of Alcohol Use, Not Suspect of Drug Use","4686FF24-06CD-4E83-9818-46F6BABCF4BC","Pedestrian","Standing","None (No Improper Action)","Shoulder/Roadside","No","Suspected Minor Injury","None","39.0379242","-76.99440642","    (39.0379242, -76.99440642)"
"MCP3404001B","240030530","MONTGOMERY","Injury Crash","06/28/2024 09:02:00 AM","County Route","LOCKWOOD DR","OAK LEAF DR",,,"Pedestrian","Rear To Side","Clear","Dry","Daylight","No Controls","Not Suspect of Alcohol Use, Not Suspect of Drug Use, Not Suspect of Alcohol Use, Not Suspect of Drug Use","Not Suspect of Alcohol Use, Not Suspect of Drug Use","4686FF24-06CD-4E83-9818-46F6BABCF4BC","Pedestrian","Standing","None (No Improper Action)","Shoulder/Roadside","No","Suspected Minor Injury","None","39.0379242","-76.99440642","    (39.0379242, -76.99440642)"
"MCP33800015","240030460","MONTGOMERY","Injury Crash","06/27/2024 07:47:00 PM","County Route","ELKIN ST",,,,"Cyclist (non-electric)","Single Vehicle","Clear","Dry","Daylight","No Controls","Not Suspect of Alcohol Use, Not Suspect of Drug Use","Not Suspect of Alcohol Use, Not Suspect of Drug Use","294665C8-057E-4604-842A-7D13F7D65203","Cyclist (non-electric)","Cross/Enter at Intersection","Failure to Yield Right-Of-Way","Intersection Unmarked Crosswalk","Yes","Suspected Minor Injury","None","39.04447922","-77.0490021","    (39.04447922, -77.0490021)"
"MCP2298015X","240030409","MONTGOMERY","Injury Crash","06/27/2024 02:45:00 PM",,,,"Parking Lot Way        20910 FREDERICK ROAD  PARKING LOT OF WALMART",,"Pedestrian","Single Vehicle","Clear",,"Daylight",,"Not Suspect of Alcohol Use, Not Suspect of Drug Use","Not Suspect of Alcohol Use, Not Suspect of Drug Use","91D4E293-03EB-466C-B8BE-D578D85B872D","Pedestrian","Other","None (No Improper Action)","Other","No","Suspected Serious Injury","None","39.19829218","-77.25145092","    (39.19829218, -77.25145092)"
"MCP31230079","240030394","MONTGOMERY","Injury Crash","06/27/2024 01:42:00 PM","County Route","WALTON RD",,,,"Pedestrian","Single Vehicle","Clear","Dry","Daylight","No Controls","Not Suspect of Alcohol Use, Not Suspect of Drug Use","Not Suspect of Alcohol Use, Not Suspect of Drug Use","2D90E0AB-E9AB-426E-A4A5-DBFEDC786C79","Pedestrian","Standing","Unknown","Travel Lane Other Location","No","Suspected Minor Injury","None","39.00986683","-77.11743058","    (39.00986683, -77.11743058)"
"MCP3261001B","240030308","MONTGOMERY","Injury Crash","06/26/2024 09:58:00 PM","County Route","WASHINGTON GROVE LA",,,,"Pedestrian","Single Vehicle","Rain","Wet","Dark - Not Lighted","No Controls","Not Suspect of Alcohol Use, Not Suspect of Drug Use","Suspect of Alcohol Use, Not Suspect of Drug Use","26C76565-808A-4ED7-9533-F99238D1CE96","Pedestrian","Cross/Enter Not at Intersection","Dart/Dash, Inattentive (Talking, Eating, etc.), Not Visible (Dark Clothing, No Lighting, etc.)","Travel Lane Other Location","Yes","Suspected Serious Injury","None","39.1522949","-77.16479472","    (39.1522949, -77.16479472)"
"MCP3094004J","240030113","MONTGOMERY","Injury Crash","06/25/2024 06:37:00 PM","County Route","STRAWBERRY KNOLL RD",,,,"Cyclist (Electric)","Single Vehicle","Clear","Dry","Daylight","No Controls","Unknown, Unknown","Not Suspect of Alcohol Use, Not Suspect of Drug Use","146CFE85-F50C-49DC-B729-34B3665A3A04","Cyclist (Electric)","Walking/Cycling Along Roadway With Traffic (In or Adjacent to Travel Lane)","None (No Improper Action)","Shoulder/Roadside","No","Suspected Minor Injury","Helmet","39.16819578","-77.17985375","    (39.16819578, -77.17985375)"