"Report Number","Local Case Number","Agency Name","ACRS Report Type","Crash Date/Time","Route Type","Road Name","Cross-Street Name","Off-Road Description","Municipality","Related Non-Motorist","Collision Type","Weather","Surface Condition","Light","Traffic Control","Driver Substance Abuse","Non-Motorist Substance Abuse","Person ID","Pedestrian Type","Pedestrian Movement","Pedestrian Actions","Pedestrian Location","At Fault","Injury Severity","Safety Equipment","Latitude","Longitude","Location"
"MCP22310080","240030045","MONTGOMERY","Injury Crash","06/25/2024 12:46:00 PM","Local Route","NO NAME",,,,"Pedestrian","Single Vehicle","Cloudy","Dry","Daylight","No Controls","Not Suspect of Alcohol Use, Not Suspect of Drug Use","Not Suspect of Alcohol Use, Not Suspect of Drug Use","71052BB0-9FE8-45EB-9319-76703E0C2773","Pedestrian","Walking/Cycling Along Roadway Against Traffic (In or Adjacent to Travel Lane)","In Roadway Improperly (Standing, Lying, Working, Playing)","Travel Lane Other Location","Yes","Suspected Minor Injury","None","39.122285","-77.23392333","    (39.122285, -77.23392333)"
"MCP320000CH","240030019","MONTGOMERY","Injury Crash","06/25/2024 09:46:00 AM","Maryland (State) Route",,,,,"Pedestrian","Single Vehicle","Clear","Dry","Daylight","No Controls","Not Suspect of Alcohol Use, Not Suspect of Drug Use","Not Suspect of Alcohol Use, Not Suspect of Drug Use","82E2CBA9-DDF9-4897-AD4E-31F24D8CAE4A","Pedestrian","Cross/Enter Not at Intersection","Dart/Dash","Travel Lane Other Location","Yes","Suspected Minor Injury","None","38.96121317","-77.09816067","    (38.96121317, -77.09816067)"
"MCP2800006C","240029977","MONTGOMERY","Injury Crash","06/24/2024 09:55:00 PM","County Route","NICHOLSON LA",,,,"Pedestrian","Single Vehicle","Clear","Dry","Dark - Lighted","No Controls","Not Suspect of Alcohol Use, Not Suspect of Drug Use","Not Suspect of Alcohol Use, Not Suspect of Drug Use","CB9821A9-0A60-4B81-AEEF-FF3ECABFDFD7","Pedestrian","Cross/Enter Not at Intersection","In Roadway Improperly (Standing, Lying, Working, Playing), Not Visible (Dark Clothing, No Lighting, etc.), Other","Travel Lane Other Location","Yes","Suspected Minor Injury","None","39.04744423","-77.10214177","    (39.04744423, -77.10214177)"
"MCP28640050","240029942","MONTGOMERY","Injury Crash","06/24/2024 05:41:00 PM",,,,"Parking Stall        PARKING LOT OF 6831 WISCONSIN AVENUE",,"Pedestrian","Single Vehicle","Clear",,"Daylight",,"Not Suspect of Alcohol Use, Not Suspect of Drug Use","Not Suspect of Alcohol Use, Not Suspect of Drug Use","146A36C0-9DE2-44FE-BD39-B0C86EC4C366","Pedestrian","Other","None (No Improper Action)","Other","No","Possible Injury","None","38.97832867","-77.08997755","    (38.97832867, -77.08997755)"
"MCP9406003C","240029888","MONTGOMERY","Injury Crash","06/24/2024 02:10:00 PM",,,,"Driveway        OCCURRED AT 11200 BLOCK OF GRANDVIEW AVE, FROM EXIT FROM THE GARAGE OF 2425 REEDIE DRIVE",,"Cyclist (non-electric)","Single Vehicle","Clear",,"Daylight",,"Not Suspect of Alcohol Use, Not Suspect of Drug Use","Not Suspect of Alcohol Use, Not Suspect of Drug Use","36B5CDD5-01A8-4F96-B238-7E4FC90598ED","Cyclist (non-electric)","Walking/Cycling on Sidewalk","None (No Improper Action)","Driveway Access","No","Possible Injury","Unknown","39.03926731","-77.05235801","    (39.03926731, -77.05235801)"
"MCP29400079","240029707","MONTGOMERY","Injury Crash","06/23/2024 11:00:00 AM","Maryland (State) Route","RIVER RD",,,,"Cyclist (non-electric)","Single Vehicle","Cloudy","Dry","Daylight","No Controls","Not Suspect of Alcohol Use, Not Suspect of Drug Use","Not Suspect of Alcohol Use, Not Suspect of Drug Use","D96404B2-71A3-4777-8CA3-0E984011389C","Cyclist (non-electric)","Walking/Cycling Along Roadway With Traffic (In or Adjacent to Travel Lane)","Inattentive (Talking, Eating, etc.)","Travel Lane Other Location","Yes","Suspected Minor Injury","Helmet","39.02959499","-77.22828614","    (39.02959499, -77.22828614)"
"MCP32940029","240029645","MONTGOMERY","Injury Crash","06/22/2024 07:34:00 PM","County Route",,"SNOUFFERS SCHOOL RD WIGHTMAN RD",,,"Cyclist (non-electric)","Single Vehicle","Clear","Dry","Daylight","Traffic Control Signal","Not Suspect of Alcohol Use, Not Suspect of Drug Use","Not Suspect of Alcohol Use, Not Suspect of Drug Use","38E55ADC-3B1D-4C89-B720-4EDA037B3B10","Cyclist (non-electric)","Cross/Enter at Intersection","Other","Intersection Other","Yes","Suspected Minor Injury","None","39.18783438","-77.18696789","    (39.18783438, -77.18696789)"
"MCP3245005W","240029630","MONTGOMERY","Injury Crash","06/22/2024 05:41:00 PM",,,,"Parking Lot Way        IN FRONT OF DOLLAR TREE",,"Pedestrian","Single Vehicle","Clear",,"Daylight",,"Not Suspect of Alcohol Use, Not Suspect of Drug Use","Not Suspect of Alcohol Use, Not Suspect of Drug Use","9318597D-E123-4B7E-BCED-020958F7B7F6","Pedestrian","Cross/Enter Not at Intersection","Dart/Dash","Travel Lane Other Location","Yes","Suspected Minor Injury","None","39.17157726","-77.20507312","    (39.17157726, -77.20507312)"
"DD56570021","240029615","ROCKVILLE","Injury Crash","06/22/2024 04:34:00 PM","Maryland (State) Route","FREDERICK RD",,,,"Pedestrian","Single Vehicle","Clear","Dry","Daylight","Traffic Control Signal","Not Suspect of Alcohol Use, Not Suspect of Drug Use","Not Suspect of Alcohol Use, Not Suspect of Drug Use","F461BF72-700C-4AFA-936D-3236FE43CDA9","Pedestrian","Cross/Enter at Intersection","None (No Improper Action)","Intersection Marked Crosswalk","No","Suspected Minor Injury","None","39.11742428","-77.16901823","    (39.11742428, -77.16901823)"
"MCP3280005J","240029440","MONTGOMERY","Injury Crash","06/21/2024 12:05:00 PM","Maryland (State) Route","NEW HAMPSHIRE AVE (SB/L)","LOCKWOOD DR (SB/L)",,,"Scooter (electric)","Single Vehicle","Clear","Dry","Daylight","Traffic Control Signal","Not Suspect of Alcohol Use, Not Suspect of Drug Use","Not Suspect of Alcohol Use, Not Suspect of Drug Use","77C55758-BBF4-4AF4-8D7F-5DB222221E03","Scooter (electric)","Cross/Enter at Intersection","Failure to Obey Traffic Signs, Signals, or Officer","Intersection Marked Crosswalk","No","Suspected Minor Injury","None","39.03979415","-76.99075001","    (39.03979415, -76.99075001)"
"MCP320000CF","240029430","MONTGOMERY","Injury Crash","06/21/2024 10:00:00 AM","County Route","E JEFFERSON ST","MONTROSE PKWY (WB/L)",,,"Pedestrian","Single Vehicle","Clear","Dry","Daylight","Person (including flagger, law enforcement, crossing guard, etc.","Not Suspect of Alcohol Use, Not Suspect of Drug Use","Not Suspect of Alcohol Use, Not Suspect of Drug Use","11AE6B93-8B88-4304-ADD7-6347FAA35746","Pedestrian","Other Working","None (No Improper Action)","Intersection Other","No","Suspected Minor Injury","Reflective Wear (backpack, triangles, etc.)","39.05090634","-77.12610338","    (39.05090634, -77.12610338)"
"MCP3094004G","240029336","MONTGOMERY","Injury Crash","06/20/2024 05:15:00 PM",,,,"Parking Aisle        PARKING LOT OF 880 RUSSEL  AVE, GAITHERSBURG, MD 20879",,"Pedestrian","Single Vehicle","Clear",,"Daylight",,"Not Suspect of Alcohol Use, Not Suspect of Drug Use","Not Suspect of Alcohol Use, Not Suspect of Drug Use","0CFE4111-29C2-45F4-AE63-25456601BDF2","Pedestrian","Walking/Cycling Along Roadway Against Traffic (In or Adjacent to Travel Lane)","None (No Improper Action)","Other","No","Suspected Minor Injury","None","39.15644589","-77.21386805","    (39.15644589, -77.21386805)"
"MCP3094004G","240029336","MONTGOMERY","Injury Crash","06/20/2024 05:15:00 PM",,,,"Parking Aisle        PARKING LOT OF 880 RUSSEL  AVE, GAITHERSBURG, MD 20879",,"Pedestrian","Single Vehicle","Clear",,"Daylight",,"Not Suspect of Alcohol Use, Not Suspect of Drug Use","Not Suspect of Alcohol Use, Not Suspect of Drug Use","55154D60-9021-4801-8AC3-513F55331845","Pedestrian","Walking/Cycling Along Roadway Against Traffic (In or Adjacent to Travel Lane)","None (No Improper Action)","Other","No","No Apparent Injury","None","39.15644589","-77.21386805","    (39.15644589, -77.21386805)"
"EJ7873009F","240029325","GAITHERSBURG","Injury Crash","06/20/2024 05:11:00 PM","Maryland (State) Route","QUINCE ORCHARD RD (SB/L)","FIRSTFIELD RD (EB/L)",,,"Pedestrian","Single Vehicle","Clear","Dry","Daylight","Traffic Control Signal","Not Suspect of Alcohol Use, Not Suspect of Drug Use","Not Suspect of Alcohol Use, Not Suspect of Drug Use","9F4A0D6D-EC93-4027-8287-9243DCCAD5C4","Pedestrian","Cross/Enter at Intersection","Failure to Yield Right-Of-Way","Intersection Marked Crosswalk","No","Suspected Minor Injury","None","39.14510035","-77.21997238","    (39.14510035, -77.21997238)"
"MCP2752006F","240029321","MONTGOMERY","Injury Crash","06/20/2024 04:41:00 PM","Private Route",,"MOTOR CITY DR WESTLAKE TERR WESTLAKE TERR (WB/L)",,,"Pedestrian","Single Vehicle","Clear","Dry","Daylight","Traffic Control Signal","Not Suspect of Alcohol Use, Not Suspect of Drug Use","Not Suspect of Alcohol Use, Not Suspect of Drug Use","0707EC6A-6FDE-465D-9623-6E1A7F1A563F","Pedestrian","Cross/Enter at Intersection","Unknown","Intersection Marked Crosswalk","No","Suspected Minor Injury","None","39.02641051","-77.14402384","    (39.02641051, -77.14402384)"
"MCP320000CC","240029248","MONTGOMERY","Injury Crash","06/20/2024 09:59:00 AM","Maryland (State) Route","WILSON LA (WB/L)",,,,"Cyclist (non-electric)","Single Vehicle","Clear","Dry","Daylight","Traffic Control Signal","Not Suspect of Alcohol Use, Not Suspect of Drug Use","Not Suspect of Alcohol Use, Not Suspect of Drug Use","3B30BF08-0517-4EC7-AF0D-D2427BAC9AEA","Cyclist (non-electric)","Standing","None (No Improper Action)","Travel Lane Other Location","No","Possible Injury","Helmet","38.98399202","-77.13715592","    (38.98399202, -77.13715592)"
"MCP3400001K","240029193","MONTGOMERY","Injury Crash","06/19/2024 06:58:00 PM",,,,"Driveway        AT THE DRIVEWAY THAT LEADS FROM THE BP GAS STATION TO UNIVERSITY BLVD WEST.",,"Scooter (electric)","Single Vehicle","Clear",,"Daylight",,"Unknown, Unknown","Not Suspect of Alcohol Use, Not Suspect of Drug Use","69455651-8BAC-4EEA-8F5E-F4BDBAC19FA9","Scooter (electric)","Walking/Cycling on Sidewalk","None (No Improper Action)","Sidewalk","No","Suspected Minor Injury","None","39.02066497","-77.01440095","    (39.02066497, -77.01440095)"
"MCP2968005L","240029076","MONTGOMERY","Injury Crash","06/19/2024 07:45:00 AM","County Route","MOLECULAR DR (SB/L)","NOLAN DR TRAVILAH RD",,,"Pedestrian","Single Vehicle","Clear","Dry","Daylight","Pedestrian Crossing Sign","Not Suspect of Alcohol Use, Not Suspect of Drug Use","Not Suspect of Alcohol Use, Not Suspect of Drug Use","46688B79-4F96-4E4F-8EAB-AC94B1F1A888","Pedestrian","Cross/Enter at Intersection","None (No Improper Action)","Intersection Marked Crosswalk","No","Possible Injury","None","39.09265667","-77.21064667","    (39.09265667, -77.21064667)"
"MCP2968005L","240029076","MONTGOMERY","Injury Crash","06/19/2024 07:45:00 AM","County Route","MOLECULAR DR (SB/L)","NOLAN DR TRAVILAH RD",,,"Pedestrian","Single Vehicle","Clear","Dry","Daylight","Pedestrian Crossing Sign","Not Suspect of Alcohol Use, Not Suspect of Drug Use","Not Suspect of Alcohol Use, Not Suspect of Drug Use","03858A30-2AF7-4F34-B657-F8B9D35E0970","Pedestrian","Cross/Enter at Intersection","None (No Improper Action)","Intersection Marked Crosswalk","No","Possible Injury","None","39.09265667","-77.21064667","    (39.09265667, -77.21064667)"
"MCP3199006D","240028629","MONTGOMERY","Injury Crash","06/16/2024 10:58:00 AM",,,,"Driveway        13623 GEORGIA AVE",,"Scooter (electric)","Single Vehicle","Clear",,"Daylight",,"Not Suspect of Alcohol Use, Not Suspect of Drug Use","Not Suspect of Alcohol Use, Not Suspect of Drug Use","CD6DFDAA-CB40-43A5-9D30-2B927AA018CB","Scooter (electric)","Walking/Cycling on Sidewalk","None (No Improper Action)","Driveway Access","No","Possible Injury","None","39.07920182","-77.07283351","    (39.07920182, -77.07283351)"
"MCP25820054","240028594","MONTGOMERY","Injury Crash","06/16/2024 01:39:00 AM",,,,"Driveway        DRIVEWAY / SIDEWALK IN FRONT OF 12313 GEORGIA AVE (MCDONALDS DRIVE-THRU)",,"Cyclist (non-electric)","Single Vehicle","Clear",,"Dark - Lighted",,"Unknown, Unknown","Not Suspect of Alcohol Use, Not Suspect of Drug Use","02776FED-0BA3-416F-87F0-4556A8237411","Cyclist (non-electric)","Walking/Cycling on Sidewalk","None (No Improper Action)","Driveway Access","No","Suspected Minor Injury","None","39.05907262","-77.05004018","    (39.05907262, -77.05004018)"
"MCP3231001C","240028574","MONTGOMERY","Injury Crash","06/15/2024 10:45:00 PM","County Route","ELM ST","ARLINGTON RD",,,"Pedestrian","Single Vehicle","Clear","Dry","Dark - Lighted","Traffic Control Signal","Not Suspect of Alcohol Use, Not Suspect of Drug Use, Not Suspect of Alcohol Use, Not Suspect of Drug Use, Unknown, Unknown","Not Suspect of Alcohol Use, Not Suspect of Drug Use","23035987-73EC-4478-B2D5-00A48AC29C85","Pedestrian","Other","Entering/Exiting Parked/Standing Vehicle","Shoulder/Roadside","No","Suspected Minor Injury","None","38.98208602","-77.09833455","    (38.98208602, -77.09833455)"
"MCP3231001C","240028574","MONTGOMERY","Injury Crash","06/15/2024 10:45:00 PM","County Route","ELM ST","ARLINGTON RD",,,"Pedestrian","Single Vehicle","Clear","Dry","Dark - Lighted","No Controls","Not Suspect of Alcohol Use, Not Suspect of Drug Use, Not Suspect of Alcohol Use, Not Suspect of Drug Use, Unknown, Unknown","Not Suspect of Alcohol Use, Not Suspect of Drug Use","23035987-73EC-4478-B2D5-00A48AC29C85","Pedestrian","Other","Entering/Exiting Parked/Standing Vehicle","Shoulder/Roadside","No","Suspected Minor Injury","None","38.98208602","-77.09833455","    (38.98208602, -77.09833455)"
"MCP2853009W","240028528","MONTGOMERY","Injury Crash","06/15/2024 05:30:00 PM","Private Route",,,,,"Cyclist (Electric)","Unknown","Clear","Dry","Daylight","No Controls","Not Suspect of Alcohol Use, Not Suspect of Drug Use","Not Suspect of Alcohol Use, Not Suspect of Drug Use","A8A19EDD-6E89-4631-9BEF-373A931AE601","Cyclist (Electric)","Other","Improper Passing","Other","Yes","Possible Injury","None","39.01480934","-76.9750047","    (39.01480934, -76.9750047)"
"MCP2693004H","240028480","MONTGOMERY","Injury Crash","06/15/2024 11:58:00 AM",,,,"Driveway        DRIVEWAY OF 12405 GEORGIA AVE.",,"Pedestrian","Single Vehicle","Clear",,"Daylight",,"Not Suspect of Alcohol Use, Not Suspect of Drug Use","Not Suspect of Alcohol Use, Not Suspect of Drug Use","C24BAE15-A45D-4606-8D1A-12C42CB748E9","Pedestrian","Walking/Cycling on Sidewalk","None (No Improper Action)","Driveway Access","No","Suspected Minor Injury","None","39.06083701","-77.05172456","    (39.06083701, -77.05172456)"
"MCP3377001F","240028400","MONTGOMERY","Injury Crash","06/14/2024 07:09:00 PM","Municipality Route","ROSEMARY ST #2",,,,"Cyclist (non-electric)","Single Vehicle","Clear","Dry","Daylight","No Controls","Not Suspect of Alcohol Use, Not Suspect of Drug Use","Not Suspect of Alcohol Use, Not Suspect of Drug Use","E0BAAE9B-BB73-424C-904E-6E9D45897776","Cyclist (non-electric)","None","Other","Other","No","Suspected Minor Injury","None","38.97782517","-77.07825833","    (38.97782517, -77.07825833)"
"MCP2991009H","240028307","MONTGOMERY","Injury Crash","06/14/2024 10:45:00 AM","County Route","GOOD HOPE RD",,,,"Cyclist (non-electric)","Single Vehicle","Clear","Dry","Daylight","No Controls","Not Suspect of Alcohol Use, Not Suspect of Drug Use","Not Suspect of Alcohol Use, Not Suspect of Drug Use","22A6AF6A-21CA-4239-B3B7-35CABCCB0BAC","Cyclist (non-electric)","Walking/Cycling Along Roadway With Traffic (In or Adjacent to Travel Lane)","None (No Improper Action)","Other","No","Suspected Minor Injury","Helmet","39.09892295","-76.98443781","    (39.09892295, -76.98443781)"
"MCP235800CS","240028268","MONTGOMERY","Injury Crash","06/14/2024 06:44:00 AM","Government Route","CONNECTOR RD",,,,"Cyclist (non-electric)","Single Vehicle","Clear","Dry","Daylight","Traffic Control Signal","Not Suspect of Alcohol Use, Not Suspect of Drug Use","Not Suspect of Alcohol Use, Not Suspect of Drug Use","D942B889-DBDD-423E-97A5-2CDB8C923DBF","Cyclist (non-electric)","Cross/Enter at Intersection","None (No Improper Action)","Intersection Marked Crosswalk","No","Suspected Minor Injury","Helmet","38.96457655","-77.13603545","    (38.96457655, -77.13603545)"
"MCP3387001C","240028091","MONTGOMERY","Injury Crash","06/13/2024 09:10:00 AM","County Route",,,,,"Pedestrian","Single Vehicle","Clear","Dry","Daylight","No Controls","Not Suspect of Alcohol Use, Not Suspect of Drug Use","Not Suspect of Alcohol Use, Not Suspect of Drug Use","C5696441-5386-4380-8CD7-07D487F4B478","Pedestrian","Cross/Enter Not at Intersection","Dart/Dash","Shoulder/Roadside","Yes","Suspected Minor Injury","None","39.03809458","-76.99413381","    (39.03809458, -76.99413381)"
"MCP292300CC","240028081","MONTGOMERY","Injury Crash","06/13/2024 08:08:00 AM","Maryland (State) Route",,,,,"Occupant of Motor Vehicle Not in Transport","Unknown","Clear","Dry","Daylight","No Controls","Not Suspect of Alcohol Use, Not Suspect of Drug Use, Not Suspect of Alcohol Use, Not Suspect of Drug Use","Not Suspect of Alcohol Use, Not Suspect of Drug Use","38516C5A-775B-473C-B88E-D40263DCC6D2","Occupant of Motor Vehicle Not in Transport","Other Working","None (No Improper Action)","Other","No","Suspected Serious Injury","Reflectors","39.11804553","-76.97834633","    (39.11804553, -76.97834633)"
"MCP1378018K","240028019","MONTGOMERY","Injury Crash","06/12/2024 05:47:00 PM","Maryland (State) Route","COLESVILLE RD (WB/L)","EAST WEST HWY",,,"Cyclist (non-electric)","Single Vehicle","Cloudy","Dry","Daylight","Traffic Control Signal","Not Suspect of Alcohol Use, Not Suspect of Drug Use","Not Suspect of Alcohol Use, Not Suspect of Drug Use","48F906CD-F38C-4C26-B3C5-4F1364279F4C","Cyclist (non-electric)","Cross/Enter at Intersection","None (No Improper Action)","Intersection Marked Crosswalk","No","Possible Injury","Helmet","38.99368589","-77.03235792","    (38.99368589, -77.03235792)"
"MCP3080004S","240026966","MONTGOMERY","Injury Crash","06/12/2024 04:21:00 PM","Maryland (State) Route","GREAT SENECA HWY (SB/L)",,,,"Cyclist (non-electric)","Single Vehicle","Clear","Dry","Daylight","Pedestrian Crossing","Unknown, Unknown","Not Suspect of Alcohol Use, Not Suspect of Drug Use","7462710D-10E2-42BD-8D3C-52C48F33C231","Cyclist (non-electric)","Cross/Enter at Intersection","None (No Improper Action)","Intersection Marked Crosswalk","No","Suspected Minor Injury","None","39.15708253","-77.27609527","    (39.15708253, -77.27609527)"
"MCP23720066","240027904","MONTGOMERY","Injury Crash","06/12/2024 08:07:00 AM","County Route",,"GREENTREE RD",,,"Pedestrian","Single Vehicle","Clear","Dry","Daylight","No Controls","Not Suspect of Alcohol Use, Not Suspect of Drug Use","Not Suspect of Alcohol Use, Not Suspect of Drug Use","4CD1DDAF-86A5-4667-BDAC-96369ADC5608","Pedestrian","Cross/Enter at Intersection","None (No Improper Action)","Intersection Marked Crosswalk","No","Suspected Serious Injury","None","39.00126456","-77.12319671","    (39.00126456, -77.12319671)"
"MCP3230005K","240027847","MONTGOMERY","Injury Crash","06/11/2024 06:30:00 PM","County Route","WELLER RD",,,,"Cyclist (non-electric)","Single Vehicle","Clear","Dry","Daylight","No Controls","Not Suspect of Alcohol Use, Not Suspect of Drug Use","Not Suspect of Alcohol Use, Not Suspect of Drug Use","4A1C621E-A153-40D9-9812-16E70DD56523","Cyclist (non-electric)","Cross/Enter at Intersection","Failure to Yield Right-Of-Way","Intersection Unmarked Crosswalk","No","Suspected Minor Injury","None","39.0640855","-77.06972183","    (39.0640855, -77.06972183)"
"MCP295200FC","240027736","MONTGOMERY","Injury Crash","06/11/2024 09:52:00 AM","County Route","WAYNE AVE","DIXON AVE",,,"Scooter (electric)","Single Vehicle","Cloudy","Dry","Daylight","Traffic Control Signal","Not Suspect of Alcohol Use, Not Suspect of Drug Use","Not Suspect of Alcohol Use, Not Suspect of Drug Use","5A87AB95-5CC5-4CB0-BCDF-E9DFFB06BEEB","Scooter (electric)","Cross/Enter at Intersection","None (No Improper Action)","Intersection Marked Crosswalk","No","Suspected Minor Injury","Helmet, Reflective Wear (backpack, triangles, etc.)","38.99445555","-77.02798297","    (38.99445555, -77.02798297)"
"MCP3227005D","240027742","MONTGOMERY","Property Damage Crash","06/11/2024 09:22:00 AM","County Route","PRELUDE DR","COLUMBIA PIKE (SB/L)",,,"Pedestrian","Single Vehicle","Clear","Dry","Daylight","Traffic Control Signal","Not Suspect of Alcohol Use, Not Suspect of Drug Use","Not Suspect of Alcohol Use, Not Suspect of Drug Use","FA7C1C5D-86B3-4B45-B7A3-E8D747BCA804","Pedestrian","Cross/Enter at Intersection","None (No Improper Action)","Intersection Marked Crosswalk","No","No Apparent Injury","None","39.03945034","-76.99790002","    (39.03945034, -76.99790002)"
"DD5666001B","240027631","ROCKVILLE","Injury Crash","06/10/2024 04:13:00 PM",,,,"Parking Lot Way        PARKING LOT OF 1501 ROCKVILLE PIKE.",,"Pedestrian","Single Vehicle","Clear",,"Daylight",,"Not Suspect of Alcohol Use, Not Suspect of Drug Use","Not Suspect of Alcohol Use, Not Suspect of Drug Use","2C02C176-2DC5-4203-82B9-B3468B5194CF","Pedestrian","Other","None (No Improper Action)","NonTrafficway Area","No","Suspected Minor Injury","None","39.06484179","-77.12803409","    (39.06484179, -77.12803409)"
"MCP2967005R","240027621","MONTGOMERY","Injury Crash","06/10/2024 03:20:00 PM","Maryland (State) Route","OLD GEORGETOWN RD",,,,"Scooter (electric)","Single Vehicle","Clear","Dry","Daylight","Bicycle Crossing Sign","Not Suspect of Alcohol Use, Not Suspect of Drug Use","Not Suspect of Alcohol Use, Not Suspect of Drug Use","5705DC2D-5EB0-4313-A386-A0D44892D4C5","Scooter (electric)","Walking/Cycling Along Roadway With Traffic (In or Adjacent to Travel Lane)","None (No Improper Action)","OnStreet Buffered Bike Lanes","No","Possible Injury","None","39.02312364","-77.12386055","    (39.02312364, -77.12386055)"
"MCP2961004D","240027354","MONTGOMERY","Injury Crash","06/09/2024 12:03:00 AM","Maryland (State) Route","GEORGIA AVE (SB/L)","WELLER RD",,,"Cyclist (Electric)","Single Vehicle","Clear","Dry","Dark - Lighted","No Controls","Not Suspect of Alcohol Use, Not Suspect of Drug Use","Not Suspect of Alcohol Use, Not Suspect of Drug Use","6EFE081D-67F0-490F-84FF-BFFA91F1D5A8","Cyclist (Electric)","Cross/Enter at Intersection","None (No Improper Action)","Intersection Unmarked Crosswalk","Yes","Suspected Minor Injury","None","39.06657696","-77.05971898","    (39.06657696, -77.05971898)"
"DM8503001M","240027178","TAKOMA","Property Damage Crash","06/07/2024 06:24:00 PM","Municipality Route","GRANT AVE",,,,"Scooter (electric)","Single Vehicle","Clear","Dry","Daylight","No Controls","Not Suspect of Alcohol Use, Not Suspect of Drug Use","Not Suspect of Alcohol Use, Not Suspect of Drug Use","282B7D05-662A-4B29-877F-FA84F5E07AAF","Scooter (electric)","Walking/Cycling Along Roadway Against Traffic (In or Adjacent to Travel Lane)","Other","Other","No","No Apparent Injury","Helmet","38.97809118","-77.00623602","    (38.97809118, -77.00623602)"
"MCP2351005P","240027078","MONTGOMERY","Injury Crash","06/07/2024 10:10:00 AM","County Route","SHADY GROVE RD",,,,"Occupant Of a Non-Motor Vehicle Transportation Device","Single Vehicle","Clear","Dry","Daylight","No Controls","Not Suspect of Alcohol Use, Not Suspect of Drug Use","Not Suspect of Alcohol Use, Not Suspect of Drug Use","3ECBE1DD-346D-47F8-A07A-2742797BD468","Occupant Of a Non-Motor Vehicle Transportation Device","Other Working","None (No Improper Action)","Other","No","Suspected Minor Injury","None","39.12839914","-77.16881396","    (39.12839914, -77.16881396)"
"MCP3387001B","240027052","MONTGOMERY","Injury Crash","06/07/2024 05:37:00 AM","County Route","TAMARACK RD","E RANDOLPH RD E RANDOLPH RD (WB/L)",,,"Pedestrian","Single Vehicle","Clear","Wet","Dawn","Traffic Control Signal","Not Suspect of Alcohol Use, Not Suspect of Drug Use","Not Suspect of Alcohol Use, Not Suspect of Drug Use","729346F6-F89E-4620-B7B9-C467FF838551","Pedestrian","Cross/Enter at Intersection","None (No Improper Action)","Intersection Marked Crosswalk","No","Suspected Minor Injury","None","39.0677689","-76.98574508","    (39.0677689, -76.98574508)"
"MCP29500033","240027023","MONTGOMERY","Injury Crash","06/06/2024 09:07:00 PM",,,,"Parking Lot Way        20910 FREDERICK RD, GERMANTOWN MD 20876
PARKING LOT OF WALMART",,"Pedestrian","Single Vehicle","Clear",,"Dark - Lighted",,"Not Suspect of Alcohol Use, Not Suspect of Drug Use","Not Suspect of Alcohol Use, Not Suspect of Drug Use","66E4E26D-60DB-45D0-B3EE-ECC1906A1421","Pedestrian","Other","None (No Improper Action)","Other","No","Suspected Minor Injury","None","39.19832197","-77.25103668","    (39.19832197, -77.25103668)"