"Report Number","Local Case Number","Agency Name","ACRS Report Type","Crash Date/Time","Route Type","Road Name","Cross-Street Name","Off-Road Description","Municipality","Related Non-Motorist","Collision Type","Weather","Surface Condition","Light","Traffic Control","Driver Substance Abuse","Non-Motorist Substance Abuse","Person ID","Pedestrian Type","Pedestrian Movement","Pedestrian Actions","Pedestrian Location","At Fault","Injury Severity","Safety Equipment","Latitude","Longitude","Location"
"MCP3341003R","240026896","MONTGOMERY","Injury Crash","06/06/2024 09:38:00 AM","County Route",,"RIPPLING BROOK DR",,,"Scooter (non-Electric)","Single Vehicle","Clear","Dry","Daylight","Stop Sign","Unknown, Unknown","Not Suspect of Alcohol Use, Not Suspect of Drug Use","490C4354-A677-4D03-83D2-18C5C9607572","Scooter (non-Electric)","Cross/Enter at Intersection","None (No Improper Action)","Intersection Marked Crosswalk","No","Suspected Minor Injury","None","39.09035726","-77.05366061","    (39.09035726, -77.05366061)"
"DM85140016","240026879","TAKOMA","Injury Crash","06/06/2024 05:22:00 AM",,,,"Parking Lot Way        UNIT ONE STRUCK PED WHEN EXITING PARKING LOT",,"Pedestrian","Unknown","Clear",,"Dark - Not Lighted",,"Not Suspect of Alcohol Use, Not Suspect of Drug Use","Not Suspect of Alcohol Use, Not Suspect of Drug Use","04F1FA07-C45E-47CB-852D-5CB5C2F3479D","Pedestrian","Walking/Cycling on Sidewalk","Not Visible (Dark Clothing, No Lighting, etc.)","Sidewalk","No","Suspected Minor Injury","None","38.97583083","-76.99340711","    (38.97583083, -76.99340711)"
"MCP3372002M","240026811","MONTGOMERY","Property Damage Crash","06/05/2024 04:15:00 PM",,,,"Parking Stall        3860 INTERNATIONAL DRIVE SILVER SPRING, MD 20906.",,"Pedestrian","Single Vehicle","Rain",,"Daylight",,"Not Suspect of Alcohol Use, Not Suspect of Drug Use","Not Suspect of Alcohol Use, Not Suspect of Drug Use","4427E55B-7BFD-4874-8533-FA97E6F62783","Pedestrian","Unknown","Unknown","Other","No","No Apparent Injury","None","39.10186971","-77.07568447","    (39.10186971, -77.07568447)"
"MCP9318003C","240026802","MONTGOMERY","Injury Crash","06/05/2024 03:36:00 PM","County Route","OAKVIEW DR",,,,"Pedestrian","Single Vehicle","Rain","Wet","Daylight","Traffic Control Signal","Not Suspect of Alcohol Use, Not Suspect of Drug Use","Unknown, Unknown","977BD45C-8D83-4709-9C38-ED7F2C2E5C22","Pedestrian","Cross/Enter at Intersection","None (No Improper Action)","Intersection Marked Crosswalk","No","Suspected Serious Injury","Unknown","39.01534218","-76.97805876","    (39.01534218, -76.97805876)"
"MCP26670098","240026244","MONTGOMERY","Injury Crash","06/05/2024 06:57:00 AM","County Route","FLOWER HILL WAY",,,,"Scooter (electric)","Single Vehicle","Clear","Dry","Daylight","No Controls","Not Suspect of Alcohol Use, Not Suspect of Drug Use","Not Suspect of Alcohol Use, Not Suspect of Drug Use","ABFDAF3E-777B-4D01-A5D6-1C18C3EA8513","Scooter (electric)","Other","None (No Improper Action)","Travel Lane Other Location","No","Suspected Minor Injury","None","39.16329101","-77.17414479","    (39.16329101, -77.17414479)"
"MCP3208005L","240026690","MONTGOMERY","Injury Crash","06/05/2024 05:13:00 AM","Maryland (State) Route",,,,,"Pedestrian","Single Vehicle","Clear","Dry","Dark - Lighted","Pedestrian Crossing","Unknown, Unknown","Not Suspect of Alcohol Use, Not Suspect of Drug Use","B307A39E-4470-4B94-A934-850FECA691E2","Pedestrian","Cross/Enter at Intersection","None (No Improper Action)","Intersection Marked Crosswalk","No","Suspected Minor Injury","None","38.99282056","-77.03154602","    (38.99282056, -77.03154602)"
"MCP3068005J","240026627","MONTGOMERY","Injury Crash","06/04/2024 07:30:00 PM","County Route","CHASE AVE",,,,"Pedestrian","Single Vehicle","Clear","Dry","Daylight","No Controls","Not Suspect of Alcohol Use, Not Suspect of Drug Use","Not Suspect of Alcohol Use, Not Suspect of Drug Use","177FEFC8-C71A-42CE-A87D-C9161CF8479C","Pedestrian","Cross/Enter Not at Intersection","Dart/Dash","Travel Lane Other Location","No","Suspected Minor Injury","None","38.9897745","-77.0934855","    (38.9897745, -77.0934855)"
"DD56650027","240026636","ROCKVILLE","Injury Crash","06/04/2024 06:00:00 PM",,,,"Parking Lot Way        IN LINE OF THE CARWASH",,"Pedestrian","Single Vehicle","Cloudy",,"Daylight",,"Unknown, Unknown","Not Suspect of Alcohol Use, Not Suspect of Drug Use","F8C572AE-309C-454A-828C-262501972743","Pedestrian","Other","None (No Improper Action)","Other","No","Possible Injury","Reflective Wear (backpack, triangles, etc.)","39.05757651","-77.11733708","    (39.05757651, -77.11733708)"
"MCP33550016","240026468","MONTGOMERY","Injury Crash","06/04/2024 08:48:00 AM","County Route","RIPLEY ST","GEORGIA AVE",,,"Pedestrian","Single Vehicle","Clear","Dry","Daylight","No Controls","Not Suspect of Alcohol Use, Not Suspect of Drug Use","Not Suspect of Alcohol Use, Not Suspect of Drug Use","DBB30A74-DBDC-46CB-9B84-C03DDC811A9E","Pedestrian","Cross/Enter at Intersection","None (No Improper Action)","Intersection Other","Yes","Suspected Serious Injury","None","38.99249509","-77.02663011","    (38.99249509, -77.02663011)"
"MCP3129009G","240026455","MONTGOMERY","Injury Crash","06/04/2024 06:39:00 AM","Maryland (State) Route","GEORGIA AVE","NORBECK RD",,,"Pedestrian","Single Vehicle","Clear","Dry","Daylight","Traffic Control Signal","Not Suspect of Alcohol Use, Not Suspect of Drug Use","Not Suspect of Alcohol Use, Not Suspect of Drug Use","99DD1951-7BCB-4764-A991-287A03A67FFF","Pedestrian","Unknown","Unknown","Unknown","No","Suspected Serious Injury","None","39.10939844","-77.07577749","    (39.10939844, -77.07577749)"
"MCP12270023","240026236","MONTGOMERY","Fatal Crash","06/03/2024 01:17:00 AM","Municipality Route","ANNE AVE","UNIVERSITY BLVD",,,"Pedestrian","Single Vehicle","Clear","Dry","Dark - Lighted","No Controls","Unknown, Unknown","Suspect of Alcohol Use, Unknown","BA381716-889B-48F0-97C9-73347B116913","Pedestrian","Standing","In Roadway Improperly (Standing, Lying, Working, Playing), Not Visible (Dark Clothing, No Lighting, etc.)","Travel Lane Other Location","Yes","Fatal Injury","None","38.99090245","-76.98979047","    (38.99090245, -76.98979047)"
"MCP2799007V","240026054","MONTGOMERY","Injury Crash","06/01/2024 06:27:00 PM","Maryland (State) Route","16TH ST",,,,"Pedestrian","Single Vehicle","Clear","Dry","Daylight","Traffic Control Signal","Not Suspect of Alcohol Use, Not Suspect of Drug Use","Not Suspect of Alcohol Use, Not Suspect of Drug Use","A71C05C7-0217-45C7-9CD4-BECA0203FCF7","Pedestrian","Cross/Enter at Intersection","None (No Improper Action)","Intersection Marked Crosswalk","No","Suspected Minor Injury","None","38.99466641","-77.03614579","    (38.99466641, -77.03614579)"
"MCP31970045","240025999","MONTGOMERY","Injury Crash","06/01/2024 12:25:00 PM",,,,"Parking Lot Way        14101 GEORGIA AVENUE",,"Cyclist (Electric)","Single Vehicle","Clear",,"Daylight",,"Not Suspect of Alcohol Use, Not Suspect of Drug Use","Not Suspect of Alcohol Use, Not Suspect of Drug Use","7B8AAEA5-353F-4D23-AB84-A207A487FBC5","Cyclist (Electric)","Walking/Cycling on Sidewalk","Unknown","Intersection Unmarked Crosswalk","No","Possible Injury","None","39.08537506","-77.07840224","    (39.08537506, -77.07840224)"
"MCP26860079","240025890","MONTGOMERY","Property Damage Crash","05/31/2024 05:11:00 PM","County Route","BROADWAY AVE",,,,"Cyclist (non-electric)","Single Vehicle","Clear","Dry","Daylight","Pedestrian Crossing Sign","Not Suspect of Alcohol Use, Not Suspect of Drug Use","Not Suspect of Alcohol Use, Not Suspect of Drug Use","F78244FE-BBD1-496A-BBC2-CDB75E26D378","Cyclist (non-electric)","Cross/Enter at Intersection","Dart/Dash, Failure to Yield Right-Of-Way, In Roadway Improperly (Standing, Lying, Working, Playing)","Intersection Unmarked Crosswalk","Yes","No Apparent Injury","None","39.21944333","-77.2862065","    (39.21944333, -77.2862065)"
"MCP3129009F","240025812","MONTGOMERY","Injury Crash","05/31/2024 11:57:00 AM","County Route","ASPEN HILL RD",,,,"Other Pedestrian (person in a building, skater, personal conveyance, etc.)","Single Vehicle","Clear","Dry","Daylight","No Controls","Not Suspect of Alcohol Use, Not Suspect of Drug Use","Not Suspect of Alcohol Use, Not Suspect of Drug Use","F15B7010-B1A6-4AEB-8622-E6A29175564A","Other Pedestrian (person in a building, skater, personal conveyance, etc.)","Standing","None (No Improper Action)","Other","No","Suspected Minor Injury","None","39.08023358","-77.08100069","    (39.08023358, -77.08100069)"
"MCP31270039","240025697","MONTGOMERY","Injury Crash","05/30/2024 07:21:00 PM","Maryland (State) Route","EAST WEST HWY",,,,"Pedestrian","Sideswipe, Same Direction","Clear","Dry","Daylight","No Controls","Not Suspect of Alcohol Use, Not Suspect of Drug Use, Unknown, Unknown","Not Suspect of Alcohol Use, Not Suspect of Drug Use","0EDDC619-5F95-46C4-889E-1D07EAF778AB","Pedestrian","Walking/Cycling on Sidewalk","None (No Improper Action)","Sidewalk","No","Possible Injury","None","38.98797057","-77.08202809","    (38.98797057, -77.08202809)"
"DD55670045","240025636","ROCKVILLE","Injury Crash","05/30/2024 02:14:00 PM","Municipality Route","MAPLE AVE","BALTIMORE RD",,,"Cyclist (non-electric)","Single Vehicle","Clear","Dry","Daylight","No Controls","Unknown, Unknown","Not Suspect of Alcohol Use, Not Suspect of Drug Use","754CBF79-DA36-42F6-BA8C-B515B8E84C9F","Cyclist (non-electric)","Walking/Cycling Along Roadway With Traffic (In or Adjacent to Travel Lane)","Improper Turn/Merge)","Intersection Other","Yes","Suspected Minor Injury","None","39.08397212","-77.14064733","    (39.08397212, -77.14064733)"
"MCP3068005G","240025467","MONTGOMERY","Injury Crash","05/29/2024 04:40:00 PM","Maryland (State) Route","OLD GEORGETOWN RD (SB/L)","BEECH AVE",,,"Cyclist (non-electric)","Single Vehicle","Rain","Wet","Daylight","Traffic Control Signal","Not Suspect of Alcohol Use, Not Suspect of Drug Use","Not Suspect of Alcohol Use, Not Suspect of Drug Use","AF40CF13-0715-48BE-932D-DFBDE549F157","Cyclist (non-electric)","Cross/Enter at Intersection","None (No Improper Action)","Intersection Marked Crosswalk","No","Suspected Minor Injury","Helmet","39.01002945","-77.11487758","    (39.01002945, -77.11487758)"
"MCP304800CG","240025379","MONTGOMERY","Property Damage Crash","05/29/2024 10:30:00 AM","Municipality Route","ST PAUL ST",,,,"Other Pedestrian (person in a building, skater, personal conveyance, etc.)","Single Vehicle","Clear","Dry","Daylight","No Controls","Unknown, Unknown","Not Suspect of Alcohol Use, Not Suspect of Drug Use","27565BDC-BFBE-456A-BD33-82ACCE4DC991","Other Pedestrian (person in a building, skater, personal conveyance, etc.)","Walking/Cycling Along Roadway With Traffic (In or Adjacent to Travel Lane)","None (No Improper Action)","Travel Lane Other Location","No","No Apparent Injury","Helmet","39.02934967","-77.071074","    (39.02934967, -77.071074)"
"MCP31360071","240025357","MONTGOMERY","Injury Crash","05/29/2024 08:48:00 AM","Maryland (State) Route","NEW HAMPSHIRE AVE",,,,"Pedestrian","Single Vehicle","Clear","Dry","Daylight","No Controls","Not Suspect of Alcohol Use, Not Suspect of Drug Use, Not Suspect of Alcohol Use, Not Suspect of Drug Use","Not Suspect of Alcohol Use, Unknown","4E1A8C35-0E8B-410D-9905-C748AC0F6786","Pedestrian","Other","In Roadway Improperly (Standing, Lying, Working, Playing)","Other","Yes","Possible Injury","None","39.02071117","-76.97671633","    (39.02071117, -76.97671633)"
"MCP30970039","240024980","MONTGOMERY","Injury Crash","05/26/2024 09:25:00 PM","US (State)","COLESVILLE RD",,,,"Pedestrian","Single Vehicle","Clear","Dry","Dark - Lighted","No Controls","Not Suspect of Alcohol Use, Not Suspect of Drug Use","Not Suspect of Alcohol Use, Not Suspect of Drug Use","445CB442-1657-4D84-9E2A-B5BEF23CC755","Pedestrian","Cross/Enter Not at Intersection","In Roadway Improperly (Standing, Lying, Working, Playing)","Travel Lane Other Location","Yes","Possible Injury","None","38.99774665","-77.02691171","    (38.99774665, -77.02691171)"
"MCP27980066","240024974","MONTGOMERY","Property Damage Crash","05/26/2024 08:30:00 PM","Private Route",,,,,"Other Pedestrian (person in a building, skater, personal conveyance, etc.)","Single Vehicle","Clear","Dry","Dusk","No Controls",,"Not Suspect of Alcohol Use, Not Suspect of Drug Use","938F75CF-3776-4A8E-9293-6890069167E4","Other Pedestrian (person in a building, skater, personal conveyance, etc.)","None","None (No Improper Action)","Other","No","No Apparent Injury","None","39.1652883","-77.25132735","    (39.1652883, -77.25132735)"
"MCP3356001W","240024947","MONTGOMERY","Injury Crash","05/26/2024 04:10:00 PM",,,,"Parking Aisle        PARKING LOT OF BUBBLES SALON",,"Pedestrian","Single Vehicle","Clear",,"Daylight",,"Unknown, Unknown","Not Suspect of Alcohol Use, Not Suspect of Drug Use","E03A8470-C4FF-4216-8B15-A334874FC01D","Pedestrian","Other","Unknown","Other","No","Suspected Minor Injury","None","39.19912508","-77.25506564","    (39.19912508, -77.25506564)"
"MCP2656007B","240024940","MONTGOMERY","Property Damage Crash","05/26/2024 03:40:00 PM","County Route","WISTERIA DR","FATHER HURLEY BLVD",,,"Pedestrian","Single Vehicle","Clear","Dry","Daylight","Traffic Control Signal","Not Suspect of Alcohol Use, Not Suspect of Drug Use","Unknown, Not Suspect of Drug Use","53727E77-8B68-41F6-B420-8B0E599A5194","Pedestrian","Cross/Enter at Intersection","Unknown","Intersection Marked Crosswalk","No","No Apparent Injury","None","39.18155678","-77.27635162","    (39.18155678, -77.27635162)"
"MCP2966007J","240024847","MONTGOMERY","Property Damage Crash","05/25/2024 08:01:00 PM","Bicycle Route",,"STARDRIFT DR",,,"Cyclist (Electric)","Single Vehicle","Rain","Wet","Dark - Not Lighted","Pedestrian Crossing Sign","Not Suspect of Alcohol Use, Not Suspect of Drug Use","Not Suspect of Alcohol Use, Not Suspect of Drug Use","31CDC2F4-3F04-49EF-BA3B-F35737775068","Cyclist (Electric)","Cross/Enter at Intersection","None (No Improper Action)","Intersection Marked Crosswalk","No","No Apparent Injury","Helmet, Lighting, Reflectors","39.20659944","-77.24652014","    (39.20659944, -77.24652014)"
"MCP33770019","240024798","MONTGOMERY","Injury Crash","05/25/2024 03:33:00 PM",,,,"Parking Aisle        PARKING LOT OF SUNOCO 10550 CONNECTICUT AVE KENSINGTON, MD 20895",,"Pedestrian","Single Vehicle","Clear",,"Daylight",,"Not Suspect of Alcohol Use, Not Suspect of Drug Use","Not Suspect of Alcohol Use, Not Suspect of Drug Use","C405CA71-9B26-4066-820B-6C795156F8DF","Pedestrian","Other","None (No Improper Action)","Driveway Access","No","Suspected Minor Injury","None","39.02865661","-77.07665438","    (39.02865661, -77.07665438)"
"DM8503001J","240024641","TAKOMA","Injury Crash","05/24/2024 03:45:00 PM","Maryland (State) Route",,"PINEY BRANCH RD",,,"Scooter (electric)","Single Vehicle","Clear","Dry","Daylight","Pedestrian Crossing Sign","Not Suspect of Alcohol Use, Not Suspect of Drug Use","Not Suspect of Alcohol Use, Not Suspect of Drug Use","1683087F-0F66-4085-8F5B-DCF609A63C1C","Scooter (electric)","Cross/Enter at Intersection","None (No Improper Action)","Intersection Marked Crosswalk","No","Suspected Minor Injury","None","38.98323571","-77.01546145","    (38.98323571, -77.01546145)"
"MCP3126005H","240024640","MONTGOMERY","Injury Crash","05/24/2024 03:41:00 PM","County Route","NEWCUT RD",,,,"Pedestrian","Single Vehicle","Clear","Dry","Daylight","No Controls","Not Suspect of Alcohol Use, Not Suspect of Drug Use","Not Suspect of Alcohol Use, Not Suspect of Drug Use","7FC553C8-C415-4475-8F63-D6883523A3FD","Pedestrian","Cross/Enter Not at Intersection","Dart/Dash, Failure to Yield Right-Of-Way","Travel Lane Other Location","Yes","Possible Injury","None","39.22681996","-77.25171045","    (39.22681996, -77.25171045)"
"MCP2231007W","240024589","MONTGOMERY","Injury Crash","05/24/2024 11:54:00 AM","Maryland (State) Route",,"PHEASANT RUN DR W WATKINS MILL RD",,,"Pedestrian","Single Vehicle","Cloudy","Dry","Daylight","Pedestrian Crossing","Not Suspect of Alcohol Use, Not Suspect of Drug Use","Not Suspect of Alcohol Use, Not Suspect of Drug Use","C4DDE296-EF32-4A9C-B025-B6940E59029D","Pedestrian","Cross/Enter at Intersection","Dart/Dash","Intersection Marked Crosswalk","No","Suspected Minor Injury","None","39.14751986","-77.23289754","    (39.14751986, -77.23289754)"
"MCP33870018","240024557","MONTGOMERY","Injury Crash","05/24/2024 08:51:00 AM","US (State)","COLUMBIA PIKE",,,,"Cyclist (non-electric)","Single Vehicle","Clear","Dry","Daylight","No Controls","Not Suspect of Alcohol Use, Not Suspect of Drug Use","Not Suspect of Alcohol Use, Not Suspect of Drug Use","FA344226-5250-429E-83FA-2CEC3B8A7DC1","Cyclist (non-electric)","Walking/Cycling on Sidewalk","None (No Improper Action)","Sidewalk","No","Suspected Minor Injury","Helmet","39.03178688","-77.00401095","    (39.03178688, -77.00401095)"
"MCP9430000B","240024562","MONTGOMERY","Injury Crash","05/24/2024 07:42:00 AM",,,,"Driveway        DRIVEWAY TO 10400 OLD GEORGETOWN ROAD (GEORGETOWN SQUARE)",,"Cyclist (non-electric)","Single Vehicle","Clear",,"Daylight",,"Not Suspect of Alcohol Use, Not Suspect of Drug Use","Not Suspect of Alcohol Use, Not Suspect of Drug Use","DFBD3025-2978-4640-9D50-67419FE830E1","Cyclist (non-electric)","Walking/Cycling on Sidewalk","None (No Improper Action)","Driveway Access","No","Suspected Minor Injury","None","39.02668311","-77.12765288","    (39.02668311, -77.12765288)"
"MCP3050005W","240024489","MONTGOMERY","Injury Crash","05/23/2024 05:45:00 PM","County Route","RIPPLING BROOK DR","HEWITT AVE",,,"Cyclist (non-electric)","Single Vehicle","Clear","Dry","Daylight","No Controls","Not Suspect of Alcohol Use, Not Suspect of Drug Use","Not Suspect of Alcohol Use, Not Suspect of Drug Use","3D52F354-4B8A-4FE1-AF0C-9B753248CE4A","Cyclist (non-electric)","Walking/Cycling on Sidewalk","Other","Other","No","Suspected Minor Injury","Helmet","39.08119582","-77.05585881","    (39.08119582, -77.05585881)"
"MCP2967005P","240024468","MONTGOMERY","Injury Crash","05/23/2024 04:02:00 PM","County Route","WOODMONT AVE",,,,"Pedestrian","Single Vehicle","Clear","Dry","Daylight","Pedestrian Crossing","Unknown, Unknown","Not Suspect of Alcohol Use, Not Suspect of Drug Use","1491A62A-6412-4853-8269-3B090CA486E1","Pedestrian","Cross/Enter at Intersection","None (No Improper Action)","Intersection Marked Crosswalk","No","Possible Injury","None","38.99524152","-77.09669791","    (38.99524152, -77.09669791)"
"MCP2783005D","240024035","MONTGOMERY","Injury Crash","05/23/2024 03:21:00 PM",,,,"Driveway        13311 NEW HAMPSHIRE AVE",,"Pedestrian","Single Vehicle","Clear",,"Daylight",,"Unknown, Unknown","Not Suspect of Alcohol Use, Not Suspect of Drug Use","F196F280-3F4B-46AD-A5A2-1D9E40BC00F7","Pedestrian","Walking/Cycling on Sidewalk","None (No Improper Action)","Driveway Access","No","Possible Injury","None","39.07463562","-77.00210476","    (39.07463562, -77.00210476)"
"EJ7904000X","240024343","GAITHERSBURG","Injury Crash","05/23/2024 07:04:00 AM","Local Route","FELLOWSHIP CIR",,,,"Wheelchair (electric)","Single Vehicle","Cloudy","Dry","Daylight","Stop Sign","Not Suspect of Alcohol Use, Not Suspect of Drug Use","Not Suspect of Alcohol Use, Not Suspect of Drug Use","5067F440-2868-4D65-8DC4-09C9DD471AA4","Wheelchair (electric)","Cross/Enter at Intersection","Unknown","Intersection Marked Crosswalk","No","Suspected Serious Injury","None","39.14847788","-77.19880316","    (39.14847788, -77.19880316)"
"MCP2761005W","240024195","MONTGOMERY","Injury Crash","05/22/2024 11:22:00 AM","Maryland (State) Route","CLOPPER RD",,,,"Pedestrian","Single Vehicle","Clear","Dry","Daylight","No Controls","Not Suspect of Alcohol Use, Not Suspect of Drug Use","Not Suspect of Alcohol Use, Not Suspect of Drug Use","9BD2A1A9-790E-4552-A858-F1AEEA8D7233","Pedestrian","Walking/Cycling on Sidewalk","None (No Improper Action)","Sidewalk","No","Possible Injury","None","39.1616434","-77.28091018","    (39.1616434, -77.28091018)"
"DD5651004W","240024175","ROCKVILLE","Property Damage Crash","05/22/2024 07:40:00 AM","Municipality Route","BLANDFORD ST","MT VERNON PL",,,"Scooter (electric)","Single Vehicle","Clear","Dry","Daylight","Stop Sign","Not Suspect of Alcohol Use, Not Suspect of Drug Use","Not Suspect of Alcohol Use, Not Suspect of Drug Use","4ADB4E94-27C2-4139-AB64-60629B9165D9","Scooter (electric)","Cross/Enter at Intersection","Failure to Obey Traffic Signs, Signals, or Officer","Intersection Unmarked Crosswalk","No","No Apparent Injury","None","39.07865633","-77.1500469","    (39.07865633, -77.1500469)"
"MCP27300044","240023963","MONTGOMERY","Injury Crash","05/21/2024 01:00:00 PM","County Route","CRYSTAL ROCK DR (SB/L)",,,,"Wheelchair (non-electric)","Single Vehicle","Clear","Dry","Daylight","Traffic Control Signal","Not Suspect of Alcohol Use, Not Suspect of Drug Use","Not Suspect of Alcohol Use, Not Suspect of Drug Use","C4607F16-CC02-4593-8476-8F0066713006","Wheelchair (non-electric)","Cross/Enter at Intersection","None (No Improper Action)","Midblock Marked Crosswalk","No","Suspected Minor Injury","None","39.18282868","-77.26368294","    (39.18282868, -77.26368294)"
"DD5538004F","240023951","ROCKVILLE","Injury Crash","05/21/2024 10:45:00 AM","Municipality Route","MANNAKEE ST","ANDERSON AVE",,,"Cyclist (non-electric)","Single Vehicle","Clear","Dry","Daylight","Stop Sign","Not Suspect of Alcohol Use, Not Suspect of Drug Use","Not Suspect of Alcohol Use, Not Suspect of Drug Use","9CBF65BA-ACB2-4D8B-BEAA-53A926B90108","Cyclist (non-electric)","Cross/Enter at Intersection","None (No Improper Action)","Intersection Marked Crosswalk","No","Suspected Minor Injury","Helmet","39.08687261","-77.16732394","    (39.08687261, -77.16732394)"
"MCP291700DF","240023909","MONTGOMERY","Injury Crash","05/21/2024 08:10:00 AM","Maryland (State) Route","GEORGIA AVE (SB/L)",,,,"Pedestrian","Sideswipe, Same Direction","Clear","Dry","Daylight","No Controls","Not Suspect of Alcohol Use, Not Suspect of Drug Use, Not Suspect of Alcohol Use, Not Suspect of Drug Use","Not Suspect of Alcohol Use, Not Suspect of Drug Use","F1921D9D-F0B7-472B-BB46-7380C4477817","Pedestrian","Standing","None (No Improper Action)","Other","No","Suspected Minor Injury","None","39.03920585","-77.05110082","    (39.03920585, -77.05110082)"
"MCP1433005T","240023666","MONTGOMERY","Injury Crash","05/19/2024 06:35:00 PM","Maryland (State) Route","ROCKVILLE PIKE (SB/L)",,,,"Cyclist (Electric)","Single Vehicle","Clear","Dry","Daylight","No Controls","Not Suspect of Alcohol Use, Not Suspect of Drug Use","Not Suspect of Alcohol Use, Not Suspect of Drug Use","55FB093E-F09F-4061-8501-9390DE40B889","Cyclist (Electric)","Cross/Enter at Intersection","None (No Improper Action)","Intersection Marked Crosswalk","No","Suspected Minor Injury","Helmet","39.05809084","-77.12092011","    (39.05809084, -77.12092011)"
"MCP33950016","240023603","MONTGOMERY","Property Damage Crash","05/19/2024 10:41:00 AM","County Route","PARKLAWN DR","PARKLAWN TERR",,,"Cyclist (non-electric)","Single Vehicle","Clear","Dry","Daylight","Stop Sign","Not Suspect of Alcohol Use, Not Suspect of Drug Use","Not Suspect of Alcohol Use, Not Suspect of Drug Use","9AF2AB6B-C26A-47EF-8241-5A6F30F83442","Cyclist (non-electric)","Walking/Cycling on Sidewalk","Other","Sidewalk","No","No Apparent Injury","Helmet","39.05091012","-77.10540351","    (39.05091012, -77.10540351)"
"MCP30970038","240023445","MONTGOMERY","Injury Crash","05/18/2024 04:57:00 AM",,,,"Parking Lot Way        PARKING LOT OF 8451 GEORGIA AVENUE",,"Pedestrian","Single Vehicle","Rain",,"Dark - Lighted",,"Not Suspect of Alcohol Use, Not Suspect of Drug Use","Suspect of Alcohol Use, Not Suspect of Drug Use","F6E57504-9058-4C89-AFC5-451A5E43F7CC","Pedestrian","Other","None (No Improper Action)","Other","No","Suspected Minor Injury","None","38.99615843","-77.02775953","    (38.99615843, -77.02775953)"
"MCP31480068","240023340","MONTGOMERY","Injury Crash","05/17/2024 02:40:00 PM","Maryland (State) Route","EAST WEST HWY (WB/L)","SUNDALE DR WASHINGTON AVE WASHINGTON AVE (NB/L)",,,"Pedestrian","Single Vehicle","Cloudy","Dry","Daylight","Traffic Control Signal","Not Suspect of Alcohol Use, Not Suspect of Drug Use","Not Suspect of Alcohol Use, Not Suspect of Drug Use","D07C1CBF-1309-4AC4-B243-DFC189F653BF","Pedestrian","Cross/Enter at Intersection","None (No Improper Action)","Intersection Marked Crosswalk","No","Possible Injury","None","38.99488732","-77.04560998","    (38.99488732, -77.04560998)"