"Report Number","Local Case Number","Agency Name","ACRS Report Type","Crash Date/Time","Route Type","Road Name","Cross-Street Name","Off-Road Description","Municipality","Related Non-Motorist","Collision Type","Weather","Surface Condition","Light","Traffic Control","Driver Substance Abuse","Non-Motorist Substance Abuse","Person ID","Pedestrian Type","Pedestrian Movement","Pedestrian Actions","Pedestrian Location","At Fault","Injury Severity","Safety Equipment","Latitude","Longitude","Location"
"MCP33300024","240023253","MONTGOMERY","Property Damage Crash","05/17/2024 08:38:00 AM","County Route","AMHERST AVE","PRICHARD RD",,,"Cyclist (non-electric)","Single Vehicle","Clear","Dry","Daylight","Stop Sign","Not Suspect of Alcohol Use, Not Suspect of Drug Use","Not Suspect of Alcohol Use, Not Suspect of Drug Use","4527894B-51BD-4E66-B4B8-9F2FE9908830","Cyclist (non-electric)","Walking/Cycling Along Roadway Against Traffic (In or Adjacent to Travel Lane)","Inattentive (Talking, Eating, etc.), Wrong-Way Riding or Walking","Travel Lane Other Location","Yes","No Apparent Injury","Helmet","39.0364911","-77.04837087","    (39.0364911, -77.04837087)"
"MCP33500035","240022827","MONTGOMERY","Injury Crash","05/14/2024 08:56:00 PM","County Route","OLD GEORGETOWN RD (SB/L)",,,,"Pedestrian","Other","Rain","Wet","Dark - Not Lighted","Traffic Control Signal","Not Suspect of Alcohol Use, Not Suspect of Drug Use, Not Suspect of Alcohol Use, Not Suspect of Drug Use","Not Suspect of Alcohol Use, Not Suspect of Drug Use","841B6384-1750-475D-8B4A-030D66334AF9","Pedestrian","Other","None (No Improper Action)","Midblock Marked Crosswalk","No","Suspected Minor Injury","None","39.04952927","-77.11431887","    (39.04952927, -77.11431887)"
"DD5653003F","240022658","ROCKVILLE","Property Damage Crash","05/13/2024 11:37:00 PM","Municipality Route","BALTIMORE RD","FIRST ST",,,"Cyclist (non-electric)","Single Vehicle","Clear","Dry","Dark - Lighted","Traffic Control Signal","Not Suspect of Alcohol Use, Not Suspect of Drug Use","Not Suspect of Alcohol Use, Not Suspect of Drug Use","4BF0625C-48DA-4F16-A96A-4332908C0EE4","Cyclist (non-electric)","Cross/Enter at Intersection","None (No Improper Action)","Shoulder/Roadside","No","No Apparent Injury","Reflectors","39.08469698","-77.13610065","    (39.08469698, -77.13610065)"
"MCP3379000V","240022598","MONTGOMERY","Injury Crash","05/13/2024 03:40:00 PM","County Route","OLD BUCKLODGE LA",,,,"Cyclist (non-electric)","Single Vehicle","Clear","Dry","Daylight","No Controls","Unknown, Unknown","Not Suspect of Alcohol Use, Not Suspect of Drug Use","14DD0C61-3C0A-4648-9202-F10F07BE3672","Cyclist (non-electric)","Unknown","None (No Improper Action)","Shoulder/Roadside","No","Suspected Minor Injury","Helmet, Reflective Wear (backpack, triangles, etc.)","39.17655502","-77.33912817","    (39.17655502, -77.33912817)"
"MCP3255005N","240022292","MONTGOMERY","Property Damage Crash","05/11/2024 06:30:00 PM","Bicycle Route",,,,,"Cyclist (non-electric)","Single Vehicle","Rain","Wet","Daylight","Stop Sign","Not Suspect of Alcohol Use, Not Suspect of Drug Use","Not Suspect of Alcohol Use, Not Suspect of Drug Use","74871ADB-0B74-46DE-8760-B264C468B440","Cyclist (non-electric)","Walking/Cycling Along Roadway Against Traffic (In or Adjacent to Travel Lane)","Failure to Yield Right-Of-Way","Intersection Unmarked Crosswalk","Yes","No Apparent Injury","None","39.14292619","-77.22252403","    (39.14292619, -77.22252403)"
"MCP2466004Z","240022260","MONTGOMERY","Injury Crash","05/11/2024 03:30:00 PM","Maryland (State) Route","RIVER RD",,,,"Cyclist (non-electric)","Single Vehicle","Clear","Dry","Daylight","No Controls","Unknown, Unknown","Not Suspect of Alcohol Use, Not Suspect of Drug Use","58E45B72-895A-4E7B-8224-D556BC6CA6DE","Cyclist (non-electric)","Walking/Cycling Along Roadway With Traffic (In or Adjacent to Travel Lane)","None (No Improper Action)","Travel Lane Other Location","No","Suspected Serious Injury","Helmet","39.06425862","-77.30019961","    (39.06425862, -77.30019961)"
"MCP235800CM","240022214","MONTGOMERY","Property Damage Crash","05/11/2024 09:30:00 AM","County Route","BEECH TREE RD","RIVER RD (WB/L)",,,"Cyclist (non-electric)","Single Vehicle","Clear","Dry","Daylight","Traffic Control Signal","Not Suspect of Alcohol Use, Not Suspect of Drug Use","Not Suspect of Alcohol Use, Not Suspect of Drug Use","6825FB61-4567-404B-AF1D-0EC8F9A07125","Cyclist (non-electric)","Cross/Enter at Intersection","None (No Improper Action)","Intersection Unmarked Crosswalk","No","No Apparent Injury","Helmet","38.98625838","-77.14324522","    (38.98625838, -77.14324522)"
"MCP3351002D","240022168","MONTGOMERY","Injury Crash","05/10/2024 08:12:00 PM","County Route","CALVERTON BLVD",,,,"Pedestrian","Single Vehicle","Rain","Wet","Dark - Not Lighted","Pedestrian Crossing","Not Suspect of Alcohol Use, Not Suspect of Drug Use","Not Suspect of Alcohol Use, Not Suspect of Drug Use","0A76F700-B32F-4C17-9432-B228029312AD","Pedestrian","Cross/Enter at Intersection","Unknown","Intersection Marked Crosswalk","No","Suspected Serious Injury","None","39.05692158","-76.9484018","    (39.05692158, -76.9484018)"
"MCP3221002Z","240022104","MONTGOMERY","Injury Crash","05/10/2024 03:15:00 PM","Maryland (State) Route","ROCKVILLE PIKE (SB/L)",,,,"Scooter (non-Electric)","Single Vehicle","Rain","Wet","Daylight","Stop Sign","Not Suspect of Alcohol Use, Not Suspect of Drug Use","Not Suspect of Alcohol Use, Not Suspect of Drug Use","C4013EC5-3341-4905-BD30-4DB09A19FF1B","Scooter (non-Electric)","Walking/Cycling on Sidewalk","None (No Improper Action)","Driveway Access","No","Suspected Minor Injury","None","39.07618815","-77.13861157","    (39.07618815, -77.13861157)"
"MCP33980016","240022040","MONTGOMERY","Injury Crash","05/10/2024 10:30:00 AM","County Route","STEDWICK RD",,,,"Cyclist (non-electric)","Single Vehicle","Rain","Wet","Daylight","Traffic Control Signal","Not Suspect of Alcohol Use, Not Suspect of Drug Use","Not Suspect of Alcohol Use, Not Suspect of Drug Use","663AB215-50A3-44FD-8A51-B1D955F6E689","Cyclist (non-electric)","Walking/Cycling on Sidewalk","Unknown","Intersection Marked Crosswalk","Yes","Suspected Minor Injury","None","39.16981992","-77.20488477","    (39.16981992, -77.20488477)"
"MCP33870011","240022015","MONTGOMERY","Injury Crash","05/10/2024 08:44:00 AM","US (State)","COLUMBIA PIKE (SB/L)","GREENCASTLE RD",,,"Pedestrian","Single Vehicle","Rain","Wet","Daylight","Traffic Control Signal","Not Suspect of Alcohol Use, Not Suspect of Drug Use","Not Suspect of Alcohol Use, Not Suspect of Drug Use","666D3EA2-00C7-497D-9C86-03A8F95A2869","Pedestrian","Cross/Enter at Intersection","Unknown","Intersection Marked Crosswalk","Yes","Suspected Minor Injury","None","39.09563465","-76.93813654","    (39.09563465, -76.93813654)"
"MCP26670097","240022004","MONTGOMERY","Injury Crash","05/10/2024 07:30:00 AM","Maryland (State) Route","WOODFIELD RD (SB/L)",,,,"Cyclist (non-electric)","Single Vehicle","Cloudy","Dry","Daylight","No Controls","Not Suspect of Alcohol Use, Not Suspect of Drug Use","Unknown, Unknown","CE442334-8707-4CA7-9D11-8A7C204CD541","Cyclist (non-electric)","Cross/Enter Not at Intersection","In Roadway Improperly (Standing, Lying, Working, Playing)","Travel Lane Other Location","Yes","Suspected Serious Injury","Helmet, Lighting, Reflective Wear (backpack, triangles, etc.)","39.16279636","-77.1707702","    (39.16279636, -77.1707702)"
"MCP3376001L","240021970","MONTGOMERY","Injury Crash","05/09/2024 08:59:00 PM","Maryland (State) Route","GEORGIA AVE",,,,"Cyclist (non-electric)","Single Vehicle","Clear","Dry","Dark - Lighted","No Controls","Not Suspect of Alcohol Use, Not Suspect of Drug Use","Not Suspect of Alcohol Use, Not Suspect of Drug Use","F3FC6FFD-6159-4254-92E2-AAEAEA921391","Cyclist (non-electric)","Walking/Cycling on Sidewalk","None (No Improper Action)","Sidewalk","No","Suspected Minor Injury","None","39.08536731","-77.07844132","    (39.08536731, -77.07844132)"
"MCP2906003H","240021945","MONTGOMERY","Injury Crash","05/09/2024 12:00:00 PM",,,,"Parking Lot Way        PARKING LOT OF 23 WEST DIAMOND AVENUE",,"Pedestrian","Single Vehicle","Fog, Smog, Smoke",,"Daylight",,"Unknown, Unknown","Unknown, Unknown","0D0E76C0-615B-4FF0-A20B-64D648780DF2","Pedestrian","Other Working","None (No Improper Action)","Other","No","Suspected Minor Injury","None","39.14057149","-77.19994739","    (39.14057149, -77.19994739)"
"EJ7894004F","2400212674","GAITHERSBURG","Injury Crash","05/08/2024 12:24:00 PM",,,,"Parking Lot Way        229 KENTLANDS BLVD, GAITHERSBURG (GIANT FOOD PARKING LOT)",,"Pedestrian","Single Vehicle","Clear",,"Daylight",,"Unknown, Unknown","Not Suspect of Alcohol Use, Not Suspect of Drug Use","8F7C76A4-8975-4812-AFBA-8ED589DDEBB7","Pedestrian","Standing","None (No Improper Action)","Other","No","Suspected Minor Injury","None","39.12543775","-77.23810775","    (39.12543775, -77.23810775)"
"MCP2563001T","240021608","MONTGOMERY","Fatal Crash","05/08/2024 05:37:00 AM","Maryland (State) Route","NORBECK RD (WB/L)","MUNCASTER MILL RD",,,"Pedestrian","Single Vehicle","Clear","Dry","Dawn","Traffic Control Signal","Not Suspect of Alcohol Use, Not Suspect of Drug Use","Unknown, Unknown","6611208D-70EA-4952-98A6-E2640D17B6CF","Pedestrian","Standing","In Roadway Improperly (Standing, Lying, Working, Playing), Inattentive (Talking, Eating, etc.), Not Visible (Dark Clothing, No Lighting, etc.)","Travel Lane Other Location","Yes","Fatal Injury","None","39.10906085","-77.08024981","    (39.10906085, -77.08024981)"
"MCP2799007T","240021515","MONTGOMERY","Injury Crash","05/07/2024 04:05:00 PM","County Route","FENTON ST",,,,"Pedestrian","Single Vehicle","Clear","Dry","Daylight","No Controls","Not Suspect of Alcohol Use, Not Suspect of Drug Use","Not Suspect of Alcohol Use, Not Suspect of Drug Use","5CB63A41-195E-49FB-97E2-B54D669379EE","Pedestrian","Cross/Enter at Intersection","Inattentive (Talking, Eating, etc.)","Intersection Marked Crosswalk","No","Suspected Minor Injury","None","38.99536046","-77.02441446","    (38.99536046, -77.02441446)"
"MCP3337002P","240021303","MONTGOMERY","Injury Crash","05/06/2024 03:49:00 PM","County Route","WOODSON AVE",,,,"Pedestrian","Single Vehicle","Cloudy","Dry","Daylight","No Controls","Not Suspect of Alcohol Use, Not Suspect of Drug Use","Not Suspect of Alcohol Use, Not Suspect of Drug Use","E46F3D4B-7174-4353-B967-298FF4DAC32C","Pedestrian","Cross/Enter Not at Intersection","Dart/Dash, In Roadway Improperly (Standing, Lying, Working, Playing)","Travel Lane Other Location","Yes","Suspected Minor Injury","None","39.04118444","-77.07513197","    (39.04118444, -77.07513197)"
"MCP3337002P","240021303","MONTGOMERY","Injury Crash","05/06/2024 03:49:00 PM","County Route","WOODSON AVE",,,,"Pedestrian","Single Vehicle","Cloudy","Dry","Daylight","No Controls","Not Suspect of Alcohol Use, Not Suspect of Drug Use","Not Suspect of Alcohol Use, Not Suspect of Drug Use","17984AEC-E831-40A3-BBAD-0C179F2DB62A","Pedestrian","Cross/Enter Not at Intersection","Dart/Dash, In Roadway Improperly (Standing, Lying, Working, Playing)","Travel Lane Other Location","Yes","Suspected Minor Injury","None","39.04118444","-77.07513197","    (39.04118444, -77.07513197)"
"MCP29050068","240021466","MONTGOMERY","Injury Crash","05/06/2024 11:12:00 AM",,,,"Parking Lot Way        INSIDE OF PARKING GARAGE LOCATED AT 5400 WESTBARD AVE",,"Pedestrian","Single Vehicle","Cloudy",,"Other",,"Not Suspect of Alcohol Use, Not Suspect of Drug Use","Not Suspect of Alcohol Use, Not Suspect of Drug Use","8C27330A-62EF-4517-8361-530CA30DC6E4","Pedestrian","Cross/Enter Not at Intersection","Unknown","Other","No","Suspected Minor Injury","None","38.96277811","-77.10658139","    (38.96277811, -77.10658139)"
"MCP2545001B","240021222","MONTGOMERY","Injury Crash","05/06/2024 10:25:00 AM","County Route","DAHILL RD",,,,"Pedestrian","Single Vehicle","Cloudy","Dry","Daylight","No Controls","Not Suspect of Alcohol Use, Not Suspect of Drug Use","Not Suspect of Alcohol Use, Not Suspect of Drug Use","7066B07E-227C-4B22-BE90-5F658C1CB870","Pedestrian","Other Working","None (No Improper Action)","Travel Lane Other Location","No","Suspected Minor Injury","Reflective Wear (backpack, triangles, etc.)","39.04790141","-77.08255989","    (39.04790141, -77.08255989)"
"MCP292300C2","240020258","MONTGOMERY","Injury Crash","05/06/2024 06:50:00 AM","County Route","CAMDEN ST","DALEWOOD DR (EB/L)",,,"Pedestrian","Single Vehicle","Clear","Dry","Daylight","Stop Sign","Not Suspect of Alcohol Use, Not Suspect of Drug Use","Not Suspect of Alcohol Use, Not Suspect of Drug Use","19A35136-C3FB-4B60-B88A-F0B747AF1496","Pedestrian","Cross/Enter at Intersection","None (No Improper Action)","Intersection Unmarked Crosswalk","No","Suspected Minor Injury","None","39.05820469","-77.06888661","    (39.05820469, -77.06888661)"
"MCP3258003S","240020952","MONTGOMERY","Injury Crash","05/04/2024 02:47:00 PM","County Route","GRANDVIEW AVE","LINDELL ST",,,"Cyclist (non-electric)","Single Vehicle","Rain","Wet","Daylight","Traffic Control Signal","Not Suspect of Alcohol Use, Not Suspect of Drug Use","Not Suspect of Alcohol Use, Not Suspect of Drug Use","3235A165-EC24-4BD4-B102-DFCC83B44C59","Cyclist (non-electric)","Cross/Enter at Intersection","None (No Improper Action)","Intersection Marked Crosswalk","No","Suspected Minor Injury","None","39.04116014","-77.05310545","    (39.04116014, -77.05310545)"
"MCP2445005S","240020933","MONTGOMERY","Injury Crash","05/04/2024 11:59:00 AM","County Route","SHAKESPEARE BLVD (WB/L)",,,,"Pedestrian","Single Vehicle","Rain","Wet","Daylight","Pedestrian Crossing","Not Suspect of Alcohol Use, Not Suspect of Drug Use","Not Suspect of Alcohol Use, Not Suspect of Drug Use","BFE836A7-D949-4199-A995-DFA88DC485DD","Pedestrian","Cross/Enter at Intersection","None (No Improper Action)","Intersection Marked Crosswalk","No","Suspected Minor Injury","None","39.19739283","-77.25253783","    (39.19739283, -77.25253783)"
"MCP2351005N","240020920","MONTGOMERY","Injury Crash","05/04/2024 08:30:00 AM","Bicycle Route",,,,,"Pedestrian","Unknown","Rain","Wet","Daylight","Pedestrian Crossing Sign","Not Suspect of Alcohol Use, Not Suspect of Drug Use","Not Suspect of Alcohol Use, Not Suspect of Drug Use","E10892CE-92E7-464D-8798-51BF4FC9A3BA","Pedestrian","Unknown","Unknown","Intersection Marked Crosswalk","No","Suspected Minor Injury","None","39.09084317","-77.11507983","    (39.09084317, -77.11507983)"
"MCP3163006V","240020849","MONTGOMERY","Property Damage Crash","05/03/2024 07:14:00 PM","County Route",,"OLD GEORGETOWN RD ST ELMO AVE WILSON LA",,,"Pedestrian","Single Vehicle","Clear","Dry","Daylight","Traffic Control Signal","Not Suspect of Alcohol Use, Not Suspect of Drug Use","Not Suspect of Alcohol Use, Not Suspect of Drug Use","6D546E50-0866-4FE6-B206-6A29C8198BE6","Pedestrian","Cross/Enter at Intersection","None (No Improper Action)","Intersection Marked Crosswalk","No","No Apparent Injury","None","38.98746491","-77.09876544","    (38.98746491, -77.09876544)"
"MCP1563009G","240020681","MONTGOMERY","Injury Crash","05/03/2024 07:33:00 AM",,,,"Driveway        SIDEWALK COMING FROM PRIVATE DRIVEWAY",,"Cyclist (non-electric)","Single Vehicle","Clear",,"Daylight",,"Not Suspect of Alcohol Use, Not Suspect of Drug Use","Not Suspect of Alcohol Use, Not Suspect of Drug Use","81673797-4464-4208-99A1-FD131B8E1BB5","Cyclist (non-electric)","Walking/Cycling on Sidewalk","None (No Improper Action)","Sidewalk","No","Suspected Minor Injury","Helmet","38.98813199","-77.08070527","    (38.98813199, -77.08070527)"
"DM8498000Z","240020619","TAKOMA","Injury Crash","05/02/2024 07:38:00 PM","Maryland (State) Route","UNIVERSITY BLVD",,,,"Pedestrian","Single Vehicle","Clear","Dry","Daylight","No Controls","Not Suspect of Alcohol Use, Not Suspect of Drug Use","Not Suspect of Alcohol Use, Not Suspect of Drug Use","905F25CD-FF8C-46F4-AE05-4C4349A16CA6","Pedestrian","Walking/Cycling Along Roadway Against Traffic (In or Adjacent to Travel Lane)","None (No Improper Action)","Intersection Unmarked Crosswalk","No","Suspected Minor Injury","None","38.98956538","-76.98858805","    (38.98956538, -76.98858805)"
"DD5643003V","240020615","ROCKVILLE","Injury Crash","05/02/2024 04:00:00 PM","Municipality Route","KING FARM BLVD","FREDERICK RD (SB/L)",,,"Pedestrian","Single Vehicle","Clear","Dry","Daylight","Traffic Control Signal","Unknown, Unknown","Not Suspect of Alcohol Use, Not Suspect of Drug Use","C272CE3C-F445-4001-95A2-8C071F0DC304","Pedestrian","Cross/Enter at Intersection","None (No Improper Action)","Intersection Marked Crosswalk","No","Possible Injury","None","39.11709539","-77.16900101","    (39.11709539, -77.16900101)"
"MCP26860072","240020371","MONTGOMERY","Injury Crash","05/01/2024 05:17:00 PM","County Route","CRYSTAL ROCK DR (SB/L)",,,,"Pedestrian","Single Vehicle","Clear","Dry","Daylight","Traffic Control Signal","Not Suspect of Alcohol Use, Not Suspect of Drug Use","Not Suspect of Alcohol Use, Not Suspect of Drug Use","50B3B2B8-7703-460A-A53F-F4B611D5A938","Pedestrian","Cross/Enter at Intersection","Unknown","Intersection Marked Crosswalk","No","Suspected Minor Injury","None","39.18265403","-77.26327362","    (39.18265403, -77.26327362)"
"MCP3245005R","240020226","MONTGOMERY","Injury Crash","04/30/2024 07:51:00 PM","County Route","BRASSIE PL (WB/L)","CLUB HOUSE RD",,,"Pedestrian","Single Vehicle","Clear","Dry","Dark - Lighted","No Controls","Not Suspect of Alcohol Use, Not Suspect of Drug Use","Not Suspect of Alcohol Use, Not Suspect of Drug Use","29BF485A-B8E7-44E4-A34C-D5102204707B","Pedestrian","Cross/Enter at Intersection","Dart/Dash, Not Visible (Dark Clothing, No Lighting, etc.)","Intersection Other","Yes","Suspected Minor Injury","None","39.17415206","-77.20218494","    (39.17415206, -77.20218494)"
"MCP3391000T","240020219","MONTGOMERY","Injury Crash","04/30/2024 07:02:00 PM","County Route","REEDIE DR","TRIANGLE LA",,,"Pedestrian","Single Vehicle","Clear","Dry","Daylight","Pedestrian Crossing Sign","Not Suspect of Alcohol Use, Not Suspect of Drug Use","Not Suspect of Alcohol Use, Unknown","DF20D100-650D-46A5-A55E-92CC431BDA83","Pedestrian","Cross/Enter Not at Intersection","Dart/Dash, In Roadway Improperly (Standing, Lying, Working, Playing), Inattentive (Talking, Eating, etc.)","Intersection Other","Yes","Suspected Minor Injury","None","39.03850063","-77.05172492","    (39.03850063, -77.05172492)"
"MCP26670094","240020102","MONTGOMERY","Property Damage Crash","04/30/2024 08:00:00 AM","County Route","MONTGOMERY VILLAGE AVE","LAKE SHORE DR (WB/L)",,,"Pedestrian","Single Vehicle","Clear","Dry","Daylight","Pedestrian Crossing Sign","Not Suspect of Alcohol Use, Not Suspect of Drug Use","Not Suspect of Alcohol Use, Not Suspect of Drug Use","A3D0FF74-DD38-43F3-81DA-DD9E1260EF1D","Pedestrian","Cross/Enter at Intersection","None (No Improper Action)","Intersection Marked Crosswalk","No","No Apparent Injury","None","39.16141545","-77.20143321","    (39.16141545, -77.20143321)"
"MCP3391000R","240020036","MONTGOMERY","Injury Crash","04/29/2024 06:39:00 PM",,,,"Parking Lot Way        PARKING LOT AISLE",,"Pedestrian","Single Vehicle","Clear",,"Daylight",,"Not Suspect of Alcohol Use, Not Suspect of Drug Use","Not Suspect of Alcohol Use, Not Suspect of Drug Use","E6CEFF13-6667-44B6-AB1F-CC2BD9B41E55","Pedestrian","Cross/Enter Not at Intersection","Inattentive (Talking, Eating, etc.)","Other","No","Suspected Minor Injury","None","39.03626105","-77.05683106","    (39.03626105, -77.05683106)"
"MCP31290093","240019902","MONTGOMERY","Property Damage Crash","04/29/2024 09:12:00 AM","County Route","BURNING BUSH LA",,,,"Other Pedestrian (person in a building, skater, personal conveyance, etc.)","Single Vehicle","Clear","Dry","Daylight","No Controls","Not Suspect of Alcohol Use, Not Suspect of Drug Use","Not Suspect of Alcohol Use, Not Suspect of Drug Use","97755F8F-3F2C-4E6C-9A70-06587C1DA368","Other Pedestrian (person in a building, skater, personal conveyance, etc.)","None","None (No Improper Action)","Other","No","No Apparent Injury","None","39.089868","-77.05889183","    (39.089868, -77.05889183)"
"MCP3341003M","240019891","MONTGOMERY","Injury Crash","04/29/2024 07:44:00 AM","County Route",,"PARKER FARM WAY (SB/L)",,,"Pedestrian","Single Vehicle","Clear","Dry","Daylight","Traffic Control Signal","Not Suspect of Alcohol Use, Not Suspect of Drug Use","Not Suspect of Alcohol Use, Not Suspect of Drug Use","6909B83D-4B99-499E-895B-64B5A9559584","Pedestrian","Cross/Enter at Intersection","None (No Improper Action)","Intersection Marked Crosswalk","No","Suspected Minor Injury","None","39.09047817","-77.04794717","    (39.09047817, -77.04794717)"
"MCP27980064","240019798","MONTGOMERY","Injury Crash","04/28/2024 02:16:00 PM","County Route","CENTURY BLVD",,,,"Pedestrian","Single Vehicle","Clear","Dry","Daylight","No Controls","Not Suspect of Alcohol Use, Not Suspect of Drug Use","Not Suspect of Alcohol Use, Not Suspect of Drug Use","3340937D-F1DE-4098-B1DB-C26743637862","Pedestrian","Cross/Enter Not at Intersection","Dart/Dash, Failure to Yield Right-Of-Way","Other","Yes","Suspected Minor Injury","None","39.18273844","-77.26399388","    (39.18273844, -77.26399388)"
"MCP235800CL","240019794","MONTGOMERY","Injury Crash","04/28/2024 02:00:00 PM","County Route","LANDY LA","RIVER RD",,,"Scooter (electric)","Single Vehicle","Clear","Dry","Daylight","Pedestrian Crossing Sign","Not Suspect of Alcohol Use, Not Suspect of Drug Use","Not Suspect of Alcohol Use, Not Suspect of Drug Use","14762609-5E77-4249-BA68-A130A1144B78","Scooter (electric)","Cross/Enter Not at Intersection","None (No Improper Action)","Intersection Marked Crosswalk","No","Suspected Minor Injury","None","38.96466414","-77.10328567","    (38.96466414, -77.10328567)"
"MCP32920024","240019616","MONTGOMERY","Injury Crash","04/26/2024 11:31:00 PM","Local Route","COBBLER PL","BARKLEY PL",,,"Pedestrian","Single Vehicle","Clear","Dry","Dark - Lighted","Pedestrian Crossing","Not Suspect of Alcohol Use, Not Suspect of Drug Use","Not Suspect of Alcohol Use, Not Suspect of Drug Use","81958B3F-40BE-4B24-BAD4-054AAAE9209D","Pedestrian","Cross/Enter at Intersection","None (No Improper Action)","Intersection Marked Crosswalk","No","Suspected Minor Injury","Unknown","39.13149749","-77.19052225","    (39.13149749, -77.19052225)"
"MCP32790034","240019581","MONTGOMERY","Property Damage Crash","04/26/2024 04:16:00 PM","Ramp","RAMP 2 FR RANDOLPH RD WB TO MD 97 NB",,,,"Other Pedestrian (person in a building, skater, personal conveyance, etc.), Pedestrian","Single Vehicle","Clear","Dry","Daylight","Pedestrian Crossing","Not Suspect of Alcohol Use, Not Suspect of Drug Use","Not Suspect of Alcohol Use, Not Suspect of Drug Use","F47585D9-BA23-4F5B-90E3-349BA3BC3C38","Pedestrian","Other","None (No Improper Action)","Intersection Marked Crosswalk","No","No Apparent Injury","None","39.05840249","-77.04991186","    (39.05840249, -77.04991186)"
"MCP32790034","240019581","MONTGOMERY","Property Damage Crash","04/26/2024 04:16:00 PM","Ramp","RAMP 2 FR RANDOLPH RD WB TO MD 97 NB",,,,"Other Pedestrian (person in a building, skater, personal conveyance, etc.), Pedestrian","Single Vehicle","Clear","Dry","Daylight","Pedestrian Crossing","Not Suspect of Alcohol Use, Not Suspect of Drug Use","Not Suspect of Alcohol Use, Not Suspect of Drug Use","DD19E271-9437-4594-B1AB-3F4F371B1550","Other Pedestrian (person in a building, skater, personal conveyance, etc.)","Other","None (No Improper Action)","Intersection Marked Crosswalk","No","No Apparent Injury","None","39.05840249","-77.04991186","    (39.05840249, -77.04991186)"
"MCP32790034","240019581","MONTGOMERY","Property Damage Crash","04/26/2024 04:16:00 PM","Ramp","RAMP 2 FR RANDOLPH RD WB TO MD 97 NB",,,,"Other Pedestrian (person in a building, skater, personal conveyance, etc.), Pedestrian","Single Vehicle","Clear","Dry","Daylight","Pedestrian Crossing","Not Suspect of Alcohol Use, Not Suspect of Drug Use","Not Suspect of Alcohol Use, Not Suspect of Drug Use","F565902D-11D2-42CB-BC63-762C99BACFFE","Pedestrian","Other","None (No Improper Action)","Intersection Marked Crosswalk","No","No Apparent Injury","None","39.05840249","-77.04991186","    (39.05840249, -77.04991186)"