"Report Number","Local Case Number","Agency Name","ACRS Report Type","Crash Date/Time","Route Type","Road Name","Cross-Street Name","Off-Road Description","Municipality","Related Non-Motorist","Collision Type","Weather","Surface Condition","Light","Traffic Control","Driver Substance Abuse","Non-Motorist Substance Abuse","Person ID","Pedestrian Type","Pedestrian Movement","Pedestrian Actions","Pedestrian Location","At Fault","Injury Severity","Safety Equipment","Latitude","Longitude","Location"
"MCP3016004W","240010048","MONTGOMERY","Injury Crash","02/28/2024 08:15:00 AM","County Route","CENTURY BLVD",,,,"Pedestrian","Unknown","Cloudy","Wet","Daylight","Pedestrian Crossing","Unknown, Unknown","Not Suspect of Alcohol Use, Not Suspect of Drug Use","4BC91D86-023E-4C95-9BDE-26870E259C4D","Pedestrian","Cross/Enter at Intersection","Unknown","Intersection Marked Crosswalk","Yes","Suspected Serious Injury","None","39.18033057","-77.26837062","    (39.18033057, -77.26837062)"
"DD5603009X","240009648","ROCKVILLE","Injury Crash","02/27/2024 11:48:00 PM","Municipality Route","W EDMONSTON DR","ROCKVILLE PIKE (SB/L)",,,"Pedestrian","Single Vehicle","Rain","Wet","Dark - Lighted","Pedestrian Crossing","Not Suspect of Alcohol Use, Not Suspect of Drug Use","Suspect of Alcohol Use, Not Suspect of Drug Use","B49F1155-55DB-4786-8442-8BF50E7066A8","Pedestrian","Cross/Enter at Intersection","Dart/Dash, Failure to Obey Traffic Signs, Signals, or Officer","Intersection Marked Crosswalk","No","Suspected Minor Injury","None","39.07435802","-77.13568165","    (39.07435802, -77.13568165)"
"MCP2445005L","240009464","MONTGOMERY","Injury Crash","02/27/2024 08:04:00 AM",,,,"Parking Aisle        PARKING LOT OF 21010 FREDERICK RD",,"Pedestrian","Single Vehicle","Clear",,"Daylight",,"Not Suspect of Alcohol Use, Not Suspect of Drug Use","Not Suspect of Alcohol Use, Not Suspect of Drug Use","2E85EC81-C940-4C1C-8F5A-482F34D02038","Pedestrian","Getting Off/On Vehicle","Unknown","Other","No","Suspected Minor Injury","None","39.20058292","-77.2482529","    (39.20058292, -77.2482529)"
"MCP3339003J","240009407","MONTGOMERY","Injury Crash","02/26/2024 06:41:00 PM","County Route","RANDOLPH RD","VEIRS MILL RD",,,"Pedestrian","Single Vehicle","Clear","Dry","Dark - Lighted","Traffic Control Signal","Unknown, Unknown","Not Suspect of Alcohol Use, Not Suspect of Drug Use","1EE5DB46-C9A5-43D1-B9B6-7AD5A95D1D50","Pedestrian","Cross/Enter at Intersection","Unknown","Intersection Marked Crosswalk","No","Suspected Minor Injury","None","39.05603947","-77.08254334","    (39.05603947, -77.08254334)"
"MCP32550055","240009398","MONTGOMERY","Injury Crash","02/26/2024 05:40:00 PM","County Route","WATKINS MILL RD","STEDWICK RD",,,"Pedestrian","Single Vehicle","Clear","Dry","Dusk","Pedestrian Crossing Sign","Not Suspect of Alcohol Use, Not Suspect of Drug Use","Not Suspect of Alcohol Use, Not Suspect of Drug Use","CC95069F-1238-496A-915D-8277A699C423","Pedestrian","Cross/Enter at Intersection","None (No Improper Action)","Intersection Marked Crosswalk","No","Suspected Minor Injury","None","39.17054729","-77.20894132","    (39.17054729, -77.20894132)"
"MCP25070025","240009383","MONTGOMERY","Injury Crash","02/26/2024 04:01:00 PM","Maryland (State) Route",,,,,"Pedestrian","Single Vehicle","Clear","Dry","Daylight","No Controls","Not Suspect of Alcohol Use, Not Suspect of Drug Use","Not Suspect of Alcohol Use, Not Suspect of Drug Use","7F335C27-8DEF-4A44-A278-818565201B56","Pedestrian","Getting Off/On Vehicle","None (No Improper Action)","Shoulder/Roadside","No","Suspected Minor Injury","None","39.10394969","-77.28633395","    (39.10394969, -77.28633395)"
"MCP2392000K","240009531","MONTGOMERY","Injury Crash","02/26/2024 12:04:00 PM",,,,"Parking Stall        SIDE PARKING LOT",,"Pedestrian","Single Vehicle","Clear",,"Daylight",,"Not Suspect of Alcohol Use, Not Suspect of Drug Use","Not Suspect of Alcohol Use, Not Suspect of Drug Use","BE5DAF5A-8F23-4F33-90B9-085AAFD865C6","Pedestrian","Standing","None (No Improper Action)","NonTrafficway Area","No","Suspected Minor Injury","None","39.14830061","-77.01966318","    (39.14830061, -77.01966318)"
"DD5567002X","240009297","ROCKVILLE","Injury Crash","02/26/2024 09:43:00 AM","Municipality Route","KING FARM BLVD","FREDERICK RD (SB/L)",,,"Pedestrian","Single Vehicle","Clear","Dry","Daylight","Pedestrian Crossing","Unknown, Unknown","Not Suspect of Alcohol Use, Not Suspect of Drug Use","F49EF1ED-1E00-4DA6-B5A2-AC9FFE5D42A1","Pedestrian","Cross/Enter at Intersection","None (No Improper Action)","Intersection Marked Crosswalk","No","Possible Injury","None","39.11710704","-77.16889101","    (39.11710704, -77.16889101)"
"MCP21810059","240009261","MONTGOMERY","Injury Crash","02/25/2024 11:58:00 PM","County Route","CHERRY HILL RD",,,,"Pedestrian","Single Vehicle","Clear","Dry","Dark - Lighted","No Controls","Not Suspect of Alcohol Use, Not Suspect of Drug Use","Suspect of Alcohol Use, Not Suspect of Drug Use","22E60ECF-508E-4142-82EF-6B47AACDB6B2","Pedestrian","Cross/Enter Not at Intersection","Dart/Dash, Not Visible (Dark Clothing, No Lighting, etc.)","Travel Lane Other Location","Yes","Suspected Serious Injury","None","39.04950426","-76.95247673","    (39.04950426, -76.95247673)"
"MCP32950040","240009208","MONTGOMERY","Injury Crash","02/25/2024 02:53:00 PM","County Route",,"SUMMERWOOD DR",,,"Cyclist (non-electric)","Single Vehicle","Clear","Dry","Daylight","Stop Sign","Not Suspect of Alcohol Use, Not Suspect of Drug Use","Not Suspect of Alcohol Use, Not Suspect of Drug Use","F9FA2262-AAB7-4265-A190-D03116E80CF5","Cyclist (non-electric)","Cross/Enter at Intersection","Unknown","Intersection Marked Crosswalk","No","Suspected Minor Injury","Unknown","39.065096","-76.93851683","    (39.065096, -76.93851683)"
"MCP3085004K","240008929","MONTGOMERY","Injury Crash","02/23/2024 04:59:00 PM","County Route","NO NAME","ELLINGSON DR",,,"Cyclist (Electric)","Single Vehicle","Cloudy","Dry","Daylight","No Controls","Not Suspect of Alcohol Use, Not Suspect of Drug Use","Not Suspect of Alcohol Use, Not Suspect of Drug Use","CF981FCD-9950-43DC-B712-89E652FC40D1","Cyclist (Electric)","Walking/Cycling Along Roadway Against Traffic (In or Adjacent to Travel Lane)","Wrong-Way Riding or Walking","Intersection Other","No","Suspected Minor Injury","Helmet","38.99233604","-77.05548154","    (38.99233604, -77.05548154)"
"MCP3113005Z","240008881","MONTGOMERY","Injury Crash","02/23/2024 01:30:00 PM",,,,"Parking Stall        PARKING LOT IN FRONT OF 1802 TUFA TERRACE",,"Pedestrian","Unknown","Cloudy",,"Daylight",,"Not Suspect of Alcohol Use, Not Suspect of Drug Use","Not Suspect of Alcohol Use, Not Suspect of Drug Use","79C882C4-6834-40DD-A23A-FCFC155BE4CC","Pedestrian","Standing","None (No Improper Action)","Other","No","Suspected Minor Injury","None","39.06689895","-76.97527262","    (39.06689895, -76.97527262)"
"DD5567002W","240008837","ROCKVILLE","Injury Crash","02/23/2024 10:04:00 AM",,,,"Parking Lot Way        PARKING LOT OF 15225 SHADY GROVE RD",,"Pedestrian","Single Vehicle","Rain",,"Daylight",,"Not Suspect of Alcohol Use, Not Suspect of Drug Use","Not Suspect of Alcohol Use, Not Suspect of Drug Use","A2EDEE04-0E01-4FED-987B-76D0838B373F","Pedestrian","Other","None (No Improper Action)","Other","No","Possible Injury","None","39.10715961","-77.18904446","    (39.10715961, -77.18904446)"
"DD5567002W","240008837","ROCKVILLE","Injury Crash","02/23/2024 10:04:00 AM",,,,"Parking Lot Way        PARKING LOT OF 15225 SHADY GROVE RD",,"Pedestrian","Single Vehicle","Rain",,"Daylight",,"Not Suspect of Alcohol Use, Not Suspect of Drug Use","Not Suspect of Alcohol Use, Not Suspect of Drug Use","A09A8619-DC46-4BDC-9A74-FCF0F864CA7A","Pedestrian","Other","None (No Improper Action)","Other","No","Possible Injury","None","39.10715961","-77.18904446","    (39.10715961, -77.18904446)"
"MCP3085004J","240008772","MONTGOMERY","Injury Crash","02/22/2024 07:57:00 PM","Maryland (State) Route","CONNECTICUT AVE","EAST WEST HWY",,,"Pedestrian","Single Vehicle","Rain","Wet","Dark - Lighted","Traffic Control Signal","Not Suspect of Alcohol Use, Not Suspect of Drug Use","Not Suspect of Alcohol Use, Not Suspect of Drug Use","3A602CC9-9E1D-4D12-8F8F-426A9E87B709","Pedestrian","Cross/Enter Not at Intersection","Other","Travel Lane Other Location","No","Suspected Minor Injury","None","38.9879328","-77.07702617","    (38.9879328, -77.07702617)"
"MCP3137001X","240008765","MONTGOMERY","Property Damage Crash","02/22/2024 05:00:00 PM","Other Public Roadway","CARROLL AVE","CARROLL AVE PINEY BRANCH RD",,,"Pedestrian","Single Vehicle","Clear","Dry","Daylight","No Controls","Unknown, Unknown","Not Suspect of Alcohol Use, Not Suspect of Drug Use","CED8F3FF-675A-4797-9E49-E015A05191C4","Pedestrian","Cross/Enter at Intersection","None (No Improper Action)","Intersection Marked Crosswalk","No","No Apparent Injury","None","38.99991903","-76.99070816","    (38.99991903, -76.99070816)"
"MCP3094003Y","240008731","MONTGOMERY","Injury Crash","02/22/2024 04:56:00 PM","County Route",,"FLOWER HILL WAY MINERAL SPRINGS DR",,,"Pedestrian","Single Vehicle","Rain","Wet","Daylight","Stop Sign","Not Suspect of Alcohol Use, Not Suspect of Drug Use","Not Suspect of Alcohol Use, Not Suspect of Drug Use","7366AA58-2A1D-42BB-ABF2-1FD1F79CCB3D","Pedestrian","Cross/Enter at Intersection","None (No Improper Action)","Intersection Marked Crosswalk","No","Suspected Minor Injury","None","39.15467038","-77.16380452","    (39.15467038, -77.16380452)"
"MCP3094003Y","240008731","MONTGOMERY","Injury Crash","02/22/2024 04:56:00 PM","County Route",,"FLOWER HILL WAY MINERAL SPRINGS DR",,,"Pedestrian","Single Vehicle","Rain","Wet","Daylight","Stop Sign","Not Suspect of Alcohol Use, Not Suspect of Drug Use","Not Suspect of Alcohol Use, Not Suspect of Drug Use","28DD01A1-0647-413C-95B6-99A9C289F4FD","Pedestrian","Cross/Enter at Intersection","None (No Improper Action)","Intersection Marked Crosswalk","No","Suspected Minor Injury","None","39.15467038","-77.16380452","    (39.15467038, -77.16380452)"
"MCP3262003Y","240008357","MONTGOMERY","Injury Crash","02/20/2024 03:30:00 PM","County Route","BRIGGS CHANEY RD","GATESHEAD MANOR WAY",,,"Pedestrian","Unknown","Clear","Dry","Daylight","Traffic Control Signal","Not Suspect of Alcohol Use, Not Suspect of Drug Use","Not Suspect of Alcohol Use, Not Suspect of Drug Use","1EB96E25-C47F-45DF-AAC4-D7B98FAFDA21","Pedestrian","Cross/Enter at Intersection","None (No Improper Action)","Intersection Marked Crosswalk","No","No Apparent Injury","None","39.07707533","-76.94250183","    (39.07707533, -76.94250183)"
"MCP3397000B","240008233","MONTGOMERY","Injury Crash","02/20/2024 12:14:00 AM",,,,"Parking Lot Way        PARKING LOT OF 13835 CASTLE BLVD",,"Pedestrian","Single Vehicle","Clear",,"Dark - Lighted",,"Not Suspect of Alcohol Use, Not Suspect of Drug Use","Not Suspect of Alcohol Use, Not Suspect of Drug Use","D53B8847-1D95-4C4E-A567-E4B53AB9701F","Pedestrian","Standing","None (No Improper Action)","Other","No","Suspected Minor Injury","None","39.08240035","-76.94295242","    (39.08240035, -76.94295242)"
"DD5651004H","240008174","ROCKVILLE","Property Damage Crash","02/19/2024 04:13:00 PM","Municipality Route",,"NORTH ST",,,"Cyclist (Electric)","Single Vehicle","Clear","Dry","Daylight","No Controls","Not Suspect of Alcohol Use, Not Suspect of Drug Use","Not Suspect of Alcohol Use, Not Suspect of Drug Use","0C597264-B57E-4F1E-9751-077D30E26CD1","Cyclist (Electric)","Walking/Cycling Along Roadway With Traffic (In or Adjacent to Travel Lane)","Unknown","Driveway Access","No","No Apparent Injury","Helmet","39.09016879","-77.1537381","    (39.09016879, -77.1537381)"
"MCP1378017F","240008172","MONTGOMERY","Injury Crash","02/19/2024 03:56:00 PM","Private Route",,,,,"Pedestrian","Single Vehicle","Clear","Dry","Daylight","No Controls","Not Suspect of Alcohol Use, Not Suspect of Drug Use","Not Suspect of Alcohol Use, Not Suspect of Drug Use","6C69CCCD-390F-4F11-95D0-8C1631E37EA7","Pedestrian","Cross/Enter at Intersection","None (No Improper Action)","Intersection Marked Crosswalk","No","Possible Injury","None","39.05483341","-77.11595507","    (39.05483341, -77.11595507)"
"MCP3039006S","240007550","MONTGOMERY","Injury Crash","02/15/2024 06:51:00 PM","Maryland (State) Route",,"BELVEDERE PL",,,"Cyclist (non-electric)","Single Vehicle","Clear","Dry","Dark - Not Lighted","No Controls","Not Suspect of Alcohol Use, Not Suspect of Drug Use","Not Suspect of Alcohol Use, Not Suspect of Drug Use","1661DDBE-F6C9-4CDC-98B0-C52729762C27","Cyclist (non-electric)","Walking/Cycling Along Roadway With Traffic (In or Adjacent to Travel Lane)","None (No Improper Action)","Travel Lane Other Location","No","Possible Injury","Helmet, Reflective Wear (backpack, triangles, etc.)","39.01542819","-77.04747522","    (39.01542819, -77.04747522)"
"MCP2445005H","240007274","MONTGOMERY","Injury Crash","02/14/2024 08:24:00 AM",,,,"Parking Lot Way        PARKING LOT OF 20910 FREDERICK RD, GERMANTOWN, MD",,"Pedestrian","Single Vehicle","Clear",,"Daylight",,"Not Suspect of Alcohol Use, Not Suspect of Drug Use","Not Suspect of Alcohol Use, Not Suspect of Drug Use","90D1D99E-119D-44E2-B64C-039E76A78A57","Pedestrian","Cross/Enter at Intersection","None (No Improper Action)","Intersection Marked Crosswalk","No","Suspected Minor Injury","None","39.19862631","-77.25173547","    (39.19862631, -77.25173547)"
"MCP20010026","240007244","MONTGOMERY","Fatal Crash","02/13/2024 08:04:00 PM","Maryland (State) Route","METRORAIL TRACK B1 RAIL",,,,"Pedestrian","Single Vehicle","Clear","Dry","Dark - Not Lighted","No Controls","Not Suspect of Alcohol Use, Not Suspect of Drug Use","Not Suspect of Alcohol Use, Suspect of Drug Use","64B58DB3-8B0C-417C-99FF-3FF6A7048980","Pedestrian","Standing","In Roadway Improperly (Standing, Lying, Working, Playing), Not Visible (Dark Clothing, No Lighting, etc.)","Travel Lane Other Location","Yes","Fatal Injury","None","39.01069829","-77.04096076","    (39.01069829, -77.04096076)"
"DD5633008M","240007186","ROCKVILLE","Property Damage Crash","02/13/2024 03:30:00 PM",,,,"Parking Lot Way        PARKING LOT 451 HUNGERFORD DRIVE.",,"Wheelchair (electric)","Single Vehicle","Clear",,"Daylight",,"Not Suspect of Alcohol Use, Not Suspect of Drug Use","Not Suspect of Alcohol Use, Not Suspect of Drug Use","BD3B5C72-D3BD-4A33-B90F-7B6A91A59B59","Wheelchair (electric)","Walking/Cycling Along Roadway With Traffic (In or Adjacent to Travel Lane)","In Roadway Improperly (Standing, Lying, Working, Playing)","NonTrafficway Area","Yes","No Apparent Injury","None","39.08983882","-77.15176414","    (39.08983882, -77.15176414)"
"EJ7894003W","240007132","GAITHERSBURG","Injury Crash","02/13/2024 10:45:00 AM","Local Route","ELLINGTON BLVD",,,,"Pedestrian","Single Vehicle","Rain","Wet","Daylight","No Controls","Not Suspect of Alcohol Use, Not Suspect of Drug Use","Not Suspect of Alcohol Use, Not Suspect of Drug Use","2BDC1453-F132-4293-B753-B99E0E440607","Pedestrian","Cross/Enter Not at Intersection","None (No Improper Action)","Other","No","Possible Injury","None","39.11489385","-77.20476717","    (39.11489385, -77.20476717)"
"MCP3111007W","240007142","MONTGOMERY","Injury Crash","02/13/2024 09:15:00 AM","County Route","PEARL ST","EAST WEST HWY (WB/L)",,,"Pedestrian","Single Vehicle","Snow","Slush","Daylight","Traffic Control Signal","Not Suspect of Alcohol Use, Not Suspect of Drug Use","Not Suspect of Alcohol Use, Not Suspect of Drug Use","7CF881FA-2FB0-4F09-8BBD-17A2A3F819C7","Pedestrian","Cross/Enter at Intersection","None (No Improper Action)","Intersection Marked Crosswalk","No","Possible Injury","None","38.98499677","-77.09115335","    (38.98499677, -77.09115335)"
"MCP3238002Y","240007101","MONTGOMERY","Injury Crash","02/13/2024 06:42:00 AM","Local Route","WMATA ENT","COLESVILLE RD",,,"Pedestrian","Single Vehicle","Rain","Wet","Daylight","Pedestrian Crossing Sign","Not Suspect of Alcohol Use, Not Suspect of Drug Use","Not Suspect of Alcohol Use, Not Suspect of Drug Use","601834F4-A4DA-4ECE-8448-44068B1FD1FD","Pedestrian","Cross/Enter at Intersection","None (No Improper Action)","Intersection Marked Crosswalk","No","Suspected Serious Injury","None","38.99420124","-77.03096797","    (38.99420124, -77.03096797)"
"MCP3329002F","240007076","MONTGOMERY","Injury Crash","02/12/2024 08:36:00 PM","County Route","MUSGROVE RD",,,,"Pedestrian","Single Vehicle","Rain","Wet","Dark - Lighted","Lane Use Control Signal","Not Suspect of Alcohol Use, Not Suspect of Drug Use","Not Suspect of Alcohol Use, Not Suspect of Drug Use","A9ACF596-232B-4A7A-9037-26AC95ADD3B6","Pedestrian","Unknown","Unknown","Intersection Marked Crosswalk","No","Suspected Minor Injury","None","39.06768364","-76.95952942","    (39.06768364, -76.95952942)"
"DM8498000X","240007070","TAKOMA","Injury Crash","02/12/2024 07:33:00 PM","Maryland (State) Route","PHILADELPHIA AVE",,,,"Pedestrian","Single Vehicle","Rain","Wet","Dark - Lighted","No Controls","Not Suspect of Alcohol Use, Not Suspect of Drug Use","Not Suspect of Alcohol Use, Not Suspect of Drug Use","2A341FE1-30D2-4FD8-9C80-9E3BB3D79C1C","Pedestrian","Cross/Enter at Intersection","None (No Improper Action)","Intersection Marked Crosswalk","No","Suspected Minor Injury","None","38.98333776","-77.01572177","    (38.98333776, -77.01572177)"
"MCP3334002D","240007066","MONTGOMERY","Injury Crash","02/12/2024 07:33:00 PM",,,,"Parking Lot Way        8541 GEORGIA AVENUE PARKING LOT.",,"Pedestrian","Single Vehicle","Rain",,"Dark - Lighted","No Controls","Not Suspect of Alcohol Use, Not Suspect of Drug Use","Not Suspect of Alcohol Use, Not Suspect of Drug Use","4DA12B6A-747C-498C-A5E5-915CFE8EB9DC","Pedestrian","Walking/Cycling on Sidewalk","None (No Improper Action)","Other","No","Possible Injury","None","38.99614787","-77.02767684","    (38.99614787, -77.02767684)"
"MCP3225004M","240006567","MONTGOMERY","Injury Crash","02/09/2024 05:30:00 PM",,,,"Parking Stall        PARKING LOT OF 2201 RANDOLPH RD UNIT A, WHEATON, MD 20902",,"Occupant of Motor Vehicle Not in Transport","Front to Front","Clear",,"Dusk",,"Unknown, Unknown","Not Suspect of Alcohol Use, Not Suspect of Drug Use","52A4D7BF-E38A-4792-ACB8-D33B9B032A3C","Occupant of Motor Vehicle Not in Transport","Standing","None (No Improper Action)","Other","No","Suspected Minor Injury","None","39.05992043","-77.04762788","    (39.05992043, -77.04762788)"
"MCP27830057","240006558","MONTGOMERY","Injury Crash","02/09/2024 04:00:00 PM",,,,"Driveway        SIDEWALK IN FRONT OF 125 RANDOLPH ROAD",,"Scooter (electric)","Single Vehicle","Clear",,"Daylight","No Controls","Not Suspect of Alcohol Use, Not Suspect of Drug Use","Not Suspect of Alcohol Use, Not Suspect of Drug Use","832979EA-909A-420C-86FA-044BEE0AE73E","Scooter (electric)","Walking/Cycling on Sidewalk","Unknown","Sidewalk","No","Suspected Minor Injury","None","39.07218788","-77.01051342","    (39.07218788, -77.01051342)"
"MCP3229001Y","240006253","MONTGOMERY","Injury Crash","02/08/2024 06:11:00 AM","County Route","FRIENDSHIP BLVD",,,,"Scooter (electric)","Single Vehicle","Clear","Dry","Dark - Lighted","No Controls","Not Suspect of Alcohol Use, Not Suspect of Drug Use","Not Suspect of Alcohol Use, Not Suspect of Drug Use","D1404CC7-C67F-4281-A0A5-913480789725","Scooter (electric)","Other","None (No Improper Action)","Shoulder/Roadside","No","Suspected Minor Injury","None","38.96065304","-77.08796601","    (38.96065304, -77.08796601)"
"MCP3111007T","240006093","MONTGOMERY","Injury Crash","02/07/2024 09:30:00 AM","County Route","WOODMONT AVE","BETHESDA AVE",,,"Pedestrian","Single Vehicle","Clear","Dry","Daylight","Traffic Control Signal","Not Suspect of Alcohol Use, Not Suspect of Drug Use","Not Suspect of Alcohol Use, Not Suspect of Drug Use","A8131224-91A5-4E97-8DDC-4A5C6D1C88EC","Pedestrian","Cross/Enter at Intersection","Failure to Obey Traffic Signs, Signals, or Officer, Inattentive (Talking, Eating, etc.)","Intersection Marked Crosswalk","Yes","Suspected Minor Injury","None","38.98099904","-77.0953276","    (38.98099904, -77.0953276)"
"MCP22980154","240006066","MONTGOMERY","Injury Crash","02/07/2024 06:50:00 AM","County Route","ARLINGTON RD","BRADLEY BLVD",,,"Pedestrian","Single Vehicle","Clear","Dry","Daylight","Traffic Control Signal","Not Suspect of Alcohol Use, Not Suspect of Drug Use","Not Suspect of Alcohol Use, Not Suspect of Drug Use","1C31241A-BAB5-4FBE-8B91-7FDB97358021","Pedestrian","Cross/Enter at Intersection","Failure to Yield Right-Of-Way, Other","Intersection Unmarked Crosswalk","Yes","Suspected Serious Injury","None","38.97798609","-77.09864215","    (38.97798609, -77.09864215)"
"DD5668000S","240006008","ROCKVILLE","Injury Crash","02/06/2024 06:10:00 PM","Municipality Route",,,,,"Pedestrian","Front to Rear","Clear","Dry","Dark - Lighted","No Controls","Not Suspect of Alcohol Use, Not Suspect of Drug Use, Not Suspect of Alcohol Use, Not Suspect of Drug Use","Not Suspect of Alcohol Use, Not Suspect of Drug Use","B6F6C801-CDD9-47A4-8FA2-B32DE85A4097","Pedestrian","Standing","None (No Improper Action)","Sidewalk","No","Suspected Minor Injury","None","39.07846387","-77.11221092","    (39.07846387, -77.11221092)"
"MCP31610068","240005545","MONTGOMERY","Injury Crash","02/03/2024 08:38:00 PM","Maryland (State) Route","CONNECTICUT AVE",,,,"Pedestrian","Single Vehicle","Clear","Dry","Dark - Lighted","No Controls","Not Suspect of Alcohol Use, Not Suspect of Drug Use","Not Suspect of Alcohol Use, Not Suspect of Drug Use","9DAF3DE1-B4C7-4BFB-9717-3289D75E7DDD","Pedestrian","Standing","In Roadway Improperly (Standing, Lying, Working, Playing)","Travel Lane Other Location","No","Suspected Minor Injury","None","39.02926367","-77.075944","    (39.02926367, -77.075944)"
"MCP1519004P","240005474","MONTGOMERY","Injury Crash","02/03/2024 10:31:00 AM","Maryland (State) Route","GREAT SENECA HWY",,,,"Pedestrian","Single Vehicle","Clear","Dry","Daylight","Pedestrian Crossing Sign","Not Suspect of Alcohol Use, Not Suspect of Drug Use","Not Suspect of Alcohol Use, Not Suspect of Drug Use","4061AF81-2C71-499C-82E6-B96F6D026E68","Pedestrian","Cross/Enter at Intersection","Unknown","Intersection Marked Crosswalk","No","Suspected Serious Injury","None","39.14623737","-77.27467884","    (39.14623737, -77.27467884)"
"MCP3381000L","240005434","MONTGOMERY","Injury Crash","02/02/2024 11:41:00 PM","Municipality Route","W EDMONSTON DR","EDMONSTON DR EDMONSTON DR (SB/L)",,,"Cyclist (non-electric)","Single Vehicle","Clear","Dry","Dark - Lighted","Traffic Control Signal","Not Suspect of Alcohol Use, Not Suspect of Drug Use","Not Suspect of Alcohol Use, Not Suspect of Drug Use","3D15DE0F-D62D-4914-998D-71E4F782CC6C","Cyclist (non-electric)","Cross/Enter at Intersection","None (No Improper Action)","Intersection Marked Crosswalk","No","Suspected Minor Injury","None","39.07451754","-77.13566528","    (39.07451754, -77.13566528)"
"MCP3396000H","240005414","MONTGOMERY","Injury Crash","02/02/2024 08:32:00 PM","Maryland (State) Route","OLNEY SANDY SPRING RD (WB/L)",,,,"Pedestrian","Single Vehicle","Clear","Dry","Dark - Lighted","No Controls","Not Suspect of Alcohol Use, Not Suspect of Drug Use","Not Suspect of Alcohol Use, Unknown","57E4111C-834E-4B45-BDC1-346210B2F197","Pedestrian","Cross/Enter Not at Intersection","None (No Improper Action)","Travel Lane Other Location","Yes","Suspected Serious Injury","None","39.15296583","-77.0662905","    (39.15296583, -77.0662905)"
"MCP3145004Q","240005352","MONTGOMERY","Injury Crash","02/02/2024 02:45:00 PM","Maryland (State) Route","NEW HAMPSHIRE AVE (SB/L)",,,,"Pedestrian","Single Vehicle","Clear","Dry","Daylight","Traffic Control Signal","Not Suspect of Alcohol Use, Not Suspect of Drug Use","Suspect of Alcohol Use, Suspect of Drug Use","01777F13-C9D5-410D-AC88-C4049743D8D7","Pedestrian","Walking/Cycling on Sidewalk","In Roadway Improperly (Standing, Lying, Working, Playing)","Sidewalk","No","Suspected Minor Injury","None","39.0206038","-76.97690901","    (39.0206038, -76.97690901)"