"Report Number","Local Case Number","Agency Name","ACRS Report Type","Crash Date/Time","Route Type","Road Name","Cross-Street Name","Off-Road Description","Municipality","Related Non-Motorist","Collision Type","Weather","Surface Condition","Light","Traffic Control","Driver Substance Abuse","Non-Motorist Substance Abuse","Person ID","Pedestrian Type","Pedestrian Movement","Pedestrian Actions","Pedestrian Location","At Fault","Injury Severity","Safety Equipment","Latitude","Longitude","Location"
"MCP20450009","240005184","MONTGOMERY","Injury Crash","02/01/2024 11:50:00 AM","Local Route","QUINCE ORCHARD HS ENT",,,,"Pedestrian","Single Vehicle","Clear","Dry","Daylight","Person (including flagger, law enforcement, crossing guard, etc.","Not Suspect of Alcohol Use, Unknown","Not Suspect of Alcohol Use, Not Suspect of Drug Use","658F2CC5-71FA-46E3-A5EE-9F1462DB622F","Pedestrian","Standing","None (No Improper Action)","Driveway Access","No","Suspected Minor Injury","Other","39.11757882","-77.25384597","    (39.11757882, -77.25384597)"
"DD5649003N","240005047","ROCKVILLE","Injury Crash","01/31/2024 07:39:00 PM","Municipality Route","N STONESTREET AVE","PARK RD (WB/L)",,,"Pedestrian","Single Vehicle","Clear","Dry","Dark - Lighted","Flashing Traffic Control Signal","Not Suspect of Alcohol Use, Not Suspect of Drug Use","Not Suspect of Alcohol Use, Not Suspect of Drug Use","6FF0A241-CC2E-4FCB-AD48-B1264082C438","Pedestrian","Cross/Enter at Intersection","Failure to Yield Right-Of-Way","Intersection Other","No","Suspected Minor Injury","None","39.0855119","-77.1466818","    (39.0855119, -77.1466818)"
"DD5649003N","240005047","ROCKVILLE","Injury Crash","01/31/2024 07:39:00 PM","Municipality Route","N STONESTREET AVE","PARK RD (WB/L)",,,"Pedestrian","Single Vehicle","Clear","Dry","Dark - Lighted","Flashing Traffic Control Signal","Not Suspect of Alcohol Use, Not Suspect of Drug Use","Not Suspect of Alcohol Use, Not Suspect of Drug Use","8DD1D459-191D-4EBD-9EDE-18DD214523D4","Pedestrian","Cross/Enter at Intersection","Failure to Yield Right-Of-Way","Intersection Other","No","Suspected Minor Injury","None","39.0855119","-77.1466818","    (39.0855119, -77.1466818)"
"DM83860025","240004368","TAKOMA","Property Damage Crash","01/27/2024 08:30:00 PM","Municipality Route","GRANT AVE","MAPLE AVE",,,"Pedestrian","Single Vehicle","Clear","Dry","Dark - Lighted","No Controls","Not Suspect of Alcohol Use, Not Suspect of Drug Use","Not Suspect of Alcohol Use, Not Suspect of Drug Use","2BA099E2-FCF1-4858-9555-11A290D1B6F5","Pedestrian","Cross/Enter at Intersection","None (No Improper Action)","Intersection Marked Crosswalk","No","No Apparent Injury","None","38.98149561","-77.00943623","    (38.98149561, -77.00943623)"
"DD5658001V","240004325","ROCKVILLE","Injury Crash","01/27/2024 02:07:00 PM",,,,"Parking Lot Way        2009 CHAPMAN AVE/PARKING LOT",,"Pedestrian","Single Vehicle","Cloudy",,"Daylight",,"Unknown, Unknown","Not Suspect of Alcohol Use, Not Suspect of Drug Use","D5724F3F-21FB-42FF-89B2-BB8F5DC4DF1C","Pedestrian","None","Other","Sidewalk","No","Suspected Minor Injury","None","39.0585491","-77.1189759","    (39.0585491, -77.1189759)"
"MCP3030005V","240004178","MONTGOMERY","Injury Crash","01/26/2024 03:05:00 PM","Maryland (State) Route","RIVER RD","GOLDSBORO RD (SB/L)",,,"Cyclist (non-electric)","Single Vehicle","Clear","Dry","Daylight","Traffic Control Signal","Not Suspect of Alcohol Use, Not Suspect of Drug Use","Not Suspect of Alcohol Use, Not Suspect of Drug Use","1DA2342E-6494-4715-A290-B73C3BF00A88","Cyclist (non-electric)","Walking/Cycling Along Roadway With Traffic (In or Adjacent to Travel Lane)","None (No Improper Action)","Intersection Other","No","Suspected Serious Injury","Helmet","38.97303657","-77.12209734","    (38.97303657, -77.12209734)"
"MCP2771003B","240003512","MONTGOMERY","Injury Crash","01/26/2024 12:34:00 PM",,,,"Driveway        PARKING LOT OF GIANT AT AT 13781 CONNECTICUT AVENUE, SILVER SPRING, MD.",,"Pedestrian","Single Vehicle","Clear",,"Daylight",,"Not Suspect of Alcohol Use, Not Suspect of Drug Use","Not Suspect of Alcohol Use, Not Suspect of Drug Use","41F81C25-1C1D-4566-A527-8C3BF0BAD3B6","Pedestrian","Other","Other","Other","Yes","Possible Injury","None","39.07979336","-77.07961771","    (39.07979336, -77.07961771)"
"MCP3392000C","240004076","MONTGOMERY","Injury Crash","01/26/2024 08:17:00 AM","County Route","PARK VISTA DR","MASSANUTTEN DR",,,"Pedestrian","Single Vehicle","Cloudy","Wet","Daylight","Stop Sign","Not Suspect of Alcohol Use, Not Suspect of Drug Use","Not Suspect of Alcohol Use, Not Suspect of Drug Use","78672CB3-3FBA-4F46-809B-F86BF2530F1A","Pedestrian","Cross/Enter at Intersection","In Roadway Improperly (Standing, Lying, Working, Playing)","Intersection Unmarked Crosswalk","No","Possible Injury","None","39.10663583","-77.05214172","    (39.10663583, -77.05214172)"
"EJ77860002","240004121","GAITHERSBURG","Injury Crash","01/26/2024 07:54:00 AM",,,,"Parking Lot Way        PARKING LOT OF 101 EDUCATION BOULEVARD",,"Pedestrian","Single Vehicle","Clear",,"Daylight",,"Not Suspect of Alcohol Use, Not Suspect of Drug Use","Not Suspect of Alcohol Use, Not Suspect of Drug Use","37C028F4-DD04-471A-B99A-75962903766D","Pedestrian","Cross/Enter at Intersection","None (No Improper Action)","Intersection Marked Crosswalk","No","Possible Injury","None","39.13589548","-77.19316343","    (39.13589548, -77.19316343)"
"EJ77860002","240004121","GAITHERSBURG","Injury Crash","01/26/2024 07:54:00 AM",,,,"Parking Lot Way        PARKING LOT OF 101 EDUCATION BOULEVARD",,"Pedestrian","Single Vehicle","Clear",,"Daylight",,"Not Suspect of Alcohol Use, Not Suspect of Drug Use","Not Suspect of Alcohol Use, Not Suspect of Drug Use","A3BE14BE-F61F-4897-ADF7-A2DC465814A8","Pedestrian","Cross/Enter at Intersection","None (No Improper Action)","Intersection Marked Crosswalk","No","Possible Injury","None","39.13589548","-77.19316343","    (39.13589548, -77.19316343)"
"EJ77860002","240004121","GAITHERSBURG","Injury Crash","01/26/2024 07:54:00 AM",,,,"Parking Lot Way        PARKING LOT OF 101 EDUCATION BOULEVARD",,"Pedestrian","Single Vehicle","Clear",,"Daylight",,"Not Suspect of Alcohol Use, Not Suspect of Drug Use","Not Suspect of Alcohol Use, Not Suspect of Drug Use","AA34D698-BA15-4F06-9F6C-81DA1F679D84","Pedestrian","Cross/Enter at Intersection","None (No Improper Action)","Intersection Marked Crosswalk","Yes","Possible Injury","None","39.13589548","-77.19316343","    (39.13589548, -77.19316343)"
"MCP3111007R","240004060","MONTGOMERY","Injury Crash","01/26/2024 07:33:00 AM","County Route","ARLINGTON RD","EDGEMOOR LA",,,"Pedestrian","Single Vehicle","Cloudy","Wet","Dawn","Traffic Control Signal","Not Suspect of Alcohol Use, Not Suspect of Drug Use","Not Suspect of Alcohol Use, Not Suspect of Drug Use","1B4F44DB-CF17-4D3F-A705-03F6742F9FD2","Pedestrian","Cross/Enter at Intersection","None (No Improper Action)","Intersection Marked Crosswalk","No","Suspected Minor Injury","None","38.98465601","-77.09870588","    (38.98465601, -77.09870588)"
"MCP3111007R","240004060","MONTGOMERY","Injury Crash","01/26/2024 07:33:00 AM","County Route","ARLINGTON RD","EDGEMOOR LA",,,"Pedestrian","Single Vehicle","Cloudy","Wet","Dawn","Traffic Control Signal","Not Suspect of Alcohol Use, Not Suspect of Drug Use","Not Suspect of Alcohol Use, Not Suspect of Drug Use","83E8317F-CB3D-4A03-9AA8-B4AD6BEE1F8B","Pedestrian","Cross/Enter at Intersection","None (No Improper Action)","Intersection Marked Crosswalk","No","Possible Injury","None","38.98465601","-77.09870588","    (38.98465601, -77.09870588)"
"MCP3330001W","240004023","MONTGOMERY","Injury Crash","01/25/2024 09:27:00 PM","County Route","ASPEN HILL RD","IRIS ST",,,"Pedestrian","Single Vehicle","Rain","Wet","Dark - Not Lighted","No Controls","Not Suspect of Alcohol Use, Not Suspect of Drug Use, Not Suspect of Alcohol Use, Not Suspect of Drug Use","Suspect of Alcohol Use, Unknown","FEBFC173-B900-4490-9513-2EDA45128A18","Pedestrian","Cross/Enter Not at Intersection","In Roadway Improperly (Standing, Lying, Working, Playing), Inattentive (Talking, Eating, etc.), Not Visible (Dark Clothing, No Lighting, etc.), Other, Wrong-Way Riding or Walking","Travel Lane Other Location","Yes","Suspected Minor Injury","None","39.0753445","-77.09380633","    (39.0753445, -77.09380633)"
"MCP3050005L","240003997","MONTGOMERY","Injury Crash","01/25/2024 06:44:00 PM","County Route","RIPPLING BROOK DR",,,,"Pedestrian","Single Vehicle","Rain","Wet","Dark - Not Lighted","Stop Sign","Not Suspect of Alcohol Use, Not Suspect of Drug Use","Not Suspect of Alcohol Use, Not Suspect of Drug Use","EF9F526A-6F23-4F33-9377-50A0E74A0E23","Pedestrian","Cross/Enter at Intersection","Not Visible (Dark Clothing, No Lighting, etc.)","Intersection Marked Crosswalk","No","Possible Injury","None","39.09014707","-77.05357651","    (39.09014707, -77.05357651)"
"MCP2678004L","240003850","MONTGOMERY","Injury Crash","01/25/2024 06:21:00 AM","County Route","REEDIE DR","GEORGIA AVE (SB/L)",,,"Pedestrian","Single Vehicle","Rain","Wet","Dark - Lighted","Pedestrian Crossing Sign","Not Suspect of Alcohol Use, Not Suspect of Drug Use","Not Suspect of Alcohol Use, Not Suspect of Drug Use","DDEC71A5-7E60-4C0D-9AA6-C9FCD6CB9634","Pedestrian","Cross/Enter at Intersection","None (No Improper Action)","Intersection Marked Crosswalk","No","Suspected Serious Injury","None","39.03861435","-77.05094","    (39.03861435, -77.05094)"
"MCP32300054","240003813","MONTGOMERY","Injury Crash","01/24/2024 08:40:00 PM","County Route","RANDOLPH RD (WB/L)","VEIRS MILL RD (WB/L)",,,"Pedestrian","Single Vehicle","Cloudy","Wet","Dark - Lighted","Traffic Control Signal","Not Suspect of Alcohol Use, Not Suspect of Drug Use","Not Suspect of Alcohol Use, Not Suspect of Drug Use","758D70AE-B512-4B36-B3E6-CD24D5BAF629","Pedestrian","Cross/Enter at Intersection","None (No Improper Action)","Intersection Marked Crosswalk","No","Suspected Minor Injury","None","39.05627232","-77.08254668","    (39.05627232, -77.08254668)"
"MCP2726008M","240003654","MONTGOMERY","Injury Crash","01/24/2024 06:25:00 AM","County Route","CRABBS BRANCH WAY",,,,"Pedestrian","Single Vehicle","Rain","Wet","Dark - Lighted","No Controls","Not Suspect of Alcohol Use, Not Suspect of Drug Use","Not Suspect of Alcohol Use, Not Suspect of Drug Use","68887B60-20AE-44C2-AFF6-D332C50BEB89","Pedestrian","Cross/Enter at Intersection","None (No Improper Action)","Median/Crossing Island","No","Suspected Minor Injury","None","39.11931225","-77.15678466","    (39.11931225, -77.15678466)"
"MCP3394000B","240003543","MONTGOMERY","Injury Crash","01/23/2024 02:47:00 PM","Maryland (State) Route","WISCONSIN AVE (SB/L)","WILLARD AVE",,,"Pedestrian","Single Vehicle","Clear","Dry","Daylight","Traffic Control Signal","Not Suspect of Alcohol Use, Not Suspect of Drug Use","Not Suspect of Alcohol Use, Not Suspect of Drug Use","27F44D8D-A31F-4D74-A1D3-A1582F2EF634","Pedestrian","Cross/Enter at Intersection","Unknown","Intersection Marked Crosswalk","No","Suspected Minor Injury","Unknown","38.96178017","-77.08618317","    (38.96178017, -77.08618317)"
"MCP28810064","240003452","MONTGOMERY","Injury Crash","01/23/2024 07:00:00 AM","County Route","BRANDERMILL DR",,,,"Pedestrian","Single Vehicle","Clear","Dry","Dawn","No Controls","Not Suspect of Alcohol Use, Not Suspect of Drug Use","Not Suspect of Alcohol Use, Not Suspect of Drug Use","3618F4EF-75AB-49D3-AD8E-4C7217333F4B","Pedestrian","Getting Off/On Vehicle","None (No Improper Action)","Shoulder/Roadside","No","Possible Injury","None","39.18448333","-77.23691167","    (39.18448333, -77.23691167)"
"MCP3402000B","240003404","MONTGOMERY","Injury Crash","01/22/2024 06:54:00 PM","US (State)","COLUMBIA PIKE",,,,"Pedestrian","Single Vehicle","Clear","Dry","Dark - Lighted","Stop Sign","Not Suspect of Alcohol Use, Not Suspect of Drug Use","Not Suspect of Alcohol Use, Not Suspect of Drug Use","4A9DC317-29B3-4B06-B44A-6B592F107D9D","Pedestrian","Walking/Cycling on Sidewalk","None (No Improper Action)","Sidewalk","No","Suspected Minor Injury","None","39.03182903","-77.00405563","    (39.03182903, -77.00405563)"
"DD559500FM","240003113","ROCKVILLE","Injury Crash","01/20/2024 04:40:00 PM",,,,"Private Road        DRIVE LANE FOR THE FLAGSHIP CAR WASH LOCATED AT 2100 CHAPMAN AVE",,"Pedestrian","Single Vehicle","Clear",,"Daylight",,,"Not Suspect of Alcohol Use, Not Suspect of Drug Use","CFF3E07A-8AED-49B6-A585-91406B11A4BD","Pedestrian","Other","Other","Driveway Access","Yes","Suspected Minor Injury","None","39.05784781","-77.11721447","    (39.05784781, -77.11721447)"
"MCP32080053","240002912","MONTGOMERY","Injury Crash","01/18/2024 10:30:00 PM","US (State)","COLUMBIA PIKE (SB/L)",,,,"Occupant of Motor Vehicle Not in Transport","Sideswipe, Same Direction","Clear","Dry","Dark - Lighted","No Controls","Not Suspect of Alcohol Use, Not Suspect of Drug Use","Not Suspect of Alcohol Use, Not Suspect of Drug Use","08B706A9-91D3-4EE6-A008-26F077E529EC","Occupant of Motor Vehicle Not in Transport","Push/Work on Vehicle","None (No Improper Action)","Shoulder/Roadside","No","Suspected Minor Injury","None","39.12681134","-76.92309001","    (39.12681134, -76.92309001)"
"MCP32080053","240002912","MONTGOMERY","Injury Crash","01/18/2024 10:30:00 PM","US (State)","COLUMBIA PIKE (SB/L)",,,,"Occupant of Motor Vehicle Not in Transport","Sideswipe, Same Direction","Clear","Dry","Dark - Lighted","No Controls","Not Suspect of Alcohol Use, Not Suspect of Drug Use","Not Suspect of Alcohol Use, Not Suspect of Drug Use","320D5D62-4997-4E87-A25F-C5B8112C2170","Occupant of Motor Vehicle Not in Transport","Other Working","None (No Improper Action)","Shoulder/Roadside","No","Suspected Minor Injury","None","39.12681134","-76.92309001","    (39.12681134, -76.92309001)"
"MCP28810063","240002647","MONTGOMERY","Injury Crash","01/17/2024 01:14:00 PM",,,,"Parking Lot Way        21030 FREDERICK RD",,"Pedestrian","Single Vehicle","Clear",,"Daylight","No Controls","Not Suspect of Alcohol Use, Not Suspect of Drug Use","Not Suspect of Alcohol Use, Not Suspect of Drug Use","A344EA51-4041-4809-B4F3-1800C376A943","Pedestrian","Standing","None (No Improper Action)","NonTrafficway Area","No","Suspected Minor Injury","None","39.20158825","-77.24670089","    (39.20158825, -77.24670089)"
"MCP28810063","240002647","MONTGOMERY","Injury Crash","01/17/2024 01:14:00 PM",,,,"Parking Lot Way        21030 FREDERICK RD",,"Pedestrian","Single Vehicle","Clear",,"Daylight","No Controls","Not Suspect of Alcohol Use, Not Suspect of Drug Use","Not Suspect of Alcohol Use, Not Suspect of Drug Use","F81E50B5-A6A7-441B-95F6-6D2112DBAE56","Pedestrian","Standing","None (No Improper Action)","NonTrafficway Area","No","Suspected Minor Injury","None","39.20158825","-77.24670089","    (39.20158825, -77.24670089)"
"MCP28810063","240002647","MONTGOMERY","Injury Crash","01/17/2024 01:14:00 PM",,,,"Parking Lot Way        21030 FREDERICK RD",,"Pedestrian","Single Vehicle","Clear",,"Daylight","No Controls","Not Suspect of Alcohol Use, Not Suspect of Drug Use","Not Suspect of Alcohol Use, Not Suspect of Drug Use","C84278EA-41ED-4EAB-A2D2-ED4C8B3DECDC","Pedestrian","Standing","None (No Improper Action)","NonTrafficway Area","No","Suspected Minor Injury","None","39.20158825","-77.24670089","    (39.20158825, -77.24670089)"
"MCP9365002C","240002606","MONTGOMERY","Injury Crash","01/17/2024 09:20:00 AM","County Route","PLUM ORCHARD DR","CHERRY HILL RD CLOVER PATCH DR",,,"Pedestrian","Single Vehicle","Clear","Snow","Daylight","Traffic Control Signal","Unknown, Unknown","Suspect of Alcohol Use, Unknown","52E679A1-60E8-431B-B162-663E71F95B09","Pedestrian","Cross/Enter at Intersection","Unknown","Unknown","No","Possible Injury","None","39.05261194","-76.953173","    (39.05261194, -76.953173)"
"EJ78520096","240002271","GAITHERSBURG","Injury Crash","01/14/2024 06:46:00 PM","Private Route",,,,,"Pedestrian","Single Vehicle","Clear","Dry","Dark - Lighted","Pedestrian Crossing","Not Suspect of Alcohol Use, Not Suspect of Drug Use","Not Suspect of Alcohol Use, Not Suspect of Drug Use","71CE3F57-24C9-4B3F-BBBD-E499A0917D63","Pedestrian","Cross/Enter at Intersection","Dart/Dash, Failure to Obey Traffic Signs, Signals, or Officer, Inattentive (Talking, Eating, etc.), Not Visible (Dark Clothing, No Lighting, etc.)","Intersection Marked Crosswalk","Yes","Suspected Minor Injury","None","39.13670597","-77.2057709","    (39.13670597, -77.2057709)"
"MCP235800C5","240002228","MONTGOMERY","Property Damage Crash","01/14/2024 12:01:00 PM",,,,"Parking Stall        WHOLE FOODS BUILDING 5269 RIVER ROAD BETHESDA, MD",,"Unknown Type Of Non-Motorist","Single Vehicle","Clear",,"Daylight",,"Not Suspect of Alcohol Use, Not Suspect of Drug Use","Not Suspect of Alcohol Use, Not Suspect of Drug Use","FCF70680-A2D0-407F-9338-19EDD12ADCEB","Unknown Type Of Non-Motorist","Other","None (No Improper Action), Other","Other","No","No Apparent Injury","None","38.9657486","-77.104895","    (38.9657486, -77.104895)"
"MCP235800C5","240002228","MONTGOMERY","Property Damage Crash","01/14/2024 12:01:00 PM",,,,"Parking Stall        WHOLE FOODS BUILDING 5269 RIVER ROAD BETHESDA, MD",,"Unknown Type Of Non-Motorist","Single Vehicle","Clear",,"Daylight",,"Not Suspect of Alcohol Use, Not Suspect of Drug Use","Not Suspect of Alcohol Use, Not Suspect of Drug Use","9C6245C6-602E-450C-B543-F661FFD58365","Unknown Type Of Non-Motorist","Other","None (No Improper Action), Other","Other","No","No Apparent Injury","None","38.9657486","-77.104895","    (38.9657486, -77.104895)"
"MCP235800C5","240002228","MONTGOMERY","Property Damage Crash","01/14/2024 12:01:00 PM",,,,"Parking Stall        WHOLE FOODS BUILDING 5269 RIVER ROAD BETHESDA, MD",,"Unknown Type Of Non-Motorist","Single Vehicle","Clear",,"Daylight",,"Not Suspect of Alcohol Use, Not Suspect of Drug Use","Not Suspect of Alcohol Use, Not Suspect of Drug Use","CA3F48E3-0229-40BF-BC7A-B8593EE58840","Unknown Type Of Non-Motorist","Other","None (No Improper Action), Other","Other","No","No Apparent Injury","None","38.9657486","-77.104895","    (38.9657486, -77.104895)"
"EJ7870006P","240002018","GAITHERSBURG","Injury Crash","01/12/2024 09:50:00 PM",,,,"Parking Lot Way        PARKING LOT OF YARD HOUSE, 211 RIO BLVD",,"Pedestrian","Single Vehicle","Rain",,"Dark - Lighted",,"Not Suspect of Alcohol Use, Not Suspect of Drug Use","Not Suspect of Alcohol Use, Not Suspect of Drug Use","28FF7463-A7AE-4BF2-BF5E-56A6D47DFBB8","Pedestrian","Other","Not Visible (Dark Clothing, No Lighting, etc.)","Other","No","Suspected Minor Injury","None","39.11708795","-77.20066521","    (39.11708795, -77.20066521)"
"EJ7876006S","240002011","GAITHERSBURG","Injury Crash","01/12/2024 08:40:00 PM","Municipality Route","PHILMONT DR",,,,"Pedestrian","Single Vehicle","Rain","Wet","Dark - Lighted","No Controls","Not Suspect of Alcohol Use, Not Suspect of Drug Use","Not Suspect of Alcohol Use, Not Suspect of Drug Use","764D4077-B476-41F8-A862-58516BBB54DA","Pedestrian","Other","Inattentive (Talking, Eating, etc.), Other","Driveway Access","No","Possible Injury","None","39.1237536","-77.21372062","    (39.1237536, -77.21372062)"
"MCP1233005H","240001994","MONTGOMERY","Injury Crash","01/12/2024 06:00:00 PM","Maryland (State) Route","CONNECTICUT AVE",,,,"Pedestrian","Single Vehicle","Cloudy","Dry","Dark - Not Lighted","Traffic Control Signal","Not Suspect of Alcohol Use, Not Suspect of Drug Use","Not Suspect of Alcohol Use, Not Suspect of Drug Use","8CB856A9-846F-4C97-9629-12F114D22CAB","Pedestrian","Cross/Enter Not at Intersection","None (No Improper Action)","Midblock Marked Crosswalk","Yes","Possible Injury","None","39.02959455","-77.07579703","    (39.02959455, -77.07579703)"
"MCP3232004L","240001987","MONTGOMERY","Injury Crash","01/12/2024 05:41:00 PM",,,,"Parking Aisle        13490 NEW HAMPSHIRE AVE SILVER SPRING MD 20904",,"Pedestrian","Single Vehicle","Clear",,"Dark - Lighted",,"Not Suspect of Alcohol Use, Not Suspect of Drug Use","Not Suspect of Alcohol Use, Not Suspect of Drug Use","86F6D8E4-43C1-445D-AC38-2722AE0F18B7","Pedestrian","Other","Unknown","Other","No","Suspected Minor Injury","None","39.07701012","-77.00368684","    (39.07701012, -77.00368684)"
"MCP9365002B","240001656","MONTGOMERY","Injury Crash","01/11/2024 06:40:00 AM","County Route","ASTON MANOR DR","GATESHEAD MANOR WAY",,,"Pedestrian","Single Vehicle","Clear","Dry","Dawn","No Controls","Not Suspect of Alcohol Use, Not Suspect of Drug Use","Not Suspect of Alcohol Use, Not Suspect of Drug Use","DD7030F7-ADC5-440F-89ED-F7DA403576E9","Pedestrian","Cross/Enter at Intersection","None (No Improper Action)","Intersection Marked Crosswalk","No","Possible Injury","None","39.07887473","-76.93770202","    (39.07887473, -76.93770202)"
"MCP27710038","240001460","MONTGOMERY","Injury Crash","01/10/2024 08:53:00 AM","County Route","BUSHEY DR",,,,"Pedestrian","Single Vehicle","Cloudy","Wet","Daylight","No Controls","Not Suspect of Alcohol Use, Not Suspect of Drug Use","Not Suspect of Alcohol Use, Not Suspect of Drug Use","3D26854D-8B50-406E-8B2F-C5C2A90A3319","Pedestrian","Walking/Cycling Along Roadway Against Traffic (In or Adjacent to Travel Lane)","In Roadway Improperly (Standing, Lying, Working, Playing)","Travel Lane Other Location","Yes","Possible Injury","None","39.0592475","-77.07731033","    (39.0592475, -77.07731033)"
"MCP3403000H","240001405","MONTGOMERY","Injury Crash","01/09/2024 07:23:00 PM",,,,"Parking Lot Way        PARKING LOT AT 12024 CHERRY HILL RD, SILVER SPRING, MD 20904",,"Pedestrian","Single Vehicle","Rain",,"Dark - Lighted",,"Not Suspect of Alcohol Use, Not Suspect of Drug Use","Not Suspect of Alcohol Use, Not Suspect of Drug Use","D6DE279C-7C65-48B6-AAA2-C2160050A7E0","Pedestrian","Walking/Cycling Along Roadway Against Traffic (In or Adjacent to Travel Lane)","None (No Improper Action)","Other","No","Suspected Minor Injury","None","39.0538487","-76.95644071","    (39.0538487, -76.95644071)"
"MCP3362002L","240001364","MONTGOMERY","Injury Crash","01/09/2024 02:13:00 PM","Maryland (State) Route","NEW HAMPSHIRE AVE",,,,"Pedestrian","Single Vehicle","Rain","Wet","Daylight","Traffic Control Signal","Not Suspect of Alcohol Use, Not Suspect of Drug Use","Not Suspect of Alcohol Use, Not Suspect of Drug Use","D3DD1239-0E31-4D8E-835B-9C1083E4C640","Pedestrian","Cross/Enter at Intersection","None (No Improper Action)","Intersection Marked Crosswalk","No","Suspected Minor Injury","None","39.01556667","-76.97754667","    (39.01556667, -76.97754667)"
"DM8500001B","240001357","TAKOMA","Property Damage Crash","01/09/2024 01:53:00 PM",,,,"Parking Lot Way        HAMPSHIRE LANGLEY SHOPPING CENTER",,"Pedestrian","Unknown","Rain",,"Daylight",,"Unknown, Unknown","Not Suspect of Alcohol Use, Not Suspect of Drug Use","9BEFB118-919C-495F-A96F-D718A7CBA7A8","Pedestrian","Cross/Enter Not at Intersection","Other","Intersection Unmarked Crosswalk","No","No Apparent Injury","None","38.98911349","-76.9894316","    (38.98911349, -76.9894316)"
"MCP2399007R","240001045","MONTGOMERY","Injury Crash","01/07/2024 05:54:00 PM","County Route","MONTGOMERY VILLAGE AVE","HOB HILL WAY",,,"Pedestrian","Single Vehicle","Clear","Dry","Unknown","Traffic Control Signal","Not Suspect of Alcohol Use, Not Suspect of Drug Use","Not Suspect of Alcohol Use, Not Suspect of Drug Use","77E3E5D3-2C74-44F0-98F0-9223453A2D8D","Pedestrian","Cross/Enter at Intersection","None (No Improper Action)","Intersection Marked Crosswalk","No","Possible Injury","None","39.18676841","-77.19823307","    (39.18676841, -77.19823307)"
"MCP3044006Z","240001036","MONTGOMERY","Injury Crash","01/07/2024 04:46:00 PM",,,,"Parking Lot Way        PARKING LOT NEAR 13813 OUTLET DRIVE",,"Pedestrian","Unknown","Clear",,"Other",,"Not Suspect of Alcohol Use, Not Suspect of Drug Use","Not Suspect of Alcohol Use, Not Suspect of Drug Use","1691E58A-9F00-472C-B1BE-9DABA7B644C2","Pedestrian","Cross/Enter Not at Intersection","Failure to Yield Right-Of-Way","Travel Lane Other Location","No","Suspected Minor Injury","None","39.08215477","-76.94603117","    (39.08215477, -76.94603117)"
"MCP291700CY","240001010","MONTGOMERY","Injury Crash","01/07/2024 01:30:00 PM","County Route","NEWPORT MILL RD","DAWSON AVE",,,"Other Pedestrian (person in a building, skater, personal conveyance, etc.)","Unknown","Clear","Dry","Daylight","Traffic Control Signal","Not Suspect of Alcohol Use, Not Suspect of Drug Use","Not Suspect of Alcohol Use, Not Suspect of Drug Use","47D609AE-149E-4148-A75D-CE8B8F961450","Other Pedestrian (person in a building, skater, personal conveyance, etc.)","Cross/Enter Not at Intersection","Failure to Yield Right-Of-Way","Travel Lane Other Location","Yes","Suspected Minor Injury","None","39.0454076","-77.06449126","    (39.0454076, -77.06449126)"