"Report Number","Local Case Number","Agency Name","ACRS Report Type","Crash Date/Time","Route Type","Road Name","Cross-Street Name","Off-Road Description","Municipality","Related Non-Motorist","Collision Type","Weather","Surface Condition","Light","Traffic Control","Driver Substance Abuse","Non-Motorist Substance Abuse","Person ID","Pedestrian Type","Pedestrian Movement","Pedestrian Actions","Pedestrian Location","At Fault","Injury Severity","Safety Equipment","Latitude","Longitude","Location"
"MCP292300BJ","240001297","MONTGOMERY","Injury Crash","01/06/2024 08:38:00 PM","County Route","ENNALLS AVE","GEORGIA AVE",,,"Pedestrian","Unknown","Unknown","Dry","Dark - Lighted","No Controls","Unknown, Unknown","Not Suspect of Alcohol Use, Not Suspect of Drug Use","5A476442-49B4-4F7B-BB4F-ABA499E1BE40","Pedestrian","Walking/Cycling Along Roadway Against Traffic (In or Adjacent to Travel Lane)","None (No Improper Action)","Driveway Access","No","Suspected Serious Injury","None","39.04102996","-77.05147426","    (39.04102996, -77.05147426)"
"MCP3038006S","240000932","MONTGOMERY","Injury Crash","01/06/2024 06:09:00 PM","Maryland (State) Route","16TH ST (SB/L)","EAST WEST HWY (WB/L)",,,"Pedestrian","Single Vehicle","Rain","Wet","Dark - Lighted","Traffic Control Signal","Unknown, Unknown","Not Suspect of Alcohol Use, Not Suspect of Drug Use","EEF0E3B8-DE39-422B-B42E-1727CE3F40ED","Pedestrian","Cross/Enter at Intersection","None (No Improper Action)","Intersection Marked Crosswalk","No","Suspected Minor Injury","None","38.99460669","-77.03640286","    (38.99460669, -77.03640286)"
"DD5660000Z","240000929","ROCKVILLE","Injury Crash","01/06/2024 05:56:00 PM","Maryland (State) Route","W JEFFERSON ST","S WASHINGTON ST",,,"Pedestrian","Single Vehicle","Rain","Wet","Daylight","Traffic Control Signal","Not Suspect of Alcohol Use, Not Suspect of Drug Use","Not Suspect of Alcohol Use, Not Suspect of Drug Use","D64EAB2D-CFA5-449A-A8DE-4EFD5F484FF7","Pedestrian","Cross/Enter at Intersection","None (No Improper Action)","Intersection Marked Crosswalk","No","Possible Injury","None","39.08319471","-77.15277299","    (39.08319471, -77.15277299)"
"MCP31610065","240000920","MONTGOMERY","Injury Crash","01/06/2024 04:23:00 PM","County Route","HAMPDEN LA","WOODMONT AVE",,,"Pedestrian","Single Vehicle","Rain","Wet","Daylight","Traffic Control Signal","Not Suspect of Alcohol Use, Not Suspect of Drug Use","Not Suspect of Alcohol Use, Not Suspect of Drug Use","CE8BA4A0-F322-435F-A8F8-7ADF522B0165","Pedestrian","Cross/Enter at Intersection","None (No Improper Action)","Intersection Marked Crosswalk","No","Suspected Minor Injury","None","38.98271344","-77.09614773","    (38.98271344, -77.09614773)"
"MCP2871009G","240000908","MONTGOMERY","Property Damage Crash","01/06/2024 03:09:00 PM","Maryland (State) Route","ROCKVILLE PIKE",,,,"Pedestrian","Single Vehicle","Freezing Rain Or Freezing Drizzle","Wet","Daylight","Traffic Control Signal","Not Suspect of Alcohol Use, Not Suspect of Drug Use","Not Suspect of Alcohol Use, Not Suspect of Drug Use","5AAE8430-832D-4C5A-BC90-A37925211455","Pedestrian","Cross/Enter at Intersection","None (No Improper Action)","Intersection Marked Crosswalk","No","No Apparent Injury","None","39.04718005","-77.11280141","    (39.04718005, -77.11280141)"
"EJ78650068","240000846","GAITHERSBURG","Property Damage Crash","01/06/2024 01:06:00 AM","Other Public Roadway","CENTER POINT WAY","CENTER POINT WAY MARKET ST E",,,"Scooter (electric)","Single Vehicle","Clear","Dry","Dark - Lighted","No Controls","Unknown, Unknown","Not Suspect of Alcohol Use, Not Suspect of Drug Use","6F12427D-8AF5-4DC2-8671-636807A99AB0","Scooter (electric)","Cross/Enter at Intersection","None (No Improper Action)","Intersection Other","No","No Apparent Injury","None","39.12187321","-77.23458649","    (39.12187321, -77.23458649)"
"EJ78650068","240000846","GAITHERSBURG","Property Damage Crash","01/06/2024 01:06:00 AM","Other Public Roadway","CENTER POINT WAY","CENTER POINT WAY MARKET ST E",,,"Scooter (electric)","Single Vehicle","Clear","Dry","Dark - Lighted","No Controls","Unknown, Unknown","Not Suspect of Alcohol Use, Not Suspect of Drug Use","5A1514FE-48AF-4D00-BB32-8DDEFFBCE791","Scooter (electric)","Cross/Enter at Intersection","None (No Improper Action)","Intersection Other","No","No Apparent Injury","None","39.12187321","-77.23458649","    (39.12187321, -77.23458649)"
"MCP3360001H","240000673","MONTGOMERY","Injury Crash","01/04/2024 01:20:00 PM",,,,"Parking Lot Way        IN THE PARKING LOT OF (WALMART) - 20910 FREDERICK ROAD, GERMANTOWN MD 20876",,"Pedestrian","Single Vehicle","Clear",,"Daylight",,"Unknown, Unknown","Not Suspect of Alcohol Use, Not Suspect of Drug Use","4035B48A-62DF-4070-A007-C2D7D5DA4C63","Pedestrian","Other","None (No Improper Action)","Driveway Access","No","Suspected Minor Injury","None","39.19833361","-77.25116728","    (39.19833361, -77.25116728)"
"MCP3245004Z","240000476","MONTGOMERY","Injury Crash","01/03/2024 06:51:00 PM","County Route","MUNCASTER RD",,,,"Pedestrian","Single Vehicle","Clear","Dry","Dark - Lighted","No Controls","Not Suspect of Alcohol Use, Not Suspect of Drug Use","Not Suspect of Alcohol Use, Not Suspect of Drug Use","36E17A81-FF7D-4FA4-970E-D03240EE1E37","Pedestrian","Walking/Cycling Along Roadway With Traffic (In or Adjacent to Travel Lane)","In Roadway Improperly (Standing, Lying, Working, Playing), Not Visible (Dark Clothing, No Lighting, etc.)","Travel Lane Other Location","Yes","Suspected Serious Injury","None","39.15561847","-77.13066812","    (39.15561847, -77.13066812)"
"MCP20770057","240000467","MONTGOMERY","Injury Crash","01/03/2024 06:14:00 PM","County Route","HENDERSON AVE","GEORGIA AVE (SB/L)",,,"Pedestrian","Single Vehicle","Clear","Dry","Dark - Lighted","Pedestrian Crossing","Unknown, Unknown","Not Suspect of Alcohol Use, Not Suspect of Drug Use","0DB54F6A-9419-4BC1-9F5C-257B1139D811","Pedestrian","Cross/Enter at Intersection","None (No Improper Action)","Intersection Marked Crosswalk","No","Suspected Serious Injury","None","39.05070153","-77.05166649","    (39.05070153, -77.05166649)"
"MCP3289002X","240000242","MONTGOMERY","Injury Crash","01/02/2024 03:03:00 PM","US (State)",,"BLAIR RD EASTERN AVE",,,"Scooter (electric)","Single Vehicle","Clear","Dry","Daylight","Pedestrian Crossing Sign","Not Suspect of Alcohol Use, Not Suspect of Drug Use","Not Suspect of Alcohol Use, Not Suspect of Drug Use","979C53D0-C6EC-4F9E-8400-8D500384C326","Scooter (electric)","Cross/Enter at Intersection","Failure to Obey Traffic Signs, Signals, or Officer","Intersection Marked Crosswalk","No","Suspected Serious Injury","None","38.98472511","-77.02662959","    (38.98472511, -77.02662959)"
"MCP29670052","240000278","MONTGOMERY","Injury Crash","01/02/2024 07:10:00 AM","County Route","TUCKERMAN LA",,,,"Pedestrian","Single Vehicle","Clear","Dry","Daylight","Traffic Control Signal","Not Suspect of Alcohol Use, Not Suspect of Drug Use","Not Suspect of Alcohol Use, Not Suspect of Drug Use","068578E5-EBDE-4348-A724-36959BB0C56F","Pedestrian","Cross/Enter at Intersection","None (No Improper Action)","Intersection Marked Crosswalk","No","Possible Injury","None","39.03064752","-77.10527832","    (39.03064752, -77.10527832)"
"MCP2351005C","240000031","MONTGOMERY","Injury Crash","01/01/2024 06:23:00 AM","County Route","RANDOLPH RD",,,,"Pedestrian","Single Vehicle","Clear","Wet","Dark - Not Lighted","No Controls","Unknown, Unknown","Not Suspect of Alcohol Use, Not Suspect of Drug Use","9A935576-0150-4AD9-83AD-64398A5143DD","Pedestrian","Other","Disabled Vehicle-Related (Working on, Pushing, Leaving/Approaching)","Other","No","Suspected Minor Injury","None","39.05392942","-77.09529695","    (39.05392942, -77.09529695)"
"MCP2351005C","240000031","MONTGOMERY","Injury Crash","01/01/2024 06:23:00 AM","County Route","RANDOLPH RD",,,,"Pedestrian","Single Vehicle","Clear","Wet","Dark - Not Lighted","No Controls","Unknown, Unknown","Not Suspect of Alcohol Use, Not Suspect of Drug Use","83B1A628-CB28-4CEF-AF31-28D746EB356B","Pedestrian","Push/Work on Vehicle","Disabled Vehicle-Related (Working on, Pushing, Leaving/Approaching)","Travel Lane Other Location","No","Suspected Minor Injury","None","39.05392942","-77.09529695","    (39.05392942, -77.09529695)"
"DD5649003K","230074413","Rockville Police Departme","Injury Crash","12/31/2023 05:25:00 PM","Municipality","MONROE ST","E JEFFERSON ST",,"N/A","PEDESTRIAN","OTHER","CLEAR","DRY","DARK LIGHTS ON","TRAFFIC SIGNAL","NONE DETECTED","NONE DETECTED","2CA6776A-3D5D-47B3-8DA9-B1EC99D9CCAC","PEDESTRIAN","Cross/Enter at Intersection","NO IMPROPER ACTIONS","ON ROADWAY AT CROSSWALK","No","SUSPECTED SERIOUS INJURY","NONE","39.08181926","-77.14892365","    (39.08181926, -77.14892365)"
"DD5666000D","230074399","Rockville Police Departme","Injury Crash","12/31/2023 03:22:00 PM",,,,"INTO STRUCTURE OF 721 MONROE ST. APARTMENT102",,"PEDESTRIAN","SINGLE VEHICLE","CLEAR",,"DAYLIGHT","NO CONTROLS","NONE DETECTED","NONE DETECTED","67A0692A-DA2E-4B9C-9940-1208F4181565","PEDESTRIAN","Other","OTHER","OTHER","No","SUSPECTED MINOR INJURY","N/A","39.07448784","-77.15264647","    (39.07448784, -77.15264647)"
"MCP3254003N","240000590","Montgomery County Police","Injury Crash","12/31/2023 01:00:00 PM",,,,"ON THE SIDEWALK IN FRONT OF EXXON AT 448 N FREDERICK AVENUE GAITHERSBURG MD 20877",,"PEDESTRIAN","SINGLE VEHICLE","CLEAR",,"DAYLIGHT","TRAFFIC SIGNAL","UNKNOWN","N/A","1BA94396-6FC0-4510-8C88-EA1FEC1BDD8A","PEDESTRIAN","Walking/Cycling on Sidewalk","NO IMPROPER ACTIONS","SIDEWALK","No","SUSPECTED MINOR INJURY","N/A","39.14832345","-77.20689024","    (39.14832345, -77.20689024)"
"MCP32630046","230074313","Montgomery County Police","Injury Crash","12/30/2023 05:15:00 PM","County","MOORLAND LA","ARLINGTON RD",,"N/A","PEDESTRIAN","SINGLE VEHICLE","CLEAR","DRY","DARK LIGHTS ON","TRAFFIC SIGNAL","NONE DETECTED","NONE DETECTED","C7AACDC1-452E-497E-AC03-1E04F68CC765","PEDESTRIAN","Cross/Enter at Intersection","NO IMPROPER ACTIONS","ON ROADWAY AT CROSSWALK","No","SUSPECTED MINOR INJURY","NONE","38.98591833","-77.09852","    (38.98591833, -77.09852)"
"MCP3268003N","230074264","Montgomery County Police","Injury Crash","12/30/2023 11:19:00 AM","County","GREENCASTLE RD","LANSDALE CT",,"N/A","PEDESTRIAN","SINGLE VEHICLE","CLEAR","DRY","DAYLIGHT","RAILWAY CROSSING DEVICE","NONE DETECTED","NONE DETECTED","CCF75BD4-AC86-47BA-A6B9-074D68E8002E","PEDESTRIAN","Cross/Enter at Intersection","NO IMPROPER ACTIONS","ON ROADWAY AT CROSSWALK","No","POSSIBLE INJURY","N/A","39.08252183","-76.93049133","    (39.08252183, -76.93049133)"
"MCP2536004X","230074244","Montgomery County Police","Injury Crash","12/30/2023 04:55:00 AM","Maryland (State)","GEORGIA AVE","RANDOLPH RD",,"N/A","OTHER","OTHER","CLEAR","DRY","DARK LIGHTS ON","NO CONTROLS","ALCOHOL PRESENT","NONE DETECTED","A84A974D-89AF-44DC-A7EA-26FA8BD9748F","OTHER","Other Working","NO IMPROPER ACTIONS","SIDEWALK","No","SUSPECTED SERIOUS INJURY","N/A","39.05920152","-77.05011059","    (39.05920152, -77.05011059)"
"MCP3123006Q","230074174","Montgomery County Police","Injury Crash","12/29/2023 04:31:00 PM","County","MEDICAL CENTER DR","GREAT SENECA HWY",,"N/A","BICYCLIST","STRAIGHT MOVEMENT ANGLE","CLEAR","DRY","DAYLIGHT","TRAFFIC SIGNAL","N/A","N/A","12929414-CCD8-41DF-B022-B393FD194A57","BICYCLIST","Walking/Cycling on Sidewalk","DART DASH","AT INTERSECTION MARKED CROSSWALK","Yes","SUSPECTED MINOR INJURY","MC/BIKE HELMET","39.09868686","-77.20405464","    (39.09868686, -77.20405464)"
"MCP1233005G","230073906","Montgomery County Police","Injury Crash","12/27/2023 07:42:00 PM","County","HAMPDEN LA","ARLINGTON RD",,"N/A","PEDESTRIAN","N/A","RAINING","WET","DARK NO LIGHTS","STOP SIGN","NONE DETECTED","NONE DETECTED","58565E61-5C4A-43E2-A654-4147B21F44E1","PEDESTRIAN","Cross/Enter at Intersection","INATTENTIVE","CURB","No","POSSIBLE INJURY","N/A","38.98285333","-77.09823333","    (38.98285333, -77.09823333)"
"MCP235300CS","230073776","Montgomery County Police","Injury Crash","12/27/2023 06:38:00 AM","Maryland (State)","ROCKVILLE PIKE","SOUTH DR",,"N/A","PEDESTRIAN","SINGLE VEHICLE","CLEAR","WET","DARK LIGHTS ON","PERSON","NONE DETECTED","NONE DETECTED","C97E06AE-E6DF-41F5-ACED-98E045DFEB8C","PEDESTRIAN","Cross/Enter at Intersection","NO IMPROPER ACTIONS","ON ROADWAY AT CROSSWALK","No","POSSIBLE INJURY","NONE","38.99933367","-77.09701467","    (38.99933367, -77.09701467)"
"MCP2563001Q","230073738","Montgomery County Police","Fatal Crash","12/26/2023 06:49:00 PM","Maryland (State)","VEIRS MILL RD","ATLANTIC AVE",,"ROCKVILLE","PEDESTRIAN","OTHER","CLOUDY","WET","DARK LIGHTS ON","TRAFFIC SIGNAL","NONE DETECTED","NONE DETECTED","76AB62A4-E042-40C4-9A13-94206C8E3DEA","PEDESTRIAN","Cross/Enter at Intersection","FAILURE TO OBEY TRAFFIC SIGNS SIGNALS OR OFFICER","ON ROADWAY AT CROSSWALK","Yes","FATAL INJURY","NONE","39.07488193","-77.11553024","    (39.07488193, -77.11553024)"
"MCP3303001S","230073589","Montgomery County Police","Injury Crash","12/25/2023 09:27:00 PM","County","GUNNERS BRANCH RD","FREDERICK RD",,"N/A","PEDESTRIAN","SINGLE VEHICLE","CLEAR","DRY","DARK LIGHTS ON","NO CONTROLS","NONE DETECTED","NONE DETECTED","1085DCB9-65C9-42B1-BE80-BDA904EE51C3","PEDESTRIAN","Cross/Enter at Intersection","NO IMPROPER ACTIONS","AT INTERSECTION BUT NO CROSSWALK","No","POSSIBLE INJURY","NONE","39.17799305","-77.24060511","    (39.17799305, -77.24060511)"
"MCP3303001S","230073589","Montgomery County Police","Injury Crash","12/25/2023 09:27:00 PM","County","GUNNERS BRANCH RD","FREDERICK RD",,"N/A","PEDESTRIAN","SINGLE VEHICLE","CLEAR","DRY","DARK LIGHTS ON","NO CONTROLS","NONE DETECTED","NONE DETECTED","58FA60E1-F52A-4D43-AD67-3BC1BCA40242","PEDESTRIAN","Cross/Enter at Intersection","NO IMPROPER ACTIONS","ON ROADWAY AT CROSSWALK","No","NO APPARENT INJURY","NONE","39.17799305","-77.24060511","    (39.17799305, -77.24060511)"
"MCP33560018","230073488","Montgomery County Police","Injury Crash","12/24/2023 06:31:00 PM",,,,"PARKING LOT OF SAFEWAY GAS (26300 RIDGE RD)",,"PEDESTRIAN","OTHER","CLEAR",,"DARK LIGHTS ON","NO CONTROLS","NONE DETECTED","NONE DETECTED","7DBDE760-AE1A-44FA-90B8-457E0D345A7E","PEDESTRIAN","Other","NOT VISIBLE","OTHER","No","POSSIBLE INJURY","REFLECTIVE CLOTHING","39.28861683","-77.20493983","    (39.28861683, -77.20493983)"
"MCP30550045","230073457","Montgomery County Police","Injury Crash","12/24/2023 02:25:00 PM",,,,"IN PARKING LOT OF 4301 RANDOLPH RD.",,"PEDESTRIAN","OTHER","CLEAR",,"DAYLIGHT","N/A","N/A","N/A","72D40116-888D-4C83-8711-78E3C13F9383","PEDESTRIAN","Walking/Cycling on Sidewalk","NO IMPROPER ACTIONS","SIDEWALK","No","SUSPECTED MINOR INJURY","NONE","39.05594083","-77.0839425","    (39.05594083, -77.0839425)"
"MCP33530024","230073214","Montgomery County Police","Injury Crash","12/22/2023 07:17:00 PM","Maryland (State)","GEORGIA AVE","WENDY LA",,"N/A","PEDESTRIAN","STRAIGHT MOVEMENT ANGLE","CLEAR","DRY","DARK LIGHTS ON","N/A","UNKNOWN","NONE DETECTED","0C48ECCA-CD4A-473B-8324-D32C54685C55","PEDESTRIAN","Cross/Enter not at Intersection","FAILURE TO YIELD RIGHT OF WAY","ON ROADWAY NOT AT CROSSWALK","Yes","POSSIBLE INJURY","NONE","39.07969254","-77.07385365","    (39.07969254, -77.07385365)"
"MCP33530024","230073214","Montgomery County Police","Injury Crash","12/22/2023 07:17:00 PM","Maryland (State)","GEORGIA AVE","WENDY LA",,"N/A","PEDESTRIAN","STRAIGHT MOVEMENT ANGLE","CLEAR","DRY","DARK LIGHTS ON","N/A","UNKNOWN","NONE DETECTED","AC453B81-571B-4478-9E8E-10C669CCAFCB","PEDESTRIAN","Cross/Enter not at Intersection","FAILURE TO YIELD RIGHT OF WAY","ON ROADWAY NOT AT CROSSWALK","Yes","POSSIBLE INJURY","NONE","39.07969254","-77.07385365","    (39.07969254, -77.07385365)"
"MCP2552006X","230072976","Montgomery County Police","Injury Crash","12/21/2023 03:34:00 PM","Maryland (State)","FISHER AVE","CATTAIL RD",,"POOLESVILLE","PEDESTRIAN","OTHER","CLOUDY","DRY","DAYLIGHT","N/A","N/A","N/A","65699001-C946-4A48-8D90-43B77F1780EF","PEDESTRIAN","Cross/Enter not at Intersection","DART DASH","ON ROADWAY NOT AT CROSSWALK","Yes","SUSPECTED MINOR INJURY","NONE","39.14394667","-77.408745","    (39.14394667, -77.408745)"
"MCP209400N4","230072733","Montgomery County Police","Injury Crash","12/20/2023 11:19:00 AM","Maryland (State)","KNOWLES AVE","DETRICK AVE",,"KENSINGTON","PEDESTRIAN","OTHER","CLEAR","DRY","DAYLIGHT","STOP SIGN","NONE DETECTED","NONE DETECTED","3CB7FF94-1EBF-415F-9E05-8BA7ADCA3C56","PEDESTRIAN","Cross/Enter at Intersection","NO IMPROPER ACTIONS","AT INTERSECTION BUT NO CROSSWALK","No","SUSPECTED SERIOUS INJURY","NONE","39.027575","-77.077805","    (39.027575, -77.077805)"
"MCP2203007V","230072598","Montgomery County Police","Property Damage Crash","12/19/2023 03:40:00 PM","County","EDWIN ST","CENTERHILL ST",,"N/A","OTHER","SAME DIRECTION SIDESWIPE","CLEAR","DRY","DAYLIGHT","NO CONTROLS","NONE DETECTED","N/A","BEAFCF08-A06E-4B6E-AB45-BF5E674AB6B7","OTHER","N/A","NO IMPROPER ACTIONS","OTHER","No","NO APPARENT INJURY","N/A","39.053241","-77.07055383","    (39.053241, -77.07055383)"
"MCP2203007V","230072598","Montgomery County Police","Property Damage Crash","12/19/2023 03:40:00 PM","County","EDWIN ST","CENTERHILL ST",,"N/A","OTHER","SAME DIRECTION SIDESWIPE","CLEAR","DRY","DAYLIGHT","NO CONTROLS","NONE DETECTED","N/A","6AFCE8D8-B306-40C8-A773-AABC4D2FE0A4","OTHER","N/A","NO IMPROPER ACTIONS","OTHER","No","NO APPARENT INJURY","N/A","39.053241","-77.07055383","    (39.053241, -77.07055383)"
"MCP2203007V","230072598","Montgomery County Police","Property Damage Crash","12/19/2023 03:40:00 PM","County","EDWIN ST","CENTERHILL ST",,"N/A","OTHER","SAME DIRECTION SIDESWIPE","CLEAR","DRY","DAYLIGHT","NO CONTROLS","NONE DETECTED","N/A","C5D5D0F5-15E7-4AB5-BF86-5C20F1E5913A","OTHER","N/A","NO IMPROPER ACTIONS","OTHER","No","NO APPARENT INJURY","N/A","39.053241","-77.07055383","    (39.053241, -77.07055383)"
"MCP3197003W","230072585","Montgomery County Police","Injury Crash","12/19/2023 03:22:00 PM","County","BEL PRE RD","RIPPLING BROOK DR",,"N/A","PEDESTRIAN","STRAIGHT MOVEMENT ANGLE","CLEAR","DRY","DAYLIGHT","NO CONTROLS","NONE DETECTED","NONE DETECTED","E1BFF353-344C-4CA1-9450-28C8D3D3CB5C","PEDESTRIAN","Cross/Enter at Intersection","NO IMPROPER ACTIONS","ON ROADWAY AT CROSSWALK","No","SUSPECTED SERIOUS INJURY","NONE","39.09041416","-77.05300905","    (39.09041416, -77.05300905)"
"MCP3039006P","230072243","Montgomery County Police","Injury Crash","12/17/2023 05:43:00 PM","Maryland (State)","GEORGIA AVE","COLESVILLE RD",,"N/A","PEDESTRIAN","STRAIGHT MOVEMENT ANGLE","RAINING","WET","DARK LIGHTS ON","TRAFFIC SIGNAL","NONE DETECTED","NONE DETECTED","6900AAFD-0EBB-4A36-B8D4-9B25E066A795","PEDESTRIAN","Cross/Enter at Intersection","NO IMPROPER ACTIONS","ON ROADWAY AT CROSSWALK","No","POSSIBLE INJURY","N/A","38.99589921","-77.02818753","    (38.99589921, -77.02818753)"
"MCP3038006Q","230072234","Montgomery County Police","Injury Crash","12/17/2023 04:49:00 PM","US (State)","GEORGIA AVE","BLAIR RD",,"N/A","BICYCLIST","OTHER","RAINING","WET","DARK LIGHTS ON","TRAFFIC SIGNAL","NONE DETECTED","NONE DETECTED","60A80480-5079-47A3-AF92-5F7DA368FE8B","BICYCLIST","Cross/Enter at Intersection","NO IMPROPER ACTIONS","ON ROADWAY AT CROSSWALK","No","SUSPECTED MINOR INJURY","NONE","38.98484527","-77.02658531","    (38.98484527, -77.02658531)"
"MCP3254003K","230072050","Montgomery County Police","Injury Crash","12/16/2023 12:36:00 PM","Maryland (State)","GERMANTOWN RD","MIDDLEBROOK RD",,"N/A","BICYCLIST","STRAIGHT MOVEMENT ANGLE","CLEAR","DRY","DAYLIGHT","TRAFFIC SIGNAL","NONE DETECTED","NONE DETECTED","0555B6BA-0A80-4556-97C8-DD2FC0027B91","BICYCLIST","Cross/Enter at Intersection","FAILURE TO OBEY TRAFFIC SIGNS SIGNALS OR OFFICER","ON ROADWAY AT CROSSWALK","Yes","SUSPECTED MINOR INJURY","MC/BIKE HELMET","39.17877577","-77.26718974","    (39.17877577, -77.26718974)"
"MCP30800046","230071955","Montgomery County Police","Injury Crash","12/15/2023 05:26:00 PM","County","WISTERIA DR","CIRCLE GATE DR",,"N/A","BICYCLIST","OTHER","CLEAR","DRY","DARK LIGHTS ON","N/A","NONE DETECTED","NONE DETECTED","86B3A346-703D-472E-B965-4E6C6E8EFDFD","BICYCLIST","Cross/Enter at Intersection","UNKNOWN","ON ROADWAY AT CROSSWALK","Unknown","POSSIBLE INJURY","NONE","39.17235282","-77.26425105","    (39.17235282, -77.26425105)"
"MCP289200FQ","230071957","Montgomery County Police","Injury Crash","12/15/2023 05:24:00 PM",,,,"825 WAYNE AVENUE
PARKING LOT",,"PEDESTRIAN","HEAD ON","CLEAR",,"DARK LIGHTS ON","NO CONTROLS","ALCOHOL PRESENT, NONE DETECTED","NONE DETECTED","26AE007B-E21E-4A63-BB26-B5DD9AE7BBCA","PEDESTRIAN","Other","NO IMPROPER ACTIONS","OTHER","No","POSSIBLE INJURY","NONE","38.99686779","-77.02382004","    (38.99686779, -77.02382004)"
"MCP24560086","230070774","Montgomery County Police","Injury Crash","12/09/2023 01:00:00 PM","County","FLOWER AVE","ARLISS ST",,"N/A","PEDESTRIAN","SINGLE VEHICLE","CLEAR","DRY","DAYLIGHT","NO CONTROLS","UNKNOWN","N/A","09AB9491-B9C6-4D42-A180-80C4095E969B","PEDESTRIAN","Cross/Enter not at Intersection","IN ROADWAY IMPROPERLY","ON ROADWAY NOT AT CROSSWALK","Yes","POSSIBLE INJURY","NONE","38.99923466","-77.00384109","    (38.99923466, -77.00384109)"
"DD5670000B","230070710","Rockville Police Departme","Injury Crash","12/08/2023 11:17:00 PM","Municipality","CHAPMAN AVE","THOMPSON AVE",,"ROCKVILLE","PEDESTRIAN","SINGLE VEHICLE","N/A","DRY","DARK LIGHTS ON","NO CONTROLS","NONE DETECTED","NONE DETECTED","2BE0D4AA-1ED3-43ED-A6E7-9132342AACF7","PEDESTRIAN","Standing","IN ROADWAY IMPROPERLY","ON ROADWAY NOT AT CROSSWALK","Yes","NO APPARENT INJURY","N/A","39.06013877","-77.12017775","    (39.06013877, -77.12017775)"
"MCP3258003L","230070703","Montgomery County Police","Injury Crash","12/08/2023 10:16:00 PM","County","MONTERREY DR","VEIRS MILL RD",,"N/A","BICYCLIST","OTHER","CLEAR","DRY","DARK LIGHTS ON","NO CONTROLS","N/A","N/A","10969DFF-CB92-4B7F-9CAB-F25B5DBEB16B","BICYCLIST","Cross/Enter at Intersection","NO IMPROPER ACTIONS","ON ROADWAY AT CROSSWALK","No","POSSIBLE INJURY","NONE","39.04280469","-77.06018926","    (39.04280469, -77.06018926)"
"MCP27230086","230070689","Montgomery County Police","Injury Crash","12/08/2023 08:12:00 PM",,,,"13661 CONNECTICUT AVENUE",,"PEDESTRIAN","SINGLE VEHICLE","CLEAR",,"DARK LIGHTS ON","NO CONTROLS","NONE DETECTED","NONE DETECTED","E8B9B196-6648-4435-B338-8D5457DC7C31","PEDESTRIAN","Other","NO IMPROPER ACTIONS","ON ROADWAY NOT AT CROSSWALK","No","SUSPECTED MINOR INJURY","N/A","39.07786491","-77.07972789","    (39.07786491, -77.07972789)"
"DD56530031","230070516","Rockville Police Departme","Injury Crash","12/07/2023 11:17:00 PM","Municipality","MONROE ST","ARGYLE ST",,"ROCKVILLE","PEDESTRIAN","SINGLE VEHICLE","CLOUDY","DRY","DARK LIGHTS ON","STOP SIGN","UNKNOWN","ALCOHOL PRESENT","24A73D6D-7269-440C-A52E-666D3EE4CF07","PEDESTRIAN","Unknown","UNKNOWN","SHOULDER","No","SUSPECTED MINOR INJURY","NONE","39.07795461","-77.15156858","    (39.07795461, -77.15156858)"
"MCP3403000B","230070456","Montgomery County Police","Injury Crash","12/07/2023 05:40:00 PM","County","BRIGGS CHANEY RD","ENT TO SHOPPING CENTER",,"N/A","PEDESTRIAN","STRAIGHT MOVEMENT ANGLE","CLEAR","DRY","DARK LIGHTS ON","TRAFFIC SIGNAL","NONE DETECTED","NONE DETECTED","7985F4F2-8FC1-4549-A406-493BEC7E2B8A","PEDESTRIAN","Cross/Enter at Intersection","INATTENTIVE","ON ROADWAY AT CROSSWALK","Unknown","SUSPECTED MINOR INJURY","NONE","39.0823322","-76.94716118","    (39.0823322, -76.94716118)"
"MCP2552006S","230070457","Montgomery County Police","Injury Crash","12/07/2023 05:40:00 PM","County","SHADY GROVE RD","BRIARDALE RD",,"N/A","PEDESTRIAN","OTHER","CLEAR","DRY","DARK LIGHTS ON","TRAFFIC SIGNAL","N/A","N/A","08B86F63-3808-4112-813B-2194DD4434F7","PEDESTRIAN","Cross/Enter at Intersection","NO IMPROPER ACTIONS","ON ROADWAY AT CROSSWALK","No","SUSPECTED MINOR INJURY","NONE","39.13371167","-77.15808833","    (39.13371167, -77.15808833)"