"Report Number","Local Case Number","Agency Name","ACRS Report Type","Crash Date/Time","Route Type","Road Name","Cross-Street Name","Off-Road Description","Municipality","Related Non-Motorist","Collision Type","Weather","Surface Condition","Light","Traffic Control","Driver Substance Abuse","Non-Motorist Substance Abuse","Person ID","Pedestrian Type","Pedestrian Movement","Pedestrian Actions","Pedestrian Location","At Fault","Injury Severity","Safety Equipment","Latitude","Longitude","Location"
"MCP22980149","230056887","Montgomery County Police","Injury Crash","09/26/2023 06:36:00 AM",,,,"13100 SHAWNEE LN 
CLARKSBURG BUS DEPOT",,"PEDESTRIAN","SINGLE VEHICLE","RAINING",,"DAWN","NO CONTROLS","NONE DETECTED","NONE DETECTED","225B0867-66D5-4C26-8E89-7C388691566D","PEDESTRIAN","Other Working","NOT VISIBLE","OTHER","Unknown","SUSPECTED MINOR INJURY","NONE","39.226275","-77.27242833","    (39.226275, -77.27242833)"
"MCP3053006T","230058875","Montgomery County Police","Injury Crash","09/24/2023 07:32:00 PM","Maryland (State)","ROCKVILLE PIKE","DODGE ST",,"N/A","PEDESTRIAN","SAME DIRECTION RIGHT TURN","RAINING","UNKNOWN","DARK LIGHTS ON","TRAFFIC SIGNAL","N/A","N/A","5BF4A785-C45B-495F-AC1A-527D29B8D312","PEDESTRIAN","Cross/Enter at Intersection","UNKNOWN","AT INTERSECTION MARKED CROSSWALK","No","POSSIBLE INJURY","N/A","39.08042559","-77.14398765","    (39.08042559, -77.14398765)"
"EJ7833007S","230056598","Gaithersburg Police Depar","Injury Crash","09/24/2023 10:26:00 AM",,,,"PARKING LOT OF 206 N FREDERICK AVENUE",,"PEDESTRIAN","SINGLE VEHICLE","CLOUDY",,"DAYLIGHT","NO CONTROLS","NONE DETECTED","NONE DETECTED","6F6D87FB-418D-4DA3-884C-9523174CA4A3","PEDESTRIAN","Other","UNKNOWN","OTHER","Unknown","SUSPECTED MINOR INJURY","NONE","39.14450453","-77.20265967","    (39.14450453, -77.20265967)"
"MCP3367001C","230056357","Montgomery County Police","Property Damage Crash","09/22/2023 06:15:00 PM","Maryland (State)","CAPITOL VIEW AVE","POST OFFICE RD",,"N/A","OTHER PEDALCYCLIST","OTHER","CLEAR","DRY","DAYLIGHT","NO CONTROLS","N/A","N/A","E901146D-F2B8-47EC-871B-554D86C279A0","OTHER PEDALCYCLIST","Other","INATTENTIVE","ON ROADWAY NOT AT CROSSWALK","Yes","NO APPARENT INJURY","MC/BIKE HELMET","39.01557321","-77.0556285","    (39.01557321, -77.0556285)"
"MCP3030005L","230056341","Montgomery County Police","Injury Crash","09/22/2023 05:00:00 PM","Maryland (State)","OLD GEORGETOWN RD","GLENWOOD RD",,"N/A","PEDESTRIAN","OTHER","CLEAR","DRY","DAYLIGHT","NO CONTROLS","N/A","N/A","CE41148A-94B8-4F75-A594-65D6A51F32E8","PEDESTRIAN","Cross/Enter not at Intersection","DART DASH","ON ROADWAY NOT AT CROSSWALK","Yes","POSSIBLE INJURY","NONE","38.993665","-77.108615","    (38.993665, -77.108615)"
"MCP24370057","230056385","Montgomery County Police","Injury Crash","09/22/2023 07:10:00 AM","County","MONTROSE RD","TOWNE RD",,"N/A","BICYCLIST","STRAIGHT MOVEMENT ANGLE","CLEAR","DRY","DAYLIGHT","TRAFFIC SIGNAL","UNKNOWN","UNKNOWN","F0ECCB2F-0056-4F56-B9A4-F094CE66045B","BICYCLIST","Cross/Enter at Intersection","NO IMPROPER ACTIONS","ON ROADWAY AT CROSSWALK","No","SUSPECTED MINOR INJURY","UNKNOWN","39.05312911","-77.11833221","    (39.05312911, -77.11833221)"
"MCP2107004B","230056045","Montgomery County Police","Injury Crash","09/21/2023 07:58:00 AM",,"MD355","DOWDENS STATION WAY",,"N/A","PEDESTRIAN","SINGLE VEHICLE","CLEAR","DRY","DAYLIGHT","STOP SIGN","NONE DETECTED","NONE DETECTED","35972A87-92E5-4065-9DA0-BB8F8A7115DB","PEDESTRIAN","Cross/Enter at Intersection","NO IMPROPER ACTIONS","ON ROADWAY AT CROSSWALK","No","POSSIBLE INJURY","NONE","39.23344183","-77.27232867","    (39.23344183, -77.27232867)"
"MCP2339008N","230055954","Montgomery County Police","Property Damage Crash","09/20/2023 03:12:00 PM",,,,"PARKING LOT IN FRONT OF 12087 ROCKVILLE PIK",,"OTHER","UNKNOWN","CLEAR",,"DAYLIGHT","NO CONTROLS","UNKNOWN","N/A","AFD28F6D-B273-4462-959C-5E85975898F3","OTHER","N/A","OTHER","OTHER","No","NO APPARENT INJURY","N/A","39.05635317","-77.11748383","    (39.05635317, -77.11748383)"
"MCP20720074","230055914","Montgomery County Police","Injury Crash","09/20/2023 12:18:00 PM",,,,"19700 FREDERICK  ROAD GERMANTOWN 
(7-ELEVEN PARKING LOT)",,"PEDESTRIAN","OTHER","CLEAR",,"DAYLIGHT","NO CONTROLS","ALCOHOL PRESENT","N/A","0848ADA5-543F-49B2-8DC1-0F42B18E1DA0","PEDESTRIAN","Standing","NO IMPROPER ACTIONS","CURB","No","SUSPECTED SERIOUS INJURY","N/A","39.17879833","-77.23895667","    (39.17879833, -77.23895667)"
"MCP20720074","230055914","Montgomery County Police","Injury Crash","09/20/2023 12:18:00 PM",,,,"19700 FREDERICK  ROAD GERMANTOWN 
(7-ELEVEN PARKING LOT)",,"PEDESTRIAN","OTHER","CLEAR",,"DAYLIGHT","NO CONTROLS","ALCOHOL PRESENT","NONE DETECTED","70AAC84E-63A2-41DC-BC92-92CD14A4EB63","PEDESTRIAN","Standing","NO IMPROPER ACTIONS","CURB","No","SUSPECTED SERIOUS INJURY","N/A","39.17879833","-77.23895667","    (39.17879833, -77.23895667)"
"MCP20720074","230055914","Montgomery County Police","Injury Crash","09/20/2023 12:18:00 PM",,,,"19700 FREDERICK  ROAD GERMANTOWN 
(7-ELEVEN PARKING LOT)",,"PEDESTRIAN","OTHER","CLEAR",,"DAYLIGHT","NO CONTROLS","ALCOHOL PRESENT","NONE DETECTED","2CCD4876-935A-48DA-B40F-FC51E746C968","PEDESTRIAN","N/A","NO IMPROPER ACTIONS","CURB","No","POSSIBLE INJURY","N/A","39.17879833","-77.23895667","    (39.17879833, -77.23895667)"
"MCP9301004Q","230055876","Montgomery County Police","Injury Crash","09/20/2023 09:15:00 AM","County","FIELDS RD","OMEGA DR (BACK)",,"N/A","OTHER","OTHER","N/A","DRY","DAYLIGHT","STOP SIGN","N/A","N/A","E0E21256-EAD5-4B3F-8B36-996C8ACB76EA","OTHER","Cross/Enter at Intersection","WRONG WAY RIDING OR WALKING","ON ROADWAY AT CROSSWALK","Yes","POSSIBLE INJURY","NONE","39.11237387","-77.18843302","    (39.11237387, -77.18843302)"
"MCP31630060","230055809","Montgomery County Police","Injury Crash","09/19/2023 06:23:00 PM","Maryland (State)","ROCKVILLE PIKE","EDSON LA",,"N/A","PEDESTRIAN","HEAD ON LEFT TURN","CLEAR","DRY","DAYLIGHT","TRAFFIC SIGNAL","N/A","N/A","6793FB86-BD34-42B6-AF08-1E47C1539A66","PEDESTRIAN","Cross/Enter at Intersection","NO IMPROPER ACTIONS","ON ROADWAY AT CROSSWALK","No","POSSIBLE INJURY","NONE","39.04066867","-77.109677","    (39.04066867, -77.109677)"
"MCP3170003G","230055780","Montgomery County Police","Injury Crash","09/19/2023 03:40:00 PM","Maryland (State)","GREAT SENECA HWY","WISTERIA DR",,"N/A","OTHER PEDALCYCLIST","OTHER","CLEAR","DRY","DAYLIGHT","TRAFFIC SIGNAL","NONE DETECTED","NONE DETECTED","BF6B9118-4184-4255-8EFA-6F94E3207DF2","OTHER PEDALCYCLIST","Cross/Enter at Intersection","DART DASH","ON ROADWAY AT CROSSWALK","No","POSSIBLE INJURY","NONE","39.17121917","-77.262642","    (39.17121917, -77.262642)"
"MCP31110076","230055715","Montgomery County Police","Injury Crash","09/19/2023 10:26:00 AM","County","BATTERY LA","WOODMONT AVE",,"N/A","BICYCLIST","SINGLE VEHICLE","CLEAR","DRY","DAYLIGHT","TRAFFIC SIGNAL","NONE DETECTED","NONE DETECTED","5B5AB40D-97BE-4859-B4CE-5B8155AF02E6","BICYCLIST","Walking/Cycling on Sidewalk","NO IMPROPER ACTIONS","SIDEWALK","Yes","SUSPECTED MINOR INJURY","NONE","38.992645","-77.0974075","    (38.992645, -77.0974075)"
"MCP2440001H","230055687","Montgomery County Police","Injury Crash","09/19/2023 08:20:00 AM","County","CLUB HOUSE RD","CENTERWAY RD",,"N/A","BICYCLIST","OPPOSITE DIRECTION SIDESWIPE","CLEAR","DRY","DAYLIGHT","TRAFFIC SIGNAL","UNKNOWN","NONE DETECTED","2939FAF3-5379-4380-AC45-A23DCC9FA36B","BICYCLIST","Cross/Enter at Intersection","NO IMPROPER ACTIONS","AT INTERSECTION MARKED CROSSWALK","No","POSSIBLE INJURY","MC/BIKE HELMET","39.17282733","-77.20144167","    (39.17282733, -77.20144167)"
"MCP2855004L","230055299","Montgomery County Police","Injury Crash","09/16/2023 09:11:00 PM","County","SOUTHWOOD AVE","COLESVILLE RD",,"N/A","OTHER","SINGLE VEHICLE","CLEAR","DRY","DARK LIGHTS ON","TRAFFIC SIGNAL","NONE DETECTED","NONE DETECTED","08971039-213D-4E60-A172-0D6A0522762B","OTHER","Cross/Enter at Intersection","NOT VISIBLE","AT INTERSECTION BUT NO CROSSWALK","Unknown","SUSPECTED MINOR INJURY","NONE","39.0260546","-77.01099856","    (39.0260546, -77.01099856)"
"MCP27560056","230055282","Montgomery County Police","Injury Crash","09/16/2023 06:25:00 PM","County","DALEWOOD DR","RANDOLPH RD",,"N/A","OTHER","OTHER","CLEAR","DRY","DAYLIGHT","TRAFFIC SIGNAL","UNKNOWN","NONE DETECTED","80DD45FB-942B-4A26-B055-51A31172BE55","OTHER","Cross/Enter at Intersection","NO IMPROPER ACTIONS","ON ROADWAY AT CROSSWALK","No","POSSIBLE INJURY","NONE","39.05918064","-77.06919908","    (39.05918064, -77.06919908)"
"MCP302600BQ","230055212","Montgomery County Police","Property Damage Crash","09/16/2023 10:51:00 AM","Maryland (State)","OLD GEORGETOWN RD","RAMP 6 FR IS 495 EB TO MD 187 SB",,"N/A","PEDESTRIAN","SAME DIRECTION SIDESWIPE","CLEAR","DRY","DAYLIGHT","TRAFFIC SIGNAL","NONE DETECTED","NONE DETECTED","DBE8A96A-58AA-4182-B2DB-7D4BE9746423","PEDESTRIAN","Getting off/on Vehicle","IN ROADWAY IMPROPERLY","ON ROADWAY NOT AT CROSSWALK","No","NO APPARENT INJURY","NONE","39.01735406","-77.12018279","    (39.01735406, -77.12018279)"
"MCP3230004L","230055094","Montgomery County Police","Injury Crash","09/15/2023 03:47:00 PM","County","BEL PRE RD","PARKER FARM WAY",,"N/A","PEDESTRIAN","OTHER","CLEAR","DRY","DAYLIGHT","TRAFFIC SIGNAL","UNKNOWN","NONE DETECTED","17C3C93E-6BE8-4D5E-9705-0D49858E3004","PEDESTRIAN","Cross/Enter at Intersection","NO IMPROPER ACTIONS","ON ROADWAY AT CROSSWALK","No","SUSPECTED MINOR INJURY","N/A","39.09044757","-77.05077914","    (39.09044757, -77.05077914)"
"MCP31180047","230054985","Montgomery County Police","Injury Crash","09/15/2023 07:40:00 AM","Maryland (State)","GEORGIA AVE","INTERNATIONAL DR",,"N/A","OTHER PEDALCYCLIST","N/A","CLEAR","DRY","DAYLIGHT","TRAFFIC SIGNAL","NONE DETECTED","NONE DETECTED","569D202C-F7DA-4C7C-8351-950CEB6E610C","OTHER PEDALCYCLIST","Cross/Enter at Intersection","NO IMPROPER ACTIONS","AT INTERSECTION MARKED CROSSWALK","No","POSSIBLE INJURY","UNKNOWN","39.09193751","-77.07033869","    (39.09193751, -77.07033869)"
"MCP3163005V","230054916","Montgomery County Police","Injury Crash","09/14/2023 06:49:00 PM","County","ASHLEY DR","CREEK SHORE DR",,"N/A","PEDESTRIAN","STRAIGHT MOVEMENT ANGLE","CLEAR","DRY","DAYLIGHT","N/A","N/A","N/A","A88FDE59-B28B-4EEA-9738-1A1BCC16258E","PEDESTRIAN","Playing","DART DASH","ON ROADWAY NOT AT CROSSWALK","Yes","POSSIBLE INJURY","NONE","39.04202183","-77.09122733","    (39.04202183, -77.09122733)"
"MCP3063004D","230054826","Montgomery County Police","Injury Crash","09/14/2023 12:24:00 PM","County","THAYER AVE","FENTON ST",,"N/A","OTHER CONVEYANCE","N/A","CLEAR","DRY","DAYLIGHT","NO CONTROLS","NONE DETECTED","NONE DETECTED","9D9361A5-1623-4C11-A2BF-F301DE04DF7D","OTHER CONVEYANCE","Cross/Enter not at Intersection","DART DASH","ON ROADWAY NOT AT CROSSWALK","Yes","POSSIBLE INJURY","NONE","38.99306008","-77.02333319","    (38.99306008, -77.02333319)"
"MCP28140040","230054784","Montgomery County Police","Injury Crash","09/14/2023 09:11:00 AM","County","TUPELO DR","SHADY GROVE RD",,"N/A","BICYCLIST","OTHER","N/A","DRY","DAYLIGHT","TRAFFIC SIGNAL","NONE DETECTED","NONE DETECTED","A4E76F88-7616-402A-ABF4-825DD21419F0","BICYCLIST","Cross/Enter at Intersection","UNKNOWN","ON ROADWAY AT CROSSWALK","No","SUSPECTED MINOR INJURY","MC/BIKE HELMET","39.13807017","-77.15316867","    (39.13807017, -77.15316867)"
"MCP21590018","230054665","Montgomery County Police","Injury Crash","09/13/2023 04:34:00 PM","County","KINGSVIEW VILLAGE AVE","CLOPPER RD",,"N/A","PEDESTRIAN","OTHER","CLEAR","DRY","DAYLIGHT","TRAFFIC SIGNAL","NONE DETECTED","NONE DETECTED","8E161E3E-9B9F-4AAB-8CAD-F7341E3218F0","PEDESTRIAN","Cross/Enter at Intersection","NO IMPROPER ACTIONS","AT INTERSECTION MARKED CROSSWALK","No","SUSPECTED MINOR INJURY","NONE","39.16070217","-77.27941167","    (39.16070217, -77.27941167)"
"MCP31900059","230054586","Montgomery County Police","Injury Crash","09/13/2023 10:23:00 AM",,,,"3333 SPARTAN ROAD (SAFEWAY) PARKING LOT.",,"PEDESTRIAN","OTHER","CLEAR",,"DAYLIGHT","NO CONTROLS","NONE DETECTED","NONE DETECTED","410AFA7D-7945-45E8-B7CE-7F2D1E0586B2","PEDESTRIAN","Getting off/on Vehicle","NO IMPROPER ACTIONS","N/A","No","POSSIBLE INJURY","NONE","39.15088","-77.06561167","    (39.15088, -77.06561167)"
"MCP31730032","230054553","Montgomery County Police","Fatal Crash","09/13/2023 04:12:00 AM","Maryland (State)","NEW HAMPSHIRE AVE","CHALMERS RD",,"N/A","PEDESTRIAN","SINGLE VEHICLE","CLOUDY","WET","DARK LIGHTS ON","TRAFFIC SIGNAL","NONE DETECTED","ILLEGAL DRUG PRESENT","B633A10A-7B70-442B-8B96-0D82CE5B50AA","PEDESTRIAN","Walking/Riding w/Traffic","WRONG WAY RIDING OR WALKING","ON ROADWAY NOT AT CROSSWALK","Yes","FATAL INJURY","N/A","39.02987252","-76.9837096","    (39.02987252, -76.9837096)"
"MCP28530094","230054525","Montgomery County Police","Injury Crash","09/12/2023 08:11:00 PM","Maryland (State)","NEW HAMPSHIRE AVE","OAKVIEW DR",,"N/A","PEDESTRIAN","OTHER","CLEAR","DRY","DARK LIGHTS ON","TRAFFIC SIGNAL","N/A","N/A","2DE75110-E3A7-4BC9-82C0-EDB7002927D9","PEDESTRIAN","Cross/Enter at Intersection","UNKNOWN","AT INTERSECTION MARKED CROSSWALK","Unknown","SUSPECTED SERIOUS INJURY","N/A","39.015375","-76.97764833","    (39.015375, -76.97764833)"
"MCP32950036","230054495","Montgomery County Police","Injury Crash","09/12/2023 04:55:00 PM","County","TANLEY RD","NEW HAMPSHIRE AVE",,"N/A","BICYCLIST","STRAIGHT MOVEMENT ANGLE","CLEAR","DRY","DAYLIGHT","STOP SIGN","NONE DETECTED","NONE DETECTED","E7573AEF-EF5B-4CFB-A307-4979F6F5E20A","BICYCLIST","Cross/Enter at Intersection","UNKNOWN","SIDEWALK","Unknown","POSSIBLE INJURY","NONE","39.0521705","-76.993683","    (39.0521705, -76.993683)"
"MCP242500HV","230054262","Montgomery County Police","Injury Crash","09/11/2023 02:52:00 PM",,,,"PARKING LOT HOME DEPOT
7111 WESTLAKE TERR",,"PEDESTRIAN","OTHER","CLEAR",,"DAYLIGHT","N/A","NONE DETECTED","NONE DETECTED","01F29A0B-DF98-427D-A714-E7DCBF7E8624","PEDESTRIAN","Other Working","NO IMPROPER ACTIONS","MEDIAN","Unknown","SUSPECTED MINOR INJURY","NONE","39.027765","-77.14507833","    (39.027765, -77.14507833)"
"DM83860023","230054156","Takoma Park Police Depart","Injury Crash","09/10/2023 11:30:00 PM","Maryland (State)","NEW HAMPSHIRE AVE","MERWOOD DR",,"TAKOMA PARK","PEDESTRIAN","SINGLE VEHICLE","RAINING","WET","DARK LIGHTS ON","TRAFFIC SIGNAL","NONE DETECTED","NONE DETECTED","FAA7D0AF-CED7-4714-8200-6E1E99DC7194","PEDESTRIAN","Cross/Enter at Intersection","FAILURE TO YIELD RIGHT OF WAY","AT INTERSECTION MARKED CROSSWALK","Unknown","POSSIBLE INJURY","N/A","38.98333164","-76.98836341","    (38.98333164, -76.98836341)"
"MCP2536004S","230054043","Montgomery County Police","Injury Crash","09/09/2023 11:20:00 PM","Maryland (State)","GEORGIA AVE","HEWITT AVE",,"N/A","PEDESTRIAN","OTHER","CLEAR","DRY","DARK NO LIGHTS","TRAFFIC SIGNAL","N/A","N/A","F8823245-9AC8-4F88-9E26-5AB8F286C44B","PEDESTRIAN","Cross/Enter at Intersection","N/A","AT INTERSECTION MARKED CROSSWALK","No","SUSPECTED MINOR INJURY","NONE","39.07738008","-77.07090846","    (39.07738008, -77.07090846)"
"EJ7879003K","230054012","Gaithersburg Police Depar","Injury Crash","09/09/2023 06:30:00 PM","Municipality","N SUMMIT AVE","E DIAMOND AVE",,"GAITHERSBURG","PEDESTRIAN","SINGLE VEHICLE","RAINING","WET","DAYLIGHT","NO CONTROLS","NONE DETECTED","NONE DETECTED","28B1A039-556A-49A5-988F-4746CB08B39E","PEDESTRIAN","Cross/Enter not at Intersection","UNKNOWN","ON ROADWAY NOT AT CROSSWALK","Unknown","SUSPECTED MINOR INJURY","NONE","39.14287914","-77.19337475","    (39.14287914, -77.19337475)"
"MCP2863002Y","230054007","Montgomery County Police","Injury Crash","09/09/2023 05:30:00 PM","Municipality","BROOKS AVE","N SUMMIT AVE",,"GAITHERSBURG","PEDESTRIAN","OTHER","RAINING","WET","DAYLIGHT","TRAFFIC SIGNAL","N/A","NONE DETECTED","AF36431D-6712-4883-AA13-6D1398C79334","PEDESTRIAN","Walking/Riding against Traffic","IN ROADWAY IMPROPERLY","ON ROADWAY AT CROSSWALK","No","SUSPECTED MINOR INJURY","N/A","39.14373133","-77.19300733","    (39.14373133, -77.19300733)"
"DD5651003T","230053976","Rockville Police Departme","Injury Crash","09/09/2023 02:28:00 PM",,,,"SAFEWAY PARKING LOT",,"PEDESTRIAN","OTHER","CLEAR",,"DAYLIGHT","NO CONTROLS","NONE DETECTED","NONE DETECTED","D1EC857D-F0ED-46A0-9E67-460B3AECC195","PEDESTRIAN","Other","NO IMPROPER ACTIONS","OTHER","No","POSSIBLE INJURY","N/A","39.11283043","-77.17165995","    (39.11283043, -77.17165995)"
"MCP1205009L","230053956","Montgomery County Police","Injury Crash","09/09/2023 12:14:00 PM","Maryland (State)","CONNECTICUT AVE","CHEVY CHASE LAKE DR",,"N/A","BICYCLIST","STRAIGHT MOVEMENT ANGLE","CLEAR","DRY","DAYLIGHT","STOP SIGN","NONE DETECTED","NONE DETECTED","06A86E22-42C8-46DB-BD75-040B59996038","BICYCLIST","Walking/Cycling on Sidewalk","NO IMPROPER ACTIONS","SIDEWALK","No","SUSPECTED MINOR INJURY","MC/BIKE HELMET","38.99257667","-77.07689167","    (38.99257667, -77.07689167)"
"DD56430032","230053719","Rockville Police Departme","Injury Crash","09/07/2023 09:19:00 PM","Maryland (State)","ROCKVILLE PIKE","WOOTTON PKWY",,"ROCKVILLE","PEDESTRIAN","N/A","N/A","DRY","DARK LIGHTS ON","TRAFFIC SIGNAL","NONE DETECTED","NONE DETECTED","E0BC5C65-CC79-458C-82BC-D9F6E471C043","PEDESTRIAN","Cross/Enter at Intersection","NO IMPROPER ACTIONS","ON ROADWAY AT CROSSWALK","No","SUSPECTED MINOR INJURY","NONE","39.07708866","-77.13961517","    (39.07708866, -77.13961517)"
"MCP235300C7","230053644","Montgomery County Police","Injury Crash","09/07/2023 01:29:00 PM","Maryland (State)","WISCONSIN AVE","WILLOW LA",,"N/A","PEDESTRIAN","SINGLE VEHICLE","CLOUDY","DRY","DAYLIGHT","OTHER","NONE DETECTED","NONE DETECTED","5AC1AF93-0634-49B7-84BA-E9268F4E22A5","PEDESTRIAN","Cross/Enter at Intersection","FAILURE TO OBEY TRAFFIC SIGNS SIGNALS OR OFFICER","OTHER","Yes","SUSPECTED MINOR INJURY","NONE","38.98128283","-77.09254467","    (38.98128283, -77.09254467)"
"DD559500DZ","230053635","Rockville Police Departme","Injury Crash","09/07/2023 01:05:00 PM","Municipality","BEALL AVE #2","MARYLAND AVE",,"N/A","PEDESTRIAN","OTHER","CLEAR","DRY","DAYLIGHT","OTHER","NONE DETECTED","NONE DETECTED","169F9BA4-63DB-4B6A-A8F1-E695607DF368","PEDESTRIAN","Other","NO IMPROPER ACTIONS","ON ROADWAY AT CROSSWALK","No","SUSPECTED MINOR INJURY","N/A","39.087155","-77.15125583","    (39.087155, -77.15125583)"
"MCP2723007N","230053526","Montgomery County Police","Injury Crash","09/06/2023 08:00:00 PM","County","GLENALLAN AVE","GEORGIA AVE",,"N/A","PEDESTRIAN","SINGLE VEHICLE","CLEAR","DRY","DARK LIGHTS ON","TRAFFIC SIGNAL","NONE DETECTED","NONE DETECTED","5683764E-1142-438E-86B2-B865B91FBA1A","PEDESTRIAN","Cross/Enter at Intersection","FAILURE TO OBEY TRAFFIC SIGNS SIGNALS OR OFFICER","ON ROADWAY AT CROSSWALK","Yes","SUSPECTED MINOR INJURY","NONE","39.06360167","-77.054115","    (39.06360167, -77.054115)"
"MCP24870038","230053391","Montgomery County Police","Injury Crash","09/06/2023 08:34:00 AM","County","BUDD RD","WHITES FERRY RD",,"N/A","BICYCLIST","STRAIGHT MOVEMENT ANGLE","CLEAR","DRY","DAYLIGHT","STOP SIGN","NONE DETECTED","NONE DETECTED","76E578ED-15A0-4FE6-9671-0299206E1AFA","BICYCLIST","Cross/Enter at Intersection","NO IMPROPER ACTIONS","SHOULDER","No","POSSIBLE INJURY","MC/BIKE HELMET","39.13417333","-77.40259833","    (39.13417333, -77.40259833)"
"MCP2563001P","230053355","Montgomery County Police","Fatal Crash","09/05/2023 09:24:00 PM","Maryland (State)","NEW HAMPSHIRE AVE","CROSSOVER",,"N/A","PEDESTRIAN","SINGLE VEHICLE","CLEAR","DRY","DARK NO LIGHTS","NO CONTROLS","NONE DETECTED","ALCOHOL CONTRIBUTED","305224B2-3BC3-4E9F-9E7A-9CF394FB9333","PEDESTRIAN","Standing","IN ROADWAY IMPROPERLY","ON ROADWAY NOT AT CROSSWALK","Yes","FATAL INJURY","NONE","39.0932821","-77.00101758","    (39.0932821, -77.00101758)"
"MCP2723007L","230053349","Montgomery County Police","Injury Crash","09/05/2023 08:35:00 PM","County","ASPEN HILL RD","GEORGIA AVE",,"N/A","BICYCLIST","SINGLE VEHICLE","CLEAR","DRY","DARK LIGHTS ON","STOP SIGN","NONE DETECTED","NONE DETECTED","DEAFEDC1-9095-4099-8552-C8786F70FF87","BICYCLIST","Walking/Cycling on Sidewalk","NO IMPROPER ACTIONS","SIDEWALK","No","SUSPECTED MINOR INJURY","UNKNOWN","39.08065167","-77.077415","    (39.08065167, -77.077415)"
"MCP28430025","230053334","Montgomery County Police","Injury Crash","09/05/2023 06:35:00 PM","Maryland (State)","WOODFIELD RD","ENT TO ROUTE 124 PLAZA",,"N/A","BICYCLIST","STRAIGHT MOVEMENT ANGLE","CLEAR","DRY","DAYLIGHT","N/A","NONE DETECTED","NONE DETECTED","4C05F98F-6505-4B6C-BE12-2D252EA49341","BICYCLIST","Walking/Riding against Traffic","NO IMPROPER ACTIONS","ON ROADWAY AT CROSSWALK","No","POSSIBLE INJURY","N/A","39.16155167","-77.15925167","    (39.16155167, -77.15925167)"
"DD5653002M","230053356","Rockville Police Departme","Injury Crash","09/05/2023 06:00:00 PM",,,,"SIDEWALK BESIDE  168 ROLLINS AVE, ROCKVILLE MD.",,"OTHER CONVEYANCE","STRAIGHT MOVEMENT ANGLE","CLEAR",,"DAYLIGHT","NO CONTROLS","N/A","NONE DETECTED","5DAE2EC1-C1F3-4FC8-9B50-A5588237453F","OTHER CONVEYANCE","Walking/Riding against Traffic","NO IMPROPER ACTIONS","SIDEWALK","No","SUSPECTED MINOR INJURY","NONE","39.05855949","-77.12512477","    (39.05855949, -77.12512477)"
"MCP31910045","230053327","Montgomery County Police","Injury Crash","09/05/2023 05:46:00 PM",,"JERUSALEM RD","BRIGHTWELL CROSSING LN",,"N/A","PEDESTRIAN","SAME DIR REAR END","CLEAR","DRY","DAYLIGHT","NO CONTROLS","NONE DETECTED","NONE DETECTED","1C196160-321C-4FA1-B420-4F774DD9FCC5","PEDESTRIAN","Walking/Riding w/Traffic","UNKNOWN","SHOULDER","No","SUSPECTED MINOR INJURY","NONE","39.15483883","-77.41318383","    (39.15483883, -77.41318383)"
"MCP32640040","230053217","Montgomery County Police","Injury Crash","09/05/2023 09:00:00 AM","County","BLAIR MILL RD","CO/L WASH DC LINE",,"N/A","PEDESTRIAN","OTHER","CLEAR","DRY","DAYLIGHT","STOP SIGN","NONE DETECTED","NONE DETECTED","3F94C3A5-4565-47AB-8A50-5475341225D6","PEDESTRIAN","Cross/Enter at Intersection","NO IMPROPER ACTIONS","AT INTERSECTION MARKED CROSSWALK","No","POSSIBLE INJURY","NONE","38.98997584","-77.03333046","    (38.98997584, -77.03333046)"
"MCP24200051","230053204","Montgomery County Police","Injury Crash","09/05/2023 08:00:00 AM","Maryland (State)","LAYHILL RD","LONGMEAD CROSSING DR",,"N/A","PEDESTRIAN","OTHER","CLEAR","DRY","DAYLIGHT","TRAFFIC SIGNAL","N/A","N/A","6D1E72D8-E6F6-4103-A84C-8E82DF68A98C","PEDESTRIAN","Cross/Enter at Intersection","NO IMPROPER ACTIONS","AT INTERSECTION MARKED CROSSWALK","No","SUSPECTED MINOR INJURY","NONE","39.09624017","-77.04426383","    (39.09624017, -77.04426383)"
"MCP11130052","230053209","Montgomery County Police","Injury Crash","09/05/2023 07:49:00 AM","Maryland (State)","FREDERICK RD","LITTLE SENECA PKWY",,"N/A","PEDESTRIAN","SINGLE VEHICLE","CLEAR","DRY","DAYLIGHT","TRAFFIC SIGNAL","NONE DETECTED","NONE DETECTED","A4AE1CD1-69BE-4114-A577-C80B5003F0B3","PEDESTRIAN","Cross/Enter at Intersection","DART DASH","AT INTERSECTION BUT NO CROSSWALK","Yes","SUSPECTED MINOR INJURY","NONE","39.22312425","-77.26056517","    (39.22312425, -77.26056517)"
"MCP3038006F","230053188","Montgomery County Police","Injury Crash","09/04/2023 09:00:00 PM","Maryland (State)","COLESVILLE RD","EAST WEST HWY",,"N/A","PEDESTRIAN","OTHER","CLEAR","DRY","DARK LIGHTS ON","TRAFFIC SIGNAL","UNKNOWN","NONE DETECTED","885CE063-3828-42CC-AF75-48D06342C127","PEDESTRIAN","Cross/Enter at Intersection","NO IMPROPER ACTIONS","AT INTERSECTION MARKED CROSSWALK","No","SUSPECTED MINOR INJURY","N/A","38.99358828","-77.03211329","    (38.99358828, -77.03211329)"
"MCP3039006D","230051684","Montgomery County Police","Property Damage Crash","09/03/2023 04:42:00 PM","County","SILVER SPRING AVE","MAYOR LA",,"N/A","PEDESTRIAN","OTHER","CLEAR","DRY","DAYLIGHT","NO CONTROLS","UNKNOWN","NONE DETECTED","A195D47F-CCDF-4C44-B3AE-BAFC20493785","PEDESTRIAN","Walking/Riding w/Traffic","NO IMPROPER ACTIONS","ON ROADWAY NOT AT CROSSWALK","No","NO APPARENT INJURY","NONE","38.99194245","-77.02522353","    (38.99194245, -77.02522353)"
"MCP3263003P","230052815","Montgomery County Police","Injury Crash","09/02/2023 03:45:00 PM","Maryland (State)","WISCONSIN AVE","CHELTENHAM DR",,"N/A","PEDESTRIAN","OTHER","CLEAR","DRY","DAYLIGHT","TRAFFIC SIGNAL","NONE DETECTED","NONE DETECTED","6BA8A300-A6D1-47F0-B78B-34DAE6CBE6B6","PEDESTRIAN","Cross/Enter at Intersection","NO IMPROPER ACTIONS","AT INTERSECTION MARKED CROSSWALK","No","POSSIBLE INJURY","NONE","38.98909","-77.095165","    (38.98909, -77.095165)"