"Report Number","Local Case Number","Agency Name","ACRS Report Type","Crash Date/Time","Route Type","Road Name","Cross-Street Name","Off-Road Description","Municipality","Related Non-Motorist","Collision Type","Weather","Surface Condition","Light","Traffic Control","Driver Substance Abuse","Non-Motorist Substance Abuse","Person ID","Pedestrian Type","Pedestrian Movement","Pedestrian Actions","Pedestrian Location","At Fault","Injury Severity","Safety Equipment","Latitude","Longitude","Location"
"MCP26780045","230052801","Montgomery County Police","Injury Crash","09/02/2023 12:30:00 PM","Maryland (State)","VEIRS MILL RD","EXIT ONLY FR BUSINESS",,"N/A","OTHER CONVEYANCE","STRAIGHT MOVEMENT ANGLE","CLEAR","DRY","DAYLIGHT","NO CONTROLS","NONE DETECTED","NONE DETECTED","3AFD3480-CC52-4A60-ADD9-5ACF821D2CBE","OTHER CONVEYANCE","Walking/Cycling on Sidewalk","NO IMPROPER ACTIONS","SIDEWALK","No","POSSIBLE INJURY","NONE","39.03910517","-77.05367167","    (39.03910517, -77.05367167)"
"MCP3030005J","230052692","Montgomery County Police","Injury Crash","09/01/2023 06:30:00 PM","County","SANGAMORE RD","BROOKES LA",,"N/A","PEDESTRIAN","OTHER","CLEAR","DRY","DAYLIGHT","STOP SIGN","N/A","N/A","14FFAD0B-8EA0-4579-94A0-D4DF3F028D20","PEDESTRIAN","Cross/Enter at Intersection","NO IMPROPER ACTIONS","AT INTERSECTION MARKED CROSSWALK","No","SUSPECTED MINOR INJURY","N/A","38.94859333","-77.11984833","    (38.94859333, -77.11984833)"
"MCP21590017","230052658","Montgomery County Police","Injury Crash","09/01/2023 03:23:00 PM",,,,"P-LOT OF 12988 MIDDLEBROOK RD GERMANTOWN, MD 20874",,"PEDESTRIAN","OTHER","CLEAR",,"DAYLIGHT","N/A","NONE DETECTED","NONE DETECTED","499BD280-B3F6-4554-9504-D795C3400FC5","PEDESTRIAN","Other","DART DASH","OTHER","Yes","SUSPECTED MINOR INJURY","NONE","39.18098967","-77.2701215","    (39.18098967, -77.2701215)"
"MCP24200050","230052397","Montgomery County Police","Injury Crash","08/31/2023 10:15:00 AM","Maryland (State)","NEW HAMPSHIRE AVE","SPENCERVILLE RD",,"N/A","BICYCLIST","OTHER","CLEAR","DRY","DAYLIGHT","NO CONTROLS","NONE DETECTED","N/A","B572D316-14E4-4365-9668-E6E40EDA2590","BICYCLIST","Walking/Riding w/Traffic","NO IMPROPER ACTIONS","OTHER","No","SUSPECTED MINOR INJURY","MC/BIKE HELMET","39.120183","-76.98884333","    (39.120183, -76.98884333)"
"MCP1227001Z","230052338","Montgomery County Police","Fatal Crash","08/30/2023 09:49:00 PM","Maryland (State)","FREDERICK RD","GUNNERS BRANCH RD",,"N/A","BICYCLIST","OTHER","CLEAR","DRY","DARK LIGHTS ON","NO CONTROLS","NONE DETECTED","NONE DETECTED","8A3A2657-5153-4BCF-A403-725C42EE1639","BICYCLIST","Cross/Enter at Intersection","NO IMPROPER ACTIONS","ON ROADWAY AT CROSSWALK","No","FATAL INJURY","NONE","39.17841174","-77.23859705","    (39.17841174, -77.23859705)"
"DD5527004T","230052328","Rockville Police Departme","Injury Crash","08/30/2023 09:00:00 PM",,,,"PARKING LOT OF 845 ROCKVILLE PIKE ROCKVILLE MD 20850",,"PEDESTRIAN","OTHER","CLEAR",,"DARK LIGHTS ON","NO CONTROLS","NONE DETECTED","NONE DETECTED","AE77CAC0-C950-4727-8351-501633D3A516","PEDESTRIAN","Cross/Enter not at Intersection","NO IMPROPER ACTIONS","ON ROADWAY NOT AT CROSSWALK","No","POSSIBLE INJURY","NONE","39.07432118","-77.13761745","    (39.07432118, -77.13761745)"
"DD5527004T","230052328","Rockville Police Departme","Injury Crash","08/30/2023 09:00:00 PM",,,,"PARKING LOT OF 845 ROCKVILLE PIKE ROCKVILLE MD 20850",,"PEDESTRIAN","OTHER","CLEAR",,"DARK LIGHTS ON","NO CONTROLS","NONE DETECTED","NONE DETECTED","48E19622-A231-4505-8A89-77F642A45219","PEDESTRIAN","Cross/Enter not at Intersection","NO IMPROPER ACTIONS","ON ROADWAY NOT AT CROSSWALK","No","NO APPARENT INJURY","NONE","39.07432118","-77.13761745","    (39.07432118, -77.13761745)"
"MCP26080058","230052260","Montgomery County Police","Property Damage Crash","08/30/2023 03:30:00 PM","County","COLONY RD","NORTHAMPTON DR",,"N/A","PEDESTRIAN","STRAIGHT MOVEMENT ANGLE","CLEAR","DRY","DAYLIGHT","NO CONTROLS","N/A","N/A","0713FCF3-3EEF-4179-938E-4D0D372A96BE","PEDESTRIAN","Cross/Enter at Intersection","DART DASH","AT INTERSECTION BUT NO CROSSWALK","Unknown","NO APPARENT INJURY","NONE","39.0075552","-76.98384145","    (39.0075552, -76.98384145)"
"EJ78950048","230052191","Gaithersburg Police Depar","Injury Crash","08/30/2023 11:35:00 AM",,,,"SIDEWALK/CROSSWALK ENTRANCE TO 16 EAST DIAMOND AVENUE",,"OTHER","STRAIGHT MOVEMENT ANGLE","CLEAR",,"DAYLIGHT","NO CONTROLS","NONE DETECTED","NONE DETECTED","4D1B1B5E-F1B3-419A-B57B-4AC58C4CBDC0","OTHER","Cross/Enter at Intersection","FAILURE TO YIELD RIGHT OF WAY","SIDEWALK","Yes","SUSPECTED MINOR INJURY","NONE","39.1417919","-77.19725347","    (39.1417919, -77.19725347)"
"MCP1433005C","230052076","Montgomery County Police","Injury Crash","08/29/2023 07:15:00 PM","Maryland (State)","ROCKVILLE PIKE","ENT TO FEDERAL PLAZA S.C.",,"N/A","PEDESTRIAN","OTHER","CLEAR","DRY","DAYLIGHT","TRAFFIC SIGNAL","UNKNOWN","NONE DETECTED","42E321BD-50FE-4ADE-B071-01E4F22BCBEB","PEDESTRIAN","Cross/Enter at Intersection","NO IMPROPER ACTIONS","ON ROADWAY AT CROSSWALK","No","POSSIBLE INJURY","NONE","39.05738374","-77.1204141","    (39.05738374, -77.1204141)"
"MCP2752005R","230052025","Montgomery County Police","Injury Crash","08/29/2023 03:30:00 PM","County","FALLS BRIDGE LA","HALL RD",,"N/A","PEDESTRIAN","SINGLE VEHICLE","CLOUDY","DRY","DAYLIGHT","NO CONTROLS","NONE DETECTED","N/A","B7D9105A-43C8-44BF-8F3F-A5EBF982F27E","PEDESTRIAN","Walking/Riding w/Traffic","NO IMPROPER ACTIONS","OUTSIDE RIGHT OF WAY","No","POSSIBLE INJURY","NONE","38.99188667","-77.0979","    (38.99188667, -77.0979)"
"MCP9419004R","230052006","Montgomery County Police","Injury Crash","08/29/2023 02:00:00 PM",,,,"VEIP TESTING CENTER
15910 CHIEFTAIN AVE
DERWOOD MD 20855",,"OTHER","SAME DIR REAR END","CLEAR",,"DAYLIGHT","N/A",,"NONE DETECTED","EEB1D2F0-0139-453B-8321-D30FC01D3FB7","OTHER","Other","OTHER","INSIDE BUILDING","No","POSSIBLE INJURY","NONE","39.118105","-77.16199333","    (39.118105, -77.16199333)"
"MCP3080003Q","230051913","Montgomery County Police","Injury Crash","08/28/2023 03:22:00 PM",,,,"PARKING LOT OF WALMART LOCATED AT 20910 FREDERICK RD",,"PEDESTRIAN","OTHER","CLEAR",,"DAYLIGHT","N/A","NONE DETECTED","NONE DETECTED","967E9BC7-FC77-402D-AD2E-CC0E5060D85F","PEDESTRIAN","Cross/Enter not at Intersection","UNKNOWN","ON ROADWAY AT CROSSWALK","Unknown","POSSIBLE INJURY","NONE","39.19838897","-77.25139036","    (39.19838897, -77.25139036)"
"MCP24370053","230051700","Montgomery County Police","Injury Crash","08/27/2023 06:00:00 PM","Ramp","RAMP 2 FR MD 927 WB TO IS 270 NB","MONTROSE RD",,"N/A","PEDESTRIAN","SAME DIR REAR END","CLOUDY","DRY","DAYLIGHT","NO CONTROLS","NONE DETECTED","NONE DETECTED","9ADFF870-E53E-4CB7-99C3-61E3E089BB30","PEDESTRIAN","Standing","NO IMPROPER ACTIONS","SIDEWALK","No","NO APPARENT INJURY","NONE","39.05616633","-77.15208733","    (39.05616633, -77.15208733)"
"MCP241100BX","230051632","Montgomery County Police","Injury Crash","08/27/2023 12:05:00 PM","County","LAUDERDALE DR","RANDOLPH RD",,"N/A","PEDESTRIAN","STRAIGHT MOVEMENT ANGLE","CLEAR","DRY","DAYLIGHT","TRAFFIC SIGNAL","NONE DETECTED","NONE DETECTED","E787D543-6F2B-4DCE-BE55-6E7A35533411","PEDESTRIAN","Cross/Enter at Intersection","NO IMPROPER ACTIONS","ON ROADWAY AT CROSSWALK","No","SUSPECTED MINOR INJURY","NONE","39.05369369","-77.10415416","    (39.05369369, -77.10415416)"
"MCP3201004H","230051628","Montgomery County Police","Injury Crash","08/27/2023 11:54:00 AM","Maryland (State)","GERMANTOWN RD","DAWSON FARM RD",,"N/A","BICYCLIST","OTHER","CLEAR","DRY","DAYLIGHT","TRAFFIC SIGNAL","NONE DETECTED","NONE DETECTED","4828E8E1-D005-4738-811A-C91303A279F0","BICYCLIST","Cross/Enter at Intersection","NO IMPROPER ACTIONS","ON ROADWAY AT CROSSWALK","No","SUSPECTED MINOR INJURY","MC/BIKE HELMET","39.17168167","-77.276875","    (39.17168167, -77.276875)"
"MCP3254003C","230051643","Montgomery County Police","Injury Crash","08/26/2023 09:20:00 PM","County","CRYSTAL ROCK DR","FATHER HURLEY BLVD",,"N/A","OTHER","SINGLE VEHICLE","CLEAR","DRY","DARK LIGHTS ON","TRAFFIC SIGNAL","N/A","N/A","B7E2DCF1-5375-41E7-BE76-582DAAB99C9F","OTHER","Cross/Enter at Intersection","NO IMPROPER ACTIONS","ON ROADWAY AT CROSSWALK","No","SUSPECTED MINOR INJURY","MC/BIKE HELMET","39.19362017","-77.27031762","    (39.19362017, -77.27031762)"
"MCP3010008M","230051440","Montgomery County Police","Injury Crash","08/26/2023 09:23:00 AM","County","NICHOLSON LA","WOODGLEN DR",,"N/A","PEDESTRIAN","HEAD ON LEFT TURN","CLEAR","DRY","DAYLIGHT","TRAFFIC SIGNAL","N/A","N/A","6085C969-122F-4BDB-AD94-40CC6B8D4B26","PEDESTRIAN","Cross/Enter at Intersection","NO IMPROPER ACTIONS","ON ROADWAY AT CROSSWALK","Unknown","SUSPECTED MINOR INJURY","NONE","39.04479","-77.11328333","    (39.04479, -77.11328333)"
"MCP3360000R","230051437","Montgomery County Police","Injury Crash","08/26/2023 09:16:00 AM","County","WATKINS MILL RD","CLUB LAKE RD",,"N/A","PEDESTRIAN","SINGLE VEHICLE","CLEAR","DRY","DAYLIGHT","OTHER","NONE DETECTED","NONE DETECTED","06B5AEFC-4174-408E-8EEB-53CE57502FB4","PEDESTRIAN","Cross/Enter not at Intersection","NO IMPROPER ACTIONS","ON ROADWAY AT CROSSWALK","No","SUSPECTED SERIOUS INJURY","NONE","39.17692667","-77.20998","    (39.17692667, -77.20998)"
"MCP93180032","230051353","Montgomery County Police","Property Damage Crash","08/25/2023 06:46:00 PM",,,,"SIDEWALK/DRIVEWAY OF 10753 COLUMBIA PIKE",,"OTHER","SINGLE VEHICLE","CLEAR",,"DAYLIGHT","N/A","UNKNOWN","NONE DETECTED","C137B5D7-0C47-4078-A12A-C5B387A34E6C","OTHER","Other","UNKNOWN","SIDEWALK","Unknown","NO APPARENT INJURY","N/A","39.03193298","-77.00392855","    (39.03193298, -77.00392855)"
"MCP2466004G","230051305","Montgomery County Police","Injury Crash","08/25/2023 03:01:00 PM","County","PEBBLEWOOD PL","CUL DE SAC",,"N/A","PEDESTRIAN","SINGLE VEHICLE","CLEAR","DRY","DAYLIGHT","NO CONTROLS","NONE DETECTED","UNKNOWN","1EC3E8BF-92C3-40BA-A9B5-FA92E2F8ED5B","PEDESTRIAN","Other","IN ROADWAY IMPROPERLY","ON ROADWAY NOT AT CROSSWALK","Unknown","SUSPECTED MINOR INJURY","UNKNOWN","39.09403105","-77.22038914","    (39.09403105, -77.22038914)"
"MCP32180048","230051308","Montgomery County Police","Injury Crash","08/25/2023 02:57:00 PM","County","VALLEYWOOD DR","VEIRS MILL RD",,"N/A","PEDESTRIAN","OTHER","CLEAR","DRY","DAYLIGHT","OTHER","NONE DETECTED","NONE DETECTED","AD4ABFEA-A923-4109-8E8F-C8FBD8FFB14C","PEDESTRIAN","Cross/Enter at Intersection","UNKNOWN","ON ROADWAY AT CROSSWALK","No","SUSPECTED MINOR INJURY","NONE","39.049582","-77.07090017","    (39.049582, -77.07090017)"
"MCP3193004R","230051140","Montgomery County Police","Injury Crash","08/24/2023 05:30:00 PM","County","DAYTON ST","UNIVERSITY BLVD W",,"N/A","BICYCLIST","STRAIGHT MOVEMENT ANGLE","CLEAR","DRY","DAYLIGHT","STOP SIGN","NONE DETECTED","NONE DETECTED","EFB17E70-8239-4515-9E47-2FFDE98BB608","BICYCLIST","Cross/Enter at Intersection","N/A","ON ROADWAY AT CROSSWALK","No","POSSIBLE INJURY","NONE","39.03890333","-77.04187667","    (39.03890333, -77.04187667)"
"MCP2853008Z","230050926","Montgomery County Police","Injury Crash","08/23/2023 04:26:00 PM","Maryland (State)","UNIVERSITY BLVD W","SUTHERLAND RD",,"N/A","PEDESTRIAN","OTHER","CLEAR","DRY","DAYLIGHT","NO CONTROLS","N/A","N/A","BDCF0F23-7BBB-45A4-9DA8-216572209167","PEDESTRIAN","Cross/Enter not at Intersection","FAILURE TO YIELD RIGHT OF WAY","OUTSIDE RIGHT OF WAY","Yes","SUSPECTED MINOR INJURY","NONE","39.02063667","-77.015965","    (39.02063667, -77.015965)"
"MCP3244002M","230050907","Montgomery County Police","Injury Crash","08/23/2023 02:05:00 PM","County","WAYNE AVE","GEORGIA AVE",,"N/A","BICYCLIST","STRAIGHT MOVEMENT ANGLE","CLEAR","DRY","DAYLIGHT","TRAFFIC SIGNAL","NONE DETECTED","NONE DETECTED","5E5AA456-E696-4DF2-8672-AF73D87D2991","BICYCLIST","Cross/Enter at Intersection","FAILURE TO YIELD RIGHT OF WAY","ON ROADWAY AT CROSSWALK","Yes","POSSIBLE INJURY","NONE","38.994404","-77.02668717","    (38.994404, -77.02668717)"
"MCP2503001H","230050612","Montgomery County Police","Injury Crash","08/21/2023 09:23:00 PM","Maryland (State)","FREDERICK RD","KING FARM BLVD",,"ROCKVILLE","PEDESTRIAN","SINGLE VEHICLE","CLEAR","DRY","DARK LIGHTS ON","TRAFFIC SIGNAL","NONE DETECTED","N/A","989DEA05-F114-4114-9D25-28F84504F088","PEDESTRIAN","Cross/Enter at Intersection","FAILURE TO YIELD RIGHT OF WAY","ON ROADWAY AT CROSSWALK","Yes","POSSIBLE INJURY","N/A","39.11718167","-77.16909","    (39.11718167, -77.16909)"
"MCP3169005X","230050540","Montgomery County Police","Injury Crash","08/21/2023 02:47:00 PM","US (State)","GEORGIA AVE","BURLINGTON AVE",,"N/A","PEDESTRIAN","OTHER","CLEAR","DRY","DAYLIGHT","TRAFFIC SIGNAL","N/A","N/A","56172F7C-4AD7-4B47-9B9F-A6D58EDA76BD","PEDESTRIAN","Cross/Enter at Intersection","NO IMPROPER ACTIONS","AT INTERSECTION MARKED CROSSWALK","No","SUSPECTED MINOR INJURY","NONE","38.987078","-77.026701","    (38.987078, -77.026701)"
"MCP26500016","230050435","Montgomery County Police","Injury Crash","08/20/2023 09:26:00 PM","County","HILLANDALE RD","BRADLEY BLVD",,"N/A","PEDESTRIAN","SINGLE VEHICLE","CLEAR","DRY","DARK LIGHTS ON","TRAFFIC SIGNAL","NONE DETECTED","NONE DETECTED","40E0881A-7D2D-414E-8A63-0CE960474748","PEDESTRIAN","Cross/Enter at Intersection","NO IMPROPER ACTIONS","ON ROADWAY AT CROSSWALK","No","SUSPECTED MINOR INJURY","N/A","38.9778","-77.09670833","    (38.9778, -77.09670833)"
"MCP26500016","230050435","Montgomery County Police","Injury Crash","08/20/2023 09:26:00 PM","County","HILLANDALE RD","BRADLEY BLVD",,"N/A","PEDESTRIAN","SINGLE VEHICLE","CLEAR","DRY","DARK LIGHTS ON","TRAFFIC SIGNAL","NONE DETECTED","NONE DETECTED","A5F0342C-BD90-4ECF-9364-A892B7ED4FAD","PEDESTRIAN","Cross/Enter at Intersection","NO IMPROPER ACTIONS","AT INTERSECTION MARKED CROSSWALK","No","SUSPECTED MINOR INJURY","N/A","38.9778","-77.09670833","    (38.9778, -77.09670833)"
"MCP2516004C","230050372","Montgomery County Police","Injury Crash","08/20/2023 01:34:00 PM","County","WATERS RD","WISTERIA DR",,"N/A","OTHER","SINGLE VEHICLE","CLEAR","DRY","DAYLIGHT","NO CONTROLS","NONE DETECTED","N/A","7D28879A-01FF-4039-9C4E-496381A4F6AC","OTHER","N/A","N/A","N/A","No","NO APPARENT INJURY","N/A","39.17790703","-77.27273186","    (39.17790703, -77.27273186)"
"MCP2708008D","230050302","Montgomery County Police","Property Damage Crash","08/19/2023 09:54:00 PM","Maryland (State)","UNIVERSITY BLVD E","ENT TO BUSINESS",,"N/A","PEDESTRIAN","STRAIGHT MOVEMENT ANGLE","CLEAR","DRY","DARK LIGHTS ON","NO CONTROLS","UNKNOWN","NONE DETECTED","D56C33CE-9EB8-40CB-AB16-500407C45F2F","PEDESTRIAN","Other","NO IMPROPER ACTIONS","SIDEWALK","No","NO APPARENT INJURY","N/A","39.00002827","-76.99580421","    (39.00002827, -76.99580421)"
"MCP9301004L","230050284","Montgomery County Police","Injury Crash","08/19/2023 08:00:00 PM","Maryland (State)","W DIAMOND AVE","BUREAU DR",,"GAITHERSBURG","BICYCLIST","OTHER","N/A","DRY","DARK LIGHTS ON","TRAFFIC SIGNAL","N/A","N/A","F03757DD-014A-4723-852E-9187E9283F26","BICYCLIST","Walking/Riding against Traffic","IN ROADWAY IMPROPERLY","ON ROADWAY AT CROSSWALK","Yes","SUSPECTED MINOR INJURY","NONE","39.14180941","-77.21738014","    (39.14180941, -77.21738014)"
"MCP28980042","23050265","Montgomery County Police","Property Damage Crash","08/19/2023 04:07:00 PM",,,,"PARKING LOT OF 19721 FREDERICK RD GERMANTOWN MD",,"BICYCLIST","STRAIGHT MOVEMENT ANGLE","CLEAR",,"DAYLIGHT","NO CONTROLS","N/A","N/A","5DB74E8C-6540-4BE6-A934-28A43765D307","BICYCLIST","Cross/Enter not at Intersection","NO IMPROPER ACTIONS","OTHER","No","NO APPARENT INJURY","NONE","39.18009667","-77.23659333","    (39.18009667, -77.23659333)"
"EJ7875003N","230049988","Gaithersburg Police Depar","Injury Crash","08/17/2023 07:20:00 PM",,,,"PARKING LOT OF 394 W DEER PARK ROAD",,"PEDESTRIAN","OTHER","CLEAR",,"DAYLIGHT","N/A","UNKNOWN","N/A","90414F24-61BC-4774-81F3-B76720EAE0C9","PEDESTRIAN","Other","OTHER","OTHER","No","POSSIBLE INJURY","OTHER","39.12925274","-77.20170906","    (39.12925274, -77.20170906)"
"MCP2782004S","230049980","Montgomery County Police","Injury Crash","08/17/2023 06:39:00 PM","Maryland (State)","GEORGIA AVE","KAYSON ST",,"N/A","PEDESTRIAN","STRAIGHT MOVEMENT ANGLE","CLEAR","DRY","DAYLIGHT","NO CONTROLS","NONE DETECTED","NONE DETECTED","35176F48-0551-4E4A-A265-87FF8D7CAEAA","PEDESTRIAN","Unknown","NO IMPROPER ACTIONS","SIDEWALK","No","SUSPECTED MINOR INJURY","NONE","39.070845","-77.06336667","    (39.070845, -77.06336667)"
"MCP2723007G","230049438","Montgomery County Police","Injury Crash","08/15/2023 08:00:00 AM","Maryland (State)","VEIRS MILL RD","FIRST ST",,"N/A","PEDESTRIAN","SINGLE VEHICLE","UNKNOWN","UNKNOWN","DAYLIGHT","TRAFFIC SIGNAL","UNKNOWN","NONE DETECTED","CB2EB8A4-AC53-4343-9013-DCE3187E54BD","PEDESTRIAN","Cross/Enter at Intersection","UNKNOWN","ON ROADWAY AT CROSSWALK","Unknown","SUSPECTED SERIOUS INJURY","UNKNOWN","39.07990316","-77.13781415","    (39.07990316, -77.13781415)"
"MCP3000004H","230049481","Montgomery County Police","Injury Crash","08/14/2023 08:18:00 PM","County","CHARITY LA","RIFFLE FORD RD",,"N/A","PEDESTRIAN","OTHER","CLEAR","DRY","DARK LIGHTS ON","NO CONTROLS","NONE DETECTED","NONE DETECTED","283737AE-5177-4E6A-A7C3-6237E13675A6","PEDESTRIAN","Walking/Riding w/Traffic","NO IMPROPER ACTIONS","SHARED USE PATH OR TRAILS","No","POSSIBLE INJURY","NONE","39.1463255","-77.28766933","    (39.1463255, -77.28766933)"
"DD5623002L","230049468","Rockville Police Departme","Injury Crash","08/14/2023 07:10:00 PM","Maryland (State)","FIRST ST","BALTIMORE RD",,"ROCKVILLE","OTHER CONVEYANCE","SAME DIRECTION LEFT TURN","CLEAR","DRY","DAYLIGHT","TRAFFIC SIGNAL","NONE DETECTED","NONE DETECTED","8BC52E04-3F1D-4102-BE70-A2F235E3ADC1","OTHER CONVEYANCE","Cross/Enter at Intersection","NO IMPROPER ACTIONS","ON ROADWAY AT CROSSWALK","No","SUSPECTED MINOR INJURY","MC/BIKE HELMET","39.08455193","-77.13617105","    (39.08455193, -77.13617105)"
"MCP1354001W","230049412","Montgomery County Police","Injury Crash","08/14/2023 01:50:00 PM",,,,"PARKING LOT OF 11720 ROCKVILLE PIKE",,"PEDESTRIAN","STRAIGHT MOVEMENT ANGLE","CLEAR",,"DAYLIGHT","N/A","UNKNOWN","NONE DETECTED","6216C4CB-447D-417E-9904-76142B46DF36","PEDESTRIAN","Walking/Cycling on Sidewalk","NO IMPROPER ACTIONS","ON ROADWAY AT CROSSWALK","No","SUSPECTED MINOR INJURY","NONE","39.04894333","-77.11410333","    (39.04894333, -77.11410333)"
"MCP3010008K","230049242","Montgomery County Police","Injury Crash","08/13/2023 12:07:00 PM",,,,"PARKING LOT OF 4860 BOILING BROOK PKWY",,"BICYCLIST","STRAIGHT MOVEMENT ANGLE","CLEAR",,"DAYLIGHT","NO CONTROLS","N/A","N/A","19E2FCBE-B374-48A1-8B01-B631EE5765B1","BICYCLIST","Cross/Enter at Intersection","NO IMPROPER ACTIONS","OTHER","No","NO APPARENT INJURY","MC/BIKE HELMET","39.04679333","-77.099845","    (39.04679333, -77.099845)"
"MCP3010008K","230049242","Montgomery County Police","Injury Crash","08/13/2023 12:07:00 PM",,,,"PARKING LOT OF 4860 BOILING BROOK PKWY",,"BICYCLIST","STRAIGHT MOVEMENT ANGLE","CLEAR",,"DAYLIGHT","NO CONTROLS","N/A","N/A","F98B11A1-3F4B-4F7C-9515-DC0D33E139EE","BICYCLIST","Other","NO IMPROPER ACTIONS","OTHER","No","SUSPECTED MINOR INJURY","MC/BIKE HELMET","39.04679333","-77.099845","    (39.04679333, -77.099845)"
"MCP22030074","230049162","Montgomery County Police","Injury Crash","08/12/2023 05:25:00 PM","Maryland (State)","UNIVERSITY BLVD W","SLIGO CREEK PKWY",,"N/A","OTHER","SAME DIR REAR END","CLEAR","DRY","DAYLIGHT","N/A","NONE DETECTED","NONE DETECTED","E282183A-10E3-4549-958D-40EED77809FE","OTHER","Push/Work on Vehicle","NO IMPROPER ACTIONS","OTHER","No","SUSPECTED MINOR INJURY","N/A","39.03648167","-77.03006467","    (39.03648167, -77.03006467)"
"MCP22030074","230049162","Montgomery County Police","Injury Crash","08/12/2023 05:25:00 PM","Maryland (State)","UNIVERSITY BLVD W","SLIGO CREEK PKWY",,"N/A","OTHER","SAME DIR REAR END","CLEAR","DRY","DAYLIGHT","N/A","NONE DETECTED","NONE DETECTED","C3FC22A9-C76D-43C1-970D-8342136E3A22","OTHER","Push/Work on Vehicle","NO IMPROPER ACTIONS","OTHER","No","SUSPECTED MINOR INJURY","N/A","39.03648167","-77.03006467","    (39.03648167, -77.03006467)"
"MCP14330058","230048991","Montgomery County Police","Injury Crash","08/11/2023 07:20:00 PM","County","BOU AVE","CHAPMAN AVE",,"N/A","OTHER CONVEYANCE","OTHER","CLEAR","DRY","DAYLIGHT","STOP SIGN","NONE DETECTED","NONE DETECTED","AC70CD0C-0697-47B0-BAD3-68FB87BC35F9","OTHER CONVEYANCE","Cross/Enter at Intersection","NO IMPROPER ACTIONS","AT INTERSECTION MARKED CROSSWALK","No","SUSPECTED MINOR INJURY","NONE","39.0574964","-77.11648071","    (39.0574964, -77.11648071)"
"MCP3080003N","230048977","Montgomery County Police","Injury Crash","08/11/2023 06:20:00 PM",,"STILT ST","FULMER AVE",,"N/A","BICYCLIST","OTHER","CLEAR","DRY","DAYLIGHT","NO CONTROLS","N/A","N/A","82BA7200-87BB-43E7-BDCB-7AF8B0F77C96","BICYCLIST","Walking/Riding against Traffic","NO IMPROPER ACTIONS","ON ROADWAY NOT AT CROSSWALK","Yes","SUSPECTED MINOR INJURY","MC/BIKE HELMET","39.2195385","-77.2905295","    (39.2195385, -77.2905295)"
"EJ7879003C","230048975","Gaithersburg Police Depar","Injury Crash","08/11/2023 06:00:00 PM",,,,"1 N SUMMIT DRIVE",,"PEDESTRIAN","SINGLE VEHICLE","CLEAR",,"DAYLIGHT","NO CONTROLS","NONE DETECTED","NONE DETECTED","1BEB4A89-BB27-4E48-BDAC-C321435D71E3","PEDESTRIAN","Cross/Enter at Intersection","INATTENTIVE","ON ROADWAY NOT AT CROSSWALK","Unknown","POSSIBLE INJURY","NONE","39.14587303","-77.19194047","    (39.14587303, -77.19194047)"
"MCP3200008Y","230048950","Montgomery County Police","Injury Crash","08/11/2023 01:10:00 PM","County","SLIGO AVE","CHICAGO AVE",,"N/A","OTHER CONVEYANCE","OTHER","CLEAR","DRY","DAYLIGHT","UNKNOWN","UNKNOWN","NONE DETECTED","393AA3D8-F121-42D6-A259-28088DB9028E","OTHER CONVEYANCE","Unknown","UNKNOWN","UNKNOWN","Unknown","SUSPECTED MINOR INJURY","NONE","38.99013729","-77.01976111","    (38.99013729, -77.01976111)"
"MCP2586006F","230048634","Montgomery County Police","Injury Crash","08/09/2023 06:17:00 PM","Maryland (State)","CLOPPER RD","MATENEY RD",,"N/A","BICYCLIST","STRAIGHT MOVEMENT ANGLE","CLEAR","DRY","DAYLIGHT","TRAFFIC SIGNAL","NONE DETECTED","NONE DETECTED","B4F7BE19-08A6-4B51-A041-B69009D06DE5","BICYCLIST","Cross/Enter at Intersection","NO IMPROPER ACTIONS","AT INTERSECTION MARKED CROSSWALK","No","POSSIBLE INJURY","MC/BIKE HELMET","39.15662047","-77.26643723","    (39.15662047, -77.26643723)"
"MCP3353001G","230048526","Montgomery County Police","Injury Crash","08/09/2023 10:01:00 AM","County","LLOYDMINSTER DR","FALCONBRIDGE TERR",,"N/A","PEDESTRIAN","SINGLE VEHICLE","N/A","N/A","DAYLIGHT","STOP SIGN","N/A","N/A","5524CD55-82ED-4443-9B75-DC956FFA5E8D","PEDESTRIAN","Walking/Riding against Traffic","NO IMPROPER ACTIONS","ON ROADWAY AT CROSSWALK","No","SUSPECTED MINOR INJURY","N/A","39.10661233","-77.26357183","    (39.10661233, -77.26357183)"
"MCP3353001G","230048526","Montgomery County Police","Injury Crash","08/09/2023 10:01:00 AM","County","LLOYDMINSTER DR","FALCONBRIDGE TERR",,"N/A","PEDESTRIAN","SINGLE VEHICLE","N/A","N/A","DAYLIGHT","STOP SIGN","N/A","N/A","8F0BCDAF-DE1D-4C98-82CF-2013A609DE54","PEDESTRIAN","Walking/Riding against Traffic","NO IMPROPER ACTIONS","ON ROADWAY AT CROSSWALK","No","NO APPARENT INJURY","N/A","39.10661233","-77.26357183","    (39.10661233, -77.26357183)"
"MCP3238002K","230048389","Montgomery County Police","Property Damage Crash","08/08/2023 12:43:00 PM","Maryland (State)","COLESVILLE RD","GEORGIA AVE",,"N/A","PEDESTRIAN","N/A","CLEAR","DRY","DAYLIGHT","NO CONTROLS","NONE DETECTED","NONE DETECTED","981FD729-F895-4369-89F5-D80C09A2D8FE","PEDESTRIAN","Other","OTHER","SIDEWALK","No","NO APPARENT INJURY","NONE","38.99574233","-77.02836717","    (38.99574233, -77.02836717)"
"MCP3296001Z","230048305","Montgomery County Police","Injury Crash","08/07/2023 08:30:00 PM",,,,"PARKING LOT OF 3904 BLACKBURN LN",,"PEDESTRIAN","SINGLE VEHICLE","RAINING",,"DARK NO LIGHTS","NO CONTROLS","NONE DETECTED","NONE DETECTED","A0485B46-CD81-4D38-AA6D-261B8F0CD36F","PEDESTRIAN","Cross/Enter not at Intersection","NOT VISIBLE","ON ROADWAY NOT AT CROSSWALK","Yes","POSSIBLE INJURY","NONE","39.10491217","-76.93036733","    (39.10491217, -76.93036733)"
"MCP291400DY","230048159","Montgomery County Police","Injury Crash","08/07/2023 05:07:00 AM","County","FENTON ST","KING ST",,"N/A","PEDESTRIAN","OTHER","CLEAR","WET","DARK LIGHTS ON","NO CONTROLS","N/A","ILLEGAL DRUG CONTRIBUTED","7B32573B-F9C9-40B5-8BD4-581DBD5F9FDF","PEDESTRIAN","Unknown","UNKNOWN","UNKNOWN","Yes","SUSPECTED SERIOUS INJURY","NONE","38.98759297","-77.02346754","    (38.98759297, -77.02346754)"