"Report Number","Local Case Number","Agency Name","ACRS Report Type","Crash Date/Time","Route Type","Road Name","Cross-Street Name","Off-Road Description","Municipality","Related Non-Motorist","Collision Type","Weather","Surface Condition","Light","Traffic Control","Driver Substance Abuse","Non-Motorist Substance Abuse","Person ID","Pedestrian Type","Pedestrian Movement","Pedestrian Actions","Pedestrian Location","At Fault","Injury Severity","Safety Equipment","Latitude","Longitude","Location"
"MCP3193004N","230031612","Montgomery County Police","Property Damage Crash","07/02/2023 07:20:00 PM","Maryland (State)","UNIVERSITY BLVD W","AMHERST AVE",,"N/A","BICYCLIST","OTHER","CLEAR","DRY","DAYLIGHT","NO CONTROLS","NONE DETECTED","NONE DETECTED","49C06472-24B2-4959-A297-B7A54C09FDDA","BICYCLIST","Walking/Cycling on Sidewalk","N/A","SIDEWALK","No","NO APPARENT INJURY","NONE","39.04115333","-77.04706333","    (39.04115333, -77.04706333)"
"MCP2592002W","230031578","Montgomery County Police","Injury Crash","07/02/2023 02:18:00 PM",,,,"PARKING LOT OF 9701 FIELDS ROAD (WASHINGTONIAN TOWERS)",,"PEDESTRIAN","SINGLE VEHICLE","CLEAR",,"DAYLIGHT","NO CONTROLS",,"ALCOHOL PRESENT","94FBCC3B-35CF-4A2C-9719-2A147AFC3004","PEDESTRIAN","Other","NO IMPROPER ACTIONS","OTHER","Unknown","SUSPECTED SERIOUS INJURY","NONE","39.11520892","-77.19959934","    (39.11520892, -77.19959934)"
"MCP30370055","230031471","Montgomery County Police","Injury Crash","07/01/2023 05:17:00 PM","County","WAYFARER RD","WATKINS MEADOW DR",,"N/A","PEDESTRIAN","OTHER","CLEAR","DRY","DAYLIGHT","NO CONTROLS","NONE DETECTED","NONE DETECTED","5286716A-6302-4178-8A9E-E5C4B2321BF3","PEDESTRIAN","Walking/Riding w/Traffic","NO IMPROPER ACTIONS","ON ROADWAY NOT AT CROSSWALK","No","SUSPECTED MINOR INJURY","NONE","39.19534443","-77.22423398","    (39.19534443, -77.22423398)"
"MCP3196003R","230030996","Montgomery County Police","Injury Crash","06/28/2023 10:28:00 PM",,,,"IN FRONT OF 12935 PICKERING DR, GERMANTOWN, MARYLAND",,"PEDESTRIAN","SINGLE VEHICLE","N/A",,"UNKNOWN","N/A","NONE DETECTED","NONE DETECTED","66A6452A-CD8C-4C89-B2E5-92F4C780EE0F","PEDESTRIAN","Standing","N/A","N/A","No","SUSPECTED MINOR INJURY","N/A","39.18700149","-77.26906354","    (39.18700149, -77.26906354)"
"MCP295200DT","230030880","Montgomery County Police","Injury Crash","06/28/2023 10:47:00 AM","Maryland (State)","EAST WEST HWY","COLESVILLE RD",,"N/A","PEDESTRIAN","SINGLE VEHICLE","CLOUDY","DRY","DAYLIGHT","TRAFFIC SIGNAL","NONE DETECTED","NONE DETECTED","3DA635D7-64A5-4873-85D4-51E41A1E884C","PEDESTRIAN","Cross/Enter at Intersection","NO IMPROPER ACTIONS","ON ROADWAY AT CROSSWALK","No","POSSIBLE INJURY","N/A","38.99377984","-77.03230618","    (38.99377984, -77.03230618)"
"MCP3068004W","230030764","Montgomery County Police","Injury Crash","06/27/2023 04:00:00 PM","Maryland (State)","WISCONSIN AVE","MONTGOMERY AVE",,"N/A","PEDESTRIAN","HEAD ON LEFT TURN","RAINING","WET","DAYLIGHT","TRAFFIC SIGNAL","N/A","N/A","F851298A-DB4B-4318-B3F2-57AFE6105407","PEDESTRIAN","Cross/Enter at Intersection","NO IMPROPER ACTIONS","ON ROADWAY AT CROSSWALK","No","SUSPECTED MINOR INJURY","NONE","38.98400983","-77.0940415","    (38.98400983, -77.0940415)"
"DD5643002V","230030322","Rockville Police Departme","Injury Crash","06/24/2023 10:50:00 PM","Municipality","MONROE ST","E JEFFERSON ST",,"N/A","OTHER, PEDESTRIAN","OTHER","CLEAR","DRY","DARK LIGHTS ON","TRAFFIC SIGNAL","NONE DETECTED","UNKNOWN","AC61CBD1-47DE-464C-AA34-3E7FEE83AA50","PEDESTRIAN","Cross/Enter at Intersection","DART DASH","OUTSIDE RIGHT OF WAY","Yes","SUSPECTED MINOR INJURY","N/A","39.08198033","-77.14913469","    (39.08198033, -77.14913469)"
"DD5643002V","230030322","Rockville Police Departme","Injury Crash","06/24/2023 10:50:00 PM","Municipality","MONROE ST","E JEFFERSON ST",,"N/A","OTHER, PEDESTRIAN","OTHER","CLEAR","DRY","DARK LIGHTS ON","TRAFFIC SIGNAL","NONE DETECTED","N/A","A2AB0E6C-AD55-49E1-A114-1B86B5285AC8","OTHER","N/A","N/A","N/A","No","NO APPARENT INJURY","N/A","39.08198033","-77.14913469","    (39.08198033, -77.14913469)"
"MCP9365001V","230030221","Montgomery County Police","Injury Crash","06/24/2023 12:39:00 PM","Maryland (State)","SANDY SPRING RD","DINO DR",,"N/A","BICYCLIST","SAME DIR REAR END","CLEAR","DRY","DAYLIGHT","N/A","NONE DETECTED","NONE DETECTED","330520E8-58AB-4FA9-A7C9-BBCAB80F8496","BICYCLIST","Walking/Riding w/Traffic","INATTENTIVE","OTHER","Yes","SUSPECTED SERIOUS INJURY","MC/BIKE HELMET","39.10888866","-76.92287007","    (39.10888866, -76.92287007)"
"MCP31840033","230030165","Montgomery County Police","Injury Crash","06/24/2023 12:03:00 AM","County","LOCKWOOD DR","OAK LEAF DR",,"N/A","PEDESTRIAN","OTHER","CLOUDY","WET","DARK LIGHTS ON","N/A","NONE DETECTED","NONE DETECTED","23669820-64A4-4D3E-90BF-767850F10E13","PEDESTRIAN","Cross/Enter at Intersection","NO IMPROPER ACTIONS","ON ROADWAY AT CROSSWALK","No","POSSIBLE INJURY","NONE","39.03805167","-76.99459333","    (39.03805167, -76.99459333)"
"MCP2799007B","230030144","Montgomery County Police","Injury Crash","06/23/2023 08:57:00 PM","US (State)","GEORGIA AVE","ELLSWORTH DR",,"N/A","PEDESTRIAN","SINGLE VEHICLE","CLEAR","DRY","DARK LIGHTS ON","TRAFFIC SIGNAL","NONE DETECTED","NONE DETECTED","820EF735-DFB4-4E7D-A630-B8A32E10B085","PEDESTRIAN","Cross/Enter at Intersection","NO IMPROPER ACTIONS","SIDEWALK","No","SUSPECTED MINOR INJURY","NONE","38.99544195","-77.02726407","    (38.99544195, -77.02726407)"
"DD5660000D","230030125","Rockville Police Departme","Injury Crash","06/23/2023 06:05:00 PM","Maryland (State)","FREDERICK RD","KING FARM BLVD",,"ROCKVILLE","PEDESTRIAN","N/A","RAINING","WET","DAYLIGHT","TRAFFIC SIGNAL","N/A","N/A","8ECB0882-7B97-49DF-A7F4-7847C43D34A0","PEDESTRIAN","Cross/Enter at Intersection","NO IMPROPER ACTIONS","ON ROADWAY AT CROSSWALK","No","POSSIBLE INJURY","N/A","39.11705325","-77.16883654","    (39.11705325, -77.16883654)"
"DD55200022","230029906","Rockville Police Departme","Injury Crash","06/22/2023 10:05:00 AM","Maryland (State)","ROCKVILLE PIKE","ENT TO WOODMONT COUNTRY CLUB",,"N/A","PEDESTRIAN","OTHER","RAINING","WET","DAYLIGHT","TRAFFIC SIGNAL","NONE DETECTED","NONE DETECTED","A2789456-1761-430F-841B-ABC4DF4EDD3A","PEDESTRIAN","Cross/Enter at Intersection","DART DASH","ON ROADWAY AT CROSSWALK","Yes","POSSIBLE INJURY","NONE","39.06943262","-77.13072958","    (39.06943262, -77.13072958)"
"MCP3089003W","230029744","Montgomery County Police","Injury Crash","06/21/2023 10:26:00 AM","US (State)","COLESVILLE RD","SPRING ST",,"N/A","PEDESTRIAN","OTHER","RAINING","WET","DAYLIGHT","TRAFFIC SIGNAL","N/A","ALCOHOL PRESENT","3A4728FF-B1FB-4176-B056-521210D254E4","PEDESTRIAN","N/A","IN ROADWAY IMPROPERLY","OUTSIDE RIGHT OF WAY","Yes","POSSIBLE INJURY","N/A","38.99962833","-77.02592833","    (38.99962833, -77.02592833)"
"DM8499001T","230029580","Takoma Park Police Depart","Injury Crash","06/20/2023 01:18:00 PM","Maryland (State)","NEW HAMPSHIRE AVE","HOLTON LA",,"TAKOMA PARK","PEDESTRIAN","OTHER","CLEAR","DRY","DAYLIGHT","TRAFFIC SIGNAL","NONE DETECTED","NONE DETECTED","4FE77F69-7B28-4BF5-9A11-94B6AE767239","PEDESTRIAN","Cross/Enter at Intersection","NO IMPROPER ACTIONS","ON ROADWAY AT CROSSWALK","No","POSSIBLE INJURY","NONE","38.98590513","-76.98808884","    (38.98590513, -76.98808884)"
"MCP3077001V","230029518","Montgomery County Police","Injury Crash","06/20/2023 04:44:00 AM","Maryland (State)","FREDERICK RD","GUNNERS BRANCH RD",,"N/A","PEDESTRIAN","SINGLE VEHICLE","CLEAR","DRY","DARK LIGHTS ON","FLASHING TRAFFIC SIGNAL","N/A","N/A","7256CB4F-0F42-4D46-AE02-2CFC388B3635","PEDESTRIAN","Cross/Enter not at Intersection","IN ROADWAY IMPROPERLY","ON ROADWAY NOT AT CROSSWALK","Yes","SUSPECTED MINOR INJURY","NONE","39.17832267","-77.23839742","    (39.17832267, -77.23839742)"
"MCP2853008R","230029489","Montgomery County Police","Injury Crash","06/19/2023 08:15:00 PM","County","NORTHAMPTON DR","BEACON RD",,"N/A","PEDESTRIAN","OTHER","CLEAR","DRY","DUSK","NO CONTROLS","N/A","N/A","0A451F72-DCA2-47AC-AB55-F4DC6830B3D9","PEDESTRIAN","Other","INATTENTIVE","ON ROADWAY NOT AT CROSSWALK","Yes","POSSIBLE INJURY","N/A","39.00839654","-76.98531459","    (39.00839654, -76.98531459)"
"MCP1378014Q","230029454","Montgomery County Police","Injury Crash","06/19/2023 04:17:00 PM","County","ARROWHEAD RD","MONTGOMERY VILLAGE AVE",,"N/A","PEDESTRIAN","SINGLE VEHICLE","CLOUDY","DRY","DAYLIGHT","NO CONTROLS","NONE DETECTED","NONE DETECTED","AA183F4B-DEE3-4B7D-BEA3-5CF7B546BA9F","PEDESTRIAN","Cross/Enter not at Intersection","IN ROADWAY IMPROPERLY","ON ROADWAY NOT AT CROSSWALK","Yes","SUSPECTED SERIOUS INJURY","NONE","39.1876465","-77.196827","    (39.1876465, -77.196827)"
"DD56480023","230029386","Rockville Police Departme","Property Damage Crash","06/19/2023 10:00:00 AM",,,,"PARKING LOT OF 1488 ROCKVILLE PIKE",,"BICYCLIST","OTHER","CLEAR",,"DAYLIGHT","NO CONTROLS","NONE DETECTED","NONE DETECTED","3E3A6E4E-05AA-4359-81BB-73C7C56ECBA6","BICYCLIST","Walking/Cycling on Sidewalk","NO IMPROPER ACTIONS","SIDEWALK","No","NO APPARENT INJURY","NONE","39.06584092","-77.12715937","    (39.06584092, -77.12715937)"
"MCP33280023","230029324","Montgomery County Police","Property Damage Crash","06/18/2023 06:50:00 PM","Maryland (State)","GEORGIA AVE","PARKER AVE",,"N/A","OTHER CONVEYANCE, PEDESTRIAN","OTHER","CLEAR","N/A","DAYLIGHT","STOP SIGN","NONE DETECTED","NONE DETECTED","7C0F1110-EA04-492E-9200-4F8A6C64CFC5","OTHER CONVEYANCE","Cross/Enter at Intersection","N/A","ON ROADWAY AT CROSSWALK","No","NO APPARENT INJURY","NONE","39.04955333","-77.05202","    (39.04955333, -77.05202)"
"MCP33280023","230029324","Montgomery County Police","Property Damage Crash","06/18/2023 06:50:00 PM","Maryland (State)","GEORGIA AVE","PARKER AVE",,"N/A","OTHER CONVEYANCE, PEDESTRIAN","OTHER","CLEAR","N/A","DAYLIGHT","STOP SIGN","NONE DETECTED","NONE DETECTED","33FD8401-B377-4A15-9A23-E04F26B53527","PEDESTRIAN","Cross/Enter at Intersection","NO IMPROPER ACTIONS","ON ROADWAY AT CROSSWALK","No","NO APPARENT INJURY","NONE","39.04955333","-77.05202","    (39.04955333, -77.05202)"
"MCP33720011","230029323","Montgomery County Police","Property Damage Crash","06/18/2023 06:47:00 PM","County","GRAND PRE RD","BEL PRE RD",,"N/A","BICYCLIST","SAME DIRECTION SIDESWIPE","CLEAR","DRY","DAYLIGHT","NO CONTROLS","NONE DETECTED","NONE DETECTED","50EF83C8-4581-4263-A2C9-6284C27F8700","BICYCLIST","Cross/Enter not at Intersection","IN ROADWAY IMPROPERLY","OUTSIDE RIGHT OF WAY","Yes","NO APPARENT INJURY","NONE","39.09110567","-77.076031","    (39.09110567, -77.076031)"
"MCP3348000L","230029273","Montgomery County Police","Injury Crash","06/18/2023 12:14:00 PM","County","FAIRLAND RD","TAMARACK RD",,"N/A","BICYCLIST","SAME DIR REAR END","CLEAR","DRY","DAYLIGHT","TRAFFIC SIGNAL","NONE DETECTED","NONE DETECTED","4DA6CA15-BD11-4412-AB18-69624EC9B328","BICYCLIST","Walking/Riding w/Traffic","N/A","OTHER","No","SUSPECTED SERIOUS INJURY","MC/BIKE HELMET","39.07803067","-76.9789665","    (39.07803067, -76.9789665)"
"MCP3367000S","230029210","Montgomery County Police","Injury Crash","06/17/2023 07:57:00 PM","Maryland (State)","COLESVILLE RD","WAYNE AVE",,"N/A","PEDESTRIAN","SINGLE VEHICLE","CLEAR","DRY","DAYLIGHT","N/A","N/A","N/A","4FD195E8-C932-4FE0-8D41-B8B7AE8AC0A7","PEDESTRIAN","Cross/Enter not at Intersection","IMPROPER PASSING","SHOULDER","Unknown","SUSPECTED SERIOUS INJURY","NONE","38.99433318","-77.03077607","    (38.99433318, -77.03077607)"
"MCP3347000S","230029162","Montgomery County Police","Injury Crash","06/17/2023 03:38:00 PM","Maryland (State)","MASSACHUSETTS AVE","WYNNWOOD RD",,"N/A","PEDESTRIAN","OTHER","CLEAR","DRY","DAYLIGHT","NO CONTROLS","NONE DETECTED","NONE DETECTED","21FE0951-0184-4052-A265-A99360511AB1","PEDESTRIAN","Cross/Enter at Intersection","DART DASH","AT INTERSECTION BUT NO CROSSWALK","Yes","SUSPECTED SERIOUS INJURY","NONE","38.96671672","-77.12549103","    (38.96671672, -77.12549103)"
"MCP3053006J","230028673","Montgomery County Police","Injury Crash","06/14/2023 07:25:00 PM",,,,"11160 VEIRS MILL RD PARKING LOT OF LA FITNESS",,"PEDESTRIAN","OTHER","N/A",,"DAYLIGHT","NO CONTROLS","UNKNOWN","N/A","C5436586-26D4-4224-9F74-FEC7C44C3103","PEDESTRIAN","Standing","UNKNOWN","OTHER","No","POSSIBLE INJURY","N/A","39.03608129","-77.05070976","    (39.03608129, -77.05070976)"
"MCP2231007D","230028569","Montgomery County Police","Injury Crash","06/14/2023 08:41:00 AM",,,,"PARKING LOT OF 800 N FREDERICK AVE",,"BICYCLIST","SINGLE VEHICLE","RAINING",,"DAYLIGHT","STOP SIGN","NONE DETECTED","NONE DETECTED","FCE4F501-D3FD-41BA-B9ED-1079F969FE9C","BICYCLIST","Cross/Enter at Intersection","FAILURE TO YIELD RIGHT OF WAY","ON ROADWAY NOT AT CROSSWALK","Yes","SUSPECTED MINOR INJURY","NONE","39.15624833","-77.21799833","    (39.15624833, -77.21799833)"
"MCP3312003K","230028367","Montgomery County Police","Injury Crash","06/13/2023 07:35:00 AM","County","E RANDOLPH RD","END BRIDGE",,"N/A","BICYCLIST","SINGLE VEHICLE","CLEAR","DRY","DAYLIGHT","NO CONTROLS","NONE DETECTED","NONE DETECTED","E2C9F7F9-F5E5-4E73-BD2B-1DF58911FF60","BICYCLIST","Walking/Cycling on Sidewalk","NO IMPROPER ACTIONS","AT INTERSECTION BUT NO CROSSWALK","No","SUSPECTED MINOR INJURY","MC/BIKE HELMET","39.06396833","-76.96740333","    (39.06396833, -76.96740333)"
"MCP2598004C","230028257","Montgomery County Police","Injury Crash","06/12/2023 03:09:00 PM","County","RANDOLPH RD","GEORGIA AVE",,"N/A","PEDESTRIAN","STRAIGHT MOVEMENT ANGLE","RAINING","WET","DAYLIGHT","TRAFFIC SIGNAL","NONE DETECTED","NONE DETECTED","40D0174E-1208-4AA2-8C70-2AD62454584F","PEDESTRIAN","Cross/Enter at Intersection","FAILURE TO YIELD RIGHT OF WAY","AT INTERSECTION MARKED CROSSWALK","Yes","POSSIBLE INJURY","N/A","39.05843513","-77.0498156","    (39.05843513, -77.0498156)"
"MCP2598004C","230028257","Montgomery County Police","Injury Crash","06/12/2023 03:09:00 PM","County","RANDOLPH RD","GEORGIA AVE",,"N/A","PEDESTRIAN","STRAIGHT MOVEMENT ANGLE","RAINING","WET","DAYLIGHT","TRAFFIC SIGNAL","NONE DETECTED","NONE DETECTED","82440597-E387-4A8C-919F-66B887B9B32B","PEDESTRIAN","Cross/Enter at Intersection","FAILURE TO YIELD RIGHT OF WAY","AT INTERSECTION MARKED CROSSWALK","Yes","POSSIBLE INJURY","NONE","39.05843513","-77.0498156","    (39.05843513, -77.0498156)"
"MCP2187001J","230028783","Montgomery County Police","Injury Crash","06/12/2023 11:00:00 AM",,,,"PRIVATE PARKING LOT, 457 N FREDERICK AVE, GAITHERSBURG, MD 20877",,"PEDESTRIAN","OTHER","CLEAR",,"DAYLIGHT","NO CONTROLS","NONE DETECTED","UNKNOWN","D3B32506-B391-4C9F-BFC1-C313FFD394CB","PEDESTRIAN","Standing","NO IMPROPER ACTIONS","SIDEWALK","No","SUSPECTED MINOR INJURY","NONE","39.13853167","-77.19218333","    (39.13853167, -77.19218333)"
"MCP9386009G","230028197","Montgomery County Police","Injury Crash","06/12/2023 10:00:00 AM","County","BRUNETT AVE","UNIVERSITY BLVD W",,"N/A","PEDESTRIAN","OTHER","CLOUDY","DRY","DAYLIGHT","STOP SIGN","NONE DETECTED","NONE DETECTED","570CC2E8-C8C7-45DA-A675-3510FF2FFF67","PEDESTRIAN","Cross/Enter at Intersection","NO IMPROPER ACTIONS","ON ROADWAY AT CROSSWALK","No","POSSIBLE INJURY","N/A","39.02286","-77.01693667","    (39.02286, -77.01693667)"
"MCP2830006F","230028047","Montgomery County Police","Injury Crash","06/11/2023 09:52:00 AM","Maryland (State)","ASHTON RD","MINK HOLLOW RD",,"N/A","BICYCLIST","SAME DIR REAR END","CLEAR","DRY","DAYLIGHT","NO CONTROLS","NONE DETECTED","NONE DETECTED","2DFC9666-AC96-4A62-8296-B09BE840E025","BICYCLIST","Walking/Riding w/Traffic","UNKNOWN","SHOULDER","No","SUSPECTED SERIOUS INJURY","MC/BIKE HELMET","39.15641924","-76.99754572","    (39.15641924, -76.99754572)"
"MCP3350000M","230028012","Montgomery County Police","Injury Crash","06/11/2023 12:18:00 AM","County","CORDELL AVE","NORFOLK AVE",,"N/A","PEDESTRIAN","OTHER","CLEAR","DRY","DARK LIGHTS ON","NO CONTROLS","ALCOHOL CONTRIBUTED","NONE DETECTED","4C592FDF-5328-4532-8091-0455766CA1C7","PEDESTRIAN","Other Working","NO IMPROPER ACTIONS","ON ROADWAY NOT AT CROSSWALK","No","POSSIBLE INJURY","N/A","38.98879688","-77.09877361","    (38.98879688, -77.09877361)"
"MCP3350000M","230028012","Montgomery County Police","Injury Crash","06/11/2023 12:18:00 AM","County","CORDELL AVE","NORFOLK AVE",,"N/A","PEDESTRIAN","OTHER","CLEAR","DRY","DARK LIGHTS ON","NO CONTROLS","ALCOHOL CONTRIBUTED","NONE DETECTED","B34C180C-E004-4E52-9894-AECA299F66BF","PEDESTRIAN","Other Working","NO IMPROPER ACTIONS","ON ROADWAY NOT AT CROSSWALK","No","POSSIBLE INJURY","N/A","38.98879688","-77.09877361","    (38.98879688, -77.09877361)"
"MCP33680011","230027921","Montgomery County Police","Injury Crash","06/10/2023 01:02:00 PM","County","LONGDRAFT RD","GREAT SENECA HWY",,"N/A","OTHER","SINGLE VEHICLE","CLEAR","DRY","DAYLIGHT","TRAFFIC SIGNAL","NONE DETECTED","NONE DETECTED","5BF5870A-8D88-4912-B2AC-565CC1BE3B30","OTHER","Cross/Enter at Intersection","FAILURE TO OBEY TRAFFIC SIGNS SIGNALS OR OFFICER","AT INTERSECTION MARKED CROSSWALK","Unknown","SUSPECTED MINOR INJURY","N/A","39.13335667","-77.245572","    (39.13335667, -77.245572)"
"MCP2563001N","230027877","Montgomery County Police","Fatal Crash","06/10/2023 12:36:00 AM","Maryland (State)","UNIVERSITY BLVD E","BAYFIELD ST",,"N/A","PEDESTRIAN","SINGLE VEHICLE","CLEAR","DRY","DARK -- UNKNOWN LIGHTING","UNKNOWN","UNKNOWN","ALCOHOL PRESENT","B56F7743-0DD1-47BE-BB1F-ABE54E2BDFDB","PEDESTRIAN","Unknown","UNKNOWN","UNKNOWN","Unknown","FATAL INJURY","NONE","38.99638236","-76.99331541","    (38.99638236, -76.99331541)"
"MCP26030051","230027813","Montgomery County Police","Injury Crash","06/09/2023 04:00:00 PM",,,,"PARKING LOT OF 18568 WOODFIELD RD",,"BICYCLIST","OTHER","N/A",,"DAYLIGHT","N/A","N/A","N/A","B7B6C6AC-E47B-44A4-8557-BAC8361302D9","BICYCLIST","Other","UNKNOWN","ON ROADWAY NOT AT CROSSWALK","Unknown","POSSIBLE INJURY","MC/BIKE HELMET","39.16095542","-77.15910523","    (39.16095542, -77.15910523)"
"MCP3264003T","230027699","Montgomery County Police","Injury Crash","06/09/2023 07:45:00 AM","Maryland (State)","EAST WEST HWY","ENT TO BUSINESS",,"N/A","OTHER","OTHER","CLEAR","DRY","DAYLIGHT","NO CONTROLS","NONE DETECTED","NONE DETECTED","26F8753C-8546-4133-93E1-D9579F796C96","OTHER","Cross/Enter at Intersection","NOT VISIBLE","AT INTERSECTION BUT NO CROSSWALK","No","POSSIBLE INJURY","NONE","38.99389","-77.032615","    (38.99389, -77.032615)"
"MCP3021006J","230027571","Montgomery County Police","Injury Crash","06/08/2023 01:58:00 PM",,,,"12210 PLUM ORCHARD DR",,"PEDESTRIAN","SINGLE VEHICLE","CLEAR",,"DAYLIGHT","NO CONTROLS","NONE DETECTED","NONE DETECTED","0242EF3A-0F09-47D1-9AB4-B3CF7F99C83E","PEDESTRIAN","Cross/Enter not at Intersection","DART DASH","OTHER","Yes","SUSPECTED MINOR INJURY","NONE","39.05798167","-76.95751667","    (39.05798167, -76.95751667)"
"MCP913000G1","230027282","Montgomery County Police","Injury Crash","06/07/2023 08:46:00 AM","County","MT PISGAH RD","OAKVIEW DR",,"N/A","PEDESTRIAN","SINGLE VEHICLE","CLOUDY","DRY","DAYLIGHT","NO CONTROLS","NONE DETECTED","NONE DETECTED","34AC1F1F-0B53-4965-BA10-AF370CC77242","PEDESTRIAN","Cross/Enter not at Intersection","INATTENTIVE","ON ROADWAY NOT AT CROSSWALK","Yes","POSSIBLE INJURY","NONE","39.01530833","-76.97674317","    (39.01530833, -76.97674317)"
"MCP2707002V","230027115","Montgomery County Police","Injury Crash","06/06/2023 10:35:00 AM","Municipality","MAIN ST","KENTLANDS BLVD",,"GAITHERSBURG","PEDESTRIAN","STRAIGHT MOVEMENT ANGLE","CLEAR","DRY","DAYLIGHT","YIELD SIGN","NONE DETECTED","NONE DETECTED","01EE8413-2417-4288-8D97-6B87874AD95E","PEDESTRIAN","Cross/Enter at Intersection","DART DASH","ON ROADWAY AT CROSSWALK","Yes","POSSIBLE INJURY","NONE","39.123255","-77.23887333","    (39.123255, -77.23887333)"
"MCP23110071","230027025","Montgomery County Police","Injury Crash","06/05/2023 04:38:00 PM","County","GREENTREE RD","BRADMOOR DR",,"N/A","PEDESTRIAN","HEAD ON","CLEAR","DRY","DAYLIGHT","NO CONTROLS","NONE DETECTED","NONE DETECTED","0E09DC0E-F908-4226-A00E-363302A29B8C","PEDESTRIAN","Cross/Enter at Intersection","DART DASH","AT INTERSECTION BUT NO CROSSWALK","Yes","POSSIBLE INJURY","NONE","39.00093833","-77.12096167","    (39.00093833, -77.12096167)"
"MCP30940031","230027004","Montgomery County Police","Injury Crash","06/05/2023 03:56:00 PM","County","WHETSTONE DR","MONTGOMERY VILLAGE AVE",,"N/A","PEDESTRIAN","OTHER","N/A","DRY","DAYLIGHT","STOP SIGN","NONE DETECTED","NONE DETECTED","2CFF8B81-70DC-41A0-88A6-B87DEDB8FDBD","PEDESTRIAN","Cross/Enter at Intersection","FAILURE TO YIELD RIGHT OF WAY","CURB","Yes","POSSIBLE INJURY","NONE","39.17101","-77.20410333","    (39.17101, -77.20410333)"
"MCP3230004C","230027000","Montgomery County Police","Injury Crash","06/05/2023 03:30:00 PM","County","RANDOLPH RD","BLUHILL RD",,"N/A","PEDESTRIAN","SINGLE VEHICLE","CLEAR","DRY","DAYLIGHT","OTHER","NONE DETECTED","NONE DETECTED","8F74F4FE-2413-4AE5-AA96-9B24C131F002","PEDESTRIAN","Cross/Enter at Intersection","NO IMPROPER ACTIONS","AT INTERSECTION MARKED CROSSWALK","No","SUSPECTED MINOR INJURY","N/A","39.05888235","-77.06506375","    (39.05888235, -77.06506375)"
"DD559500DG","230026985","Rockville Police Departme","Injury Crash","06/05/2023 02:38:00 PM","Maryland (State)","ROCKVILLE PIKE","W EDMONSTON DR",,"ROCKVILLE","OTHER PEDALCYCLIST","OTHER","CLEAR","DRY","DAYLIGHT","TRAFFIC SIGNAL","NONE DETECTED","NONE DETECTED","E68E02A8-EC32-4A0A-893F-A4E688C4E8EB","OTHER PEDALCYCLIST","Cross/Enter at Intersection","NO IMPROPER ACTIONS","AT INTERSECTION MARKED CROSSWALK","No","SUSPECTED MINOR INJURY","NONE","39.07437833","-77.1358035","    (39.07437833, -77.1358035)"
"MCP3200008G","230026910","Montgomery County Police","Property Damage Crash","06/05/2023 08:10:00 AM","County","WHITTIER BLVD","ORCHID DR",,"N/A","BICYCLIST","OTHER","CLEAR","DRY","DAYLIGHT","NO CONTROLS","NONE DETECTED","NONE DETECTED","55C36E29-2F11-4244-BDC3-AA7A86FAEACD","BICYCLIST","Cross/Enter not at Intersection","IN ROADWAY IMPROPERLY","ON ROADWAY NOT AT CROSSWALK","Yes","NO APPARENT INJURY","NONE","38.98487683","-77.12656883","    (38.98487683, -77.12656883)"
"MCP12100061","230026845","Montgomery County Police","Injury Crash","06/04/2023 05:19:00 PM","Municipality","E DIAMOND AVE","N SUMMIT AVE",,"GAITHERSBURG","PEDESTRIAN","OTHER","CLEAR","DRY","DAYLIGHT","NO CONTROLS","NONE DETECTED","UNKNOWN","EA038A69-5947-4319-9A6F-641A1702CF85","PEDESTRIAN","Cross/Enter not at Intersection","DART DASH","ON ROADWAY NOT AT CROSSWALK","Yes","SUSPECTED SERIOUS INJURY","NONE","39.14215623","-77.19398908","    (39.14215623, -77.19398908)"
"DD56680006","230026656","Rockville Police Departme","Property Damage Crash","06/03/2023 11:50:00 AM","Municipality","E MONTGOMERY AVE","MARYLAND AVE",,"ROCKVILLE","PEDESTRIAN","SINGLE VEHICLE","CLEAR","DRY","DAYLIGHT","NO CONTROLS","N/A","N/A","2CFEEFAB-A83D-4764-B259-A3B8BD86402E","PEDESTRIAN","Walking/Riding w/Traffic","N/A","CURB","No","NO APPARENT INJURY","NONE","39.08410737","-77.15014302","    (39.08410737, -77.15014302)"
"MCP1235004T","230026559","Montgomery County Police","Injury Crash","06/02/2023 06:47:00 PM","Maryland (State)","UNIVERSITY BLVD W","CROSSOVER",,"N/A","PEDESTRIAN","OTHER","CLEAR","DRY","DAYLIGHT","NO CONTROLS","NONE DETECTED","NONE DETECTED","924B4228-F25F-4A1E-8D07-2CB2B7259160","PEDESTRIAN","Cross/Enter at Intersection","IN ROADWAY IMPROPERLY","ON ROADWAY AT CROSSWALK","Yes","SUSPECTED SERIOUS INJURY","NONE","39.02295639","-77.01686302","    (39.02295639, -77.01686302)"
"MCP3372000X","230026533","Montgomery County Police","Injury Crash","06/02/2023 05:05:00 PM",,,,"13677 CONNECTICUT AVENUE SILVER SPRING MD",,"PEDESTRIAN","OTHER","CLEAR",,"DAYLIGHT","NO CONTROLS","NONE DETECTED","NONE DETECTED","C43D3792-505E-41EB-9B4E-6183417A2BDB","PEDESTRIAN","Other","NO IMPROPER ACTIONS","OTHER","No","SUSPECTED MINOR INJURY","N/A","39.07865333","-77.07957317","    (39.07865333, -77.07957317)"
"MCP3372000X","230026533","Montgomery County Police","Injury Crash","06/02/2023 05:05:00 PM",,,,"13677 CONNECTICUT AVENUE SILVER SPRING MD",,"PEDESTRIAN","OTHER","CLEAR",,"DAYLIGHT","NO CONTROLS","NONE DETECTED","NONE DETECTED","76673102-EA1B-478D-ACA0-66D08C03439D","PEDESTRIAN","Other","NO IMPROPER ACTIONS","OTHER","No","SUSPECTED MINOR INJURY","NONE","39.07865333","-77.07957317","    (39.07865333, -77.07957317)"