"Report Number","Local Case Number","Agency Name","ACRS Report Type","Crash Date/Time","Route Type","Road Name","Cross-Street Name","Off-Road Description","Municipality","Related Non-Motorist","Collision Type","Weather","Surface Condition","Light","Traffic Control","Driver Substance Abuse","Non-Motorist Substance Abuse","Person ID","Pedestrian Type","Pedestrian Movement","Pedestrian Actions","Pedestrian Location","At Fault","Injury Severity","Safety Equipment","Latitude","Longitude","Location"
"MCP2270001J","230026452","Montgomery County Police","Injury Crash","06/02/2023 07:45:00 AM","County","MARYKNOLL AVE","WILSON LA",,"N/A","BICYCLIST","SINGLE VEHICLE","CLEAR","DRY","DAYLIGHT","STOP SIGN","NONE DETECTED","NONE DETECTED","C69F5774-1D11-431A-9EC8-766448297D9E","BICYCLIST","Cross/Enter at Intersection","DART DASH","AT INTERSECTION MARKED CROSSWALK","Yes","SUSPECTED MINOR INJURY","MC/BIKE HELMET","38.98696833","-77.13395833","    (38.98696833, -77.13395833)"
"MCP26350081","230026377","Montgomery County Police","Injury Crash","06/01/2023 06:39:00 PM","Maryland (State)","OLNEY LAYTONSVILLE RD","OLNEY POST OFFICE",,"N/A","OTHER PEDALCYCLIST","OTHER","CLEAR","DRY","DAYLIGHT","NO CONTROLS","N/A","N/A","82C3BEB2-9182-4E87-A2E9-A6DB66E1580C","OTHER PEDALCYCLIST","Walking/Riding w/Traffic","NO IMPROPER ACTIONS","SHOULDER","No","SUSPECTED MINOR INJURY","MC/BIKE HELMET","39.15564102","-77.07089339","    (39.15564102, -77.07089339)"
"MCP30790054","230026320","Montgomery County Police","Injury Crash","06/01/2023 03:28:00 PM","County","CRICKET HILL DR","STONEBRIDGE TERR",,"N/A","BICYCLIST","HEAD ON LEFT TURN","CLEAR","DRY","DAYLIGHT","NO CONTROLS","NONE DETECTED","NONE DETECTED","DAACF9F0-8DC7-4968-82C2-7C80761DE058","BICYCLIST","Cross/Enter at Intersection","NO IMPROPER ACTIONS","ON ROADWAY AT CROSSWALK","No","SUSPECTED SERIOUS INJURY","MC/BIKE HELMET","39.14721291","-77.28389889","    (39.14721291, -77.28389889)"
"MCP2940006J","230026252","Montgomery County Police","Injury Crash","06/01/2023 09:15:00 AM","County","WESTLAKE DR","TUCKERMAN LA",,"N/A","PEDESTRIAN","OTHER","CLEAR","DRY","DAYLIGHT","STOP SIGN","NONE DETECTED","NONE DETECTED","1E2899B1-3807-481F-A03F-37293899E7A7","PEDESTRIAN","Cross/Enter at Intersection","IN ROADWAY IMPROPERLY","ON ROADWAY NOT AT CROSSWALK","Yes","SUSPECTED MINOR INJURY","NONE","39.03465162","-77.14700081","    (39.03465162, -77.14700081)"
"MCP3355000P","230026200","Montgomery County Police","Injury Crash","05/31/2023 10:35:00 PM","County","E FRANKLIN AVE","UNIVERSITY BLVD E",,"N/A","PEDESTRIAN","SINGLE VEHICLE","CLEAR","DRY","DARK LIGHTS ON","TRAFFIC SIGNAL","NONE DETECTED","NONE DETECTED","FE087B09-B3A7-4749-95DC-70119C09C0E4","PEDESTRIAN","Cross/Enter at Intersection","FAILURE TO YIELD RIGHT OF WAY","ON ROADWAY AT CROSSWALK","Yes","SUSPECTED SERIOUS INJURY","NONE","39.012225","-77.00212683","    (39.012225, -77.00212683)"
"MCP3355000Q","230026404","Montgomery County Police","Injury Crash","05/31/2023 10:35:00 PM","Maryland (State)","UNIVERSITY BLVD E","E FRANKLIN AVE",,"N/A","PEDESTRIAN","SINGLE VEHICLE","CLEAR","DRY","DARK LIGHTS ON","TRAFFIC SIGNAL","NONE DETECTED","NONE DETECTED","221C1F91-E8F1-4BC5-AAD8-821C7151D29A","PEDESTRIAN","Cross/Enter at Intersection","FAILURE TO OBEY TRAFFIC SIGNS SIGNALS OR OFFICER","ON ROADWAY AT CROSSWALK","Yes","SUSPECTED SERIOUS INJURY","NONE","39.01217242","-77.00241689","    (39.01217242, -77.00241689)"
"DD5643002S","230026189","Rockville Police Departme","Injury Crash","05/31/2023 05:00:00 PM","Municipality","W MONTGOMERY AVE","N VAN BUREN ST",,"ROCKVILLE","BICYCLIST","OTHER","CLEAR","DRY","DAYLIGHT","STOP SIGN","UNKNOWN","NONE DETECTED","B11E2CDA-6385-410B-9051-D177CACBFEE7","BICYCLIST","Cross/Enter at Intersection","OTHER","AT INTERSECTION MARKED CROSSWALK","Unknown","SUSPECTED MINOR INJURY","NONE","39.08412648","-77.15685182","    (39.08412648, -77.15685182)"
"MCP2905005H","230025833","Montgomery County Police","Injury Crash","05/30/2023 08:57:00 AM","County","LELAND ST","GLENDALE RD",,"N/A","BICYCLIST","SAME DIRECTION RIGHT TURN","CLOUDY","DRY","DAYLIGHT","STOP SIGN","N/A","N/A","ED89FF91-15F9-47C3-9DC5-509DB10F9E37","BICYCLIST","Walking/Riding w/Traffic","IMPROPER PASSING","OTHER","Yes","SUSPECTED MINOR INJURY","MC/BIKE HELMET","38.98689167","-77.074745","    (38.98689167, -77.074745)"
"MCP3193004F","230025774","Montgomery County Police","Injury Crash","05/29/2023 05:15:00 PM",,,,"IFO 2900 UNIVERSITY BLVD W PARKING LOT",,"PEDESTRIAN","OTHER","RAINING",,"DAYLIGHT","N/A","NONE DETECTED","NONE DETECTED","6D27CEC8-32FB-4E86-A33F-CA19DB89DFD1","PEDESTRIAN","Cross/Enter not at Intersection","OTHER","ON ROADWAY NOT AT CROSSWALK","Unknown","POSSIBLE INJURY","NONE","39.03777","-77.0582","    (39.03777, -77.0582)"
"MCP30940030","230025759","Montgomery County Police","Injury Crash","05/29/2023 02:45:00 PM",,,,"PARKING LOT OF 18250 FLOWER HILL WAY, GAITHERSBURG, MD 20879",,"PEDESTRIAN","OTHER","N/A",,"DAYLIGHT","N/A","UNKNOWN","NONE DETECTED","63C2CC36-9CBA-4D3B-B92A-E6C830BC4977","PEDESTRIAN","Standing","NO IMPROPER ACTIONS","OTHER","No","POSSIBLE INJURY","N/A","39.15571","-77.16567","    (39.15571, -77.16567)"
"MCP2930003B","230025526","Montgomery County Police","Property Damage Crash","05/27/2023 07:52:00 PM","County","ASPEN HILL RD","PARKLAND DR",,"N/A","OTHER","SINGLE VEHICLE","CLEAR","DRY","DAYLIGHT","NO CONTROLS","NONE DETECTED","N/A","12DDEF40-44FD-4843-B3CA-1EA22096DBDF","OTHER","N/A","N/A","INSIDE BUILDING","No","NO APPARENT INJURY","N/A","39.07913333","-77.08684833","    (39.07913333, -77.08684833)"
"MCP3368000W","230025508","Montgomery County Police","Property Damage Crash","05/27/2023 05:17:00 PM","County","LAKE SHORE DR","DOCENA DR",,"N/A","BICYCLIST","OTHER","CLEAR","DRY","DAYLIGHT","NO CONTROLS","NONE DETECTED","NONE DETECTED","3A947171-B00F-44A9-A969-58BB723AFB8D","BICYCLIST","Cross/Enter at Intersection","INATTENTIVE","ON ROADWAY NOT AT CROSSWALK","No","NO APPARENT INJURY","UNKNOWN","39.16140724","-77.19937721","    (39.16140724, -77.19937721)"
"MCP3373000Q","230025500","Montgomery County Police","Injury Crash","05/27/2023 04:21:00 PM","County","DARCY FOREST DR","KIMBALL PL",,"N/A","PEDESTRIAN","SINGLE VEHICLE","CLEAR","DRY","DAYLIGHT","STOP SIGN","UNKNOWN","NONE DETECTED","059CA498-1B53-40A6-A980-A6610603B312","PEDESTRIAN","Other","NO IMPROPER ACTIONS","ON ROADWAY AT CROSSWALK","No","SUSPECTED MINOR INJURY","NONE","39.0166488","-77.04753807","    (39.0166488, -77.04753807)"
"MCP27800074","230025492","Montgomery County Police","Injury Crash","05/27/2023 03:35:00 PM","Maryland (State)","FREDERICK RD","MAGNOLIA DR",,"N/A","BICYCLIST","STRAIGHT MOVEMENT ANGLE","CLEAR","DRY","DAYLIGHT","STOP SIGN","NONE DETECTED","NONE DETECTED","D1BF1BBA-8429-4F2B-B128-BF19D0D46107","BICYCLIST","Cross/Enter at Intersection","FAILURE TO YIELD RIGHT OF WAY","AT INTERSECTION BUT NO CROSSWALK","Yes","POSSIBLE INJURY","NONE","39.17704683","-77.2383595","    (39.17704683, -77.2383595)"
"MCP3030005C","230025334","Montgomery County Police","Injury Crash","05/26/2023 04:25:00 PM","Maryland (State)","WISCONSIN AVE","LELAND ST",,"N/A","PEDESTRIAN","OTHER","CLEAR","DRY","DAYLIGHT","TRAFFIC SIGNAL","N/A","N/A","38470A6C-7E25-4810-AAA1-A3A7DA1F26D7","PEDESTRIAN","Cross/Enter not at Intersection","INATTENTIVE","ON ROADWAY NOT AT CROSSWALK","Yes","POSSIBLE INJURY","NONE","38.98013167","-77.09211","    (38.98013167, -77.09211)"
"EJ7852007R","230024916","Gaithersburg Police Depar","Injury Crash","05/24/2023 03:44:00 PM",,,,"842 MUDDY BRANCH ROAD - GIANT GROCERY STORE PARKING LOT",,"PEDESTRIAN","OTHER","N/A",,"DAYLIGHT","NO CONTROLS","NONE DETECTED","NONE DETECTED","1BE017FC-71A8-4A10-B859-7AFB6056117A","PEDESTRIAN","Cross/Enter at Intersection","NO IMPROPER ACTIONS","AT INTERSECTION MARKED CROSSWALK","No","SUSPECTED MINOR INJURY","N/A","39.114845","-77.2166299","    (39.114845, -77.2166299)"
"MCP9301004J","230024890","Montgomery County Police","Injury Crash","05/24/2023 12:40:00 PM",,,,"PARKING LOT OF 132 DUVALL LANE",,"PEDESTRIAN","SINGLE VEHICLE","CLEAR",,"DAYLIGHT","N/A","N/A","N/A","43F5DA71-A184-459F-AE2A-81AA029D1917","PEDESTRIAN","Playing","DART DASH","OTHER","Yes","SUSPECTED MINOR INJURY","N/A","39.12779522","-77.2007719","    (39.12779522, -77.2007719)"
"MCP3364000J","230024764","Montgomery County Police","Property Damage Crash","05/23/2023 05:07:00 PM","Maryland (State)","OLNEY SANDY SPRING RD","OLD BALTIMORE RD",,"N/A","BICYCLIST","SAME DIR REAR END","CLEAR","DRY","DAYLIGHT","TRAFFIC SIGNAL","N/A","N/A","90FB970D-2265-466D-B97F-611ABF660205","BICYCLIST","Cross/Enter at Intersection","FAILURE TO YIELD RIGHT OF WAY","ON ROADWAY AT CROSSWALK","Yes","NO APPARENT INJURY","MC/BIKE HELMET","39.14673367","-77.05070783","    (39.14673367, -77.05070783)"
"MCP3355000L","230024724","Montgomery County Police","Injury Crash","05/23/2023 01:24:00 PM","County","MEDICAL PARK DR","GEORGIA AVE",,"N/A","PEDESTRIAN","OTHER","CLEAR","DRY","DAYLIGHT","STOP SIGN","NONE DETECTED","NONE DETECTED","2BC75A2D-E919-40BF-8BB8-1EFE3DF9F78D","PEDESTRIAN","N/A","NO IMPROPER ACTIONS","ON ROADWAY AT CROSSWALK","No","SUSPECTED MINOR INJURY","NONE","39.023475","-77.04529333","    (39.023475, -77.04529333)"
"MCP29300039","230024625","Montgomery County Police","Injury Crash","05/22/2023 09:20:00 PM","Maryland (State)","GEORGIA AVE","WELLER RD",,"N/A","PEDESTRIAN","SINGLE VEHICLE","CLEAR","DRY","DARK NO LIGHTS","NO CONTROLS","NONE DETECTED","UNKNOWN","23EC0FDC-6C76-4C57-83EF-DDC2BE300E2A","PEDESTRIAN","Walking/Riding w/Traffic","IN ROADWAY IMPROPERLY","ON ROADWAY NOT AT CROSSWALK","Yes","SUSPECTED MINOR INJURY","NONE","39.06744833","-77.06039167","    (39.06744833, -77.06039167)"
"MCP2395002F","230024407","Montgomery County Police","Injury Crash","05/21/2023 08:50:00 PM","County","DARNESTOWN RD","YEARLING DR",,"N/A","PEDESTRIAN","SINGLE VEHICLE","CLEAR","DRY","DARK -- UNKNOWN LIGHTING","NO CONTROLS","NONE DETECTED","NONE DETECTED","208CCDB8-4C30-4F78-8797-CC31CB033644","PEDESTRIAN","Cross/Enter not at Intersection","IN ROADWAY IMPROPERLY","ON ROADWAY NOT AT CROSSWALK","Yes","SUSPECTED MINOR INJURY","NONE","39.09914367","-77.21122667","    (39.09914367, -77.21122667)"
"MCP3263003C","230024371","Montgomery County Police","Injury Crash","05/21/2023 03:55:00 PM","Maryland (State)","WILSON LA","EXETER RD",,"N/A","PEDESTRIAN","OTHER","CLEAR","DRY","DAYLIGHT","STOP SIGN","NONE DETECTED","NONE DETECTED","96CE69F3-C5B3-4F93-B19D-6D3F436F9DA9","PEDESTRIAN","Cross/Enter at Intersection","NO IMPROPER ACTIONS","SIDEWALK","No","SUSPECTED MINOR INJURY","NONE","38.98706833","-77.10328333","    (38.98706833, -77.10328333)"
"MCP31130054","230024361","Montgomery County Police","Injury Crash","05/21/2023 03:04:00 PM",,"CULLINGWORTH ROAD","BLACKBURN LANE",,"N/A","OTHER","SINGLE VEHICLE","CLEAR","DRY","DAYLIGHT","NO CONTROLS","N/A","N/A","36948948-CAEA-415E-AD96-5D8D12BAB511","OTHER","N/A","NO IMPROPER ACTIONS","INSIDE BUILDING","No","POSSIBLE INJURY","N/A","39.10299576","-76.9300546","    (39.10299576, -76.9300546)"
"MCP2830006B","230024335","Montgomery County Police","Injury Crash","05/21/2023 11:33:00 AM","County","QUEEN ELIZABETH DR","HERITAGE HILLS DR",,"N/A","PEDESTRIAN","OTHER","CLEAR","DRY","DAYLIGHT","STOP SIGN","NONE DETECTED","NONE DETECTED","F6723E40-BA71-4B5F-A8DD-9C4180544BF1","PEDESTRIAN","Cross/Enter at Intersection","NO IMPROPER ACTIONS","ON ROADWAY AT CROSSWALK","No","SUSPECTED MINOR INJURY","NONE","39.16158201","-77.07134938","    (39.16158201, -77.07134938)"
"MCP1227001X","230024315","Montgomery County Police","Fatal Crash","05/21/2023 05:04:00 AM","Maryland (State)","VEIRS MILL RD","NEWPORT MILL RD",,"N/A","PEDESTRIAN","SINGLE VEHICLE","CLEAR","DRY","DARK LIGHTS ON","NO CONTROLS","NONE DETECTED","ALCOHOL PRESENT","23ABB53F-ECF6-4531-8CCE-AB0EC5C3855A","PEDESTRIAN","Unknown","IN ROADWAY IMPROPERLY","ON ROADWAY NOT AT CROSSWALK","Yes","FATAL INJURY","N/A","39.0451582","-77.06532903","    (39.0451582, -77.06532903)"
"MCP2656006W","230024263","Montgomery County Police","Injury Crash","05/20/2023 06:45:00 PM","Maryland (State)","CLOPPER RD","VILLAGE FOUNTAIN DR",,"N/A","PEDESTRIAN","OTHER","RAINING","WET","DAYLIGHT","TRAFFIC SIGNAL","N/A","N/A","122C592A-24B6-404D-8D4F-D2D24ECA77D9","PEDESTRIAN","Cross/Enter at Intersection","DART DASH","ON ROADWAY AT CROSSWALK","Yes","NO APPARENT INJURY","N/A","39.1603645","-77.27999867","    (39.1603645, -77.27999867)"
"MCP2656006W","230024263","Montgomery County Police","Injury Crash","05/20/2023 06:45:00 PM","Maryland (State)","CLOPPER RD","VILLAGE FOUNTAIN DR",,"N/A","PEDESTRIAN","OTHER","RAINING","WET","DAYLIGHT","TRAFFIC SIGNAL","N/A","N/A","269F5EAF-A293-4AE8-9A87-61D764B0AF67","PEDESTRIAN","Other","OTHER","AT INTERSECTION MARKED CROSSWALK","No","SUSPECTED SERIOUS INJURY","N/A","39.1603645","-77.27999867","    (39.1603645, -77.27999867)"
"MCP30390069","230024261","Montgomery County Police","Property Damage Crash","05/20/2023 06:16:00 PM","County","DENNIS AVE","INWOOD AVE",,"N/A","BICYCLIST","STRAIGHT MOVEMENT ANGLE","CLEAR","DRY","DAYLIGHT","TRAFFIC SIGNAL","UNKNOWN","NONE DETECTED","5D9D708B-0019-4125-B58C-6EE8F7E336E7","BICYCLIST","Cross/Enter at Intersection","NO IMPROPER ACTIONS","AT INTERSECTION BUT NO CROSSWALK","No","NO APPARENT INJURY","MC/BIKE HELMET","39.02623569","-77.03543627","    (39.02623569, -77.03543627)"
"MCP25830033","230024245","Montgomery County Police","Injury Crash","05/20/2023 04:58:00 PM","County","TUCKERMAN LA","LONG PINE TRAIL",,"N/A","BICYCLIST","SAME DIRECTION LEFT TURN","CLEAR","DRY","DAYLIGHT","N/A","NONE DETECTED","NONE DETECTED","D5A7123E-E5BA-4C1C-BAD0-5907FC34EC87","BICYCLIST","Cross/Enter at Intersection","FAILURE TO YIELD RIGHT OF WAY","OUTSIDE RIGHT OF WAY","Yes","SUSPECTED MINOR INJURY","NONE","39.04135972","-77.17615146","    (39.04135972, -77.17615146)"
"HA2386001H","230000953","Maryland-National Capital","Injury Crash","05/20/2023 03:00:00 PM",,,,"PARKING LOT AT RIDGE ROAD RECREATIONAL PARK",,"PEDESTRIAN","N/A","CLEAR",,"DAYLIGHT","N/A","N/A","N/A","BBE057B1-639C-4598-8815-278BFFB15627","PEDESTRIAN","Other","NO IMPROPER ACTIONS","OTHER","Unknown","SUSPECTED MINOR INJURY","N/A","39.20949217","-77.24475033","    (39.20949217, -77.24475033)"
"MCP25830032","230024116","Montgomery County Police","Injury Crash","05/19/2023 07:05:00 PM","County","JERUSALEM RD","JERUSALEM CHURCH RD",,"N/A","BICYCLIST","STRAIGHT MOVEMENT ANGLE","CLEAR","N/A","DAYLIGHT","STOP SIGN","NONE DETECTED","NONE DETECTED","221B26CC-7D06-41B1-9C6A-9AB52EF053B8","BICYCLIST","Cross/Enter at Intersection","FAILURE TO OBEY TRAFFIC SIGNS SIGNALS OR OFFICER","OUTSIDE RIGHT OF WAY","Yes","POSSIBLE INJURY","MC/BIKE HELMET","39.1592876","-77.40643573","    (39.1592876, -77.40643573)"
"MCP2689009L","230024062","Montgomery County Police","Injury Crash","05/19/2023 02:41:00 PM","County","TUCKERMAN LA","GAINSBOROUGH RD",,"N/A","PEDESTRIAN","SINGLE VEHICLE","CLEAR","DRY","DAYLIGHT","NO CONTROLS","NONE DETECTED","NONE DETECTED","84D09930-BD56-4985-B208-9A5D18A7FC8F","PEDESTRIAN","Cross/Enter not at Intersection","FAILURE TO YIELD RIGHT OF WAY","ON ROADWAY NOT AT CROSSWALK","Yes","SUSPECTED MINOR INJURY","NONE","39.0408405","-77.1747445","    (39.0408405, -77.1747445)"
"MCP3225003S","230023903","Montgomery County Police","Injury Crash","05/18/2023 04:50:00 PM","County","ASPEN HILL RD","PARKLAND DR",,"N/A","BICYCLIST","STRAIGHT MOVEMENT ANGLE","CLEAR","DRY","DAYLIGHT","TRAFFIC SIGNAL","NONE DETECTED","NONE DETECTED","1E9F48CC-0470-4148-BD31-27F2093B1904","BICYCLIST","Cross/Enter at Intersection","NO IMPROPER ACTIONS","AT INTERSECTION MARKED CROSSWALK","No","SUSPECTED MINOR INJURY","UNKNOWN","39.0791755","-77.08753133","    (39.0791755, -77.08753133)"
"DD5657000P","230023777","Rockville Police Departme","Injury Crash","05/17/2023 10:33:00 PM","Municipality","W GUDE DR","RESEARCH BLVD",,"ROCKVILLE","PEDESTRIAN","OTHER","CLEAR","DRY","DARK -- UNKNOWN LIGHTING","NO CONTROLS","NONE DETECTED","NONE DETECTED","84FBCA2E-9A01-4076-A755-D45D88CA15A7","PEDESTRIAN","Walking/Riding w/Traffic","IN ROADWAY IMPROPERLY","ON ROADWAY NOT AT CROSSWALK","Yes","SUSPECTED SERIOUS INJURY","NONE","39.1005185","-77.18080733","    (39.1005185, -77.18080733)"
"MCP2291006V","230023734","Montgomery County Police","Injury Crash","05/17/2023 06:04:00 PM","County","HAMILTON SPRING RD","HAMILTON SPRING CT",,"N/A","BICYCLIST","SAME DIRECTION SIDESWIPE","CLEAR","DRY","DAYLIGHT","NO CONTROLS","NONE DETECTED","NONE DETECTED","A8B3B853-B457-4DF5-ACB6-717A2A1B8DA6","BICYCLIST","Walking/Riding w/Traffic","NO IMPROPER ACTIONS","N/A","No","SUSPECTED SERIOUS INJURY","MC/BIKE HELMET","38.98897767","-77.168729","    (38.98897767, -77.168729)"
"EJ78950041","230023431","Gaithersburg Police Depar","Injury Crash","05/16/2023 10:50:00 AM",,,,"MONTGOMERY COUNTY FAIR GROUNDS",,"PEDESTRIAN","OTHER","CLEAR",,"DAYLIGHT","NO CONTROLS","NONE DETECTED","NONE DETECTED","D9C9E703-9272-46CA-9D29-41651D29B6F2","PEDESTRIAN","Playing","NOT VISIBLE","OTHER","Unknown","POSSIBLE INJURY","NONE","39.14307365","-77.2043583","    (39.14307365, -77.2043583)"
"MCP3364000H","230023416","Montgomery County Police","Injury Crash","05/16/2023 09:07:00 AM","County","BALTIMORE RD","STRUC #M0201 ROCK CREEK",,"N/A","BICYCLIST","STRAIGHT MOVEMENT ANGLE","CLEAR","DRY","DAYLIGHT","N/A","N/A","N/A","79E62044-B893-4D70-989C-5E00CB5DA418","BICYCLIST","Cross/Enter at Intersection","NO IMPROPER ACTIONS","ON ROADWAY AT CROSSWALK","No","SUSPECTED MINOR INJURY","MC/BIKE HELMET","39.09074562","-77.11497145","    (39.09074562, -77.11497145)"
"MCP3227004G","230023344","Montgomery County Police","Property Damage Crash","05/15/2023 06:02:00 PM","US (State)","COLUMBIA PIKE","ENT TO BURNT MILLS SHOPPING CENTER",,"N/A","PEDESTRIAN","SINGLE VEHICLE","CLEAR","DRY","DAYLIGHT","TRAFFIC SIGNAL","NONE DETECTED","NONE DETECTED","08CFA77B-C5C0-4BF9-8EEE-0544BF352E8D","PEDESTRIAN","Cross/Enter at Intersection","NO IMPROPER ACTIONS","ON ROADWAY AT CROSSWALK","No","NO APPARENT INJURY","N/A","39.03123795","-77.00460695","    (39.03123795, -77.00460695)"
"MCP3351000T","230023179","Montgomery County Police","Injury Crash","05/14/2023 09:26:00 PM","US (State)","GEORGIA AVE","WAYNE AVE",,"N/A","PEDESTRIAN","SINGLE VEHICLE","CLEAR","DRY","DARK LIGHTS ON","TRAFFIC SIGNAL","NONE DETECTED","ALCOHOL PRESENT","30848C30-B68D-4AEB-B5F3-C59BF82822EA","PEDESTRIAN","Cross/Enter at Intersection","FAILURE TO OBEY TRAFFIC SIGNS SIGNALS OR OFFICER","AT INTERSECTION MARKED CROSSWALK","Yes","SUSPECTED SERIOUS INJURY","N/A","38.99401167","-77.02675167","    (38.99401167, -77.02675167)"
"MCP2752005B","230023160","Montgomery County Police","Injury Crash","05/14/2023 07:45:00 PM","County","SEVEN LOCKS RD","ROSEHILL DR",,"N/A","PEDESTRIAN","SINGLE VEHICLE","CLEAR","DRY","DAYLIGHT","NO CONTROLS","N/A","N/A","E392074E-95F2-4AFE-B6FE-98351CA94AF6","PEDESTRIAN","Other","OTHER","OTHER","No","SUSPECTED SERIOUS INJURY","N/A","39.009145","-77.159735","    (39.009145, -77.159735)"
"MCP1389002W","230023157","Montgomery County Police","Injury Crash","05/14/2023 07:30:00 PM","Maryland (State)","GEORGIA AVE","MASON ST",,"N/A","PEDESTRIAN","OTHER","CLEAR","DRY","DAYLIGHT","OTHER","N/A","ALCOHOL PRESENT","4D854616-6877-4F57-AF5E-AFEA63C9FCDA","PEDESTRIAN","Cross/Enter at Intersection","NO IMPROPER ACTIONS","ON ROADWAY AT CROSSWALK","No","SUSPECTED MINOR INJURY","N/A","39.05595164","-77.04984942","    (39.05595164, -77.04984942)"
"MCP3341001L","230022947","Montgomery County Police","Injury Crash","05/13/2023 09:15:00 AM","Maryland (State)","GEORGIA AVE","CONNECTICUT AVE",,"N/A","BICYCLIST","OTHER","CLOUDY","DRY","DAYLIGHT","TRAFFIC SIGNAL","N/A","N/A","3996D1EE-64EE-42C4-86B3-1862B6C0A29F","BICYCLIST","Cross/Enter at Intersection","NO IMPROPER ACTIONS","ON ROADWAY AT CROSSWALK","No","SUSPECTED MINOR INJURY","NONE","39.08445267","-77.07783433","    (39.08445267, -77.07783433)"
"MCP32330044","230022865","Montgomery County Police","Injury Crash","05/12/2023 06:13:00 PM","County","FLOWER AVE","PINEY BRANCH RD",,"N/A","PEDESTRIAN","SINGLE VEHICLE","CLEAR","DRY","DAYLIGHT","N/A","UNKNOWN","NONE DETECTED","2384C41E-1643-4BE3-93C6-F063CBB2DED8","PEDESTRIAN","Cross/Enter at Intersection","NO IMPROPER ACTIONS","ON ROADWAY AT CROSSWALK","No","POSSIBLE INJURY","NONE","39.027421","-77.00449083","    (39.027421, -77.00449083)"
"MCP28430020","230022852","Montgomery County Police","Injury Crash","05/12/2023 05:00:00 PM","County","STEDWICK RD","CAPEHART DR",,"N/A","PEDESTRIAN","OTHER","CLEAR","DRY","DAYLIGHT","NO CONTROLS","N/A","N/A","ED4FDEF9-DB94-4B09-8484-219559E2BDAB","PEDESTRIAN","Cross/Enter not at Intersection","UNKNOWN","ON ROADWAY NOT AT CROSSWALK","No","POSSIBLE INJURY","N/A","39.17096343","-77.21288113","    (39.17096343, -77.21288113)"
"MCP3294001H","230022690","Montgomery County Police","Injury Crash","05/11/2023 07:00:00 PM",,,,"PARKING LOT OF",,"PEDESTRIAN","OTHER","CLEAR",,"DAYLIGHT","NO CONTROLS","NONE DETECTED","NONE DETECTED","6C214792-2455-422B-979D-A436B79F61B7","PEDESTRIAN","Other","UNKNOWN","SIDEWALK","No","POSSIBLE INJURY","N/A","39.17183167","-77.204945","    (39.17183167, -77.204945)"
"MCP23390086","230022456","Montgomery County Police","Injury Crash","05/10/2023 05:01:00 PM","Municipality","E GUDE DR","TAFT ST",,"ROCKVILLE","PEDESTRIAN","OTHER","CLEAR","DRY","DAYLIGHT","NO CONTROLS","NONE DETECTED","NONE DETECTED","7966200F-DECD-469A-AF74-BFCDDC41F42A","PEDESTRIAN","Walking/Cycling on Sidewalk","NO IMPROPER ACTIONS","SIDEWALK","No","POSSIBLE INJURY","N/A","39.09669446","-77.1353897","    (39.09669446, -77.1353897)"
"MCP32900021","230022402","Montgomery County Police","Injury Crash","05/10/2023 01:37:00 PM","County","DEXTER AVE","GEORGIA AVE",,"N/A","PEDESTRIAN","OTHER","CLEAR","DRY","DAYLIGHT","TRAFFIC SIGNAL","NONE DETECTED","NONE DETECTED","4E6D14B9-39F1-48EB-897C-DFAFC2129B27","PEDESTRIAN","Cross/Enter at Intersection","UNKNOWN","AT INTERSECTION BUT NO CROSSWALK","No","SUSPECTED MINOR INJURY","NONE","39.02221","-77.04522833","    (39.02221, -77.04522833)"
"MCP31900052","230022377","Montgomery County Police","Injury Crash","05/10/2023 11:18:00 AM",,,,"PRIVATE DRIVEWAY ON FARM PROPERTY AT 4300 GREGG ROAD.",,"PEDESTRIAN","OTHER","CLEAR",,"DAYLIGHT","NO CONTROLS","NONE DETECTED","NONE DETECTED","9CF03BC2-BF88-42E7-A93A-94BEE13330B0","PEDESTRIAN","Other","OTHER","OTHER","Unknown","SUSPECTED MINOR INJURY","NONE","39.2026889","-77.08683038","    (39.2026889, -77.08683038)"
"MCP235300BS","230022332","Montgomery County Police","Injury Crash","05/10/2023 06:29:00 AM","Maryland (State)","CONNECTICUT AVE","DECATUR AVE",,"N/A","PEDESTRIAN","SINGLE VEHICLE","CLOUDY","DRY","DAYLIGHT","NO CONTROLS","NONE DETECTED","NONE DETECTED","A9491846-3062-4422-BB56-0904E1B6D732","PEDESTRIAN","Cross/Enter not at Intersection","DART DASH","ON ROADWAY NOT AT CROSSWALK","Yes","SUSPECTED MINOR INJURY","NONE","39.03380833","-77.07521817","    (39.03380833, -77.07521817)"
"MCP2563001M","230022301","Montgomery County Police","Fatal Crash","05/09/2023 08:53:00 PM","County","WISTERIA DR","GREAT SENECA HWY",,"N/A","PEDESTRIAN","SINGLE VEHICLE","CLEAR","DRY","DARK LIGHTS ON","NO CONTROLS","NONE DETECTED","UNKNOWN","9EA094C1-DA2A-45B4-95FD-7EF87F0CCAED","PEDESTRIAN","Cross/Enter not at Intersection","DART DASH","ON ROADWAY NOT AT CROSSWALK","Yes","FATAL INJURY","NONE","39.17123833","-77.26280833","    (39.17123833, -77.26280833)"
"DD56620009","230022284","Rockville Police Departme","Injury Crash","05/09/2023 05:12:00 PM",,,,"785 ROCKVILLE PIKE (7/11 PARKING LOT)",,"PEDESTRIAN","OTHER","CLEAR",,"DAYLIGHT","N/A","UNKNOWN","NONE DETECTED","425FFBAE-A1C7-4BF4-A08C-ADE8603E2528","PEDESTRIAN","Other","NO IMPROPER ACTIONS","OTHER","No","POSSIBLE INJURY","NONE","39.08122983","-77.14816817","    (39.08122983, -77.14816817)"
"MCP3311001R","230022252","Montgomery County Police","Injury Crash","05/09/2023 04:41:00 PM","Maryland (State)","16TH ST","LYTTONSVILLE RD",,"N/A","PEDESTRIAN","OTHER","CLEAR","DRY","DAYLIGHT","OTHER","N/A","N/A","C5A1959A-733F-4F6D-B867-215856B171E0","PEDESTRIAN","Cross/Enter not at Intersection","NO IMPROPER ACTIONS","ON ROADWAY AT CROSSWALK","No","SUSPECTED MINOR INJURY","N/A","38.99910196","-77.03988722","    (38.99910196, -77.03988722)"