"Report Number","Local Case Number","Agency Name","ACRS Report Type","Crash Date/Time","Route Type","Road Name","Cross-Street Name","Off-Road Description","Municipality","Related Non-Motorist","Collision Type","Weather","Surface Condition","Light","Traffic Control","Driver Substance Abuse","Non-Motorist Substance Abuse","Person ID","Pedestrian Type","Pedestrian Movement","Pedestrian Actions","Pedestrian Location","At Fault","Injury Severity","Safety Equipment","Latitude","Longitude","Location"
"MCP11740066","230022157","Montgomery County Police","Injury Crash","05/09/2023 07:43:00 AM","Maryland (State)","EAST WEST HWY (W/B COUPLET)","PEARL ST",,"N/A","BICYCLIST","SINGLE VEHICLE","CLEAR","DRY","DAYLIGHT","TRAFFIC SIGNAL","NONE DETECTED","N/A","12E1213E-97E7-4D3C-A589-C8D5F0F414E9","BICYCLIST","Cross/Enter at Intersection","NO IMPROPER ACTIONS","AT INTERSECTION MARKED CROSSWALK","No","SUSPECTED MINOR INJURY","NONE","38.98502108","-77.09101622","    (38.98502108, -77.09101622)"
"MCP2356002X","230022087","Montgomery County Police","Injury Crash","05/08/2023 09:00:00 PM","Municipality","KING FARM BLVD","CRESTFIELD DR",,"N/A","PEDESTRIAN","SINGLE VEHICLE","CLEAR","DRY","DARK LIGHTS ON","NO CONTROLS","N/A","NONE DETECTED","3B6A634F-C107-42C7-B201-6E61D8210940","PEDESTRIAN","Cross/Enter at Intersection","NO IMPROPER ACTIONS","SIDEWALK","No","SUSPECTED MINOR INJURY","NONE","39.11353231","-77.17281194","    (39.11353231, -77.17281194)"
"MCP3361000G","230022085","Montgomery County Police","Injury Crash","05/08/2023 08:04:00 PM","County","KEMP MILL RD","ARCOLA AVE",,"N/A","BICYCLIST","SINGLE VEHICLE","CLEAR","DRY","DARK LIGHTS ON","TRAFFIC SIGNAL","UNKNOWN","NONE DETECTED","293A3CD4-C9F1-4175-A268-3CB2C8E331E8","BICYCLIST","Cross/Enter at Intersection","NO IMPROPER ACTIONS","SIDEWALK","No","SUSPECTED MINOR INJURY","MC/BIKE HELMET","39.04602409","-77.03221547","    (39.04602409, -77.03221547)"
"DD5631004Y","230022066","Rockville Police Departme","Property Damage Crash","05/08/2023 07:15:00 PM","Maryland (State)","VEIRS MILL RD","ROCKVILLE PIKE",,"N/A","MACHINE OPERATOR/RIDER","OTHER","CLEAR","DRY","DAYLIGHT","YIELD SIGN","NONE DETECTED","NONE DETECTED","4EA09B23-D7D4-4057-8FCC-A765E47A9358","MACHINE OPERATOR/RIDER","Cross/Enter at Intersection","DART DASH","ON ROADWAY NOT AT CROSSWALK","Yes","NO APPARENT INJURY","MC/BIKE HELMET","39.08179583","-77.146098","    (39.08179583, -77.146098)"
"MCP2601001D","230022004","Montgomery County Police","Injury Crash","05/08/2023 03:37:00 PM","County","FENTON ST","GIST AVE",,"N/A","BICYCLIST","STRAIGHT MOVEMENT ANGLE","CLEAR","DRY","DAYLIGHT","STOP SIGN","NONE DETECTED","N/A","046184FC-BAFF-4E74-9716-7053B620D854","BICYCLIST","Cross/Enter at Intersection","NO IMPROPER ACTIONS","ON ROADWAY AT CROSSWALK","No","POSSIBLE INJURY","MC/BIKE HELMET","38.98881588","-77.02395068","    (38.98881588, -77.02395068)"
"MCP3351000S","230022030","Montgomery County Police","Injury Crash","05/08/2023 11:30:00 AM","County","JONES BRIDGE RD","PLATT RIDGE DR",,"N/A","BICYCLIST","SINGLE VEHICLE","CLEAR","DRY","DAYLIGHT","TRAFFIC SIGNAL","UNKNOWN","N/A","17111A94-F677-4FBD-BA8F-791250CB8B3F","BICYCLIST","Cross/Enter at Intersection","NO IMPROPER ACTIONS","IN BIKEWAY","No","SUSPECTED MINOR INJURY","UNKNOWN","39.00025213","-77.08010321","    (39.00025213, -77.08010321)"
"MCP3355000D","230021542","Montgomery County Police","Injury Crash","05/05/2023 02:14:00 PM","County","FENTON ST","SLIGO AVE",,"N/A","PEDESTRIAN","SINGLE VEHICLE","CLEAR","DRY","DAYLIGHT","NO CONTROLS","NONE DETECTED","NONE DETECTED","A9C153E8-9B9B-4C3E-8EF2-25C90A978B3D","PEDESTRIAN","Unknown","INATTENTIVE","SHOULDER","Yes","SUSPECTED MINOR INJURY","NONE","38.99058156","-77.02389591","    (38.99058156, -77.02389591)"
"MCP23300048","230021426","Montgomery County Police","Injury Crash","05/04/2023 07:35:00 PM","Maryland (State)","UNIVERSITY BLVD W","VEIRS MILL RD",,"N/A","BICYCLIST","OTHER","CLEAR","DRY","DUSK","TRAFFIC SIGNAL","NONE DETECTED","NONE DETECTED","971A4051-7114-4030-A173-EAB003E9B5B0","BICYCLIST","Walking/Riding against Traffic","FAILURE TO YIELD RIGHT OF WAY","ON ROADWAY NOT AT CROSSWALK","Yes","SUSPECTED MINOR INJURY","MC/BIKE HELMET","39.04027667","-77.055605","    (39.04027667, -77.055605)"
"MCP243600GL","230021112","Montgomery County Police","Injury Crash","05/03/2023 10:15:00 AM","County","ROYAL RD","LA GRANDE RD",,"N/A","PEDESTRIAN","OTHER","CLEAR","DRY","DAYLIGHT","NO CONTROLS","NONE DETECTED","NONE DETECTED","69ADEE45-6E70-4DF6-BA4E-17542392B800","PEDESTRIAN","Cross/Enter not at Intersection","DART DASH","ON ROADWAY NOT AT CROSSWALK","No","POSSIBLE INJURY","NONE","39.02655898","-76.98563193","    (39.02655898, -76.98563193)"
"MCP3352000F","230021049","Montgomery County Police","Injury Crash","05/02/2023 09:18:00 PM","County","CLUB HOUSE RD","RIDGELINE DR",,"N/A","PEDESTRIAN","STRAIGHT MOVEMENT ANGLE","CLEAR","WET","DARK NO LIGHTS","NO CONTROLS","NONE DETECTED","NONE DETECTED","D93F4485-976B-4A2F-B65D-45FDFC668FFB","PEDESTRIAN","Cross/Enter at Intersection","NO IMPROPER ACTIONS","ON ROADWAY AT CROSSWALK","No","POSSIBLE INJURY","NONE","39.17443167","-77.20546167","    (39.17443167, -77.20546167)"
"DD5603009R","230021013","Rockville Police Departme","Injury Crash","05/02/2023 05:40:00 PM","Municipality","FLEET ST","JEFFERSON PLAZA",,"ROCKVILLE","BICYCLIST","OTHER","RAINING","WET","DAYLIGHT","STOP SIGN","NONE DETECTED","NONE DETECTED","6D8336C7-A6F7-4FE2-878C-5E829DED63DB","BICYCLIST","Cross/Enter at Intersection","NO IMPROPER ACTIONS","AT INTERSECTION MARKED CROSSWALK","No","SUSPECTED MINOR INJURY","MC/BIKE HELMET","39.080116","-77.14711414","    (39.080116, -77.14711414)"
"MCP3289002F","230020963","Montgomery County Police","Injury Crash","05/02/2023 10:00:00 AM","Maryland (State)","NEW HAMPSHIRE AVE","HOLTON LA",,"TAKOMA PARK","PEDESTRIAN","SINGLE VEHICLE","CLEAR","DRY","DAYLIGHT","TRAFFIC SIGNAL","NONE DETECTED","NONE DETECTED","09C7F98D-F42D-4EBD-9B13-E02889A2DFBE","PEDESTRIAN","Cross/Enter at Intersection","UNKNOWN","ON ROADWAY AT CROSSWALK","Unknown","SUSPECTED MINOR INJURY","N/A","38.98799061","-76.98782723","    (38.98799061, -76.98782723)"
"MCP30630043","230020870","Montgomery County Police","Injury Crash","05/02/2023 05:52:00 AM","Maryland (State)","PINEY BRANCH RD","DALE DR",,"N/A","PEDESTRIAN","N/A","CLEAR","DRY","DARK LIGHTS ON","TRAFFIC SIGNAL","NONE DETECTED","NONE DETECTED","50DDB45E-92F5-4E0F-A313-56422A892EF9","PEDESTRIAN","Cross/Enter at Intersection","N/A","ON ROADWAY AT CROSSWALK","No","POSSIBLE INJURY","NONE","38.99371605","-77.00914387","    (38.99371605, -77.00914387)"
"MCP26120053","230020804","Montgomery County Police","Injury Crash","05/01/2023 04:04:00 PM","County","HATHAWAY DR","LAYHILL RD",,"N/A","BICYCLIST","OTHER","CLEAR","DRY","DAYLIGHT","NO CONTROLS","NONE DETECTED","NONE DETECTED","1B299ABE-E53D-488C-A92E-57DC82CEABC2","BICYCLIST","Cross/Enter at Intersection","DART DASH","SIDEWALK","Yes","POSSIBLE INJURY","NONE","39.07481467","-77.0458985","    (39.07481467, -77.0458985)"
"MCP291400DK","230020545","Montgomery County Police","Injury Crash","04/30/2023 11:46:00 PM","US (State)","GEORGIA AVE","BLAIR RD",,"N/A","BICYCLIST","OTHER","CLEAR","DRY","DARK LIGHTS ON","TRAFFIC SIGNAL","N/A","N/A","5342EDBA-2953-4663-B767-305C37DE2260","BICYCLIST","Cross/Enter at Intersection","NO IMPROPER ACTIONS","AT INTERSECTION MARKED CROSSWALK","No","SUSPECTED SERIOUS INJURY","MC/BIKE HELMET","38.98469765","-77.0264628","    (38.98469765, -77.0264628)"
"MCP1550004F","23020465","Montgomery County Police","Injury Crash","04/29/2023 12:41:00 PM","Municipality","FARRAGUT AVE","CONNECTICUT AVE",,"N/A","BICYCLIST","OTHER","CLOUDY","DRY","DAYLIGHT","NO CONTROLS","NONE DETECTED","NONE DETECTED","57A70721-E70E-4AA1-B556-61A1B9640CBF","BICYCLIST","Walking/Riding against Traffic","WRONG WAY RIDING OR WALKING","ON ROADWAY AT CROSSWALK","Unknown","POSSIBLE INJURY","MC/BIKE HELMET","39.03187067","-77.07538083","    (39.03187067, -77.07538083)"
"MCP30950048","230020386","Montgomery County Police","Injury Crash","04/28/2023 08:29:00 PM","County","LOCKWOOD DR","NEW HAMPSHIRE AVE",,"N/A","PEDESTRIAN","OTHER","RAINING","WET","DARK LIGHTS ON","TRAFFIC SIGNAL","N/A","N/A","9FDE923A-7ADC-4B6A-AE24-22411AFBF5B1","PEDESTRIAN","Cross/Enter at Intersection","N/A","ON ROADWAY AT CROSSWALK","No","POSSIBLE INJURY","N/A","39.0396955","-76.99084211","    (39.0396955, -76.99084211)"
"MCP31360065","230020293","Montgomery County Police","Injury Crash","04/28/2023 12:20:00 PM","County","ELTON RD","NEW HAMPSHIRE AVE",,"N/A","PEDESTRIAN","OTHER","RAINING","WET","DARK LIGHTS ON","NO CONTROLS","N/A","NONE DETECTED","9B6BFADC-AA42-4FD5-820F-7AD2E2EF69D7","PEDESTRIAN","Other","NO IMPROPER ACTIONS","ON ROADWAY AT CROSSWALK","No","SUSPECTED SERIOUS INJURY","N/A","39.01970738","-76.97459518","    (39.01970738, -76.97459518)"
"MCP13480006","230021526","Montgomery County Police","Injury Crash","04/28/2023 07:25:00 AM","County","GAINSBOROUGH RD","TUCKERMAN LA",,"N/A","PEDESTRIAN","SINGLE VEHICLE","RAINING","WET","OTHER","NO CONTROLS","N/A","N/A","0F3B141A-79B4-45A8-A4F1-75E814E6AF98","PEDESTRIAN","Walking to/from school","INATTENTIVE","ON ROADWAY NOT AT CROSSWALK","No","POSSIBLE INJURY","NONE","39.04261699","-77.17282358","    (39.04261699, -77.17282358)"
"MCP31990058","230020245","Montgomery County Police","Injury Crash","04/28/2023 05:32:00 AM","County","CONNECTICUT AVE","GEORGIA AVE",,"N/A","PEDESTRIAN","SINGLE VEHICLE","RAINING","WET","DARK LIGHTS ON","TRAFFIC SIGNAL","NONE DETECTED","NONE DETECTED","F6837592-D1F3-406C-B7F1-D1497B9C81E6","PEDESTRIAN","Cross/Enter at Intersection","DART DASH","ON ROADWAY AT CROSSWALK","Yes","SUSPECTED MINOR INJURY","NONE","39.22816667","-77.428785","    (39.22816667, -77.428785)"
"MCP30710029","230020229","Montgomery County Police","Injury Crash","04/27/2023 11:45:00 PM","County","RIDGE RD","OBSERVATION DR",,"N/A","BICYCLIST","OTHER","CLEAR","DRY","DARK LIGHTS ON","NO CONTROLS","NONE DETECTED","NONE DETECTED","832A733A-F3D0-4ED0-AF39-584396DFA372","BICYCLIST","Walking/Riding w/Traffic","NOT VISIBLE","OUTSIDE RIGHT OF WAY","Yes","POSSIBLE INJURY","NONE","39.1983498","-77.2618043","    (39.1983498, -77.2618043)"
"DD5527004N","230020219","Rockville Police Departme","Injury Crash","04/27/2023 09:35:00 PM","Maryland (State)","ROCKVILLE PIKE","CONGRESSIONAL LA",,"N/A","BICYCLIST","OTHER","CLEAR","DRY","DARK LIGHTS ON","TRAFFIC SIGNAL","NONE DETECTED","NONE DETECTED","4A1A94C5-1039-4AD1-AC66-B7EB069029B5","BICYCLIST","Cross/Enter at Intersection","NO IMPROPER ACTIONS","ON ROADWAY AT CROSSWALK","No","SUSPECTED MINOR INJURY","NONE","39.06428133","-77.12619411","    (39.06428133, -77.12619411)"
"MCP15640075","230020118","Montgomery County Police","Injury Crash","04/27/2023 11:31:00 AM",,,,"MCDONALD'S PARKING LOT LOCATION 18010 GEORGIA AVENUE, OLNEY, MARYLAND 20832",,"PEDESTRIAN","OTHER","CLOUDY",,"DAYLIGHT","NO CONTROLS","NONE DETECTED","NONE DETECTED","E2FCDBE6-76BB-46CC-B191-C9E3279691E1","PEDESTRIAN","Cross/Enter not at Intersection","NO IMPROPER ACTIONS","OTHER","No","POSSIBLE INJURY","N/A","39.1517915","-77.06752","    (39.1517915, -77.06752)"
"DD55830083","230020104","Rockville Police Departme","Injury Crash","04/27/2023 10:28:00 AM","Municipality","FALLSGROVE BLVD","ENT TO APARTMENTS",,"N/A","PEDESTRIAN","SINGLE VEHICLE","CLEAR","DRY","DAYLIGHT","NO CONTROLS","NONE DETECTED","NONE DETECTED","089F698D-5C51-4608-955E-655C1C40B37D","PEDESTRIAN","Unknown","IN ROADWAY IMPROPERLY","SHOULDER","Yes","SUSPECTED SERIOUS INJURY","N/A","39.09667353","-77.19366236","    (39.09667353, -77.19366236)"
"DD5646002N","230019854","Rockville Police Departme","Injury Crash","04/25/2023 10:10:00 PM","Maryland (State)","HUNGERFORD DR","COLLEGE PKWY",,"ROCKVILLE","PEDESTRIAN","SINGLE VEHICLE","CLEAR","DRY","DARK LIGHTS ON","NO CONTROLS","N/A","N/A","397D4307-FB7E-46D7-9250-83EA304B54F5","PEDESTRIAN","Standing","NO IMPROPER ACTIONS","INSIDE BUILDING","No","SUSPECTED MINOR INJURY","N/A","39.1035149","-77.1566645","    (39.1035149, -77.1566645)"
"MCP1210005Y","230019807","Montgomery County Police","Injury Crash","04/25/2023 04:37:00 PM",,,,"EXXON PARKING LOT AT 16425 S FREDERICK AVE",,"PEDESTRIAN","SINGLE VEHICLE","CLEAR",,"DAYLIGHT","N/A","NONE DETECTED","NONE DETECTED","23B4D228-4360-4CFA-B6D5-D2AEE91DAF3D","PEDESTRIAN","Standing","NO IMPROPER ACTIONS","OTHER","No","SUSPECTED MINOR INJURY","NONE","39.1261727","-77.18230353","    (39.1261727, -77.18230353)"
"MCP22700016","230019535","Montgomery County Police","Injury Crash","04/24/2023 11:50:00 AM","County","RUGBY AVE","DEL RAY AVE",,"N/A","PEDESTRIAN","OTHER","CLEAR","DRY","DAYLIGHT","NO CONTROLS","NONE DETECTED","NONE DETECTED","7EA4C5C2-D6AC-4612-9487-E225542A8A7D","PEDESTRIAN","Other","IN ROADWAY IMPROPERLY","SIDEWALK","Yes","POSSIBLE INJURY","NONE","38.991275","-77.09777667","    (38.991275, -77.09777667)"
"MCP3021006G","230019681","Montgomery County Police","Injury Crash","04/23/2023 08:00:00 PM","County","SPRING ST","FIRST AVE",,"N/A","PEDESTRIAN","SINGLE VEHICLE","N/A","DRY","DUSK","NO CONTROLS","N/A","N/A","C6F7D976-06AC-43AC-A195-51DDEA02CA2B","PEDESTRIAN","Cross/Enter not at Intersection","DART DASH","OUTSIDE RIGHT OF WAY","No","SUSPECTED MINOR INJURY","NONE","38.99861071","-77.03323805","    (38.99861071, -77.03323805)"
"MCP2401001Q","230019346","Montgomery County Police","Injury Crash","04/23/2023 03:05:00 AM","Interstate (State)","EISENHOWER MEMORIAL HWY","W MONTGOMERY AVE",,"N/A","PEDESTRIAN","SAME DIR REAR END","CLEAR","DRY","DARK LIGHTS ON","N/A","N/A, NONE DETECTED","N/A","6A046E88-A720-4841-BD4A-6EB5A5560BF2","PEDESTRIAN","Push/Work on Vehicle","DISABLED VEHICLE RELATED","OTHER","No","SUSPECTED MINOR INJURY","NONE","39.08079833","-77.17058167","    (39.08079833, -77.17058167)"
"MCP3068004N","230019306","Montgomery County Police","Injury Crash","04/22/2023 08:15:00 PM","Maryland (State)","OLD GEORGETOWN RD","GLENBROOK RD",,"N/A","OTHER CONVEYANCE","STRAIGHT MOVEMENT ANGLE","CLEAR","DRY","DARK LIGHTS ON","STOP SIGN","N/A","N/A","E3BCB7CF-BF98-4E11-A20F-9A7D25D07CE0","OTHER CONVEYANCE","Cross/Enter at Intersection","FAILURE TO YIELD RIGHT OF WAY","ON ROADWAY AT CROSSWALK","Yes","SUSPECTED MINOR INJURY","NONE","38.98929133","-77.10160883","    (38.98929133, -77.10160883)"
"MCP3358000G","230019203","Montgomery County Police","Injury Crash","04/22/2023 10:10:00 AM","Municipality","LELAND ST","OAK LA",,"CHEVY CHASE #4","BICYCLIST","STRAIGHT MOVEMENT ANGLE","CLEAR","DRY","DAYLIGHT","STOP SIGN","N/A","N/A","EBACE963-7760-4A4E-9499-DC20CF6734C8","BICYCLIST","Cross/Enter at Intersection","FAILURE TO OBEY TRAFFIC SIGNS SIGNALS OR OFFICER","ON ROADWAY NOT AT CROSSWALK","Yes","SUSPECTED MINOR INJURY","MC/BIKE HELMET","38.9851545","-77.08398083","    (38.9851545, -77.08398083)"
"EJ7894002R","230019019","Gaithersburg Police Depar","Injury Crash","04/21/2023 10:25:00 AM",,,,"880 RUSSELL AVE, GAITHERSBURG, MD, 20879",,"PEDESTRIAN","OTHER","CLEAR",,"DAYLIGHT","N/A","NONE DETECTED","NONE DETECTED","89548A72-3770-465A-B0FA-F5DBA68E3E52","PEDESTRIAN","Unknown","UNKNOWN","OTHER","No","POSSIBLE INJURY","NONE","39.1568452","-77.21297352","    (39.1568452, -77.21297352)"
"MCP3348000C","230017981","Montgomery County Police","Injury Crash","04/20/2023 01:31:00 PM",,,,"PARKING LOT OF 3828 INTERNATIONAL DRIVE",,"PEDESTRIAN","STRAIGHT MOVEMENT ANGLE","RAINING",,"DAYLIGHT","NO CONTROLS","NONE DETECTED","NONE DETECTED","EA859AE8-0777-402F-9C87-FC3211DB58A8","PEDESTRIAN","Other","INATTENTIVE","OTHER","No","SUSPECTED MINOR INJURY","N/A","39.10313304","-77.07544506","    (39.10313304, -77.07544506)"
"MCP913000FQ","230018871","Montgomery County Police","Injury Crash","04/20/2023 12:29:00 PM",,,,"PARKING LOT OF 8736 ARLISS ST
SILVER SPRING, MD 20901",,"MACHINE OPERATOR/RIDER","SINGLE VEHICLE","CLEAR",,"DAYLIGHT","NO CONTROLS","NONE DETECTED","NONE DETECTED","0C68E975-4F41-478F-BDB6-2FD303CAE732","MACHINE OPERATOR/RIDER","Cross/Enter not at Intersection","OTHER","ON ROADWAY NOT AT CROSSWALK","Yes","POSSIBLE INJURY","NONE","38.99948617","-77.00157117","    (38.99948617, -77.00157117)"
"MCP913000FP","230018823","Montgomery County Police","Injury Crash","04/20/2023 07:47:00 AM","County","GILBERT ST","BARRON ST",,"N/A","PEDESTRIAN","SINGLE VEHICLE","CLEAR","DRY","DAYLIGHT","NO CONTROLS","NONE DETECTED","NONE DETECTED","5C0376FE-6650-41A0-B7FD-DBCE8EE46D57","PEDESTRIAN","Cross/Enter not at Intersection","NO IMPROPER ACTIONS","ON ROADWAY NOT AT CROSSWALK","No","SUSPECTED MINOR INJURY","NONE","38.997769","-76.99675733","    (38.997769, -76.99675733)"
"MCP3197003F","230018793","Montgomery County Police","Injury Crash","04/19/2023 09:00:00 PM","County","BAUER DR","NORBECK RD",,"N/A","PEDESTRIAN","STRAIGHT MOVEMENT ANGLE","CLEAR","DRY","DARK LIGHTS ON","TRAFFIC SIGNAL","NONE DETECTED","NONE DETECTED","DF4E2247-E6D6-49A6-A57D-2F7F8872FEAF","PEDESTRIAN","Cross/Enter at Intersection","NOT VISIBLE","AT INTERSECTION BUT NO CROSSWALK","No","POSSIBLE INJURY","LIGHTING","39.0960701","-77.1098676","    (39.0960701, -77.1098676)"
"MCP3329001H","230018766","Montgomery County Police","Injury Crash","04/19/2023 06:30:00 PM","County","GALWAY DR","FAIRLAND RD",,"N/A","PEDESTRIAN","OTHER","CLEAR","DRY","DAYLIGHT","NO CONTROLS","NONE DETECTED","NONE DETECTED","A25ACB6B-DDF8-49B7-81B8-4C7A04A33413","PEDESTRIAN","Playing","DART DASH","ON ROADWAY NOT AT CROSSWALK","Unknown","SUSPECTED MINOR INJURY","N/A","39.06375167","-76.94507","    (39.06375167, -76.94507)"
"MCP285900D2","230018683","Montgomery County Police","Injury Crash","04/19/2023 12:20:00 PM","County","LONGDRAFT RD","GREAT SENECA HWY",,"N/A","BICYCLIST","STRAIGHT MOVEMENT ANGLE","CLEAR","DRY","DAYLIGHT","TRAFFIC SIGNAL","NONE DETECTED","NONE DETECTED","1ED11F34-B71E-40E1-8328-B347CFD04660","BICYCLIST","Cross/Enter at Intersection","NO IMPROPER ACTIONS","ON ROADWAY AT CROSSWALK","No","SUSPECTED MINOR INJURY","NONE","39.13353467","-77.244827","    (39.13353467, -77.244827)"
"DD5540002V","230018503","Rockville Police Departme","Injury Crash","04/18/2023 03:34:00 PM","Municipality","HALPINE RD","E JEFFERSON ST",,"ROCKVILLE","PEDESTRIAN","SINGLE VEHICLE","CLEAR","DRY","DAYLIGHT","TRAFFIC SIGNAL","NONE DETECTED","NONE DETECTED","6D1B7A3C-DB87-4761-A05D-9288E692E4E8","PEDESTRIAN","Cross/Enter at Intersection","NO IMPROPER ACTIONS","ON ROADWAY AT CROSSWALK","No","SUSPECTED MINOR INJURY","NONE","39.06092196","-77.12576469","    (39.06092196, -77.12576469)"
"MCP32330042","230018372","Montgomery County Police","Injury Crash","04/17/2023 08:35:00 PM","County","FOREST GLEN RD","BRUNETT AVE",,"N/A","PEDESTRIAN","SINGLE VEHICLE","CLEAR","DRY","DARK LIGHTS ON","STOP SIGN","NONE DETECTED","NONE DETECTED","28EB4A3E-E8C7-4F62-840B-E2827C750490","PEDESTRIAN","Cross/Enter at Intersection","NO IMPROPER ACTIONS","ON ROADWAY AT CROSSWALK","No","SUSPECTED MINOR INJURY","NONE","39.03450883","-77.011285","    (39.03450883, -77.011285)"
"MCP22700013","230018247","Montgomery County Police","Injury Crash","04/17/2023 09:00:00 AM","Maryland (State)","WISCONSIN AVE","WILLARD AVE",,"N/A","PEDESTRIAN","OTHER","CLEAR","DRY","DAYLIGHT","NO CONTROLS","NONE DETECTED","NONE DETECTED","09F6E76F-64DC-4F5B-A08C-EF53BA54AF47","PEDESTRIAN","Walking/Riding against Traffic","IN ROADWAY IMPROPERLY","ON ROADWAY NOT AT CROSSWALK","Yes","SUSPECTED MINOR INJURY","NONE","38.98991","-77.10287667","    (38.98991, -77.10287667)"
"MCP3068004M","230018175","Montgomery County Police","Injury Crash","04/16/2023 07:05:00 PM","County","ELM ST","ARLINGTON RD",,"N/A","PEDESTRIAN","STRAIGHT MOVEMENT ANGLE","CLEAR","DRY","DAYLIGHT","TRAFFIC SIGNAL","N/A","N/A","59CC4794-D99A-4DC8-A7E1-D2A0651552A4","PEDESTRIAN","Cross/Enter at Intersection","NO IMPROPER ACTIONS","ON ROADWAY AT CROSSWALK","No","SUSPECTED MINOR INJURY","N/A","38.982098","-77.09860583","    (38.982098, -77.09860583)"
"MCP2420004T","230018104","Montgomery County Police","Injury Crash","04/16/2023 09:01:00 AM","Maryland (State)","LAYHILL RD","BRIGGS RD",,"N/A","BICYCLIST","OTHER","CLEAR","DRY","DAYLIGHT","TRAFFIC SIGNAL","NONE DETECTED","NONE DETECTED","5B01D49C-277B-4770-8C8F-B3E0F597E07E","BICYCLIST","Cross/Enter at Intersection","NO IMPROPER ACTIONS","ON ROADWAY AT CROSSWALK","No","SUSPECTED MINOR INJURY","MC/BIKE HELMET","39.0691727","-77.0455124","    (39.0691727, -77.0455124)"
"MCP3339001V","230018092","Montgomery County Police","Injury Crash","04/16/2023 08:02:00 AM",,,,"13531 CONNECTICUT AVE, ASPEN HILL, MD 20906",,"PEDESTRIAN","OTHER","CLEAR",,"DAYLIGHT","N/A","NONE DETECTED","NONE DETECTED","78D473C0-ECE9-4DFB-8BA8-4D641BD59482","PEDESTRIAN","Other Working","NO IMPROPER ACTIONS","OTHER","No","POSSIBLE INJURY","NONE","39.07744483","-77.079981","    (39.07744483, -77.079981)"
"MCP3114002Z","230018017","Montgomery County Police","Injury Crash","04/15/2023 06:03:00 PM",,,,"PARKING LOT OF 10151 COLESVILLE ROAD",,"PEDESTRIAN","SAME DIRECTION SIDESWIPE","CLEAR",,"DAYLIGHT","N/A","N/A","N/A","E1D200F4-B541-432C-B7F7-D1DC70F9855F","PEDESTRIAN","Standing","NO IMPROPER ACTIONS","CURB","No","SUSPECTED MINOR INJURY","N/A","39.02129667","-77.01142583","    (39.02129667, -77.01142583)"
"MCP22310076","230017988","Montgomery County Police","Injury Crash","04/15/2023 01:58:00 PM","Maryland (State)","DARNESTOWN RD","QUINCE ORCHARD RD",,"N/A","BICYCLIST","OTHER","CLOUDY","DRY","DAYLIGHT","NO CONTROLS","NONE DETECTED","NONE DETECTED","A370C0D9-D53B-40D4-9D27-A02D86DBB0A5","BICYCLIST","Cross/Enter not at Intersection","IN ROADWAY IMPROPERLY","ON ROADWAY NOT AT CROSSWALK","Yes","SUSPECTED MINOR INJURY","NONE","39.11770833","-77.25185833","    (39.11770833, -77.25185833)"
"MCP2771001Z","230017984","Montgomery County Police","Injury Crash","04/15/2023 01:30:00 PM",,,,"PARKING LOT IN FRONT OF 3166 HEWITT AVENUE",,"OTHER PEDALCYCLIST","OTHER","CLOUDY",,"DAYLIGHT","N/A","N/A","N/A","FCD3E55D-C239-4984-A8F0-968187DB5E59","OTHER PEDALCYCLIST","Playing","DART DASH","OTHER","No","SUSPECTED SERIOUS INJURY","NONE","39.07925908","-77.06372679","    (39.07925908, -77.06372679)"
"DD559500D3","230017943","Rockville Police Departme","Injury Crash","04/15/2023 08:23:00 AM","Municipality","BALTIMORE RD","FIRST ST",,"N/A","PEDESTRIAN","SINGLE VEHICLE","CLOUDY","WET","DAYLIGHT","TRAFFIC SIGNAL","NONE DETECTED","UNKNOWN","AF59462D-F0C4-4CF5-9348-58BA02058D1E","PEDESTRIAN","Cross/Enter at Intersection","NO IMPROPER ACTIONS","ON ROADWAY AT CROSSWALK","No","SUSPECTED MINOR INJURY","N/A","39.08465867","-77.136484","    (39.08465867, -77.136484)"
"DD5631004T","230017911","Rockville Police Departme","Injury Crash","04/15/2023 12:05:00 AM","Municipality","BOUIC AVE","CHAPMAN AVE",,"ROCKVILLE","PEDESTRIAN","OTHER","CLEAR","DRY","DARK LIGHTS ON","STOP SIGN","NONE DETECTED","NONE DETECTED","ADE92689-343C-49AE-8976-6F866F9CF82D","PEDESTRIAN","Cross/Enter at Intersection","NO IMPROPER ACTIONS","AT INTERSECTION MARKED CROSSWALK","No","POSSIBLE INJURY","NONE","39.06121417","-77.120909","    (39.06121417, -77.120909)"
"MCP14330050","230017708","Montgomery County Police","Injury Crash","04/13/2023 07:20:00 PM","Maryland (State)","ROCKVILLE PIKE","TWINBROOK PKWY",,"ROCKVILLE","BICYCLIST","OTHER","CLEAR","DRY","DAYLIGHT","TRAFFIC SIGNAL","NONE DETECTED","NONE DETECTED","3F7BA90C-9DC7-4011-B6AD-D51825082911","BICYCLIST","Cross/Enter at Intersection","NO IMPROPER ACTIONS","AT INTERSECTION MARKED CROSSWALK","No","SUSPECTED MINOR INJURY","NONE","39.05889667","-77.12131667","    (39.05889667, -77.12131667)"
"DD5612003L","230017836","Rockville Police Departme","Property Damage Crash","04/13/2023 06:26:00 PM",,,,"DRIVEWAY OF 801 ROCKVILLE PIKE",,"OTHER CONVEYANCE","SINGLE VEHICLE","CLEAR",,"DAYLIGHT","NO CONTROLS","UNKNOWN","UNKNOWN","8B51E094-ABF5-421F-95A2-E122A22BA3D3","OTHER CONVEYANCE","Walking/Riding against Traffic","NO IMPROPER ACTIONS","DRIVEWAY ACCESS MARKED CROSSWALK","No","NO APPARENT INJURY","N/A","39.07665858","-77.13902785","    (39.07665858, -77.13902785)"
"MCP3005007F","230017128","Montgomery County Police","Injury Crash","04/12/2023 04:35:00 PM",,,,"DRIVEWAY ENTRANCE OF 4001 ASPEN HILL ROAD",,"MACHINE OPERATOR/RIDER","SINGLE VEHICLE","CLEAR",,"DAYLIGHT","NO CONTROLS","UNKNOWN","NONE DETECTED","9402FC41-03E7-435D-8AB4-DD0684247B25","MACHINE OPERATOR/RIDER","Other","N/A","SIDEWALK","No","SUSPECTED MINOR INJURY","NONE","39.0806183","-77.08060149","    (39.0806183, -77.08060149)"
"MCP2592002R","230017399","Montgomery County Police","Injury Crash","04/12/2023 09:40:00 AM",,,,"PARKING LOT IN FRONT OF 20202 SPRING HAVEN CT",,"PEDESTRIAN","OTHER","CLEAR",,"DAYLIGHT","N/A","NONE DETECTED","N/A","85AB09EF-79BB-4ED5-AAB9-8EA07FE02650","PEDESTRIAN","Standing","UNKNOWN","OTHER","Unknown","POSSIBLE INJURY","N/A","39.18890517","-77.19099817","    (39.18890517, -77.19099817)"