"Report Number","Local Case Number","Agency Name","ACRS Report Type","Crash Date/Time","Route Type","Road Name","Cross-Street Name","Off-Road Description","Municipality","Related Non-Motorist","Collision Type","Weather","Surface Condition","Light","Traffic Control","Driver Substance Abuse","Non-Motorist Substance Abuse","Person ID","Pedestrian Type","Pedestrian Movement","Pedestrian Actions","Pedestrian Location","At Fault","Injury Severity","Safety Equipment","Latitude","Longitude","Location"
"MCP289200DR","230011836","Montgomery County Police","Injury Crash","03/10/2023 05:28:00 PM","Maryland (State)","PINEY BRANCH RD","WESSEX RD",,"N/A","PEDESTRIAN","SINGLE VEHICLE","RAINING","WET","DARK LIGHTS ON","TRAFFIC SIGNAL","NONE DETECTED","NONE DETECTED","96C55B6D-0AD9-4DBE-BC23-7A55841C0B2D","PEDESTRIAN","Cross/Enter at Intersection","INATTENTIVE","ON ROADWAY AT CROSSWALK","Yes","POSSIBLE INJURY","NONE","38.99156667","-77.010095","    (38.99156667, -77.010095)"
"MCP30050079","230011069","Montgomery County Police","Injury Crash","03/09/2023 03:36:00 PM","Maryland (State)","LAYHILL RD","BEL PRE RD",,"N/A","PEDESTRIAN","SINGLE VEHICLE","CLEAR","DRY","DAYLIGHT","TRAFFIC SIGNAL","NONE DETECTED","NONE DETECTED","A50CF782-4CC7-42B8-9C7D-6396B999B6CF","PEDESTRIAN","Cross/Enter not at Intersection","IN ROADWAY IMPROPERLY","ON ROADWAY NOT AT CROSSWALK","Yes","SUSPECTED SERIOUS INJURY","N/A","39.09076333","-77.04522667","    (39.09076333, -77.04522667)"
"MCP30380063","230011465","Montgomery County Police","Injury Crash","03/08/2023 07:41:00 PM","Maryland (State)","GEORGIA AVE","COLESVILLE RD",,"N/A","PEDESTRIAN","OTHER","CLEAR","DRY","DARK LIGHTS ON","TRAFFIC SIGNAL","UNKNOWN","NONE DETECTED","A328DEDC-EFED-4A36-828A-1EDA76178D3F","PEDESTRIAN","Cross/Enter at Intersection","NO IMPROPER ACTIONS","AT INTERSECTION MARKED CROSSWALK","No","POSSIBLE INJURY","N/A","38.99594489","-77.02803686","    (38.99594489, -77.02803686)"
"MCP2846008N","230011235","Montgomery County Police","Injury Crash","03/07/2023 05:15:00 PM","Maryland (State)","GEORGIA AVE","SHOREFIELD RD",,"N/A","PEDESTRIAN","SINGLE VEHICLE","CLEAR","DRY","DAYLIGHT","TRAFFIC SIGNAL","NONE DETECTED","NONE DETECTED","90811964-A978-4FF4-9A0E-FA91A07BAFB8","PEDESTRIAN","Cross/Enter at Intersection","NO IMPROPER ACTIONS","ON ROADWAY AT CROSSWALK","No","POSSIBLE INJURY","NONE","39.0529","-77.05126667","    (39.0529, -77.05126667)"
"MCP31610053","230011087","Montgomery County Police","Injury Crash","03/06/2023 07:15:00 PM","Maryland (State)","CONNECTICUT AVE","HOWARD AVE",,"KENSINGTON","PEDESTRIAN","SINGLE VEHICLE","CLEAR","DRY","DARK LIGHTS ON","NO CONTROLS","NONE DETECTED","NONE DETECTED","2A3A4AD9-B96B-448B-995F-39CD87DB5DA0","PEDESTRIAN","Cross/Enter not at Intersection","IN ROADWAY IMPROPERLY","ON ROADWAY NOT AT CROSSWALK","Yes","POSSIBLE INJURY","NONE","38.99981583","-77.08142567","    (38.99981583, -77.08142567)"
"MCP3312002W","230010987","Montgomery County Police","Injury Crash","03/06/2023 10:48:00 AM",,,,"12028 CHERRY HILL RD PARKING LOT",,"PEDESTRIAN","OTHER","CLEAR",,"DAYLIGHT","NO CONTROLS","NONE DETECTED, UNKNOWN","NONE DETECTED","8E60D51E-AE56-4BB4-930E-099A9ED25F77","PEDESTRIAN","Standing","NO IMPROPER ACTIONS","OTHER","No","POSSIBLE INJURY","NONE","39.05456667","-76.95594333","    (39.05456667, -76.95594333)"
"DD56330084","230010912","Rockville Police Departme","Injury Crash","03/05/2023 08:15:00 PM","Maryland (State)","VEIRS MILL RD","ATLANTIC AVE",,"ROCKVILLE","PEDESTRIAN","OTHER","CLEAR","DRY","DARK LIGHTS ON","TRAFFIC SIGNAL","NONE DETECTED","NONE DETECTED","D09A328D-6BF3-4367-B7F7-24ABB9D95047","PEDESTRIAN","Cross/Enter at Intersection","DART DASH","ON ROADWAY AT CROSSWALK","Yes","POSSIBLE INJURY","NONE","39.07491545","-77.11553743","    (39.07491545, -77.11553743)"
"DM8476004Q","230010764","Takoma Park Police Depart","Property Damage Crash","03/04/2023 03:00:00 PM","Maryland (State)","NEW HAMPSHIRE AVE","EAST WEST HWY (PG CO)",,"N/A","PEDESTRIAN","OTHER","CLEAR","DRY","DAYLIGHT","TRAFFIC SIGNAL","N/A","N/A","2CD8B3CB-DFBD-47BB-9001-6C877EE33D49","PEDESTRIAN","Cross/Enter at Intersection","DART DASH","ON ROADWAY NOT AT CROSSWALK","Yes","NO APPARENT INJURY","N/A","38.97536398","-76.99407758","    (38.97536398, -76.99407758)"
"MCP1433004W","230010738","Montgomery County Police","Injury Crash","03/03/2023 11:45:00 PM",,,,"PARKING LOT OF LAYHILL SHOPPING CENTER AT 14300 LAYHILL RD.",,"PEDESTRIAN","OTHER","CLOUDY",,"DARK LIGHTS ON","N/A","UNKNOWN","UNKNOWN","6E6BDFC5-6071-4D07-AE66-092FE3EF4F76","PEDESTRIAN","Other","OTHER","OTHER","No","POSSIBLE INJURY","NONE","39.09186046","-77.04556559","    (39.09186046, -77.04556559)"
"MCP3051006G","230010623","Montgomery County Police","Injury Crash","03/03/2023 08:25:00 PM","Maryland (State)","WISCONSIN AVE","BRADLEY LA",,"N/A","PEDESTRIAN","OTHER","RAINING","WET","DARK LIGHTS ON","OTHER","ALCOHOL PRESENT","NONE DETECTED","A915F1C4-9C72-45FC-8674-4062734F33BF","PEDESTRIAN","Cross/Enter at Intersection","NO IMPROPER ACTIONS","ON ROADWAY AT CROSSWALK","No","SUSPECTED MINOR INJURY","NONE","38.977025","-77.09094833","    (38.977025, -77.09094833)"
"MCP3168005C","230014350","Montgomery County Police","Injury Crash","03/03/2023 07:30:00 PM","County","RANDOLPH RD","GEORGIA AVE",,"N/A","PEDESTRIAN","OTHER","RAINING","WET","DARK NO LIGHTS","TRAFFIC SIGNAL","NONE DETECTED","NONE DETECTED","7B828038-486A-4F56-89F3-C3DDB4833D41","PEDESTRIAN","Cross/Enter not at Intersection","NO IMPROPER ACTIONS","ON ROADWAY AT CROSSWALK","No","POSSIBLE INJURY","NONE","39.0582115","-77.05016422","    (39.0582115, -77.05016422)"
"MCP219800CX","230010609","Montgomery County Police","Injury Crash","03/03/2023 06:30:00 PM",,"ELLINGTON BLVD.","CROWN PARK AVE.",,"N/A","PEDESTRIAN","SINGLE VEHICLE","RAINING","WET","DARK LIGHTS ON","STOP SIGN","N/A","N/A","C2340E22-063A-40AB-A4B3-0156765D1C14","PEDESTRIAN","Cross/Enter at Intersection","N/A","ON ROADWAY AT CROSSWALK","No","NO APPARENT INJURY","N/A","39.11439167","-77.20553","    (39.11439167, -77.20553)"
"MCP219800CX","230010609","Montgomery County Police","Injury Crash","03/03/2023 06:30:00 PM",,"ELLINGTON BLVD.","CROWN PARK AVE.",,"N/A","PEDESTRIAN","SINGLE VEHICLE","RAINING","WET","DARK LIGHTS ON","STOP SIGN","N/A","N/A","47366BDC-1F7F-4551-9D2F-728C94E93D07","PEDESTRIAN","Cross/Enter at Intersection","N/A","ON ROADWAY AT CROSSWALK","No","POSSIBLE INJURY","NONE","39.11439167","-77.20553","    (39.11439167, -77.20553)"
"MCP32790020","230010608","Montgomery County Police","Injury Crash","03/03/2023 06:26:00 PM","County","LIVINGSTON ST","RANDOLPH RD",,"N/A","PEDESTRIAN","SINGLE VEHICLE","RAINING","WET","DARK LIGHTS ON","TRAFFIC SIGNAL","N/A","N/A","1BD5E0DB-38D6-444E-87B3-275B3979B3BE","PEDESTRIAN","Cross/Enter at Intersection","NO IMPROPER ACTIONS","AT INTERSECTION MARKED CROSSWALK","No","SUSPECTED MINOR INJURY","NONE","39.05828415","-77.05535679","    (39.05828415, -77.05535679)"
"MCP31210057","230010592","Montgomery County Police","Injury Crash","03/03/2023 12:30:00 PM",,,,"IFO PARKING AREA OF 20002 HOB HILL WAY",,"PEDESTRIAN","SINGLE VEHICLE","OTHER",,"DAYLIGHT","NO CONTROLS","NONE DETECTED","NONE DETECTED","16FBEFDC-DC45-4ACD-9116-F13EC5EC2AFC","PEDESTRIAN","Other","NO IMPROPER ACTIONS","CURB","No","SUSPECTED MINOR INJURY","NONE","39.18562269","-77.19750359","    (39.18562269, -77.19750359)"
"MCP3191003W","230010066","Montgomery County Police","Injury Crash","02/28/2023 06:25:00 PM","County","FIELDS RD","RIO BLVD",,"GAITHERSBURG","OTHER","OTHER","CLEAR","DRY","DUSK","TRAFFIC SIGNAL","NONE DETECTED","NONE DETECTED","62620FF5-C6FC-461F-A8E7-EA1C2624F94B","OTHER","Cross/Enter at Intersection","UNKNOWN","AT INTERSECTION MARKED CROSSWALK","Unknown","POSSIBLE INJURY","NONE","39.11574885","-77.20397746","    (39.11574885, -77.20397746)"
"MCP3096003Z","230010054","Montgomery County Police","Injury Crash","02/28/2023 05:57:00 PM","County","REDLAND RD","YELLOWSTONE WAY",,"N/A","PEDESTRIAN","SINGLE VEHICLE","CLEAR","DRY","DUSK","NO CONTROLS","NONE DETECTED","NONE DETECTED","B6E8CE33-456E-4077-A54D-6CE55D53B301","PEDESTRIAN","Cross/Enter at Intersection","NO IMPROPER ACTIONS","ON ROADWAY AT CROSSWALK","No","SUSPECTED MINOR INJURY","NONE","39.11932767","-77.16091183","    (39.11932767, -77.16091183)"
"MCP3123004Z","230009955","Montgomery County Police","Injury Crash","02/28/2023 11:25:00 AM",,,,"PARKING LOT OF MARSHALLS 12051 ROCKVILLE PIKE ROCKVILLE, MD",,"PEDESTRIAN","SINGLE VEHICLE","CLOUDY",,"DAYLIGHT","STOP SIGN","N/A","N/A","399762C0-6FC9-44AB-9C2C-59AA57C61FA0","PEDESTRIAN","Cross/Enter at Intersection","NO IMPROPER ACTIONS","AT INTERSECTION MARKED CROSSWALK","No","POSSIBLE INJURY","N/A","39.05585868","-77.11690217","    (39.05585868, -77.11690217)"
"MCP2974004F","230009921","Montgomery County Police","Injury Crash","02/28/2023 08:04:00 AM","County","OLD COLUMBIA PIKE","PERRYWOOD DR",,"N/A","PEDESTRIAN","OTHER","CLEAR","DRY","DAYLIGHT","YIELD SIGN","UNKNOWN","NONE DETECTED","EBA68E1F-080A-4078-96A4-C5E81541587B","PEDESTRIAN","Cross/Enter at Intersection","NO IMPROPER ACTIONS","ON ROADWAY AT CROSSWALK","No","SUSPECTED MINOR INJURY","NONE","39.09572245","-76.94611098","    (39.09572245, -76.94611098)"
"MCP27080082","230009852","Montgomery County Police","Injury Crash","02/27/2023 07:13:00 PM","Maryland (State)","PINEY BRANCH RD","UNIVERSITY BLVD E",,"N/A","PEDESTRIAN","OTHER","RAINING","WET","DARK LIGHTS ON","TRAFFIC SIGNAL","NONE DETECTED","NONE DETECTED","AA6CBAA5-8E1D-4CF1-94E1-BD6A8E477954","PEDESTRIAN","Cross/Enter at Intersection","NO IMPROPER ACTIONS","ON ROADWAY AT CROSSWALK","No","POSSIBLE INJURY","NONE","38.99978642","-76.99526053","    (38.99978642, -76.99526053)"
"MCP3093004R","230009853","Montgomery County Police","Injury Crash","02/27/2023 07:13:00 PM","Maryland (State)","WISCONSIN AVE","STANFORD ST",,"N/A","PEDESTRIAN","N/A","RAINING","WET","DARK LIGHTS ON","TRAFFIC SIGNAL","N/A","N/A","5962FCB2-B52F-4AAD-A060-61A591C1D5BF","PEDESTRIAN","Cross/Enter at Intersection","NO IMPROPER ACTIONS","AT INTERSECTION MARKED CROSSWALK","No","POSSIBLE INJURY","NONE","38.99124667","-77.09745","    (38.99124667, -77.09745)"
"MCP29620076","230009723","Montgomery County Police","Injury Crash","02/27/2023 09:09:00 AM",,,,"IN FRONT OF 19284 CIRCLE GATE DR",,"PEDESTRIAN","SINGLE VEHICLE","CLEAR",,"DAYLIGHT","NO CONTROLS","NONE DETECTED","NONE DETECTED","8F1A2D63-FC6D-4EAB-86EB-DBD9CF54A301","PEDESTRIAN","Other","N/A","OTHER","No","SUSPECTED MINOR INJURY","N/A","39.17291517","-77.26506767","    (39.17291517, -77.26506767)"
"MCP15640070","230009627","Montgomery County Police","Injury Crash","02/26/2023 01:41:00 PM","Ramp","RAMP 6 FR RP 3 (FR MD200 EB) TO MD97 SB","GEORGIA AVE",,"N/A","BICYCLIST","OTHER","CLEAR","DRY","DAYLIGHT","NO CONTROLS","NONE DETECTED","NONE DETECTED","EE3B38C1-530B-427E-A568-E7BBEFB8D454","BICYCLIST","Walking/Riding w/Traffic","NO IMPROPER ACTIONS","ON ROADWAY NOT AT CROSSWALK","No","SUSPECTED MINOR INJURY","MC/BIKE HELMET","39.117673","-77.07472367","    (39.117673, -77.07472367)"
"MCP219800CT","230009185","Montgomery County Police","Injury Crash","02/23/2023 08:03:00 PM","Interstate (State)","EISENHOWER MEMORIAL HWY","OUT CORP LMTS GAITHERSBURG",,"N/A","PEDESTRIAN","SINGLE VEHICLE","CLEAR","DRY","DARK LIGHTS ON","TRAFFIC SIGNAL","N/A","ALCOHOL CONTRIBUTED","CD4E49DB-F674-49F3-8A6E-12C118DC4D7E","PEDESTRIAN","Cross/Enter at Intersection","DART DASH","AT INTERSECTION MARKED CROSSWALK","Yes","POSSIBLE INJURY","NONE","39.15665167","-77.22439167","    (39.15665167, -77.22439167)"
"MCP32270047","230009174","Montgomery County Police","Injury Crash","02/23/2023 07:07:00 PM","County","POWDER MILL RD","SWEETBRIAR PKWY",,"N/A","PEDESTRIAN","OTHER","CLEAR","DRY","DARK LIGHTS ON","NO CONTROLS","NONE DETECTED","NONE DETECTED","E1421605-F3D7-44C7-88B6-E3CD5F83F5AA","PEDESTRIAN","Cross/Enter not at Intersection","IN ROADWAY IMPROPERLY","ON ROADWAY NOT AT CROSSWALK","Yes","SUSPECTED MINOR INJURY","NONE","39.02376984","-76.97305845","    (39.02376984, -76.97305845)"
"EJ7884005N","230009164","Gaithersburg Police Depar","Injury Crash","02/23/2023 05:36:00 PM","County","FIELDS RD","RIO BLVD",,"GAITHERSBURG","PEDESTRIAN","HEAD ON","CLEAR","DRY","DAWN","NO CONTROLS","N/A","N/A","B5D67847-36C9-4E5D-B014-1B0AA10C9E24","PEDESTRIAN","Standing","NO IMPROPER ACTIONS","OTHER","No","POSSIBLE INJURY","N/A","39.11561247","-77.20505528","    (39.11561247, -77.20505528)"
"MCP2921004L","230008946","Montgomery County Police","Injury Crash","02/22/2023 04:12:00 PM",,,,"PARKING LOT/DRIVEWAY OF MCDONALD'S LOCATED AT 12982 MIDDLEBROOK RD. GERMANTOWN, MD 20874.",,"PEDESTRIAN","SINGLE VEHICLE","CLEAR",,"DAYLIGHT","N/A","NONE DETECTED","UNKNOWN","D0665EC8-CE67-48B5-8342-2E5AE54A146F","PEDESTRIAN","Walking/Riding w/Traffic","NO IMPROPER ACTIONS","OTHER","No","POSSIBLE INJURY","N/A","39.180255","-77.269395","    (39.180255, -77.269395)"
"MCP31630056","230008774","Montgomery County Police","Injury Crash","02/21/2023 05:57:00 PM","County","LELAND ST","WOODBINE ST",,"N/A","BICYCLIST","STRAIGHT MOVEMENT ANGLE","CLEAR","DRY","DUSK","STOP SIGN","N/A","N/A","8A91DCBE-A81D-46F2-A060-8B44BDA45BA4","BICYCLIST","Cross/Enter at Intersection","INATTENTIVE","ON ROADWAY NOT AT CROSSWALK","Yes","SUSPECTED MINOR INJURY","MC/BIKE HELMET","38.98602833","-77.06831167","    (38.98602833, -77.06831167)"
"MCP3311001M","230008585","Montgomery County Police","Injury Crash","02/20/2023 07:19:00 PM","Maryland (State)","16TH ST","SPRING ST",,"N/A","PEDESTRIAN","OTHER","CLEAR","DRY","DARK LIGHTS ON","NO CONTROLS","N/A","N/A","8E39F3FD-48D2-4117-A632-4482D87BBB7B","PEDESTRIAN","Cross/Enter not at Intersection","IN ROADWAY IMPROPERLY","ON ROADWAY NOT AT CROSSWALK","Yes","POSSIBLE INJURY","N/A","38.9959094","-77.03649502","    (38.9959094, -77.03649502)"
"DD56330083","230008437","Rockville Police Departme","Injury Crash","02/19/2023 08:00:00 PM","Maryland (State)","VEIRS MILL RD","ATLANTIC AVE",,"ROCKVILLE","PEDESTRIAN","OTHER","CLEAR","DRY","DARK LIGHTS ON","TRAFFIC SIGNAL","NONE DETECTED","NONE DETECTED","7E21D8A2-62BF-4C98-AE11-49A11302D4F2","PEDESTRIAN","Cross/Enter not at Intersection","DART DASH","ON ROADWAY NOT AT CROSSWALK","Yes","SUSPECTED MINOR INJURY","NONE","39.07491545","-77.11553743","    (39.07491545, -77.11553743)"
"EJ78780052","230008282","Gaithersburg Police Depar","Injury Crash","02/18/2023 05:26:00 PM",,,,"PARKING LOT OF 221 MUDDY BRANCH ROAD",,"PEDESTRIAN","OTHER","CLEAR",,"DUSK","NO CONTROLS","N/A","ALCOHOL PRESENT","A03DE61A-106D-46A2-8735-7E13E6591ACE","PEDESTRIAN","Cross/Enter not at Intersection","INATTENTIVE","ON ROADWAY NOT AT CROSSWALK","Yes","SUSPECTED MINOR INJURY","NONE","39.12809544","-77.20585604","    (39.12809544, -77.20585604)"
"MCP3376000H","230008265","Montgomery County Police","Injury Crash","02/18/2023 12:58:00 PM",,,,"PARKING LOT OF 18140 VILLAGE CENTER DR",,"PEDESTRIAN","SINGLE VEHICLE","CLEAR",,"DAYLIGHT","NO CONTROLS","UNKNOWN","NONE DETECTED","DB66CADF-2FC9-4E7A-8995-8CB3B3BE209D","PEDESTRIAN","Standing","NO IMPROPER ACTIONS","OTHER","No","SUSPECTED MINOR INJURY","NONE","39.15315485","-77.06413118","    (39.15315485, -77.06413118)"
"MCP297700BR","230007853","Montgomery County Police","Injury Crash","02/16/2023 12:06:00 PM","County","BURNT MILLS AVE","CHILDS ST",,"N/A","PEDESTRIAN","OTHER","CLOUDY","WET","DAYLIGHT","STOP SIGN","N/A","NONE DETECTED","B12C7734-BB13-4100-B0D6-FF37340F2769","PEDESTRIAN","Walking/Riding against Traffic","NO IMPROPER ACTIONS","AT INTERSECTION BUT NO CROSSWALK","No","POSSIBLE INJURY","NONE","39.03697667","-77.00340167","    (39.03697667, -77.00340167)"
"MCP2556004N","230007596","Montgomery County Police","Injury Crash","02/14/2023 08:36:00 PM","Municipality","S SUMMIT AVE","E DIAMOND AVE",,"GAITHERSBURG","PEDESTRIAN","STRAIGHT MOVEMENT ANGLE","CLEAR","DRY","DARK LIGHTS ON","TRAFFIC SIGNAL","NONE DETECTED","ALCOHOL PRESENT","3B2C0893-73D3-4720-8D03-4EF3C47C41A0","PEDESTRIAN","Cross/Enter at Intersection","FAILURE TO OBEY TRAFFIC SIGNS SIGNALS OR OFFICER","AT INTERSECTION BUT NO CROSSWALK","Yes","POSSIBLE INJURY","N/A","39.14194667","-77.19340167","    (39.14194667, -77.19340167)"
"MCP2931006H","230007561","Montgomery County Police","Injury Crash","02/14/2023 05:33:00 PM","Maryland (State)","ROCKVILLE PIKE","ENT TO BEST BUY",,"N/A","OTHER CONVEYANCE","STRAIGHT MOVEMENT ANGLE","CLEAR","DRY","DAYLIGHT","TRAFFIC SIGNAL","NONE DETECTED","NONE DETECTED","40337CC4-9C8C-428D-A96E-315E3D407378","OTHER CONVEYANCE","Cross/Enter at Intersection","NO IMPROPER ACTIONS","AT INTERSECTION MARKED CROSSWALK","No","SUSPECTED MINOR INJURY","NONE","39.06965167","-77.13047","    (39.06965167, -77.13047)"
"DD56620002","230007543","Rockville Police Departme","Injury Crash","02/14/2023 04:34:00 PM","Municipality","WOOTTON PKWY","GREENPLACE TERR",,"ROCKVILLE","PEDESTRIAN","OTHER","CLEAR","DRY","DAYLIGHT","PERSON","NONE DETECTED","NONE DETECTED","F4AD7B8D-DA6A-4B71-BE27-37DAA622FEC5","PEDESTRIAN","Cross/Enter not at Intersection","DART DASH","ON ROADWAY NOT AT CROSSWALK","Yes","SUSPECTED MINOR INJURY","NONE","39.0837375","-77.15342333","    (39.0837375, -77.15342333)"
"MCP93010047","23007433","Montgomery County Police","Injury Crash","02/14/2023 08:40:00 AM","Municipality","SCHOOL DR","MUDDY BRANCH RD",,"N/A","PEDESTRIAN","SINGLE VEHICLE","N/A","DRY","DAYLIGHT","NO CONTROLS","N/A","N/A","8E8CF360-4D95-4DE2-9D9E-2CD7657DD578","PEDESTRIAN","Cross/Enter at Intersection","INATTENTIVE","ON ROADWAY AT CROSSWALK","Unknown","SUSPECTED MINOR INJURY","NONE","39.1177869","-77.21681391","    (39.1177869, -77.21681391)"
"MCP3129006B","230007320","Montgomery County Police","Injury Crash","02/13/2023 03:49:00 PM","County","RANDOLPH RD","VEIRS MILL RD",,"N/A","PEDESTRIAN","SINGLE VEHICLE","CLEAR","DRY","DAYLIGHT","TRAFFIC SIGNAL","NONE DETECTED","NONE DETECTED","F891A954-344C-4048-8F39-3F2447D00440","PEDESTRIAN","Cross/Enter at Intersection","NO IMPROPER ACTIONS","ON ROADWAY AT CROSSWALK","No","SUSPECTED MINOR INJURY","N/A","39.05625874","-77.0825617","    (39.05625874, -77.0825617)"
"MCP2592002L","230007232","Montgomery County Police","Injury Crash","02/13/2023 09:40:00 AM","County","GOSHEN RD","SNOUFFERS SCHOOL RD",,"N/A","PEDESTRIAN","HEAD ON LEFT TURN","CLEAR","WET","DAYLIGHT","TRAFFIC SIGNAL","NONE DETECTED","NONE DETECTED","F5DA0A76-E05C-4FFF-88FA-35556A299799","PEDESTRIAN","Standing","NO IMPROPER ACTIONS","SIDEWALK","No","SUSPECTED SERIOUS INJURY","NONE","39.18786333","-77.187085","    (39.18786333, -77.187085)"
"MCP27080080","230007388","Montgomery County Police","Injury Crash","02/12/2023 06:00:00 PM","County","CARROLL AVE","PINEY BRANCH RD",,"N/A","PEDESTRIAN","HEAD ON LEFT TURN","RAINING","WET","DUSK","TRAFFIC SIGNAL","N/A","N/A","D6CE3300-5017-42DD-A7C4-F2E6CF947C6A","PEDESTRIAN","Cross/Enter at Intersection","UNKNOWN","ON ROADWAY AT CROSSWALK","Unknown","POSSIBLE INJURY","N/A","38.99994443","-76.99078522","    (38.99994443, -76.99078522)"
"MCP31210056","230006903","Montgomery County Police","Injury Crash","02/10/2023 07:49:00 PM","County","MONTGOMERY VILLAGE AVE","CLUB HOUSE RD",,"N/A","PEDESTRIAN","SINGLE VEHICLE","N/A","DRY","DARK LIGHTS ON","TRAFFIC SIGNAL","NONE DETECTED","NONE DETECTED","E174A768-BA7A-4A47-BBA2-5BBCAC2F32A9","PEDESTRIAN","Cross/Enter at Intersection","UNKNOWN","AT INTERSECTION MARKED CROSSWALK","Yes","SUSPECTED MINOR INJURY","UNKNOWN","39.17451617","-77.20302183","    (39.17451617, -77.20302183)"
"DM8493001C","230006873","Takoma Park Police Depart","Injury Crash","02/10/2023 05:12:00 PM","Maryland (State)","CARROLL AVE","S MANOR CIR",,"TAKOMA PARK","PEDESTRIAN","OTHER","CLEAR","DRY","DAYLIGHT","NO CONTROLS","N/A","N/A","D0AD7032-224A-435B-995F-BC026872145A","PEDESTRIAN","Cross/Enter not at Intersection","DART DASH","ON ROADWAY NOT AT CROSSWALK","Yes","SUSPECTED MINOR INJURY","N/A","38.97856121","-77.00566701","    (38.97856121, -77.00566701)"
"MCP3331001F","230006620","Montgomery County Police","Injury Crash","02/09/2023 12:30:00 PM","County","OLD RANDOLPH RD","KEMP MILL RD",,"N/A","BICYCLIST","HEAD ON LEFT TURN","CLOUDY","DRY","DAYLIGHT","STOP SIGN","NONE DETECTED","NONE DETECTED","D2795D51-89A1-49FB-AEA5-5FB6DE38B706","BICYCLIST","Walking/Riding against Traffic","WRONG WAY RIDING OR WALKING","SHOULDER","Yes","SUSPECTED MINOR INJURY","MC/BIKE HELMET","39.0644735","-77.02918233","    (39.0644735, -77.02918233)"
"MCP29230091","230006564","Montgomery County Police","Injury Crash","02/09/2023 08:43:00 AM","Maryland (State)","GEORGIA AVE","LAYHILL RD",,"N/A","PEDESTRIAN","OTHER","CLOUDY","DRY","DAYLIGHT","TRAFFIC SIGNAL","NONE DETECTED","NONE DETECTED","27609523-9242-481D-900E-DFA15FF270F6","PEDESTRIAN","Cross/Enter at Intersection","DART DASH","AT INTERSECTION MARKED CROSSWALK","Yes","SUSPECTED MINOR INJURY","N/A","39.06029753","-77.05097211","    (39.06029753, -77.05097211)"
"MCP3111006F","230006544","Montgomery County Police","Injury Crash","02/09/2023 06:26:00 AM","Maryland (State)","ROCKVILLE PIKE","MARINELLI RD",,"N/A","PEDESTRIAN","SINGLE VEHICLE","CLOUDY","DRY","DARK LIGHTS ON","TRAFFIC SIGNAL","NONE DETECTED","NONE DETECTED","CAB8E30E-1363-46A1-9ABF-5ABC4339734A","PEDESTRIAN","Cross/Enter at Intersection","INATTENTIVE","ON ROADWAY AT CROSSWALK","Yes","SUSPECTED MINOR INJURY","NONE","39.0474655","-77.1129135","    (39.0474655, -77.1129135)"
"MCP93010046","230006362","Montgomery County Police","Injury Crash","02/08/2023 10:05:00 AM","County","WASHINGTONIAN BLVD","RAMP 6 FR SAM EIG HWY TO WASH. BLVD",,"N/A","PEDESTRIAN","SINGLE VEHICLE","CLEAR","DRY","DAYLIGHT","NO CONTROLS","N/A","N/A","63F48CD9-23A0-4B75-B1EC-82BA16848EDE","PEDESTRIAN","Other","OTHER","OTHER","Unknown","SUSPECTED MINOR INJURY","REFLECTIVE CLOTHING","39.11813701","-77.20631658","    (39.11813701, -77.20631658)"
"MCP93010046","230006362","Montgomery County Police","Injury Crash","02/08/2023 10:05:00 AM","County","WASHINGTONIAN BLVD","RAMP 6 FR SAM EIG HWY TO WASH. BLVD",,"N/A","PEDESTRIAN","SINGLE VEHICLE","CLEAR","DRY","DAYLIGHT","NO CONTROLS","N/A","N/A","B08D4EC0-A876-4998-8619-32549023E31A","PEDESTRIAN","Other","OTHER","SHOULDER","Unknown","NO APPARENT INJURY","N/A","39.11813701","-77.20631658","    (39.11813701, -77.20631658)"
"MCP25390029","230006310","Montgomery County Police","Injury Crash","02/07/2023 10:06:00 PM","Maryland (State)","16TH ST","SPRING ST",,"N/A","PEDESTRIAN","OTHER","CLEAR","DRY","DARK LIGHTS ON","OTHER","NONE DETECTED","NONE DETECTED","ED6E6D64-E807-41C7-AF2C-C8D4A7F2DE43","PEDESTRIAN","Cross/Enter not at Intersection","NO IMPROPER ACTIONS","ON ROADWAY AT CROSSWALK","No","SUSPECTED SERIOUS INJURY","N/A","38.99510224","-77.036345","    (38.99510224, -77.036345)"
"MCP284800BZ","230005556","Montgomery County Police","Injury Crash","02/07/2023 09:39:00 AM","County","PICKERING PL","WATERS LANDING DR",,"N/A","PEDESTRIAN","OTHER","N/A","DRY","DAYLIGHT","NO CONTROLS","NONE DETECTED","NONE DETECTED","8A579EFE-33CB-4B75-9826-586DC040BE3E","PEDESTRIAN","Walking to/from school","FAILURE TO YIELD RIGHT OF WAY","ON ROADWAY NOT AT CROSSWALK","Yes","SUSPECTED MINOR INJURY","NONE","39.18998","-77.270155","    (39.18998, -77.270155)"
"MCP209400LG","230006172","Montgomery County Police","Injury Crash","02/07/2023 08:35:00 AM","Maryland (State)","WISCONSIN AVE","MONTGOMERY LA",,"N/A","PEDESTRIAN","OTHER","CLEAR","WET","DAYLIGHT","TRAFFIC SIGNAL","NONE DETECTED","NONE DETECTED","FC675E08-A6D3-4F7E-A7C2-54B1E220EAE6","PEDESTRIAN","Cross/Enter at Intersection","NO IMPROPER ACTIONS","ON ROADWAY AT CROSSWALK","No","SUSPECTED MINOR INJURY","N/A","38.98354667","-77.09405167","    (38.98354667, -77.09405167)"
"MCP2001001Y","230005934","Montgomery County Police","Fatal Crash","02/05/2023 07:37:00 PM","Maryland (State)","GEORGIA AVE","RALPH RD",,"N/A","PEDESTRIAN","SINGLE VEHICLE","CLEAR","DRY","DARK LIGHTS ON","N/A","NONE DETECTED","ALCOHOL PRESENT","A46AEB19-8F05-4890-B7EA-676C83837C4B","PEDESTRIAN","Cross/Enter not at Intersection","IN ROADWAY IMPROPERLY","ON ROADWAY NOT AT CROSSWALK","Yes","FATAL INJURY","N/A","39.078885","-77.07246167","    (39.078885, -77.07246167)"
"MCP2780006G","230005668","Montgomery County Police","Injury Crash","02/03/2023 08:13:00 PM","County","MIDDLEBROOK RD","FREDERICK RD",,"N/A","PEDESTRIAN","N/A","CLOUDY","DRY","DARK LIGHTS ON","YIELD SIGN","N/A","N/A","3991F356-6DBA-40AB-A158-1B636D97DA0B","PEDESTRIAN","Cross/Enter at Intersection","FAILURE TO YIELD RIGHT OF WAY","AT INTERSECTION MARKED CROSSWALK","No","POSSIBLE INJURY","NONE","39.183033","-77.29010017","    (39.183033, -77.29010017)"