"Report Number","Local Case Number","Agency Name","ACRS Report Type","Crash Date/Time","Route Type","Road Name","Cross-Street Name","Off-Road Description","Municipality","Related Non-Motorist","Collision Type","Weather","Surface Condition","Light","Traffic Control","Driver Substance Abuse","Non-Motorist Substance Abuse","Person ID","Pedestrian Type","Pedestrian Movement","Pedestrian Actions","Pedestrian Location","At Fault","Injury Severity","Safety Equipment","Latitude","Longitude","Location"
"MCP9379004J","230005579","Montgomery County Police","Injury Crash","02/03/2023 12:45:00 PM",,,,"PARKING LOT OF MOMS MARKET 10 UPPER ROCK CIRCLE",,"PEDESTRIAN","OTHER","CLEAR",,"DAYLIGHT","NO CONTROLS","NONE DETECTED","NONE DETECTED","10A83F23-8E51-4F53-ADB5-809EBFEF4AE6","PEDESTRIAN","Other","NO IMPROPER ACTIONS","OTHER","No","POSSIBLE INJURY","NONE","39.11339","-77.18479283","    (39.11339, -77.18479283)"
"MCP3243001C","230005507","Montgomery County Police","Injury Crash","02/02/2023 08:58:00 PM","Maryland (State)","BRADLEY LA","WISCONSIN AVE",,"N/A","BICYCLIST","SINGLE VEHICLE","CLEAR","DRY","DARK LIGHTS ON","TRAFFIC SIGNAL","NONE DETECTED","NONE DETECTED","C8DA1FD1-78CB-467C-AFA2-52FAE606EC47","BICYCLIST","Walking/Riding w/Traffic","N/A","ON ROADWAY AT CROSSWALK","Unknown","SUSPECTED MINOR INJURY","MC/BIKE HELMET","38.97710467","-77.09101133","    (38.97710467, -77.09101133)"
"MCP3328001K","230005439","Montgomery County Police","Injury Crash","02/02/2023 03:10:00 PM","Maryland (State)","VEIRS MILL RD","CLARIDGE RD",,"N/A","PEDESTRIAN","OTHER","CLEAR","DRY","DAYLIGHT","TRAFFIC SIGNAL","NONE DETECTED","N/A","CDA6553B-8860-4A34-BF1E-E7C91B30389A","PEDESTRIAN","Cross/Enter at Intersection","INATTENTIVE","ON ROADWAY AT CROSSWALK","No","SUSPECTED MINOR INJURY","NONE","39.04844671","-77.06927326","    (39.04844671, -77.06927326)"
"DD5583007T","230005382","Rockville Police Departme","Property Damage Crash","02/02/2023 09:00:00 AM","Service Road","S CAMPUS DR","ENT TO PARKING",,"N/A","PEDESTRIAN","SINGLE VEHICLE","CLEAR","DRY","DAYLIGHT","N/A","NONE DETECTED","UNKNOWN","C7EC8AD6-64E7-4CCE-AEB1-4E7DF44A91AD","PEDESTRIAN","Cross/Enter not at Intersection","DART DASH","ON ROADWAY NOT AT CROSSWALK","Yes","NO APPARENT INJURY","NONE","39.09637809","-77.15823874","    (39.09637809, -77.15823874)"
"MCP3290001W","230005368","Montgomery County Police","Injury Crash","02/02/2023 06:48:00 AM","Maryland (State)","PINEY BRANCH RD","MISSISSIPPI AVE",,"N/A","PEDESTRIAN","OTHER","CLEAR","DRY","DARK LIGHTS ON","NO CONTROLS","NONE DETECTED","NONE DETECTED","B8874FA0-967C-4276-850D-34B20E69EF8F","PEDESTRIAN","Cross/Enter at Intersection","UNKNOWN","ON ROADWAY AT CROSSWALK","No","POSSIBLE INJURY","NONE","38.98916667","-77.01190833","    (38.98916667, -77.01190833)"
"DM8479001S","230005339","Takoma Park Police Depart","Injury Crash","02/01/2023 08:08:00 PM","Maryland (State)","PHILADELPHIA AVE","CHICAGO AVE",,"TAKOMA PARK","PEDESTRIAN","OTHER","CLEAR","DRY","DARK LIGHTS ON","UNKNOWN","N/A","N/A","3DADC849-B288-46BE-A9F2-9517D006F2E6","PEDESTRIAN","Cross/Enter at Intersection","UNKNOWN","AT INTERSECTION MARKED CROSSWALK","No","POSSIBLE INJURY","NONE","38.98672742","-77.02150401","    (38.98672742, -77.02150401)"
"MCP26860061","230005347","Montgomery County Police","Fatal Crash","02/01/2023 07:40:00 PM","County","MONTGOMERY VILLAGE AVE","CENTERWAY RD",,"N/A","PEDESTRIAN","SINGLE VEHICLE","CLEAR","DRY","DARK LIGHTS ON","TRAFFIC SIGNAL","NONE DETECTED","NONE DETECTED","1BDE7422-DF79-4118-9BE3-40B35DE6B6BB","PEDESTRIAN","Cross/Enter at Intersection","UNKNOWN","ON ROADWAY AT CROSSWALK","Unknown","FATAL INJURY","NONE","39.17288383","-77.203517","    (39.17288383, -77.203517)"
"EJ7781003S","230005206","Gaithersburg Police Depar","Injury Crash","02/01/2023 09:45:00 AM","County","MUDDY BRANCH RD","WEST SIDE DR",,"GAITHERSBURG","PEDESTRIAN","OTHER","CLEAR","DRY","DAYLIGHT","STOP SIGN","NONE DETECTED","NONE DETECTED","2F8CA36D-017D-45EB-AE40-31F586468190","PEDESTRIAN","Cross/Enter at Intersection","NO IMPROPER ACTIONS","AT INTERSECTION BUT NO CROSSWALK","No","POSSIBLE INJURY","N/A","39.12896292","-77.20577262","    (39.12896292, -77.20577262)"
"MCP32450045","230005127","Montgomery County Police","Injury Crash","01/31/2023 05:35:00 PM","County","OMEGA DR","RESEARCH BLVD",,"N/A","PEDESTRIAN","N/A","RAINING","WET","DARK LIGHTS ON","NO CONTROLS","NONE DETECTED","NONE DETECTED","C7BCC13C-EADB-419E-9CC4-F1C49796119D","PEDESTRIAN","Cross/Enter not at Intersection","DART DASH","ON ROADWAY NOT AT CROSSWALK","Yes","POSSIBLE INJURY","NONE","39.10871833","-77.19306417","    (39.10871833, -77.19306417)"
"MCP32450045","230005127","Montgomery County Police","Injury Crash","01/31/2023 05:35:00 PM","County","OMEGA DR","RESEARCH BLVD",,"N/A","PEDESTRIAN","N/A","RAINING","WET","DARK LIGHTS ON","NO CONTROLS","NONE DETECTED","NONE DETECTED","128E2078-BE75-4D57-8289-B0F516541775","PEDESTRIAN","Cross/Enter not at Intersection","DART DASH","ON ROADWAY NOT AT CROSSWALK","Yes","POSSIBLE INJURY","NONE","39.10871833","-77.19306417","    (39.10871833, -77.19306417)"
"MCP30480098","230005096","Montgomery County Police","Injury Crash","01/31/2023 03:30:00 PM","Maryland (State)","ROCKVILLE PIKE","CEDAR LA",,"N/A","PEDESTRIAN","OTHER","CLEAR","DRY","DAYLIGHT","TRAFFIC SIGNAL","N/A","N/A","843F9A7D-6597-4120-A1A5-07495D4ECBD8","PEDESTRIAN","Cross/Enter at Intersection","NO IMPROPER ACTIONS","AT INTERSECTION MARKED CROSSWALK","No","SUSPECTED MINOR INJURY","N/A","39.00177117","-77.05545783","    (39.00177117, -77.05545783)"
"MCP3264003K","230005086","Montgomery County Police","Injury Crash","01/31/2023 01:00:00 PM","Maryland (State)","GEORGIA AVE","FENWICK LA",,"N/A","PEDESTRIAN","OTHER","RAINING","WET","DAYLIGHT","NO CONTROLS","NONE DETECTED","NONE DETECTED","E038A52D-4581-4ADC-9C0D-6EB8C1B59031","PEDESTRIAN","Cross/Enter at Intersection","NO IMPROPER ACTIONS","ON ROADWAY AT CROSSWALK","No","POSSIBLE INJURY","NONE","38.9983479","-77.0305945","    (38.9983479, -77.0305945)"
"MCP2195005S","230004805","Montgomery County Police","Injury Crash","01/30/2023 06:30:00 AM",,,,"PARKING LOT 16651 CRABBS BRANCH WAY",,"PEDESTRIAN","OTHER","CLEAR",,"DARK LIGHTS ON","NO CONTROLS","NONE DETECTED","NONE DETECTED","388A4E62-F4CC-4669-AAAF-1B5C475251DE","PEDESTRIAN","Other","FAILURE TO YIELD RIGHT OF WAY","OTHER","Yes","POSSIBLE INJURY","N/A","39.12764833","-77.16462333","    (39.12764833, -77.16462333)"
"MCP3296001L","230004760","Montgomery County Police","Injury Crash","01/29/2023 06:26:00 PM","County","LOCKWOOD DR","NEW HAMPSHIRE AVE",,"N/A","BICYCLIST","SINGLE VEHICLE","CLEAR","WET","DARK LIGHTS ON","TRAFFIC SIGNAL","NONE DETECTED","NONE DETECTED","7518586B-1F02-4DBD-96D3-5A63F76F5091","BICYCLIST","Cross/Enter at Intersection","FAILURE TO OBEY TRAFFIC SIGNS SIGNALS OR OFFICER","AT INTERSECTION MARKED CROSSWALK","Yes","SUSPECTED MINOR INJURY","NONE","39.03965516","-76.99090693","    (39.03965516, -76.99090693)"
"DD56580004","230004458","Rockville Police Departme","Injury Crash","01/27/2023 01:30:00 PM","Maryland (State)","ROCKVILLE PIKE","CHURCH ST",,"ROCKVILLE","PEDESTRIAN","N/A","CLEAR","N/A","DAYLIGHT","TRAFFIC SIGNAL","N/A","N/A","5F0980D7-04A4-4D02-A455-FD49148169ED","PEDESTRIAN","Walking/Riding w/Traffic","N/A","OTHER","No","POSSIBLE INJURY","N/A","39.0839455","-77.15342883","    (39.0839455, -77.15342883)"
"EJ78520070","230004374","Gaithersburg Police Depar","Injury Crash","01/26/2023 08:05:00 PM","Municipality","GIRARD ST","LARKSPUR WAY",,"GAITHERSBURG","BICYCLIST","HEAD ON LEFT TURN","N/A","DRY","DARK LIGHTS ON","NO CONTROLS","NONE DETECTED","NONE DETECTED","46552CE2-6055-4346-93C6-477E3CD9D2C0","BICYCLIST","N/A","FAILURE TO YIELD RIGHT OF WAY","ON ROADWAY NOT AT CROSSWALK","Yes","SUSPECTED MINOR INJURY","UNKNOWN","39.14810642","-77.18608087","    (39.14810642, -77.18608087)"
"MCP12330052","230004363","Montgomery County Police","Injury Crash","01/26/2023 07:05:00 PM",,,,"5500 BLK OF RANDOLPH RD.",,"PEDESTRIAN","STRAIGHT MOVEMENT ANGLE","N/A",,"DARK NO LIGHTS","NO CONTROLS","NONE DETECTED","NONE DETECTED","784D8F3C-C096-488E-8AF8-E050C903FF5E","PEDESTRIAN","Other","NO IMPROPER ACTIONS","OTHER","No","POSSIBLE INJURY","N/A","39.05255167","-77.111165","    (39.05255167, -77.111165)"
"MCP32450043","230004325","Montgomery County Police","Injury Crash","01/26/2023 04:18:00 PM","County","FLOWER HILL WAY","MOUNTAIN LAUREL LA",,"N/A","PEDESTRIAN","N/A","CLEAR","DRY","DAYLIGHT","NO CONTROLS","NONE DETECTED","NONE DETECTED","0DC6EFEE-EB96-4305-9615-6FDFA9F9BE40","PEDESTRIAN","Cross/Enter at Intersection","NO IMPROPER ACTIONS","ON ROADWAY AT CROSSWALK","No","SUSPECTED MINOR INJURY","NONE","39.16172543","-77.17262688","    (39.16172543, -77.17262688)"
"DD5648001P","230004285","Rockville Police Departme","Property Damage Crash","01/26/2023 01:36:00 PM",,,,"PARKING LOT OF 824 ROCKVILLE PIKE",,"PEDESTRIAN","OTHER","CLOUDY",,"DAYLIGHT","N/A","UNKNOWN","NONE DETECTED","B850DEC6-6318-4BA1-8D68-3A47DA08E6DB","PEDESTRIAN","Other","NO IMPROPER ACTIONS","OTHER","No","NO APPARENT INJURY","NONE","39.07652084","-77.13802343","    (39.07652084, -77.13802343)"
"MCP3254002P","230004207","Montgomery County Police","Injury Crash","01/26/2023 07:18:00 AM","County","WISTERIA DR","PARTRIDGE WOOD DR",,"N/A","PEDESTRIAN","SINGLE VEHICLE","CLEAR","WET","DAYLIGHT","SCHOOL ZONE SIGN DEVICE","NONE DETECTED","NONE DETECTED","62482EE4-54A1-4185-BD89-04F8D6F1AB1D","PEDESTRIAN","Cross/Enter at Intersection","NO IMPROPER ACTIONS","ON ROADWAY AT CROSSWALK","No","SUSPECTED MINOR INJURY","NONE","39.16670087","-77.25934287","    (39.16670087, -77.25934287)"
"MCP2771001Q","230004201","Montgomery County Police","Injury Crash","01/26/2023 06:45:00 AM","Maryland (State)","CONNECTICUT AVE","WELLER RD",,"N/A","PEDESTRIAN","OTHER","FOGGY","WET","DARK LIGHTS ON","TRAFFIC SIGNAL","N/A","N/A","9984EB0D-AC3B-4933-A00D-033FC218CA48","PEDESTRIAN","Walking to/from school","NO IMPROPER ACTIONS","ON ROADWAY AT CROSSWALK","No","SUSPECTED MINOR INJURY","NONE","39.06365833","-77.07338667","    (39.06365833, -77.07338667)"
"MCP3201003Q","230004200","Montgomery County Police","Injury Crash","01/26/2023 06:25:00 AM","County","CRYSTAL ROCK DR","CRYSTAL ROCK DR (AHEAD)",,"N/A","PEDESTRIAN","OTHER","CLEAR","WET","DARK NO LIGHTS","STOP SIGN","NONE DETECTED","NONE DETECTED","D23C1EA6-D6D4-413B-866E-79F349CC666F","PEDESTRIAN","Cross/Enter at Intersection","NOT VISIBLE","ON ROADWAY AT CROSSWALK","No","POSSIBLE INJURY","NONE","39.17916533","-77.26167533","    (39.17916533, -77.26167533)"
"MCP3277002D","230004189","Montgomery County Police","Injury Crash","01/25/2023 09:00:00 PM","Maryland (State)","MONTGOMERY VILLAGE AVE","LOST KNIFE RD",,"N/A","PEDESTRIAN","N/A","RAINING","WET","DARK -- UNKNOWN LIGHTING","TRAFFIC SIGNAL","UNKNOWN","NONE DETECTED","46E96783-9163-4681-A9E5-057A159C0DD8","PEDESTRIAN","Cross/Enter at Intersection","UNKNOWN","ON ROADWAY AT CROSSWALK","No","SUSPECTED MINOR INJURY","NONE","39.15806039","-77.20414207","    (39.15806039, -77.20414207)"
"MCP209400L9","230004121","Montgomery County Police","Injury Crash","01/25/2023 03:13:00 PM","County","WOODMONT AVE","ELM ST",,"N/A","PEDESTRIAN","OTHER","CLOUDY","WET","DAYLIGHT","TRAFFIC SIGNAL","UNKNOWN","NONE DETECTED","C4034FAF-6571-4D2F-B73F-E936EC177560","PEDESTRIAN","Cross/Enter at Intersection","NO IMPROPER ACTIONS","ON ROADWAY AT CROSSWALK","No","SUSPECTED SERIOUS INJURY","NONE","38.98224667","-77.09599333","    (38.98224667, -77.09599333)"
"MCP33370015","230003988","Montgomery County Police","Injury Crash","01/24/2023 08:52:00 PM","County","DALEWOOD DR","EVERTON ST",,"N/A","PEDESTRIAN","HEAD ON","CLEAR","DRY","DARK LIGHTS ON","NO CONTROLS","NONE DETECTED","NONE DETECTED","3FE9858B-2BFD-4A8A-9AFC-9099E9631777","PEDESTRIAN","Cross/Enter at Intersection","NO IMPROPER ACTIONS","ON ROADWAY AT CROSSWALK","No","SUSPECTED MINOR INJURY","N/A","39.0919575","-77.06938833","    (39.0919575, -77.06938833)"
"MCP271700XF","230003968","Montgomery County Police","Injury Crash","01/24/2023 07:05:00 PM","County","NORMANDY CROSSING DR","NORMANDY SQUARE DR",,"N/A","PEDESTRIAN","OTHER","CLEAR","DRY","DARK LIGHTS ON","NO CONTROLS","NONE DETECTED","NONE DETECTED","CA77BA87-00F2-442C-B13C-0E44E19A6691","PEDESTRIAN","Cross/Enter at Intersection","NO IMPROPER ACTIONS","ON ROADWAY NOT AT CROSSWALK","No","SUSPECTED MINOR INJURY","NONE","39.10208817","-77.05068733","    (39.10208817, -77.05068733)"
"MCP3060003Z","230003846","Montgomery County Police","Injury Crash","01/24/2023 08:04:00 AM","Maryland (State)","WISCONSIN AVE","FAIRMONT AVE",,"N/A","PEDESTRIAN","SINGLE VEHICLE","CLEAR","DRY","DAYLIGHT","NO CONTROLS","NONE DETECTED","UNKNOWN","26749C32-2CCC-4764-841F-E604FBDAED76","PEDESTRIAN","Cross/Enter not at Intersection","DART DASH","ON ROADWAY NOT AT CROSSWALK","Yes","SUSPECTED MINOR INJURY","NONE","38.98892487","-77.09526238","    (38.98892487, -77.09526238)"
"MCP29400069","230003845","Montgomery County Police","Injury Crash","01/24/2023 07:58:00 AM","Maryland (State)","BRADLEY BLVD","EWING DR",,"N/A","OTHER","OTHER","CLEAR","DRY","DAYLIGHT","PERSON","NONE DETECTED","NONE DETECTED","DCF0C79D-BA8D-45CE-81C5-9D4C304FD566","OTHER","Standing","NO IMPROPER ACTIONS","AT INTERSECTION BUT NO CROSSWALK","No","SUSPECTED MINOR INJURY","REFLECTIVE CLOTHING","38.99493133","-77.12397233","    (38.99493133, -77.12397233)"
"MCP2195005Q","230003647","Montgomery County Police","Injury Crash","01/23/2023 07:02:00 AM","County","CRABBS BRANCH WAY","INDIAN HILLS DR",,"N/A","PEDESTRIAN","OTHER","RAINING","WET","DARK -- UNKNOWN LIGHTING","OTHER","NONE DETECTED","NONE DETECTED","5E14EBCD-2426-430D-9CFF-E9CC678BA247","PEDESTRIAN","Cross/Enter at Intersection","NO IMPROPER ACTIONS","ON ROADWAY AT CROSSWALK","No","SUSPECTED SERIOUS INJURY","N/A","39.11650667","-77.15667333","    (39.11650667, -77.15667333)"
"MCP1433004T","230003616","Montgomery County Police","Injury Crash","01/22/2023 08:20:00 PM","Maryland (State)","ROCKVILLE PIKE","HALPINE RD",,"ROCKVILLE","PEDESTRIAN","OTHER","RAINING","WET","DARK LIGHTS ON","TRAFFIC SIGNAL","NONE DETECTED","NONE DETECTED","BDEE0E86-C6A6-4DF0-ABD9-7E39F955A647","PEDESTRIAN","Cross/Enter at Intersection","NO IMPROPER ACTIONS","AT INTERSECTION MARKED CROSSWALK","No","SUSPECTED MINOR INJURY","NONE","39.06137667","-77.12393","    (39.06137667, -77.12393)"
"MCP2968004N","230003416","Montgomery County Police","Injury Crash","01/21/2023 10:54:00 AM","County","SHADY GROVE RD","DARNESTOWN RD",,"N/A","PEDESTRIAN","OTHER","CLEAR","DRY","DAYLIGHT","TRAFFIC SIGNAL","N/A","N/A","B87935D9-967A-4711-95CF-17C258A107F5","PEDESTRIAN","Cross/Enter at Intersection","NO IMPROPER ACTIONS","AT INTERSECTION MARKED CROSSWALK","No","SUSPECTED MINOR INJURY","UNKNOWN","39.093945","-77.19595167","    (39.093945, -77.19595167)"
"MCP27630048","230003334","Montgomery County Police","Injury Crash","01/20/2023 06:58:00 PM",,,,"PRIVATE DRIVEWAY EXITING MONTGOMERY VILLAGE PLAZA CLOSE TO LITTLE CAESARS PIZZA AT 18314 CONTOUR RD",,"PEDESTRIAN","OTHER","CLEAR",,"DARK LIGHTS ON","STOP SIGN","UNKNOWN","NONE DETECTED","FFA48ED4-79C6-43AE-888D-18CA75E0B10B","PEDESTRIAN","Walking/Cycling on Sidewalk","NO IMPROPER ACTIONS","AT INTERSECTION BUT NO CROSSWALK","No","SUSPECTED MINOR INJURY","NONE","39.15403667","-77.19976667","    (39.15403667, -77.19976667)"
"MCP1119009Q","230003198","Montgomery County Police","Injury Crash","01/20/2023 08:47:00 AM","Maryland (State)","E JEFFERSON ST","MARYLAND AVE",,"ROCKVILLE","PEDESTRIAN","OTHER","CLEAR","DRY","DAYLIGHT","TRAFFIC SIGNAL","NONE DETECTED","NONE DETECTED","57F561F1-2A78-47EE-ACA5-5273701B87B9","PEDESTRIAN","Cross/Enter at Intersection","NO IMPROPER ACTIONS","ON ROADWAY AT CROSSWALK","No","SUSPECTED MINOR INJURY","NONE","39.08212167","-77.15105667","    (39.08212167, -77.15105667)"
"MCP1174005Q","230003196","Montgomery County Police","Injury Crash","01/20/2023 08:44:00 AM","County","CORDELL AVE","WOODMONT AVE",,"N/A","PEDESTRIAN","SINGLE VEHICLE","CLEAR","DRY","DAYLIGHT","TRAFFIC SIGNAL","NONE DETECTED","NONE DETECTED","18D58210-CBE0-4B80-BA74-4A7EDFF37953","PEDESTRIAN","Walking/Riding w/Traffic","NO IMPROPER ACTIONS","AT INTERSECTION MARKED CROSSWALK","No","SUSPECTED MINOR INJURY","NONE","38.99080487","-77.09643951","    (38.99080487, -77.09643951)"
"MCP3201003M","230003047","Montgomery County Police","Injury Crash","01/19/2023 12:01:00 PM","County","MIDDLEBROOK RD","CROSSRIDGE DR",,"N/A","PEDESTRIAN","SINGLE VEHICLE","CLOUDY","WET","DAYLIGHT","STOP SIGN","NONE DETECTED","NONE DETECTED","E47690DB-0967-403B-9456-9E3F3709FB90","PEDESTRIAN","Cross/Enter at Intersection","NO IMPROPER ACTIONS","ON ROADWAY AT CROSSWALK","No","POSSIBLE INJURY","NONE","39.174774","-77.259127","    (39.174774, -77.259127)"
"MCP12330051","230002915","Montgomery County Police","Injury Crash","01/18/2023 05:00:00 PM","County","CEDAR LA","ELMHIRST PKWY",,"N/A","PEDESTRIAN","SAME DIRECTION RIGHT TURN","CLOUDY","DRY","DAYLIGHT","TRAFFIC SIGNAL","NONE DETECTED","NONE DETECTED","09EE950C-39B9-4102-83F5-3CC5BE2B8F21","PEDESTRIAN","Walking/Cycling on Sidewalk","NO IMPROPER ACTIONS","AT INTERSECTION MARKED CROSSWALK","No","POSSIBLE INJURY","NONE","39.00801735","-77.09457666","    (39.00801735, -77.09457666)"
"MCP33390017","230002795","Montgomery County Police","Injury Crash","01/18/2023 08:02:00 AM","County","WELLER RD","GOODHILL RD",,"N/A","BICYCLIST","OTHER","CLEAR","DRY","DAYLIGHT","STOP SIGN","NONE DETECTED","NONE DETECTED","FAA2C4ED-301B-4368-84C6-BE0501AFAB70","BICYCLIST","Cross/Enter at Intersection","NO IMPROPER ACTIONS","AT INTERSECTION BUT NO CROSSWALK","No","POSSIBLE INJURY","NONE","39.063475","-77.0725245","    (39.063475, -77.0725245)"
"MCP3317000W","230002745","Montgomery County Police","Injury Crash","01/17/2023 08:13:00 PM","County","PATTON DR","UNIVERSITY BLVD E",,"N/A","PEDESTRIAN","SINGLE VEHICLE","CLEAR","DRY","DARK LIGHTS ON","NO CONTROLS","UNKNOWN","NONE DETECTED","601C02C3-A386-410F-9683-2A53CD07D863","PEDESTRIAN","Cross/Enter at Intersection","NO IMPROPER ACTIONS","ON ROADWAY AT CROSSWALK","No","SUSPECTED MINOR INJURY","NONE","39.00256455","-76.99565913","    (39.00256455, -76.99565913)"
"MCP2948005X","230002189","Montgomery County Police","Injury Crash","01/13/2023 11:15:00 PM","Maryland (State)","GEORGIA AVE","REEDIE DR",,"N/A","PEDESTRIAN","OTHER","CLEAR","DRY","DARK LIGHTS ON","TRAFFIC SIGNAL","NONE DETECTED","N/A","DD5635F5-2133-47F2-8683-48066FA45D8C","PEDESTRIAN","Cross/Enter at Intersection","UNKNOWN","ON ROADWAY AT CROSSWALK","Unknown","NO APPARENT INJURY","N/A","39.03881","-77.05091167","    (39.03881, -77.05091167)"
"MCP2948005X","230002189","Montgomery County Police","Injury Crash","01/13/2023 11:15:00 PM","Maryland (State)","GEORGIA AVE","REEDIE DR",,"N/A","PEDESTRIAN","OTHER","CLEAR","DRY","DARK LIGHTS ON","TRAFFIC SIGNAL","NONE DETECTED","N/A","D49F4196-2F12-4735-A30E-11FC30A6BDC2","PEDESTRIAN","Cross/Enter at Intersection","UNKNOWN","ON ROADWAY AT CROSSWALK","Unknown","SUSPECTED MINOR INJURY","N/A","39.03881","-77.05091167","    (39.03881, -77.05091167)"
"MCP2948005X","230002189","Montgomery County Police","Injury Crash","01/13/2023 11:15:00 PM","Maryland (State)","GEORGIA AVE","REEDIE DR",,"N/A","PEDESTRIAN","OTHER","CLEAR","DRY","DARK LIGHTS ON","TRAFFIC SIGNAL","NONE DETECTED","NONE DETECTED","549BC150-5262-4653-AC73-60C0B848993D","PEDESTRIAN","Cross/Enter at Intersection","UNKNOWN","ON ROADWAY AT CROSSWALK","Unknown","POSSIBLE INJURY","N/A","39.03881","-77.05091167","    (39.03881, -77.05091167)"
"MCP3225003F","230002162","Montgomery County Police","Injury Crash","01/13/2023 07:30:00 PM","County","ASPEN HILL RD","PARKLAND DR",,"N/A","PEDESTRIAN","SINGLE VEHICLE","CLEAR","DRY","DARK LIGHTS ON","TRAFFIC SIGNAL","NONE DETECTED","NONE DETECTED","77E23754-E912-4A40-ADC8-D9BC689E0D3A","PEDESTRIAN","Cross/Enter at Intersection","UNKNOWN","ON ROADWAY AT CROSSWALK","Unknown","SUSPECTED MINOR INJURY","NONE","39.07911733","-77.08718417","    (39.07911733, -77.08718417)"
"MCP2846008H","230002149","Montgomery County Police","Injury Crash","01/13/2023 05:20:00 PM","Maryland (State)","UNIVERSITY BLVD W","AMHERST AVE",,"N/A","PEDESTRIAN","SINGLE VEHICLE","CLEAR","DRY","DARK LIGHTS ON","TRAFFIC SIGNAL","NONE DETECTED","NONE DETECTED","3DF59CFC-50D1-4A3D-801C-7FBC4F97F059","PEDESTRIAN","Cross/Enter not at Intersection","DART DASH","ON ROADWAY NOT AT CROSSWALK","Yes","POSSIBLE INJURY","NONE","39.041445","-77.04847333","    (39.041445, -77.04847333)"
"MCP2678003X","230002041","Montgomery County Police","Injury Crash","01/13/2023 08:24:00 AM",,,,"DRIVEWAY OF 11939 CLARIDGE RD, SILVER SPRING MD 20902",,"OTHER PEDALCYCLIST","STRAIGHT MOVEMENT ANGLE","CLOUDY",,"DAYLIGHT","N/A","NONE DETECTED","NONE DETECTED","B062DF59-2962-450B-B0C8-AD6EE4B2B4C0","OTHER PEDALCYCLIST","Walking/Cycling on Sidewalk","NO IMPROPER ACTIONS","SIDEWALK","No","POSSIBLE INJURY","N/A","39.05806167","-77.04848667","    (39.05806167, -77.04848667)"
"MCP2552005F","230001970","Montgomery County Police","Injury Crash","01/12/2023 06:19:00 PM","Maryland (State)","FREDERICK RD","WATKINS POND BLVD",,"ROCKVILLE","PEDESTRIAN","OTHER","CLEAR","WET","DARK LIGHTS ON","TRAFFIC SIGNAL","N/A","N/A","594BD2FD-637B-4E43-96E6-D5AE037FE857","PEDESTRIAN","Cross/Enter at Intersection","IN ROADWAY IMPROPERLY","ON ROADWAY NOT AT CROSSWALK","Yes","SUSPECTED MINOR INJURY","NONE","39.11222041","-77.16190113","    (39.11222041, -77.16190113)"
"EJ78930024","230001808","Gaithersburg Police Depar","Injury Crash","01/12/2023 12:05:00 AM",,,,"PARKING LOT OF 18715 N FREDERICK AVENUE",,"PEDESTRIAN","OTHER","RAINING",,"DARK NO LIGHTS","NO CONTROLS","NONE DETECTED","NONE DETECTED","B265E4CA-7234-4E04-83A4-934BBACF0402","PEDESTRIAN","Standing","INATTENTIVE","CURB","Yes","SUSPECTED MINOR INJURY","NONE","39.16307192","-77.22393417","    (39.16307192, -77.22393417)"
"MCP3330000W","230001721","Montgomery County Police","Injury Crash","01/11/2023 01:57:00 PM",,,,"PARKING LOT OF 801 E GUDE DR",,"PEDESTRIAN","OTHER","CLOUDY",,"DAYLIGHT","N/A","N/A","N/A","00BDC37E-7FB7-4172-9C7F-88921F898154","PEDESTRIAN","Standing","UNKNOWN","OTHER","Unknown","SUSPECTED MINOR INJURY","N/A","39.101803","-77.142026","    (39.101803, -77.142026)"
"MCP3192003K","230001594","Montgomery County Police","Injury Crash","01/10/2023 08:02:00 PM",,,,"PARKING LOT OF 12222 VEIRS MILL ROAD",,"PEDESTRIAN","SINGLE VEHICLE","CLEAR",,"DARK LIGHTS ON","NO CONTROLS","NONE DETECTED","NONE DETECTED","FE89AA6D-C79F-4C92-9254-64E8476CE848","PEDESTRIAN","Other","NO IMPROPER ACTIONS","OTHER","No","SUSPECTED MINOR INJURY","NONE","39.05735867","-77.08101134","    (39.05735867, -77.08101134)"
"MCP3328001G","230001561","Montgomery County Police","Injury Crash","01/10/2023 05:40:00 PM","County","RANDOLPH RD","KEMP MILL RD",,"N/A","PEDESTRIAN","OTHER","CLEAR","DRY","DARK LIGHTS ON","TRAFFIC SIGNAL","UNKNOWN","UNKNOWN","E12F4DD3-23B3-431D-9B74-1D8E2AB26FB7","PEDESTRIAN","Cross/Enter at Intersection","FAILURE TO OBEY TRAFFIC SIGNS SIGNALS OR OFFICER","AT INTERSECTION MARKED CROSSWALK","Yes","SUSPECTED SERIOUS INJURY","NONE","39.06641242","-77.03036487","    (39.06641242, -77.03036487)"
"MCP3299002B","230001456","Montgomery County Police","Injury Crash","01/10/2023 07:35:00 AM","Maryland (State)","OLNEY SANDY SPRING RD","SHERWOOD HIGH SCHOOL",,"N/A","PEDESTRIAN","OTHER","CLEAR","DRY","DAYLIGHT","NO CONTROLS","UNKNOWN","NONE DETECTED","867EFD6F-C7F5-4D07-8F40-9D8EC55C4471","PEDESTRIAN","Walking to/from school","IN ROADWAY IMPROPERLY","ON ROADWAY NOT AT CROSSWALK","Yes","SUSPECTED MINOR INJURY","NONE","39.14911853","-77.01700222","    (39.14911853, -77.01700222)"
"MCP3129005Z","230001275","Montgomery County Police","Injury Crash","01/09/2023 08:31:00 AM",,,,"ENTRANCE TO 12901 GEORGIA AVE, SILVER SPRING MD, 20906",,"PEDESTRIAN","SINGLE VEHICLE","CLEAR",,"DAYLIGHT","NO CONTROLS","NONE DETECTED","NONE DETECTED","9F1CCA84-7202-4497-BBC2-0F148EDB9202","PEDESTRIAN","Walking/Cycling on Sidewalk","INATTENTIVE","OTHER","No","SUSPECTED MINOR INJURY","N/A","39.0675126","-77.06024901","    (39.0675126, -77.06024901)"