"Report Number","Local Case Number","Agency Name","ACRS Report Type","Crash Date/Time","Route Type","Road Name","Cross-Street Name","Off-Road Description","Municipality","Related Non-Motorist","Collision Type","Weather","Surface Condition","Light","Traffic Control","Driver Substance Abuse","Non-Motorist Substance Abuse","Person ID","Pedestrian Type","Pedestrian Movement","Pedestrian Actions","Pedestrian Location","At Fault","Injury Severity","Safety Equipment","Latitude","Longitude","Location"
"MCP33120027","220045002","Montgomery County Police","Injury Crash","10/14/2022 09:00:00 AM","County","OLD COLUMBIA PIKE","CLIFTONDALE DR",,"N/A","PEDESTRIAN","SINGLE VEHICLE","CLEAR","WET","DAYLIGHT","NO CONTROLS","NONE DETECTED","NONE DETECTED","173772F5-6D65-4FE9-9669-F0824241D679","PEDESTRIAN","Standing","NO IMPROPER ACTIONS","AT INTERSECTION BUT NO CROSSWALK","No","POSSIBLE INJURY","REFLECTIVE CLOTHING","39.053705","-76.97383833","    (39.053705, -76.97383833)"
"DD5653001X","220045117","Rockville Police Departme","Property Damage Crash","10/14/2022 07:30:00 AM","Municipality","MARYLAND AVE","NEW MARK ESPLANADE",,"ROCKVILLE","BICYCLIST","SINGLE VEHICLE","CLOUDY","UNKNOWN","DAYLIGHT","STOP SIGN","UNKNOWN","N/A","4E42D942-A912-4DD4-B121-CE958A966F76","BICYCLIST","Walking/Riding w/Traffic","NO IMPROPER ACTIONS","IN BIKEWAY","No","NO APPARENT INJURY","MC/BIKE HELMET","39.0788738","-77.15614325","    (39.0788738, -77.15614325)"
"MCP33200013","220044963","Montgomery County Police","Injury Crash","10/13/2022 09:42:00 PM","Maryland (State)","COLESVILLE RD","EAST WEST HWY",,"N/A","PEDESTRIAN","OTHER","RAINING","WET","DARK LIGHTS ON","TRAFFIC SIGNAL","NONE DETECTED","NONE DETECTED","6F1AC3AE-CD28-4B88-BDE0-4EAB0EB95A51","PEDESTRIAN","Cross/Enter at Intersection","NO IMPROPER ACTIONS","ON ROADWAY AT CROSSWALK","No","SUSPECTED MINOR INJURY","NONE","38.99355427","-77.03212944","    (38.99355427, -77.03212944)"
"MCP3019005B","220044739","Montgomery County Police","Injury Crash","10/12/2022 08:45:00 PM","Maryland (State)","WISCONSIN AVE","LELAND ST",,"N/A","PEDESTRIAN","SINGLE VEHICLE","CLEAR","DRY","DARK LIGHTS ON","TRAFFIC SIGNAL","N/A","N/A","3D80BE30-83EA-4DCC-92E2-AA175BE692BC","PEDESTRIAN","Cross/Enter at Intersection","NO IMPROPER ACTIONS","ON ROADWAY AT CROSSWALK","No","SUSPECTED MINOR INJURY","N/A","38.98020833","-77.091825","    (38.98020833, -77.091825)"
"DD5571000B","220044711","Rockville Police Departme","Injury Crash","10/12/2022 05:27:00 PM","Municipality","MARYLAND AVE","S WASHINGTON ST",,"ROCKVILLE","PEDESTRIAN","SINGLE VEHICLE","CLOUDY","DRY","DAYLIGHT","N/A","NONE DETECTED","N/A","D4F6FE8F-30A4-4B1C-8E2C-11D480558CDC","PEDESTRIAN","Cross/Enter at Intersection","NO IMPROPER ACTIONS","ON ROADWAY AT CROSSWALK","No","SUSPECTED MINOR INJURY","N/A","39.08043397","-77.15271433","    (39.08043397, -77.15271433)"
"EJ7873006G","220053209","Gaithersburg Police Depar","Injury Crash","10/12/2022 04:13:00 PM","Maryland (State)","FREDERICK RD","MONTGOMERY AVE",,"GAITHERSBURG","BICYCLIST","OTHER","CLEAR","DRY","DAYLIGHT","NO CONTROLS","UNKNOWN","NONE DETECTED","ACAA98AF-BD33-41D2-9F3E-C87FAA2A7502","BICYCLIST","Walking/Cycling on Sidewalk","NO IMPROPER ACTIONS","DRIVEWAY ACCESS MARKED CROSSWALK","No","SUSPECTED MINOR INJURY","UNKNOWN","39.1461514","-77.20414629","    (39.1461514, -77.20414629)"
"MCP2761003T","220044472","Montgomery County Police","Injury Crash","10/11/2022 04:20:00 PM","County","RICHTER FARM RD","GERMANTOWN RD",,"N/A","PEDESTRIAN","OTHER","CLEAR","DRY","DAYLIGHT","NO CONTROLS","UNKNOWN","NONE DETECTED","4F1F54A0-02E2-472F-B39F-9FEADBAB38F7","PEDESTRIAN","Other Working","NO IMPROPER ACTIONS","OTHER","No","POSSIBLE INJURY","N/A","39.15365908","-77.28666362","    (39.15365908, -77.28666362)"
"EJ7895002T","220044439","Gaithersburg Police Depar","Injury Crash","10/11/2022 01:55:00 PM",,,,"KAISER PERMANENTE PARKING LOT- 655 WATKINS MILL ROAD",,"PEDESTRIAN","STRAIGHT MOVEMENT ANGLE","CLEAR",,"DAYLIGHT","STOP SIGN","NONE DETECTED","NONE DETECTED","001E0018-D749-4BDF-A781-3B1B34C8BA4F","PEDESTRIAN","Cross/Enter at Intersection","NO IMPROPER ACTIONS","ON ROADWAY AT CROSSWALK","No","SUSPECTED MINOR INJURY","NONE","39.15680213","-77.22116675","    (39.15680213, -77.22116675)"
"MCP913000D7","220044371","Montgomery County Police","Injury Crash","10/11/2022 05:44:00 AM","Maryland (State)","UNIVERSITY BLVD E","CARROLL AVE",,"N/A","PEDESTRIAN","SINGLE VEHICLE","CLEAR","DRY","DARK LIGHTS ON","TRAFFIC SIGNAL","NONE DETECTED","NONE DETECTED","B3689CE8-09E5-4133-A5D0-A558CA4EB273","PEDESTRIAN","Cross/Enter at Intersection","DART DASH","ON ROADWAY AT CROSSWALK","Yes","SUSPECTED SERIOUS INJURY","NONE","38.99385077","-76.99254645","    (38.99385077, -76.99254645)"
"MCP25700013","220044322","Montgomery County Police","Injury Crash","10/10/2022 05:43:00 PM",,,,"ON THE 1ST FLOOR SOUTHERN PARKING GARAGE AT 11160 VEIRS MILL RD, WHEATON, MD 20902",,"PEDESTRIAN","STRAIGHT MOVEMENT ANGLE","CLEAR",,"DAYLIGHT","N/A","UNKNOWN","NONE DETECTED","0D95643F-486D-484B-BF49-20C226FE3380","PEDESTRIAN","Other","NO IMPROPER ACTIONS","OTHER","No","SUSPECTED MINOR INJURY","N/A","39.03534039","-77.05381612","    (39.03534039, -77.05381612)"
"MCP3230003F","220044308","Montgomery County Police","Injury Crash","10/10/2022 05:15:00 PM","Maryland (State)","LAYHILL RD","BRIGGS RD",,"N/A","PEDESTRIAN","OTHER","CLEAR","DRY","DAYLIGHT","TRAFFIC SIGNAL","NONE DETECTED","NONE DETECTED","83700679-C697-4095-B793-26E934E8FCE4","PEDESTRIAN","Cross/Enter at Intersection","NO IMPROPER ACTIONS","AT INTERSECTION MARKED CROSSWALK","No","SUSPECTED MINOR INJURY","N/A","39.0688025","-77.04611233","    (39.0688025, -77.04611233)"
"MCP15310011","220044061","Montgomery County Police","Injury Crash","10/08/2022 10:17:00 PM",,,,"PARKING LOT OF 10620 RIVER ROAD",,"PEDESTRIAN","SINGLE VEHICLE","CLEAR",,"DARK LIGHTS ON","NO CONTROLS","NONE DETECTED","NONE DETECTED","92FA6CC0-147D-4273-A7BD-1834BAAF6C4A","PEDESTRIAN","Walking/Riding w/Traffic","NO IMPROPER ACTIONS","ON ROADWAY NOT AT CROSSWALK","No","SUSPECTED MINOR INJURY","NONE","39.0242988","-77.21955542","    (39.0242988, -77.21955542)"
"MCP32200035","220044009","Montgomery County Police","Injury Crash","10/08/2022 02:10:00 PM",,,,"INSIDE EXTRA SPACE STORAGE FACILITY LOCATED AT 18920 EARHART CT.",,"PEDESTRIAN","SINGLE VEHICLE","CLEAR",,"DAYLIGHT","NO CONTROLS",,"NONE DETECTED","5C66CFE9-BE92-4DE3-99EC-19AD694B9D1A","PEDESTRIAN","Standing","INATTENTIVE","OTHER","Unknown","POSSIBLE INJURY","NONE","39.16866679","-77.17357839","    (39.16866679, -77.17357839)"
"MCP31920036","220043914","Montgomery County Police","Injury Crash","10/07/2022 06:17:00 PM","Maryland (State)","UNIVERSITY BLVD W","FERN ST",,"N/A","PEDESTRIAN","SINGLE VEHICLE","CLEAR","DRY","DUSK","N/A","NONE DETECTED","NONE DETECTED","9BE05857-0836-4638-A14A-2197279FBFD9","PEDESTRIAN","Cross/Enter at Intersection","IN ROADWAY IMPROPERLY","ON ROADWAY NOT AT CROSSWALK","Yes","POSSIBLE INJURY","NONE","39.04149467","-77.05098383","    (39.04149467, -77.05098383)"
"MCP2339007L","220043893","Montgomery County Police","Injury Crash","10/07/2022 05:07:00 PM","County","PARKLAWN DR","TWINBROOK PKWY",,"N/A","PEDESTRIAN","OTHER","CLEAR","DRY","DAYLIGHT","TRAFFIC SIGNAL","NONE DETECTED","NONE DETECTED","8F0D370D-24A6-4262-9E64-50C8AAC0B3E5","PEDESTRIAN","Cross/Enter at Intersection","FAILURE TO OBEY TRAFFIC SIGNS SIGNALS OR OFFICER","ON ROADWAY AT CROSSWALK","Yes","SUSPECTED MINOR INJURY","N/A","39.06147401","-77.1162619","    (39.06147401, -77.1162619)"
"MCP2864004L","220043830","Montgomery County Police","Injury Crash","10/07/2022 12:39:00 PM",,,,"REAR PARKING LOT OF:",,"PEDESTRIAN","SAME DIR REAR END","CLEAR",,"DAYLIGHT","N/A","UNKNOWN","NONE DETECTED","89C413AE-3846-4D8F-A361-73F9D5E08902","PEDESTRIAN","Other","NO IMPROPER ACTIONS","OTHER","No","POSSIBLE INJURY","NONE","38.98569885","-77.09213895","    (38.98569885, -77.09213895)"
"MCP32110035","220043805","Montgomery County Police","Injury Crash","10/07/2022 10:22:00 AM","County","STONEYBROOK DR","BEACH DR",,"N/A","BICYCLIST","STRAIGHT MOVEMENT ANGLE","N/A","DRY","DAYLIGHT","STOP SIGN","NONE DETECTED","N/A","398AFCD4-3443-43E8-A69A-3AD400346089","BICYCLIST","Cross/Enter at Intersection","NO IMPROPER ACTIONS","ON ROADWAY NOT AT CROSSWALK","No","POSSIBLE INJURY","MC/BIKE HELMET","39.01251963","-77.06408817","    (39.01251963, -77.06408817)"
"MCP3063003H","220043727","Montgomery County Police","Injury Crash","10/06/2022 07:15:00 PM","Maryland (State)","UNIVERSITY BLVD E","SEPTEMBER LA",,"N/A","PEDESTRIAN","N/A","CLEAR","DRY","DARK NO LIGHTS","NO CONTROLS","UNKNOWN","NONE DETECTED","D3B860F6-5C42-448B-B1A5-BCDA79F732B5","PEDESTRIAN","Other","IN ROADWAY IMPROPERLY","ON ROADWAY NOT AT CROSSWALK","Yes","POSSIBLE INJURY","NONE","39.00440088","-76.99661326","    (39.00440088, -76.99661326)"
"MCP2291006B","220043725","Montgomery County Police","Injury Crash","10/06/2022 06:51:00 PM","County","MACARTHUR BLVD","CONNECTOR RD",,"N/A","BICYCLIST","OTHER","CLEAR","DRY","DARK LIGHTS ON","TRAFFIC SIGNAL","NONE DETECTED","NONE DETECTED","FD5F74D7-AC27-4596-BE1F-A38C961794C7","BICYCLIST","Cross/Enter at Intersection","NO IMPROPER ACTIONS","IN BIKEWAY","No","SUSPECTED MINOR INJURY","MC/BIKE HELMET","38.97531","-77.16186","    (38.97531, -77.16186)"
"HA2388001B","22001757","Maryland-National Capital","Injury Crash","10/06/2022 09:16:00 AM","Government","BEACH DR","STRUC #MPK09 ROCK CREEK",,"N/A","PEDESTRIAN","SINGLE VEHICLE","CLEAR","DRY","DAYLIGHT","STOP SIGN","NONE DETECTED","NONE DETECTED","912C81CC-4074-4E3A-B11C-A729C5B0EB6C","PEDESTRIAN","Cross/Enter at Intersection","NO IMPROPER ACTIONS","ON ROADWAY AT CROSSWALK","No","SUSPECTED MINOR INJURY","N/A","39.0222125","-77.10175483","    (39.0222125, -77.10175483)"
"MCP2902005K","220043563","Montgomery County Police","Injury Crash","10/06/2022 07:34:00 AM","Maryland (State)","CLOPPER RD","RICHTER FARM RD",,"N/A","BICYCLIST","OTHER","CLEAR","DRY","DAYLIGHT","STOP SIGN","N/A","N/A","E56BAB2E-2E51-4FD4-8727-8B069B20B1F1","BICYCLIST","Cross/Enter at Intersection","UNKNOWN","N/A","Unknown","SUSPECTED MINOR INJURY","NONE","39.169965","-77.29678833","    (39.169965, -77.29678833)"
"MCP33280017","220043329","Montgomery County Police","Injury Crash","10/04/2022 06:32:00 PM","County","ARCOLA AVE","LAMBERTON DR",,"N/A","PEDESTRIAN","SINGLE VEHICLE","RAINING","WET","DAYLIGHT","TRAFFIC SIGNAL","NONE DETECTED","N/A","D812B164-57A9-4242-9830-2562747F0C43","PEDESTRIAN","Cross/Enter at Intersection","FAILURE TO OBEY TRAFFIC SIGNS SIGNALS OR OFFICER","ON ROADWAY AT CROSSWALK","Yes","SUSPECTED SERIOUS INJURY","NONE","39.04100667","-77.02923833","    (39.04100667, -77.02923833)"
"MCP32640037","220043194","Montgomery County Police","Injury Crash","10/04/2022 06:30:00 AM","Maryland (State)","COLESVILLE RD","GEORGIA AVE",,"N/A","BICYCLIST","STRAIGHT MOVEMENT ANGLE","RAINING","WET","DAWN","TRAFFIC SIGNAL","NONE DETECTED","NONE DETECTED","8C71F1C3-F549-49BC-9F44-85AABE49F73F","BICYCLIST","Cross/Enter at Intersection","IN ROADWAY IMPROPERLY","AT INTERSECTION MARKED CROSSWALK","Yes","POSSIBLE INJURY","NONE","38.99462333","-77.0359","    (38.99462333, -77.0359)"
"MCP26830063","220043111","Montgomery County Police","Injury Crash","10/03/2022 03:45:00 PM","County","LOST KNIFE RD","ODENDHAL AVE",,"N/A","PEDESTRIAN","OTHER","RAINING","WET","DAYLIGHT","NO CONTROLS","NONE DETECTED","NONE DETECTED","E2C00137-F8BE-42F8-A761-54FE850BFF2B","PEDESTRIAN","Other","DART DASH","ON ROADWAY NOT AT CROSSWALK","Yes","SUSPECTED MINOR INJURY","NONE","39.15314","-77.19932667","    (39.15314, -77.19932667)"
"MCP9318002M","220042999","Montgomery County Police","Injury Crash","10/02/2022 07:56:00 PM","Maryland (State)","NEW HAMPSHIRE AVE","OAKVIEW DR",,"N/A","PEDESTRIAN","OTHER","CLEAR","DRY","DUSK","TRAFFIC SIGNAL","NONE DETECTED","NONE DETECTED","7E2B7696-7811-4B7C-B121-E4F730DA09F0","PEDESTRIAN","Cross/Enter at Intersection","NO IMPROPER ACTIONS","AT INTERSECTION MARKED CROSSWALK","No","POSSIBLE INJURY","N/A","39.01535162","-76.97773867","    (39.01535162, -76.97773867)"
"MCP3258002N","220042800","Montgomery County Police","Injury Crash","10/01/2022 08:28:00 AM","Maryland (State)","UNIVERSITY BLVD W","CADDINGTON AVE",,"N/A","PEDESTRIAN","HEAD ON LEFT TURN","RAINING","WET","DAYLIGHT","TRAFFIC SIGNAL","NONE DETECTED","UNKNOWN","D31FD698-C216-4B63-8ED3-CA9AB5BA96A6","PEDESTRIAN","Cross/Enter at Intersection","UNKNOWN","AT INTERSECTION MARKED CROSSWALK","Unknown","SUSPECTED SERIOUS INJURY","N/A","39.034435","-77.02424167","    (39.034435, -77.02424167)"
"MCP2982004F","220042750","Montgomery County Police","Injury Crash","09/30/2022 09:05:00 PM","County","SPRING ST","FIRST AVE",,"N/A","PEDESTRIAN","OTHER","CLEAR","WET","DARK LIGHTS ON","NO CONTROLS","NONE DETECTED","N/A","7013A708-8B0B-407A-9FBB-D3238EC49AB2","PEDESTRIAN","Cross/Enter not at Intersection","FAILURE TO YIELD RIGHT OF WAY","SHOULDER","Yes","POSSIBLE INJURY","NONE","38.99897853","-77.03279139","    (38.99897853, -77.03279139)"
"MCP2214000W","220042736","Montgomery County Police","Injury Crash","09/30/2022 07:26:00 PM","County","GUNNERS BRANCH RD","FREDERICK RD",,"N/A","PEDESTRIAN","SINGLE VEHICLE","RAINING","WET","DARK LIGHTS ON","TRAFFIC SIGNAL","NONE DETECTED","ALCOHOL PRESENT","928E34C0-E069-4AB1-A956-ECDAEF348873","PEDESTRIAN","Cross/Enter at Intersection","NO IMPROPER ACTIONS","AT INTERSECTION MARKED CROSSWALK","No","SUSPECTED SERIOUS INJURY","NONE","39.179065","-77.23771667","    (39.179065, -77.23771667)"
"MCP3079004J","220042708","Montgomery County Police","Injury Crash","09/30/2022 05:22:00 PM","Maryland (State)","CLOPPER RD","MATENEY RD",,"N/A","PEDESTRIAN","OTHER","RAINING","WET","DAYLIGHT","TRAFFIC SIGNAL","NONE DETECTED","NONE DETECTED","9C828579-7096-426C-90B2-F08B562D5F72","PEDESTRIAN","Cross/Enter at Intersection","N/A","AT INTERSECTION MARKED CROSSWALK","No","SUSPECTED MINOR INJURY","NONE","39.1565393","-77.26660512","    (39.1565393, -77.26660512)"
"MCP27820045","220042566","Montgomery County Police","Injury Crash","09/29/2022 07:37:00 PM","Maryland (State)","GEORGIA AVE","ENT TO BUSINESS",,"N/A","PEDESTRIAN","STRAIGHT MOVEMENT ANGLE","CLEAR","DRY","DUSK","NO CONTROLS","UNKNOWN","NONE DETECTED","C57F6D88-BBD2-4FE5-BEA0-6BB7C8EEE64F","PEDESTRIAN","Walking/Cycling on Sidewalk","NO IMPROPER ACTIONS","SIDEWALK","No","POSSIBLE INJURY","NONE","39.07896602","-77.07249499","    (39.07896602, -77.07249499)"
"MCP27820045","220042566","Montgomery County Police","Injury Crash","09/29/2022 07:37:00 PM","Maryland (State)","GEORGIA AVE","ENT TO BUSINESS",,"N/A","PEDESTRIAN","STRAIGHT MOVEMENT ANGLE","CLEAR","DRY","DUSK","NO CONTROLS","UNKNOWN","NONE DETECTED","58152B8D-2981-4CA7-8C88-423113E01517","PEDESTRIAN","Walking/Cycling on Sidewalk","NO IMPROPER ACTIONS","SIDEWALK","No","POSSIBLE INJURY","NONE","39.07896602","-77.07249499","    (39.07896602, -77.07249499)"
"DD5649002M","220042539","Rockville Police Departme","Injury Crash","09/29/2022 05:49:00 PM","Municipality","MONROE ST","ARGYLE ST",,"ROCKVILLE","PEDESTRIAN","OTHER","N/A","DRY","DAYLIGHT","NO CONTROLS","N/A","N/A","0D756C0A-5695-4681-AD9F-AE8ADA05DF19","PEDESTRIAN","Getting off/on Vehicle","INATTENTIVE","OTHER","Yes","SUSPECTED MINOR INJURY","NONE","39.0774844","-77.1515522","    (39.0774844, -77.1515522)"
"MCP2159000T","220042533","Montgomery County Police","Property Damage Crash","09/29/2022 03:08:00 PM","County","DAWSON FARM RD","GERMANTOWN RD",,"N/A","BICYCLIST","STRAIGHT MOVEMENT ANGLE","CLEAR","DRY","DAYLIGHT","TRAFFIC SIGNAL","N/A","UNKNOWN","A7E1EFC9-6944-48E9-AA92-9F388F811F41","BICYCLIST","Unknown","UNKNOWN","UNKNOWN","Yes","NO APPARENT INJURY","UNKNOWN","39.17141108","-77.27718681","    (39.17141108, -77.27718681)"
"DD5604004F","220042302","Rockville Police Departme","Injury Crash","09/28/2022 01:40:00 PM",,,,"PARKING LOT OF 77 S. WASHINGTON STREET.",,"PEDESTRIAN","OTHER","CLEAR",,"DAYLIGHT","NO CONTROLS","NONE DETECTED","NONE DETECTED","4F28327B-878C-45CD-A74B-59D2D9BC84F6","PEDESTRIAN","Other","NO IMPROPER ACTIONS","OTHER","No","POSSIBLE INJURY","NONE","39.08384217","-77.15290933","    (39.08384217, -77.15290933)"
"DD5583007G","220042243","Rockville Police Departme","Injury Crash","09/28/2022 08:45:00 AM","Municipality","GAITHER RD","ROYAL CRESCENT",,"ROCKVILLE","BICYCLIST","HEAD ON LEFT TURN","CLEAR","DRY","DAYLIGHT","NO CONTROLS","NONE DETECTED","NONE DETECTED","99BC1898-FA66-463F-9E68-58EED8F6E720","BICYCLIST","Walking/Cycling on Sidewalk","NO IMPROPER ACTIONS","AT INTERSECTION BUT NO CROSSWALK","No","SUSPECTED SERIOUS INJURY","MC/BIKE HELMET","39.11677067","-77.18194267","    (39.11677067, -77.18194267)"
"MCP3222001Z","220042158","Montgomery County Police","Injury Crash","09/27/2022 04:46:00 PM","Maryland (State)","BRADLEY BLVD","HUNTINGTON PKWY",,"N/A","BICYCLIST","OTHER","CLEAR","DRY","DAYLIGHT","TRAFFIC SIGNAL","NONE DETECTED","NONE DETECTED","B7DB7D91-A171-49D8-81B3-A03F3E74E322","BICYCLIST","Walking/Riding w/Traffic","FAILURE TO YIELD RIGHT OF WAY","ON ROADWAY NOT AT CROSSWALK","Yes","POSSIBLE INJURY","MC/BIKE HELMET","38.993018","-77.11893217","    (38.993018, -77.11893217)"
"MCP2723006P","220042149","Montgomery County Police","Injury Crash","09/27/2022 04:00:00 PM","Maryland (State)","VEIRS MILL RD","RANDOLPH RD",,"N/A","PEDESTRIAN","SINGLE VEHICLE","N/A","DRY","DAYLIGHT","TRAFFIC SIGNAL","NONE DETECTED","NONE DETECTED","A5CB311D-7E7A-4BA5-AB6F-71308CCBA752","PEDESTRIAN","Cross/Enter at Intersection","DART DASH","ON ROADWAY AT CROSSWALK","Yes","SUSPECTED MINOR INJURY","NONE","39.05615","-77.08281667","    (39.05615, -77.08281667)"
"DM84900026","220042035","Takoma Park Police Depart","Injury Crash","09/27/2022 07:41:00 AM","Municipality","FLOWER AVE","SLIGO CREEK PKWY",,"N/A","BICYCLIST","OTHER","CLEAR","DRY","DAYLIGHT","STOP SIGN","N/A","N/A","F02A4D78-233F-402C-A672-1D4EC5E3743A","BICYCLIST","Cross/Enter at Intersection","N/A","ON ROADWAY NOT AT CROSSWALK","No","POSSIBLE INJURY","MC/BIKE HELMET","38.98090973","-76.99410789","    (38.98090973, -76.99410789)"
"MCP26830062","220041978","Montgomery County Police","Injury Crash","09/26/2022 07:22:00 PM","County","MONTGOMERY VILLAGE AVE","CLUB HOUSE RD",,"N/A","PEDESTRIAN","OTHER","CLEAR","DRY","DARK LIGHTS ON","TRAFFIC SIGNAL","NONE DETECTED","NONE DETECTED","D1A73AED-83F0-42A0-B8BE-C0E274956BA2","PEDESTRIAN","Cross/Enter at Intersection","DART DASH","ON ROADWAY AT CROSSWALK","Yes","POSSIBLE INJURY","NONE","39.17456428","-77.2036172","    (39.17456428, -77.2036172)"
"MCP3227003X","220041783","Montgomery County Police","Property Damage Crash","09/26/2022 06:51:00 PM","Maryland (State)","NEW HAMPSHIRE AVE","ELTON RD",,"N/A","PEDESTRIAN","SINGLE VEHICLE","CLEAR","DRY","DAYLIGHT","TRAFFIC SIGNAL","NONE DETECTED","NONE DETECTED","2F2CB59A-88E7-4AEF-B6B8-507329F82B12","PEDESTRIAN","Cross/Enter at Intersection","NO IMPROPER ACTIONS","ON ROADWAY AT CROSSWALK","No","NO APPARENT INJURY","N/A","39.0204434","-76.97680173","    (39.0204434, -76.97680173)"
"EJ7879002G","220041794","Gaithersburg Police Depar","Injury Crash","09/25/2022 08:00:00 PM",,,,"15740 PARKING LOT",,"PEDESTRIAN","SINGLE VEHICLE","CLEAR",,"DARK LIGHTS ON","NO CONTROLS","NONE DETECTED","NONE DETECTED","48AE8C70-ECFA-4046-B1EA-E89C11240723","PEDESTRIAN","Walking/Riding against Traffic","NO IMPROPER ACTIONS","OTHER","No","POSSIBLE INJURY","NONE","39.1158314","-77.18728895","    (39.1158314, -77.18728895)"
"MCP2635007J","220041497","Montgomery County Police","Injury Crash","09/23/2022 02:47:00 PM","County","WOODWELL RD","WOODWELL TERR",,"N/A","PEDESTRIAN","OTHER","CLEAR","DRY","DAYLIGHT","STOP SIGN","N/A","N/A","9B06BD18-155A-42F8-9290-004F4235E293","PEDESTRIAN","Other Working","NO IMPROPER ACTIONS","ON ROADWAY NOT AT CROSSWALK","No","POSSIBLE INJURY","REFLECTIVE CLOTHING","39.08707833","-77.03712667","    (39.08707833, -77.03712667)"
"MCP2330003R","220041478","Montgomery County Police","Property Damage Crash","09/23/2022 01:17:00 PM",,,,"2229 UNIVERSITY BLVD W",,"OTHER","SINGLE VEHICLE","CLEAR",,"DAYLIGHT","NO CONTROLS","NONE DETECTED","NONE DETECTED","98FCE520-F814-44F5-8A3D-69AC5006E8F4","OTHER","N/A","N/A","INSIDE BUILDING","No","NO APPARENT INJURY","N/A","39.04178826","-77.04921585","    (39.04178826, -77.04921585)"
"MCP3257005L","220041398","Montgomery County Police","Injury Crash","09/22/2022 09:10:00 PM","Maryland (State)","ROCKVILLE PIKE","MARINELLI RD",,"N/A","PEDESTRIAN","SINGLE VEHICLE","CLEAR","DRY","DARK LIGHTS ON","TRAFFIC SIGNAL","NONE DETECTED","NONE DETECTED","B2317035-A975-410E-A2FD-50D2BFCA4FE2","PEDESTRIAN","Cross/Enter not at Intersection","IN ROADWAY IMPROPERLY","ON ROADWAY NOT AT CROSSWALK","Yes","POSSIBLE INJURY","NONE","39.04721162","-77.11279129","    (39.04721162, -77.11279129)"
"DD56500025","220041161","Rockville Police Departme","Injury Crash","09/21/2022 04:49:00 PM","Other Public Roadway","ELMCROFT BLVD","CORK TREE LA",,"N/A","OTHER PEDALCYCLIST","OTHER","CLEAR","DRY","DAYLIGHT","NO CONTROLS","NONE DETECTED","NONE DETECTED","867ADBA8-AE4F-4AC2-9526-BB9FB64A52D9","OTHER PEDALCYCLIST","Cross/Enter at Intersection","FAILURE TO YIELD RIGHT OF WAY","ON ROADWAY NOT AT CROSSWALK","Yes","SUSPECTED MINOR INJURY","NONE","39.113888","-77.16621283","    (39.113888, -77.16621283)"
"MCP1099004Q","220041114","Montgomery County Police","Injury Crash","09/21/2022 12:50:00 PM",,,,"RED MILL SHOPPING CENTER 7200 MUNCASTER MILL ROAD DERWOOD",,"PEDESTRIAN","OTHER","CLEAR",,"DAYLIGHT","NO CONTROLS","NONE DETECTED","NONE DETECTED","720124E7-2EAB-4E4E-AD9F-AA100357F663","PEDESTRIAN","Standing","N/A","OTHER","No","POSSIBLE INJURY","N/A","39.145555","-77.145145","    (39.145555, -77.145145)"
"MCP30370045","220040999","Montgomery County Police","Injury Crash","09/20/2022 06:35:00 PM","County","ANNAPOLIS ROCK RD","DAMASCUS RD",,"N/A","BICYCLIST","SAME DIR REAR END","CLEAR","DRY","DAYLIGHT","NO CONTROLS","NONE DETECTED","NONE DETECTED","AE4CAB6A-EEA5-4F13-B414-162712299B9D","BICYCLIST","Walking/Riding w/Traffic","NO IMPROPER ACTIONS","ON ROADWAY NOT AT CROSSWALK","No","SUSPECTED MINOR INJURY","MC/BIKE HELMET","39.27764333","-77.14103","    (39.27764333, -77.14103)"
"MCP30370045","220040999","Montgomery County Police","Injury Crash","09/20/2022 06:35:00 PM","County","ANNAPOLIS ROCK RD","DAMASCUS RD",,"N/A","BICYCLIST","SAME DIR REAR END","CLEAR","DRY","DAYLIGHT","NO CONTROLS","NONE DETECTED","NONE DETECTED","6FF02A40-9253-49EC-88EC-7B55B8748D2E","BICYCLIST","Walking/Riding w/Traffic","NO IMPROPER ACTIONS","ON ROADWAY NOT AT CROSSWALK","No","SUSPECTED SERIOUS INJURY","MC/BIKE HELMET","39.27764333","-77.14103","    (39.27764333, -77.14103)"
"MCP2635007G","220040955","Montgomery County Police","Injury Crash","09/20/2022 02:43:00 PM","Maryland (State)","OLNEY SANDY SPRING RD","VILLAGE CENTER DR",,"N/A","PEDESTRIAN","SINGLE VEHICLE","CLEAR","DRY","DAYLIGHT","TRAFFIC SIGNAL","N/A","N/A","67E16AF7-676C-44B8-B3F3-867649F562EB","PEDESTRIAN","Cross/Enter at Intersection","NO IMPROPER ACTIONS","ON ROADWAY AT CROSSWALK","No","SUSPECTED MINOR INJURY","NONE","39.15175167","-77.06418167","    (39.15175167, -77.06418167)"
"MCP2686005L","220040850","Montgomery County Police","Injury Crash","09/19/2022 08:16:00 PM","Maryland (State)","GREAT SENECA HWY","END BRIDGE",,"N/A","PEDESTRIAN","SINGLE VEHICLE","CLEAR","DRY","DARK LIGHTS ON","NO CONTROLS","NONE DETECTED","UNKNOWN","95560695-A3B7-451F-967B-7EAC1EC61150","PEDESTRIAN","Cross/Enter not at Intersection","DART DASH","ON ROADWAY NOT AT CROSSWALK","Yes","SUSPECTED SERIOUS INJURY","NONE","39.140925","-77.27021467","    (39.140925, -77.27021467)"
"MCP2756004K","220040821","Montgomery County Police","Injury Crash","09/19/2022 06:49:00 PM","County","REEDIE DR","TRIANGLE LA",,"N/A","OTHER","SINGLE VEHICLE","CLEAR","DRY","DAYLIGHT","NO CONTROLS","UNKNOWN","NONE DETECTED","103A86F3-C08D-4BF4-9D76-77CEB8311B3C","OTHER","Other","UNKNOWN","ON ROADWAY AT CROSSWALK","No","POSSIBLE INJURY","NONE","39.0385","-77.051776","    (39.0385, -77.051776)"
"MCP3331000K","220040897","Montgomery County Police","Injury Crash","09/19/2022 04:00:00 PM","County","IDLEWOOD RD","DAHILL RD",,"N/A","PEDESTRIAN","SINGLE VEHICLE","CLEAR","DRY","DAYLIGHT","NO CONTROLS","UNKNOWN","NONE DETECTED","2174173D-C317-4660-8E29-BE0A8FB6221F","PEDESTRIAN","Cross/Enter not at Intersection","NO IMPROPER ACTIONS","ON ROADWAY NOT AT CROSSWALK","No","SUSPECTED MINOR INJURY","NONE","39.049723","-77.07103","    (39.049723, -77.07103)"