"Report Number","Local Case Number","Agency Name","ACRS Report Type","Crash Date/Time","Route Type","Road Name","Cross-Street Name","Off-Road Description","Municipality","Related Non-Motorist","Collision Type","Weather","Surface Condition","Light","Traffic Control","Driver Substance Abuse","Non-Motorist Substance Abuse","Person ID","Pedestrian Type","Pedestrian Movement","Pedestrian Actions","Pedestrian Location","At Fault","Injury Severity","Safety Equipment","Latitude","Longitude","Location"
"DD55200018","220040727","Rockville Police Departme","Injury Crash","09/19/2022 12:10:00 PM","Maryland (State)","VEIRS MILL RD","ATLANTIC AVE",,"ROCKVILLE","PEDESTRIAN","OTHER","CLEAR","DRY","DAYLIGHT","TRAFFIC SIGNAL","NONE DETECTED","NONE DETECTED","9D773FEC-E215-4F6E-8781-F90789CA3D54","PEDESTRIAN","Cross/Enter at Intersection","NO IMPROPER ACTIONS","N/A","No","SUSPECTED MINOR INJURY","NONE","39.07512","-77.11527","    (39.07512, -77.11527)"
"MCP22910067","220040461","Montgomery County Police","Injury Crash","09/17/2022 02:48:00 PM",,,,"PARKING LOT OF 10500 ROCKVILLE PIKE",,"PEDESTRIAN","SINGLE VEHICLE","CLEAR",,"DAYLIGHT","NO CONTROLS","NONE DETECTED","NONE DETECTED","1BD1CB6D-A0D3-46E6-83BD-081137FB7D67","PEDESTRIAN","Cross/Enter at Intersection","NO IMPROPER ACTIONS","AT INTERSECTION BUT NO CROSSWALK","No","SUSPECTED SERIOUS INJURY","N/A","39.03014","-77.10501","    (39.03014, -77.10501)"
"MCP29340050","220040353","Montgomery County Police","Injury Crash","09/16/2022 06:20:00 PM","County","FERNWOOD RD","GREYSWOOD RD",,"N/A","PEDESTRIAN","OTHER","CLEAR","DRY","DAYLIGHT","TRAFFIC SIGNAL","NONE DETECTED","NONE DETECTED","CF7E08E2-6C16-4D56-8CD5-54874238C5C5","PEDESTRIAN","Cross/Enter at Intersection","UNKNOWN","AT INTERSECTION MARKED CROSSWALK","No","POSSIBLE INJURY","NONE","39.018254","-77.133304","    (39.018254, -77.133304)"
"MCP3331000H","220040239","Montgomery County Police","Injury Crash","09/16/2022 07:59:00 AM","Maryland (State)","VEIRS MILL RD","VALLEYWOOD DR",,"N/A","PEDESTRIAN","SINGLE VEHICLE","CLEAR","DRY","DAYLIGHT","NO CONTROLS","NONE DETECTED","NONE DETECTED","3D4365ED-1337-41E6-8178-2FF0A59EF8BD","PEDESTRIAN","Cross/Enter not at Intersection","NO IMPROPER ACTIONS","ON ROADWAY AT CROSSWALK","No","SUSPECTED SERIOUS INJURY","UNKNOWN","39.049723","-77.07103","    (39.049723, -77.07103)"
"MCP3271002H","220040006","Montgomery County Police","Injury Crash","09/14/2022 04:15:00 PM","Maryland (State)","GOLDSBORO RD","MILLWOOD RD",,"N/A","BICYCLIST","OPPOSITE DIR BOTH LEFT TURN","CLEAR","DRY","DAYLIGHT","STOP SIGN","NONE DETECTED","NONE DETECTED","91193DA0-41D2-4512-ADAC-7F797B9BFC0E","BICYCLIST","Cross/Enter at Intersection","NO IMPROPER ACTIONS","AT INTERSECTION BUT NO CROSSWALK","No","SUSPECTED MINOR INJURY","MC/BIKE HELMET","38.97408943","-77.1199701","    (38.97408943, -77.1199701)"
"MCP30260088","220039789","Montgomery County Police","Property Damage Crash","09/13/2022 02:09:00 PM",,,,"PARKING LOT OF 2201 COLSTON DR",,"OTHER","SINGLE VEHICLE","CLEAR",,"DAYLIGHT","N/A","NONE DETECTED","NONE DETECTED","349AA3D3-CE3B-451B-8A09-54249AF49F26","OTHER","N/A","N/A","INSIDE BUILDING","No","NO APPARENT INJURY","N/A","38.99475167","-77.04674167","    (38.99475167, -77.04674167)"
"MCP3339000J","220039784","Montgomery County Police","Injury Crash","09/13/2022 01:34:00 PM","Maryland (State)","GEORGIA AVE","CONNECTICUT AVE",,"N/A","PEDESTRIAN","N/A","CLEAR","DRY","DAYLIGHT","TRAFFIC SIGNAL","NONE DETECTED","NONE DETECTED","5A4D2E0D-EB9C-4DE2-B4C6-2472C5358D1F","PEDESTRIAN","Cross/Enter at Intersection","FAILURE TO YIELD RIGHT OF WAY","ON ROADWAY AT CROSSWALK","Yes","SUSPECTED MINOR INJURY","NONE","39.08453167","-77.07774667","    (39.08453167, -77.07774667)"
"MCP3005006T","220039727","Montgomery County Police","Injury Crash","09/13/2022 07:18:00 AM",,,,"EXIT OF 2425 BLUERIDGE AVE PARKING GARAGE",,"BICYCLIST","SINGLE VEHICLE","CLEAR",,"DAYLIGHT","NO CONTROLS","NONE DETECTED","NONE DETECTED","C7956B94-0C95-4717-BD9A-88728ABC3FFB","BICYCLIST","Walking/Cycling on Sidewalk","INATTENTIVE","SIDEWALK","Unknown","POSSIBLE INJURY","NONE","39.04330833","-77.05111667","    (39.04330833, -77.05111667)"
"DD56500022","220039513","Rockville Police Departme","Injury Crash","09/11/2022 03:22:00 PM",,,,"PARKING LOT OF 14939 SHADY GROVE RD",,"PEDESTRIAN","SAME DIRECTION SIDESWIPE","CLOUDY",,"DAYLIGHT","NO CONTROLS","NONE DETECTED","NONE DETECTED","9005CBCC-8D25-4729-86D7-A7C23F1DF2D3","PEDESTRIAN","Standing","UNKNOWN","OTHER","No","SUSPECTED MINOR INJURY","NONE","39.09711383","-77.19227583","    (39.09711383, -77.19227583)"
"MCP22030066","220039488","Montgomery County Police","Injury Crash","09/11/2022 01:20:00 PM",,,,"PARKING LOT OF 12029 GEORGIA AVE",,"PEDESTRIAN","N/A","RAINING",,"DAYLIGHT","N/A","N/A","NONE DETECTED","4F2D6CFF-A874-4681-9636-C81F69FE760E","PEDESTRIAN","Cross/Enter not at Intersection","NO IMPROPER ACTIONS","ON ROADWAY NOT AT CROSSWALK","No","POSSIBLE INJURY","N/A","39.0529015","-77.0502545","    (39.0529015, -77.0502545)"
"MCP32330038","220039399","Montgomery County Police","Injury Crash","09/10/2022 06:56:00 PM","Maryland (State)","PINEY BRANCH RD","CARROLL AVE",,"N/A","PEDESTRIAN","SINGLE VEHICLE","CLEAR","DRY","DAWN","WARNING SIGN","NONE DETECTED","NONE DETECTED","4ADAE45E-0669-49B5-B1B7-18B59C51C050","PEDESTRIAN","Cross/Enter not at Intersection","NO IMPROPER ACTIONS","ON ROADWAY AT CROSSWALK","No","SUSPECTED MINOR INJURY","NONE","39.03362783","-77.00331017","    (39.03362783, -77.00331017)"
"MCP32330038","220039399","Montgomery County Police","Injury Crash","09/10/2022 06:56:00 PM","Maryland (State)","PINEY BRANCH RD","CARROLL AVE",,"N/A","PEDESTRIAN","SINGLE VEHICLE","CLEAR","DRY","DAWN","WARNING SIGN","NONE DETECTED","NONE DETECTED","BBA5F182-9899-4C1D-AFD0-8189882869D3","PEDESTRIAN","Cross/Enter not at Intersection","NO IMPROPER ACTIONS","ON ROADWAY AT CROSSWALK","No","SUSPECTED MINOR INJURY","N/A","39.03362783","-77.00331017","    (39.03362783, -77.00331017)"
"MCP2948005L","220039398","Montgomery County Police","Property Damage Crash","09/10/2022 06:00:00 PM","Maryland (State)","VEIRS MILL RD","RANDOLPH RD",,"N/A","OTHER CONVEYANCE","STRAIGHT MOVEMENT ANGLE","CLEAR","DRY","DAYLIGHT","TRAFFIC SIGNAL","N/A","N/A","1311A1FB-3D3F-477D-8524-9FFB890B8EEA","OTHER CONVEYANCE","Cross/Enter at Intersection","FAILURE TO YIELD RIGHT OF WAY","AT INTERSECTION MARKED CROSSWALK","Yes","NO APPARENT INJURY","N/A","39.05605833","-77.08309333","    (39.05605833, -77.08309333)"
"MCP32330037","220039390","Montgomery County Police","Injury Crash","09/10/2022 05:37:00 PM","Maryland (State)","NEW HAMPSHIRE AVE","POWDER MILL RD",,"N/A","PEDESTRIAN","SINGLE VEHICLE","CLOUDY","DRY","DAYLIGHT","TRAFFIC SIGNAL","NONE DETECTED","NONE DETECTED","28FDB241-C423-477F-9C75-2A1388AAF452","PEDESTRIAN","N/A","NOT VISIBLE","ON ROADWAY NOT AT CROSSWALK","Yes","SUSPECTED MINOR INJURY","NONE","39.02236583","-76.978043","    (39.02236583, -76.978043)"
"MCP30840066","220039011","Montgomery County Police","Injury Crash","09/08/2022 01:41:00 PM",,,,"IN PARKING LOT OF 10335 OLD GEORGETOWN RD. BY THE EXXON.",,"BICYCLIST","OTHER","CLEAR",,"DAYLIGHT","NO CONTROLS","NONE DETECTED","NONE DETECTED","A4A32270-E07B-43EA-A7D0-61D5E42A6CEB","BICYCLIST","Cross/Enter not at Intersection","FAILURE TO YIELD RIGHT OF WAY","OTHER","Yes","POSSIBLE INJURY","MC/BIKE HELMET","39.02560167","-77.12547833","    (39.02560167, -77.12547833)"
"MCP9318002D","220038727","Montgomery County Police","Injury Crash","09/06/2022 07:01:00 PM","Maryland (State)","NEW HAMPSHIRE AVE","POWDER MILL RD",,"N/A","PEDESTRIAN","OTHER","CLEAR","DRY","DUSK","NO CONTROLS","NONE DETECTED","NONE DETECTED","0597D638-5FEA-49E3-81E2-0FE035E1F9E0","PEDESTRIAN","Cross/Enter not at Intersection","IN ROADWAY IMPROPERLY","ON ROADWAY NOT AT CROSSWALK","Yes","SUSPECTED SERIOUS INJURY","N/A","39.019625","-77.00803833","    (39.019625, -77.00803833)"
"MCP3160003T","220038488","Montgomery County Police","Injury Crash","09/06/2022 02:30:00 PM","County","SEVEN LOCKS RD","TUCKERMAN LA",,"N/A","BICYCLIST","STRAIGHT MOVEMENT ANGLE","CLEAR","DRY","DAYLIGHT","STOP SIGN","NONE DETECTED","NONE DETECTED","BEEFB8A9-A1A4-41BC-B3F5-FBDD11EC24FC","BICYCLIST","N/A","NO IMPROPER ACTIONS","SHOULDER","No","POSSIBLE INJURY","MC/BIKE HELMET","38.994555","-77.10861333","    (38.994555, -77.10861333)"
"MCP29730066","220038512","Montgomery County Police","Injury Crash","09/05/2022 06:00:00 PM","County","RANDOLPH RD","GEORGIA AVE",,"N/A","BICYCLIST","OTHER","RAINING","WET","DAYLIGHT","TRAFFIC SIGNAL","N/A","NONE DETECTED","510E683D-2886-42E6-AAFB-CC3D2E151C88","BICYCLIST","Cross/Enter at Intersection","NO IMPROPER ACTIONS","ON ROADWAY AT CROSSWALK","No","SUSPECTED MINOR INJURY","NONE","39.060081","-77.089781","    (39.060081, -77.089781)"
"MCP2723006L","220038358","Montgomery County Police","Injury Crash","09/04/2022 02:55:00 PM",,"NORBECK BLVD","N LEISURE WORLD BLVD",,"N/A","BICYCLIST","STRAIGHT MOVEMENT ANGLE","CLEAR","DRY","DAYLIGHT","STOP SIGN","NONE DETECTED","NONE DETECTED","E60563D6-CDD1-496E-BA02-156E3C05C4D7","BICYCLIST","Cross/Enter at Intersection","NO IMPROPER ACTIONS","AT INTERSECTION MARKED CROSSWALK","No","SUSPECTED MINOR INJURY","MC/BIKE HELMET","39.109525","-77.068825","    (39.109525, -77.068825)"
"MCP32950021","220038285","Montgomery County Police","Injury Crash","09/03/2022 08:48:00 PM","US (State)","COLESVILLE RD","TIMBERWOOD AVE",,"N/A","PEDESTRIAN","SINGLE VEHICLE","CLEAR","DRY","DARK -- UNKNOWN LIGHTING","STOP SIGN","UNKNOWN","NONE DETECTED","33D2AFFE-14AB-4CEE-A84F-9B61376B2723","PEDESTRIAN","Cross/Enter at Intersection","NO IMPROPER ACTIONS","OTHER","No","SUSPECTED MINOR INJURY","NONE","39.02151833","-77.011905","    (39.02151833, -77.011905)"
"MCP2678003L","220038212","Montgomery County Police","Property Damage Crash","09/03/2022 12:51:00 PM",,,,"GRASSY AREA OF 3944 BEL PRE RD",,"OTHER CONVEYANCE","OTHER","CLEAR",,"DAYLIGHT","NO CONTROLS","N/A, NONE DETECTED","NONE DETECTED","09AC777D-42C6-4627-8713-FDB1F0283E55","OTHER CONVEYANCE","Standing","NO IMPROPER ACTIONS","INSIDE BUILDING","No","NO APPARENT INJURY","N/A","39.08637","-77.051904","    (39.08637, -77.051904)"
"MCP2440000X","220038190","Montgomery County Police","Injury Crash","09/03/2022 09:20:00 AM","Other Public Roadway","EMORY ST","MUNCASTER MILL RD",,"N/A","BICYCLIST","OTHER","CLEAR","DRY","DAYLIGHT","STOP SIGN","NONE DETECTED","NONE DETECTED","11D5A6FC-DDAB-4ED0-95C2-B9E932A70C73","BICYCLIST","Other","NO IMPROPER ACTIONS","AT INTERSECTION BUT NO CROSSWALK","No","SUSPECTED MINOR INJURY","MC/BIKE HELMET","39.157915","-77.159095","    (39.157915, -77.159095)"
"MCP3196003G","220038150","Montgomery County Police","Injury Crash","09/02/2022 10:46:00 PM","Maryland (State)","FREDERICK RD","GUNNERS BRANCH RD",,"N/A","MACHINE OPERATOR/RIDER","HEAD ON LEFT TURN","CLEAR","DRY","UNKNOWN","N/A","NONE DETECTED","NONE DETECTED","C84E3928-6D58-4685-9910-871F9374AE85","MACHINE OPERATOR/RIDER","Cross/Enter at Intersection","IN ROADWAY IMPROPERLY","ON ROADWAY NOT AT CROSSWALK","Yes","POSSIBLE INJURY","UNKNOWN","39.17528022","-77.23856697","    (39.17528022, -77.23856697)"
"MCP2934004Z","220037915","Montgomery County Police","Property Damage Crash","09/01/2022 04:06:00 PM",,,,"PARKING LOT OF 10400 OLD GEORGETOWN RD.",,"PEDESTRIAN","OTHER","CLEAR",,"DAYLIGHT","NO CONTROLS","UNKNOWN","NONE DETECTED","620474ED-067A-47DC-B2A3-6003D655DAE2","PEDESTRIAN","Other","NO IMPROPER ACTIONS","OTHER","No","NO APPARENT INJURY","NONE","39.026319","-77.127215","    (39.026319, -77.127215)"
"MCP30260083","220037721","Montgomery County Police","Injury Crash","08/31/2022 03:01:00 PM","Maryland (State)","WISCONSIN AVE","S PARK AVE",,"FRIENDSHIP HEIGHTS","PEDESTRIAN","SINGLE VEHICLE","CLEAR","DRY","DAYLIGHT","NO CONTROLS","UNKNOWN","NONE DETECTED","729FB251-2109-4E8C-A1EF-F1DC4ACFD707","PEDESTRIAN","Cross/Enter not at Intersection","NO IMPROPER ACTIONS","OTHER","No","POSSIBLE INJURY","NONE","38.96451874","-77.0878088","    (38.96451874, -77.0878088)"
"MCP24460061","220037705","Montgomery County Police","Injury Crash","08/31/2022 02:06:00 PM",,,,"IN THE PARKING LOT OF 6820 OLNEY LAYTONSVILLE RD. LAYTONSVILLE, MD. 20882",,"BICYCLIST","OTHER","CLEAR",,"DAYLIGHT","NO CONTROLS","NONE DETECTED","NONE DETECTED","35179F08-9F14-4F49-B90A-418D652B5BD3","BICYCLIST","Cross/Enter at Intersection","FAILURE TO YIELD RIGHT OF WAY","OTHER","Yes","POSSIBLE INJURY","MC/BIKE HELMET","39.20394554","-77.13950048","    (39.20394554, -77.13950048)"
"MCP9318002B","220036779","Montgomery County Police","Injury Crash","08/30/2022 04:40:00 PM",,,,"PARKING LOT OF 10131 COLESVILLE RD",,"PEDESTRIAN","OTHER","CLEAR",,"DAYLIGHT","N/A","NONE DETECTED","NONE DETECTED","D431999F-EFBF-4F9A-88B4-CAC5B420F5D3","PEDESTRIAN","Other","NO IMPROPER ACTIONS","OTHER","No","POSSIBLE INJURY","N/A","39.0204235","-77.00826271","    (39.0204235, -77.00826271)"
"MCP3256001H","220037565","Montgomery County Police","Injury Crash","08/30/2022 04:04:00 PM","County","FALLING CREEK RD","OLD COLUMBIA PIKE",,"N/A","BICYCLIST","SAME DIR REAR END","RAINING","WET","DAYLIGHT","NO CONTROLS","UNKNOWN","NONE DETECTED","FD415982-639E-4431-9CD1-02287F73CB3E","BICYCLIST","Walking/Riding w/Traffic","NO IMPROPER ACTIONS","AT INTERSECTION BUT NO CROSSWALK","No","SUSPECTED MINOR INJURY","NONE","39.045525","-76.99053333","    (39.045525, -76.99053333)"
"MCP23610022","220037562","Montgomery County Police","Injury Crash","08/30/2022 03:53:00 PM","County","WALKERS CHOICE RD","MONTGOMERY VILLAGE AVE",,"N/A","PEDESTRIAN","OTHER","RAINING","WET","DAYLIGHT","STOP SIGN","NONE DETECTED","NONE DETECTED","D92A5E59-E94F-4704-819E-510AEA5592AC","PEDESTRIAN","Approach/Leaving Schoolbus","NO IMPROPER ACTIONS","IN SCHOOL BUS ZONE","No","SUSPECTED SERIOUS INJURY","NONE","39.161571","-77.20324","    (39.161571, -77.20324)"
"MCP31610044","220037550","Montgomery County Police","Injury Crash","08/30/2022 03:12:00 PM","Maryland (State)","KNOWLES AVE","CONNECTICUT AVE",,"N/A","PEDESTRIAN","SINGLE VEHICLE","CLEAR","DRY","DAYLIGHT","TRAFFIC SIGNAL","NONE DETECTED","NONE DETECTED","C8540B04-90A7-4838-8D70-93E3DE6E5223","PEDESTRIAN","Cross/Enter not at Intersection","IN ROADWAY IMPROPERLY","ON ROADWAY NOT AT CROSSWALK","Yes","SUSPECTED MINOR INJURY","NONE","39.027","-77.077","    (39.027, -77.077)"
"MCP3085003L","220037566","Montgomery County Police","Property Damage Crash","08/30/2022 02:30:00 PM","Maryland (State)","EAST WEST HWY (W/B COUPLET)","WAVERLY ST",,"N/A","BICYCLIST","SAME DIR REAR END","N/A","DRY","DAYLIGHT","N/A","N/A","NONE DETECTED","9705B241-A45F-4105-B159-98F33587D9C4","BICYCLIST","Walking/Riding w/Traffic","NO IMPROPER ACTIONS","OTHER","No","NO APPARENT INJURY","MC/BIKE HELMET","39.03829833","-77.05635667","    (39.03829833, -77.05635667)"
"MCP30260080","220037494","Montgomery County Police","Property Damage Crash","08/30/2022 09:21:00 AM","Maryland (State)","EAST WEST HWY","16TH ST",,"N/A","OTHER","SINGLE VEHICLE","CLEAR","DRY","DAYLIGHT","TRAFFIC SIGNAL","NONE DETECTED","NONE DETECTED","B735FD92-39E3-4C60-BD06-0077AF806DF8","OTHER","N/A","N/A","INSIDE BUILDING","No","NO APPARENT INJURY","N/A","38.99676112","-77.03980417","    (38.99676112, -77.03980417)"
"MCP3272001L","220037313","Montgomery County Police","Injury Crash","08/29/2022 10:30:00 AM","County","CRESTHAVEN DR","ROYAL RD",,"N/A","PEDESTRIAN","HEAD ON","CLEAR","DRY","DAYLIGHT","NO CONTROLS","NONE DETECTED","NONE DETECTED","D0751F5A-7C8C-4B5D-A76D-991ED8084E19","PEDESTRIAN","Other Working","NO IMPROPER ACTIONS","OTHER","No","SUSPECTED MINOR INJURY","NONE","39.0275","-76.98692","    (39.0275, -76.98692)"
"EJ7888002S","220037298","Gaithersburg Police Depar","Injury Crash","08/29/2022 07:35:00 AM","Maryland (State)","CLOPPER RD","SULLNICK WAY",,"N/A","PEDESTRIAN","OTHER","CLEAR","DRY","DAYLIGHT","STOP SIGN","NONE DETECTED","NONE DETECTED","A7A000A5-D8A6-463D-97FF-8821C045061B","PEDESTRIAN","Cross/Enter at Intersection","NO IMPROPER ACTIONS","ON ROADWAY AT CROSSWALK","No","SUSPECTED MINOR INJURY","NONE","39.14816825","-77.2369545","    (39.14816825, -77.2369545)"
"MCP3331000B","220037205","Montgomery County Police","Injury Crash","08/28/2022 01:21:00 PM","Maryland (State)","UNIVERSITY BLVD W","AMHERST AVE",,"N/A","PEDESTRIAN","SINGLE VEHICLE","CLEAR","DRY","DAYLIGHT","TRAFFIC SIGNAL","NONE DETECTED","NONE DETECTED","5426268A-D217-4066-999F-28B83ACBB732","PEDESTRIAN","Walking/Riding against Traffic","NO IMPROPER ACTIONS","SIDEWALK","No","SUSPECTED MINOR INJURY","NONE","39.041291","-77.048823","    (39.041291, -77.048823)"
"MCP3331000B","220037205","Montgomery County Police","Injury Crash","08/28/2022 01:21:00 PM","Maryland (State)","UNIVERSITY BLVD W","AMHERST AVE",,"N/A","PEDESTRIAN","SINGLE VEHICLE","CLEAR","DRY","DAYLIGHT","TRAFFIC SIGNAL","NONE DETECTED","NONE DETECTED","A229D874-AE48-4651-A79C-F548FC2BB172","PEDESTRIAN","Walking/Riding against Traffic","NO IMPROPER ACTIONS","SIDEWALK","No","POSSIBLE INJURY","NONE","39.041291","-77.048823","    (39.041291, -77.048823)"
"MCP209400K9","220037173","Montgomery County Police","Injury Crash","08/28/2022 09:17:00 AM","County","OAKLYN DR","POTOMAC STATION LA",,"N/A","BICYCLIST","HEAD ON LEFT TURN","CLEAR","DRY","DAYLIGHT","NO CONTROLS","NONE DETECTED","NONE DETECTED","C52C2D0D-7F2A-4C69-86E3-D4F763FE187F","BICYCLIST","Walking/Riding w/Traffic","NO IMPROPER ACTIONS","ON ROADWAY NOT AT CROSSWALK","No","SUSPECTED SERIOUS INJURY","MC/BIKE HELMET","39.00102","-77.21083","    (39.00102, -77.21083)"
"MCP15950022","220027156","Montgomery County Police","Injury Crash","08/28/2022 03:07:00 AM","Maryland (State)","GEORGIA AVE","ENNALLS AVE",,"N/A","PEDESTRIAN","OTHER","CLEAR","DRY","DARK LIGHTS ON","NO CONTROLS","UNKNOWN","ALCOHOL CONTRIBUTED","25EB92E1-A49D-47BA-81F7-8B4496424914","PEDESTRIAN","Cross/Enter not at Intersection","NO IMPROPER ACTIONS","ON ROADWAY NOT AT CROSSWALK","Yes","POSSIBLE INJURY","NONE","39.0393508","-77.054306","    (39.0393508, -77.054306)"
"MCP2739004B","220037088","Montgomery County Police","Injury Crash","08/27/2022 04:00:00 PM",,,,"PARKING LOT OF 13615 GEORGIA AVE SILVER SPRING MD 20906",,"OTHER CONVEYANCE","STRAIGHT MOVEMENT ANGLE","CLEAR",,"DAYLIGHT","NO CONTROLS","NONE DETECTED","NONE DETECTED","83B56F7C-0F95-4DB3-9DDC-13B8A50DB723","OTHER CONVEYANCE","Cross/Enter at Intersection","NO IMPROPER ACTIONS","DRIVEWAY ACCESS MARKED CROSSWALK","No","POSSIBLE INJURY","NONE","39.04453194","-76.9900027","    (39.04453194, -76.9900027)"
"EJ7844001B","220037076","Gaithersburg Police Depar","Property Damage Crash","08/27/2022 03:40:00 PM","County","MUDDY BRANCH RD","SCHOOL DR",,"GAITHERSBURG","BICYCLIST","STRAIGHT MOVEMENT ANGLE","CLEAR","DRY","DAYLIGHT","N/A","NONE DETECTED","NONE DETECTED","E23E0C2B-D9C9-4365-BB38-D72923A44820","BICYCLIST","Walking/Cycling on Sidewalk","FAILURE TO YIELD RIGHT OF WAY","SIDEWALK","Yes","NO APPARENT INJURY","NONE","39.120622","-77.216776","    (39.120622, -77.216776)"
"EJ7876004W","220036918","Gaithersburg Police Depar","Injury Crash","08/27/2022 03:30:00 PM","Municipality","BUREAU DR","CROSSOVER",,"N/A","OTHER PEDALCYCLIST","OTHER","CLEAR","DRY","DAYLIGHT","STOP SIGN","NONE DETECTED","NONE DETECTED","B9C6594B-71AD-4CC5-905B-0A95F7367D1D","OTHER PEDALCYCLIST","Cross/Enter at Intersection","NO IMPROPER ACTIONS","ON ROADWAY AT CROSSWALK","No","SUSPECTED MINOR INJURY","MC/BIKE HELMET","39.14314953","-77.21732241","    (39.14314953, -77.21732241)"
"MCP3134003N","220036963","Montgomery County Police","Injury Crash","08/26/2022 07:48:00 PM","Maryland (State)","UNIVERSITY BLVD E","E WAYNE AVE",,"N/A","BICYCLIST","OTHER","CLEAR","DRY","DUSK","TRAFFIC SIGNAL","N/A","N/A","CAD59D50-BD84-404C-BD7D-2E5870A2F312","BICYCLIST","Cross/Enter at Intersection","NO IMPROPER ACTIONS","ON ROADWAY AT CROSSWALK","No","POSSIBLE INJURY","NONE","39.006144","-76.997678","    (39.006144, -76.997678)"
"MCP1227001P","220036787","Montgomery County Police","Fatal Crash","08/25/2022 04:05:00 PM","Maryland (State)","RIVER RD","ENT TO KENWOOD STATION SHOP CTR",,"N/A","BICYCLIST","SAME DIRECTION RIGHT TURN","CLEAR","DRY","DAYLIGHT","N/A","NONE DETECTED","NONE DETECTED","3BD5516B-B100-43A7-9AD9-FF5F8AC80D01","BICYCLIST","Walking/Riding w/Traffic","UNKNOWN","IN BIKEWAY","No","FATAL INJURY","MC/BIKE HELMET","38.965561","-77.104774","    (38.965561, -77.104774)"
"DD5644002X","220036641","Rockville Police Departme","Injury Crash","08/24/2022 06:19:00 PM","County","E GUDE DR","SOUTHLAWN LA",,"N/A","BICYCLIST","OTHER","CLEAR","DRY","DUSK","TRAFFIC SIGNAL","NONE DETECTED","NONE DETECTED","3B0A41D7-0F9B-4669-905D-DA4A16915DD3","BICYCLIST","Cross/Enter at Intersection","NO IMPROPER ACTIONS","ON ROADWAY AT CROSSWALK","No","SUSPECTED MINOR INJURY","NONE","39.0979889","-77.1364997","    (39.0979889, -77.1364997)"
"MCP27980053","220036655","Montgomery County Police","Injury Crash","08/24/2022 05:35:00 PM","Maryland (State)","FREDERICK RD","E GUDE DR",,"N/A","PEDESTRIAN","OTHER","CLEAR","DRY","DAYLIGHT","TRAFFIC SIGNAL","UNKNOWN","NONE DETECTED","8A3D7BF6-C4ED-4550-A080-AB94DE23382A","PEDESTRIAN","Cross/Enter at Intersection","NO IMPROPER ACTIONS","AT INTERSECTION MARKED CROSSWALK","No","SUSPECTED MINOR INJURY","NONE","39.18405333","-77.263825","    (39.18405333, -77.263825)"
"MCP3239002D","220036543","Montgomery County Police","Injury Crash","08/24/2022 10:59:00 AM","Maryland (State)","NEW HAMPSHIRE AVE","LOCKWOOD DR",,"N/A","PEDESTRIAN","SINGLE VEHICLE","CLEAR","DRY","DAYLIGHT","TRAFFIC SIGNAL","NONE DETECTED","NONE DETECTED","39D95549-5256-4226-B319-5E195EF6C1E2","PEDESTRIAN","Cross/Enter at Intersection","DART DASH","ON ROADWAY AT CROSSWALK","Yes","POSSIBLE INJURY","NONE","39.05603763","-76.95429638","    (39.05603763, -76.95429638)"
"MCP285900CR","220036510","Montgomery County Police","Injury Crash","08/24/2022 06:00:00 AM",,,,"PARKING LOT OF 898 MUDDY BRANCH RD, GAITHERSBURG, MD 20878",,"PEDESTRIAN","OTHER","CLEAR",,"DARK LIGHTS ON","NO CONTROLS","NONE DETECTED","NONE DETECTED","E72DDCE8-F1AF-4F3D-8565-3D365A2B7F3A","PEDESTRIAN","Other","NO IMPROPER ACTIONS","OTHER","Yes","POSSIBLE INJURY","NONE","39.15703094","-77.20249509","    (39.15703094, -77.20249509)"
"MCP29730063","220036415","Montgomery County Police","Injury Crash","08/23/2022 03:15:00 PM","Maryland (State)","CONNECTICUT AVE","INDEPENDENCE ST",,"N/A","PEDESTRIAN","OTHER","CLEAR","DRY","DAYLIGHT","TRAFFIC SIGNAL","NONE DETECTED","NONE DETECTED","C024E743-4C5E-48C3-8853-77C3240E037A","PEDESTRIAN","Cross/Enter at Intersection","NO IMPROPER ACTIONS","ON ROADWAY AT CROSSWALK","No","SUSPECTED MINOR INJURY","N/A","39.0564664","-77.0736231","    (39.0564664, -77.0736231)"
"MCP3073006F","220036251","Montgomery County Police","Injury Crash","08/23/2022 02:58:00 PM","County","ARBUTUS AVE","GLASGOW DR",,"N/A","PEDESTRIAN","OTHER","N/A","N/A","DAYLIGHT","N/A","NONE DETECTED","NONE DETECTED","6F2C763E-E0BF-474A-9049-1C7E975C9D71","PEDESTRIAN","Cross/Enter not at Intersection","DART DASH","ON ROADWAY NOT AT CROSSWALK","Yes","SUSPECTED MINOR INJURY","N/A","39.07124333","-77.08732833","    (39.07124333, -77.08732833)"
"MCP15190041","220036336","Montgomery County Police","Injury Crash","08/23/2022 08:47:00 AM","Maryland (State)","GREAT SENECA HWY","MATENY RD",,"N/A","BICYCLIST","SINGLE VEHICLE","CLEAR","DRY","DAYLIGHT","TRAFFIC SIGNAL","NONE DETECTED","NONE DETECTED","513257FD-2883-4CC5-B82F-A7393676CAD0","BICYCLIST","Cross/Enter at Intersection","NO IMPROPER ACTIONS","ON ROADWAY AT CROSSWALK","No","SUSPECTED MINOR INJURY","MC/BIKE HELMET","39.14615","-77.27454","    (39.14615, -77.27454)"
"MCP3119003N","220036233","Montgomery County Police","Injury Crash","08/22/2022 01:40:00 PM","Other Public Roadway","APPLE RIDGE RD","BUHRSTONE DR",,"N/A","PEDESTRIAN","SINGLE VEHICLE","CLEAR","DRY","DAYLIGHT","NO CONTROLS","NONE DETECTED","NONE DETECTED","887E4E56-3389-4CD3-9383-27E0EFED5DBB","PEDESTRIAN","Cross/Enter at Intersection","NO IMPROPER ACTIONS","ON ROADWAY AT CROSSWALK","No","SUSPECTED MINOR INJURY","NONE","39.18265076","-77.21346754","    (39.18265076, -77.21346754)"
"MCP29870077","220035994","Montgomery County Police","Injury Crash","08/20/2022 04:30:00 PM",,,,"PARKING LOT OF 14000 CASTLE BLVD",,"BICYCLIST","STRAIGHT MOVEMENT ANGLE","CLEAR",,"DAYLIGHT","NO CONTROLS","UNKNOWN","NONE DETECTED","09B86FA9-EC3C-4C61-9DFB-2B38268F7B1D","BICYCLIST","Walking/Riding w/Traffic","NO IMPROPER ACTIONS","ON ROADWAY NOT AT CROSSWALK","No","SUSPECTED MINOR INJURY","NONE","39.085457","-76.9404153","    (39.085457, -76.9404153)"