"Report Number","Local Case Number","Agency Name","ACRS Report Type","Crash Date/Time","Route Type","Road Name","Cross-Street Name","Off-Road Description","Municipality","Related Non-Motorist","Collision Type","Weather","Surface Condition","Light","Traffic Control","Driver Substance Abuse","Non-Motorist Substance Abuse","Person ID","Pedestrian Type","Pedestrian Movement","Pedestrian Actions","Pedestrian Location","At Fault","Injury Severity","Safety Equipment","Latitude","Longitude","Location"
"EJ78510083","220035553","Gaithersburg Police Depar","Injury Crash","08/18/2022 08:30:00 PM","Maryland (State)","W DIAMOND AVE","RAMP 1 FR IS 270 NB TO MD 117 WB",,"N/A","PEDESTRIAN","OTHER","CLEAR","DRY","DARK LIGHTS ON","TRAFFIC SIGNAL","NONE DETECTED","NONE DETECTED","4C5790CC-8ABE-4A90-A086-46D2FADDB111","PEDESTRIAN","Cross/Enter at Intersection","NO IMPROPER ACTIONS","AT INTERSECTION MARKED CROSSWALK","No","SUSPECTED MINOR INJURY","NONE","39.15165993","-77.21974894","    (39.15165993, -77.21974894)"
"MCP32610010","220035561","Montgomery County Police","Injury Crash","08/17/2022 09:45:00 PM","County","GOSHEN RD","EMORY GROVE RD",,"N/A","PEDESTRIAN","OTHER","CLEAR","DRY","DARK LIGHTS ON","N/A","N/A","N/A","2DED0BD1-E00E-46FF-B6CE-F5776E7C6E64","PEDESTRIAN","Cross/Enter not at Intersection","IN ROADWAY IMPROPERLY","ON ROADWAY NOT AT CROSSWALK","Yes","POSSIBLE INJURY","NONE","39.14966192","-77.1578232","    (39.14966192, -77.1578232)"
"MCP29730060","220035517","Montgomery County Police","Property Damage Crash","08/17/2022 04:00:00 PM","County","WELLER RD","GEORGIA AVE",,"N/A","BICYCLIST","OTHER","CLEAR","DRY","DAYLIGHT","NO CONTROLS","N/A","N/A","EDF2FAF1-0DA9-469F-B7B5-92D75ADA78E8","BICYCLIST","Cross/Enter at Intersection","NO IMPROPER ACTIONS","ON ROADWAY AT CROSSWALK","No","NO APPARENT INJURY","N/A","39.066515","-77.059687","    (39.066515, -77.059687)"
"MCP2973005Z","220035402","Montgomery County Police","Injury Crash","08/16/2022 07:00:00 PM","County","ASPEN HILL RD","PARKLAND DR",,"N/A","PEDESTRIAN","OTHER","CLEAR","DRY","N/A","TRAFFIC SIGNAL","NONE DETECTED","NONE DETECTED","3D8D0CD7-CD0A-4161-A117-9696B90C668A","PEDESTRIAN","Cross/Enter at Intersection","NO IMPROPER ACTIONS","ON ROADWAY AT CROSSWALK","No","SUSPECTED MINOR INJURY","N/A","39.07889","-77.089882","    (39.07889, -77.089882)"
"MCP26220034","220035336","Montgomery County Police","Injury Crash","08/16/2022 02:06:00 PM","County","E RANDOLPH RD","TAMARACK RD",,"N/A","PEDESTRIAN","SINGLE VEHICLE","CLEAR","DRY","DAYLIGHT","TRAFFIC SIGNAL","NONE DETECTED","NONE DETECTED","63DA8297-AADB-43BC-8AB5-8A41B41147D1","PEDESTRIAN","Cross/Enter at Intersection","NO IMPROPER ACTIONS","ON ROADWAY AT CROSSWALK","No","POSSIBLE INJURY","NONE","39.0676863","-76.9856664","    (39.0676863, -76.9856664)"
"DM84900020","220035339","Takoma Park Police Depart","Property Damage Crash","08/16/2022 01:59:00 PM","Maryland (State)","NEW HAMPSHIRE AVE","DEVONSHIRE RD",,"TAKOMA PARK","OTHER","OTHER","CLEAR","DRY","DAYLIGHT","N/A","N/A","N/A","551E9AEC-1701-4B5D-A4E6-E34B413A1C50","OTHER","N/A","OTHER","N/A","No","NO APPARENT INJURY","N/A","38.98068097","-76.99800334","    (38.98068097, -76.99800334)"
"MCP2771001B","220035136","Montgomery County Police","Injury Crash","08/16/2022 11:40:00 AM","Maryland (State)","GEORGIA AVE","ENT TO BUSINESS",,"N/A","PEDESTRIAN","OTHER","CLEAR","DRY","DAYLIGHT","NO CONTROLS","N/A","N/A","F0ADAB12-353F-48FB-844F-B8212C4A1651","PEDESTRIAN","Walking/Cycling on Sidewalk","NO IMPROPER ACTIONS","SIDEWALK","Unknown","POSSIBLE INJURY","NONE","39.08315","-77.07775","    (39.08315, -77.07775)"
"MCP30190054","220035166","Montgomery County Police","Injury Crash","08/15/2022 03:30:00 PM","Maryland (State)","OLD GEORGETOWN RD","FAIRMONT AVE",,"N/A","PEDESTRIAN","SINGLE VEHICLE","CLEAR","DRY","DAYLIGHT","NO CONTROLS","N/A","N/A","8C98EC9A-7D2D-4BD2-B935-42414F42DFD0","PEDESTRIAN","Cross/Enter at Intersection","NO IMPROPER ACTIONS","ON ROADWAY AT CROSSWALK","No","POSSIBLE INJURY","NONE","38.98747245","-77.09797725","    (38.98747245, -77.09797725)"
"MCP3164005Z","220034861","Montgomery County Police","Injury Crash","08/13/2022 07:00:00 AM","US (State)","GEORGIA AVE","BONIFANT ST",,"N/A","BICYCLIST","SAME DIRECTION SIDESWIPE","CLEAR","UNKNOWN","DAYLIGHT","NO CONTROLS","UNKNOWN","UNKNOWN","59C021BD-68CA-4B4C-B81B-51BDBDC784C9","BICYCLIST","Walking/Riding w/Traffic","NO IMPROPER ACTIONS","IN BIKEWAY","No","POSSIBLE INJURY","UNKNOWN","39.04526575","-77.02301941","    (39.04526575, -77.02301941)"
"EJ7895002L","220034706","Gaithersburg Police Depar","Property Damage Crash","08/12/2022 01:15:00 PM",,,,"FESTIVAL SHOPPING CENTER DRIVEWAY TO 221 MUDDY BRANCH ROAD",,"BICYCLIST","STRAIGHT MOVEMENT ANGLE","CLEAR",,"DAYLIGHT","NO CONTROLS","NONE DETECTED","NONE DETECTED","9D5C15BB-9903-48A6-B1C9-58F5F3AA1937","BICYCLIST","Cross/Enter at Intersection","INATTENTIVE","ON ROADWAY NOT AT CROSSWALK","Yes","NO APPARENT INJURY","NONE","39.11101895","-77.23904253","    (39.11101895, -77.23904253)"
"MCP31650042","220034672","Montgomery County Police","Injury Crash","08/12/2022 10:30:00 AM","County","DUSTIN RD","DUSTIN CT",,"N/A","PEDESTRIAN","SAME DIR REND RIGHT TURN","N/A","DRY","DAYLIGHT","NO CONTROLS","NONE DETECTED","NONE DETECTED","DB339FC9-1603-41B3-9596-B7E00B218369","PEDESTRIAN","N/A","OTHER","SHOULDER","No","POSSIBLE INJURY","N/A","39.12153","-76.9171608","    (39.12153, -76.9171608)"
"MCP30900068","220034656","Montgomery County Police","Injury Crash","08/12/2022 08:41:00 AM",,,,"PARKING LOT OF 805 RUSSELL AVE GAITHERSBURG,MD",,"PEDESTRIAN","SINGLE VEHICLE","CLEAR",,"DAYLIGHT","NO CONTROLS","N/A","N/A","9952165F-A321-4104-AAD6-6682B2B97A97","PEDESTRIAN","Other","NO IMPROPER ACTIONS","OTHER","No","NO APPARENT INJURY","N/A","39.15685","-77.21019","    (39.15685, -77.21019)"
"MCP30900068","220034656","Montgomery County Police","Injury Crash","08/12/2022 08:41:00 AM",,,,"PARKING LOT OF 805 RUSSELL AVE GAITHERSBURG,MD",,"PEDESTRIAN","SINGLE VEHICLE","CLEAR",,"DAYLIGHT","NO CONTROLS","N/A","N/A","94DBD28E-D76C-4620-9DD2-CCF6E74F5FDB","PEDESTRIAN","Other","NO IMPROPER ACTIONS","OTHER","No","POSSIBLE INJURY","N/A","39.15685","-77.21019","    (39.15685, -77.21019)"
"MCP3097002S","220034594","Montgomery County Police","Injury Crash","08/11/2022 07:42:00 PM","County","SCHUBERT DR","PIANO LA",,"N/A","PEDESTRIAN","HEAD ON LEFT TURN","N/A","N/A","DAYLIGHT","STOP SIGN","NONE DETECTED","NONE DETECTED","AD1F3E01-75A2-4AAF-B9F2-4B6006DF4579","PEDESTRIAN","Cross/Enter at Intersection","NO IMPROPER ACTIONS","ON ROADWAY AT CROSSWALK","No","SUSPECTED MINOR INJURY","N/A","39.07104","-76.94924","    (39.07104, -76.94924)"
"MCP3044005J","220034537","Montgomery County Police","Injury Crash","08/11/2022 03:19:00 PM","County","GREENCASTLE RD","COLUMBIA PIKE",,"N/A","OTHER","OTHER","CLEAR","DRY","DAYLIGHT","TRAFFIC SIGNAL","NONE DETECTED","NONE DETECTED","FD5C9277-BB80-4964-AF35-CB7E5619BAC2","OTHER","Cross/Enter at Intersection","WRONG WAY RIDING OR WALKING","SHOULDER","Yes","SUSPECTED MINOR INJURY","NONE","39.10932305","-76.93744838","    (39.10932305, -76.93744838)"
"DD5649002C","220034478","Rockville Police Departme","Injury Crash","08/11/2022 08:30:00 AM","Municipality","BROADWOOD DR","FLETCHER PL",,"ROCKVILLE","PEDESTRIAN","OTHER","RAINING","WET","DAYLIGHT","NO CONTROLS","N/A","N/A","BE09C1B3-EEDE-474B-8842-E8E5A26CEDF1","PEDESTRIAN","Walking/Riding against Traffic","IN ROADWAY IMPROPERLY","ON ROADWAY NOT AT CROSSWALK","Yes","SUSPECTED MINOR INJURY","NONE","39.0831111","-77.1303848","    (39.0831111, -77.1303848)"
"MCP3009004Y","220034335","Montgomery County Police","Injury Crash","08/10/2022 10:01:00 AM","County","SHAKESPEARE BLVD","FREDERICK RD",,"N/A","PEDESTRIAN","OTHER","CLEAR","DRY","DAYLIGHT","TRAFFIC SIGNAL","N/A","N/A","7C543FBE-FD30-4867-8D59-7C037C865897","PEDESTRIAN","Cross/Enter at Intersection","N/A","ON ROADWAY AT CROSSWALK","No","POSSIBLE INJURY","N/A","39.198223","-77.245012","    (39.198223, -77.245012)"
"MCP2864004F","220034204","Montgomery County Police","Injury Crash","08/09/2022 01:45:00 PM","Maryland (State)","WISCONSIN AVE","CHASE AVE",,"N/A","PEDESTRIAN","STRAIGHT MOVEMENT ANGLE","CLEAR","DRY","DAYLIGHT","NO CONTROLS","NONE DETECTED","NONE DETECTED","ABCFF756-CED0-4232-A464-5D0DEA2B0D85","PEDESTRIAN","Cross/Enter at Intersection","NO IMPROPER ACTIONS","ON ROADWAY AT CROSSWALK","No","SUSPECTED MINOR INJURY","NONE","38.9895265","-77.09557717","    (38.9895265, -77.09557717)"
"MCP2016006D","220034152","Montgomery County Police","Injury Crash","08/09/2022 10:33:00 AM","Maryland (State)","ROCKVILLE PIKE","HUBBARD DR",,"N/A","PEDESTRIAN","SINGLE VEHICLE","CLEAR","DRY","DAYLIGHT","TRAFFIC SIGNAL","N/A","N/A","176F2EAC-AD6D-4A69-8AD0-4E5166E67CAA","PEDESTRIAN","Cross/Enter at Intersection","NO IMPROPER ACTIONS","ON ROADWAY AT CROSSWALK","No","SUSPECTED MINOR INJURY","N/A","39.07815","-77.13951167","    (39.07815, -77.13951167)"
"DD56430029","220034122","Rockville Police Departme","Injury Crash","08/09/2022 03:52:00 AM","Municipality","VEIRS MILL SERV RD","BRADLEY AVE",,"ROCKVILLE","BICYCLIST","OTHER","CLEAR","DRY","DARK LIGHTS ON","NO CONTROLS","UNKNOWN","NONE DETECTED","45554FE6-395F-439E-93EA-B6D12467D215","BICYCLIST","Walking/Riding w/Traffic","NO IMPROPER ACTIONS","ON ROADWAY NOT AT CROSSWALK","No","POSSIBLE INJURY","NONE","39.07600333","-77.116835","    (39.07600333, -77.116835)"
"MCP2931005Z","220033947","Montgomery County Police","Injury Crash","08/07/2022 07:53:00 PM",,,,"PARKING LOT OF 12266 ROCKVILLE PIKE",,"PEDESTRIAN","STRAIGHT MOVEMENT ANGLE","CLEAR",,"DAYLIGHT","NO CONTROLS","NONE DETECTED","NONE DETECTED","6B80FE70-B664-4E07-A531-9C3B09F9DB4E","PEDESTRIAN","Other","NO IMPROPER ACTIONS","ON ROADWAY AT CROSSWALK","No","POSSIBLE INJURY","NONE","39.05719333","-77.12165333","    (39.05719333, -77.12165333)"
"MCP3274001D","220033845","Montgomery County Police","Injury Crash","08/06/2022 09:31:00 PM",,,,"PARKING GARAGE (1ST LEVEL) AT 5225 POOKS HILL RD",,"PEDESTRIAN","N/A","CLEAR",,"DARK LIGHTS ON","NO CONTROLS","NONE DETECTED","NONE DETECTED","A98D06DE-2973-4ED4-9911-048F65242CDA","PEDESTRIAN","Other","OTHER","OTHER","Yes","SUSPECTED SERIOUS INJURY","NONE","39.01609833","-77.10572333","    (39.01609833, -77.10572333)"
"MCP2745002P","220033719","Montgomery County Police","Injury Crash","08/05/2022 10:39:00 PM","Maryland (State)","WOODFIELD RD","FLOWER HILL WAY",,"N/A","BICYCLIST","SAME DIR REAR END","CLEAR","DRY","DARK LIGHTS ON","NO CONTROLS","UNKNOWN","NONE DETECTED","88EBDF60-A3D0-4550-AE0D-4F440EC8E831","BICYCLIST","Unknown","UNKNOWN","ON ROADWAY NOT AT CROSSWALK","No","POSSIBLE INJURY","NONE","39.1577914","-77.1623944","    (39.1577914, -77.1623944)"
"MCP1564006N","220033650","Montgomery County Police","Injury Crash","08/05/2022 02:00:00 PM","Maryland (State)","ASHTON RD","NEW HAMPSHIRE AVE",,"N/A","PEDESTRIAN","OTHER","CLEAR","DRY","DAYLIGHT","PERSON","NONE DETECTED","NONE DETECTED","AFC42064-B908-4BBE-BAE7-8A2F346B6693","PEDESTRIAN","Other Working","NO IMPROPER ACTIONS","OTHER","No","SUSPECTED MINOR INJURY","REFLECTIVE CLOTHING","39.15053833","-77.00895167","    (39.15053833, -77.00895167)"
"MCP2456006P","220033646","Montgomery County Police","Injury Crash","08/05/2022 01:45:00 PM","County","GLENVIEW AVE","DOMER AVE",,"N/A","PEDESTRIAN","OTHER","CLEAR","DRY","DAYLIGHT","STOP SIGN","NONE DETECTED","NONE DETECTED","8C8DB942-0E25-46F6-A6EC-C34259A416DC","PEDESTRIAN","Cross/Enter at Intersection","UNKNOWN","AT INTERSECTION BUT NO CROSSWALK","No","SUSPECTED MINOR INJURY","N/A","38.99680667","-77.00039","    (38.99680667, -77.00039)"
"MCP2008009B","220033521","Montgomery County Police","Injury Crash","08/04/2022 05:00:00 PM","County","EXECUTIVE BLVD","ENT TO BUSINESS PARK",,"N/A","OTHER CONVEYANCE","OTHER","CLOUDY","DRY","DAYLIGHT","NO CONTROLS","NONE DETECTED","NONE DETECTED","A6BB736D-2B38-4A19-B85F-9ACAAAA7B840","OTHER CONVEYANCE","Walking/Riding against Traffic","IN ROADWAY IMPROPERLY","SHOULDER","Yes","SUSPECTED MINOR INJURY","NONE","39.04904833","-77.12326333","    (39.04904833, -77.12326333)"
"MCP3258002C","220033289","Montgomery County Police","Injury Crash","08/03/2022 11:20:00 AM","Maryland (State)","UNIVERSITY BLVD W","SLIGO CREEK PKWY",,"N/A","BICYCLIST","SAME DIR REAR END","CLEAR","DRY","DAYLIGHT","N/A","NONE DETECTED","NONE DETECTED","B9211566-2794-4748-882E-4F23DB107508","BICYCLIST","Walking/Riding w/Traffic","N/A","ON ROADWAY NOT AT CROSSWALK","No","POSSIBLE INJURY","MC/BIKE HELMET","39.036365","-77.028885","    (39.036365, -77.028885)"
"MCP2351004M","220033249","Montgomery County Police","Injury Crash","08/03/2022 06:44:00 AM","Maryland (State)","FREDERICK RD","E GUDE DR",,"N/A","OTHER","OTHER","CLEAR","DRY","DAYLIGHT","TRAFFIC SIGNAL","NONE DETECTED","NONE DETECTED","4A9BBEB9-6DD7-4477-B60C-D1CF6A131C58","OTHER","Cross/Enter at Intersection","UNKNOWN","ON ROADWAY AT CROSSWALK","Unknown","SUSPECTED MINOR INJURY","NONE","39.106885","-77.15823833","    (39.106885, -77.15823833)"
"MCP289200CN","220033164","Montgomery County Police","Injury Crash","08/02/2022 03:45:00 PM","US (State)","COLESVILLE RD","UNIVERSITY BLVD E",,"N/A","PEDESTRIAN","SINGLE VEHICLE","CLEAR","DRY","DAYLIGHT","TRAFFIC SIGNAL","NONE DETECTED","NONE DETECTED","E59834BA-AEFD-4E2E-AA70-A175C117E119","PEDESTRIAN","Cross/Enter at Intersection","NO IMPROPER ACTIONS","ON ROADWAY AT CROSSWALK","No","POSSIBLE INJURY","NONE","39.019485","-77.01374","    (39.019485, -77.01374)"
"MCP1550003J","220033123","Montgomery County Police","Injury Crash","08/02/2022 07:00:00 AM","County","TALBOT AVE","BROOKVILLE RD",,"N/A","PEDESTRIAN","OTHER","CLEAR","DRY","DAWN","NO CONTROLS","NONE DETECTED","NONE DETECTED","72F32F31-6169-454E-86C9-2614E6B47963","PEDESTRIAN","Standing","NO IMPROPER ACTIONS","OTHER","Yes","SUSPECTED MINOR INJURY","N/A","39.00538167","-77.049815","    (39.00538167, -77.049815)"
"MCP1550003H","220033001","Montgomery County Police","Injury Crash","08/01/2022 12:35:00 PM","Maryland (State)","EAST WEST HWY","GRUBB RD",,"N/A","PEDESTRIAN","OTHER","CLEAR","DRY","DAYLIGHT","TRAFFIC SIGNAL","NONE DETECTED","NONE DETECTED","20AC2979-5630-49BC-A885-46FEEBEC86EB","PEDESTRIAN","Cross/Enter at Intersection","NO IMPROPER ACTIONS","ON ROADWAY AT CROSSWALK","No","SUSPECTED MINOR INJURY","NONE","38.99410167","-77.05247167","    (38.99410167, -77.05247167)"
"MCP209400K4","220032977","Montgomery County Police","Injury Crash","08/01/2022 09:56:00 AM",,,,"PARKING LOT OF
5601 RIVER RD",,"PEDESTRIAN","OTHER","CLEAR",,"DAYLIGHT","N/A","NONE DETECTED","NONE DETECTED","C9026060-C94E-4881-8D2E-E07E5FB1B83D","PEDESTRIAN","Other","OTHER","OTHER","No","SUSPECTED SERIOUS INJURY","N/A","38.97064","-77.11159333","    (38.97064, -77.11159333)"
"MCP3129004V","220032884","Montgomery County Police","Injury Crash","07/31/2022 04:33:00 PM","Maryland (State)","OLNEY SANDY SPRING RD","ENT TO SCHOOL",,"N/A","OTHER","SINGLE VEHICLE","RAINING","WET","DAYLIGHT","NO CONTROLS","NONE DETECTED","N/A","77060B15-9755-4425-9FEB-44807F45FD4E","OTHER","N/A","N/A","N/A","No","NO APPARENT INJURY","N/A","39.14908333","-77.05565167","    (39.14908333, -77.05565167)"
"MCP3005006Q","220032865","Montgomery County Police","Injury Crash","07/31/2022 11:50:00 AM","County","SELFRIDGE RD","MAHAN RD",,"N/A","PEDESTRIAN","SINGLE VEHICLE","CLEAR","DRY","DAYLIGHT","NO CONTROLS","NONE DETECTED","NONE DETECTED","682792F0-7C86-44D0-A32B-E84E5CC9B165","PEDESTRIAN","Standing","OTHER","OTHER","Unknown","POSSIBLE INJURY","N/A","39.05519","-77.08034","    (39.05519, -77.08034)"
"DD56510020","220032828","Rockville Police Departme","Injury Crash","07/31/2022 04:08:00 AM",,,,"1001 ROCKVILLE PIKE PARKING LOT",,"PEDESTRIAN","OTHER","CLEAR",,"DARK NO LIGHTS","N/A","UNKNOWN","NONE DETECTED","96131BBC-8439-4B9E-9AAD-EEF5456CAA0B","PEDESTRIAN","Other","NO IMPROPER ACTIONS","OTHER","No","SUSPECTED MINOR INJURY","NONE","39.0618885","-77.12498919","    (39.0618885, -77.12498919)"
"MCP3129004T","220032808","Montgomery County Police","Injury Crash","07/31/2022 12:02:00 AM","Maryland (State)","GEORGIA AVE","ENT TO BUSINESS",,"N/A","OTHER CONVEYANCE","OTHER","CLEAR","DRY","DARK LIGHTS ON","NO CONTROLS","UNKNOWN","NONE DETECTED","0019A7E9-D967-40AE-950C-00CE3D320DB5","OTHER CONVEYANCE","Walking/Riding w/Traffic","NO IMPROPER ACTIONS","ON ROADWAY NOT AT CROSSWALK","No","SUSPECTED SERIOUS INJURY","LIGHTING","39.05801333","-77.04850333","    (39.05801333, -77.04850333)"
"MCP2107003N","220032576","Montgomery County Police","Injury Crash","07/29/2022 10:52:00 AM",,"LONGSPUR ALLEY","DOVEKIE AVE",,"N/A","PEDESTRIAN","OTHER","CLOUDY","DRY","DAYLIGHT","NO CONTROLS","NONE DETECTED","NONE DETECTED","6E637678-FB8B-4312-9566-E6593229CD17","PEDESTRIAN","Standing","N/A","OTHER","No","POSSIBLE INJURY","N/A","39.21689883","-77.2822025","    (39.21689883, -77.2822025)"
"MCP3048008D","220032556","Montgomery County Police","Injury Crash","07/29/2022 07:50:00 AM",,,,"PARKING LOT MEN'S SHELTER 11600 NEBEL STREET ROCKVILLE, MD",,"PEDESTRIAN","OTHER","CLOUDY",,"DAYLIGHT","N/A","UNKNOWN","N/A","2F4983B3-7CC6-4522-B5DD-912450F8C195","PEDESTRIAN","Standing","NO IMPROPER ACTIONS","OTHER","No","SUSPECTED MINOR INJURY","N/A","39.01023333","-77.11491667","    (39.01023333, -77.11491667)"
"MCP3305001T","220032397","Montgomery County Police","Injury Crash","07/28/2022 05:07:00 AM","Maryland (State)","NEW HAMPSHIRE AVE","POWDER MILL RD",,"N/A","PEDESTRIAN","SINGLE VEHICLE","CLEAR","DRY","DARK LIGHTS ON","TRAFFIC SIGNAL","UNKNOWN","NONE DETECTED","697F2A4F-5458-4EA6-89E2-AABCEFB9AC4B","PEDESTRIAN","Cross/Enter at Intersection","UNKNOWN","AT INTERSECTION MARKED CROSSWALK","No","SUSPECTED SERIOUS INJURY","NONE","39.04573167","-76.99053167","    (39.04573167, -76.99053167)"
"MCP2556004B","220032375","Montgomery County Police","Property Damage Crash","07/27/2022 08:23:00 PM","Other Public Roadway","TOPFIELD DR","PEPPERWOOD LA",,"N/A","OTHER","SINGLE VEHICLE","N/A","DRY","DUSK","NO CONTROLS","ALCOHOL PRESENT","N/A","BE558C17-7280-421C-A866-E78A6EB6C21E","OTHER","N/A","NO IMPROPER ACTIONS","OTHER","No","NO APPARENT INJURY","N/A","39.15203667","-77.23350833","    (39.15203667, -77.23350833)"
"MCP291400CN","220032095","Montgomery County Police","Injury Crash","07/25/2022 10:15:00 PM","Maryland (State)","16TH ST","EAST WEST HWY",,"N/A","OTHER","OTHER","CLEAR","N/A","DARK LIGHTS ON","TRAFFIC SIGNAL","N/A","N/A","BCE81ED3-041B-4F0D-B34B-0AFEA339E316","OTHER","Cross/Enter at Intersection","FAILURE TO OBEY TRAFFIC SIGNS SIGNALS OR OFFICER","ON ROADWAY AT CROSSWALK","Yes","SUSPECTED MINOR INJURY","UNKNOWN","38.991065","-77.02728667","    (38.991065, -77.02728667)"
"EJ7884004Q","220032034","Gaithersburg Police Depar","Injury Crash","07/25/2022 03:28:00 PM","County","DIAMONDBACK DR","SAM EIG HWY",,"N/A","PEDESTRIAN","STRAIGHT MOVEMENT ANGLE","RAINING","WET","DAYLIGHT","OTHER","N/A","N/A","BA46340F-4D64-4934-8EE1-C4D3D9AB3C29","PEDESTRIAN","Cross/Enter at Intersection","NO IMPROPER ACTIONS","ON ROADWAY AT CROSSWALK","No","SUSPECTED MINOR INJURY","NONE","39.14105145","-77.20802565","    (39.14105145, -77.20802565)"
"MCP3006007G","220031975","Montgomery County Police","Injury Crash","07/25/2022 09:03:00 AM",,,,"12510 VEIRS MILL ROAD, ROCKVILLE, MD 20853 ON ROCKCREEK TERRACE DRIVEWAY",,"BICYCLIST","STRAIGHT MOVEMENT ANGLE","CLEAR",,"DAYLIGHT","NO CONTROLS","NONE DETECTED","NONE DETECTED","954A3E1C-32A4-42C6-89EA-4E23FD44A21A","BICYCLIST","Walking/Cycling on Sidewalk","WRONG WAY RIDING OR WALKING","SIDEWALK","Yes","POSSIBLE INJURY","MC/BIKE HELMET","39.06200167","-77.09347","    (39.06200167, -77.09347)"
"MCP2753005N","220031949","Montgomery County Police","Injury Crash","07/25/2022 05:17:00 AM","County","GOOD HOPE RD","RAINBOW DR",,"N/A","PEDESTRIAN","OTHER","CLEAR","DRY","DARK LIGHTS ON","STOP SIGN","NONE DETECTED","NONE DETECTED","08047BB8-5175-48A0-9795-220CA0357FC7","PEDESTRIAN","Standing","OTHER","AT INTERSECTION BUT NO CROSSWALK","Unknown","SUSPECTED MINOR INJURY","NONE","39.11042167","-76.979125","    (39.11042167, -76.979125)"
"MCP2335001Q","220031928","Montgomery County Police","Injury Crash","07/24/2022 11:00:00 PM","County","NEEDLE DR","STRINGTOWN RD",,"N/A","PEDESTRIAN","SINGLE VEHICLE","CLEAR","DRY","DARK NO LIGHTS","NO CONTROLS","N/A","NONE DETECTED","35423570-E129-434F-8BDB-442BFEDA3082","PEDESTRIAN","Standing","UNKNOWN","OTHER","No","SUSPECTED SERIOUS INJURY","N/A","39.22153777","-77.24664433","    (39.22153777, -77.24664433)"
"MCP2637004P","220031709","Montgomery County Police","Injury Crash","07/23/2022 11:30:00 AM","County","GLEN RD","TRAVILAH RD",,"N/A","BICYCLIST","OTHER","CLEAR","DRY","DAYLIGHT","N/A","NONE DETECTED","NONE DETECTED","117DA1B4-CC69-48D3-BAB8-47A4D6DC7BE3","BICYCLIST","Walking/Riding w/Traffic","NO IMPROPER ACTIONS","SHOULDER","No","POSSIBLE INJURY","MC/BIKE HELMET","39.06776667","-77.25899333","    (39.06776667, -77.25899333)"
"MCP32570057","220031653","Montgomery County Police","Injury Crash","07/22/2022 11:00:00 PM","Maryland (State)","ROCKVILLE PIKE","NICHOLSON LA",,"N/A","PEDESTRIAN","SINGLE VEHICLE","CLEAR","DRY","DARK LIGHTS ON","NO CONTROLS","UNKNOWN","NONE DETECTED","7851EA99-B623-43E6-AE18-7FCC52EC8334","PEDESTRIAN","Standing","NOT VISIBLE","CURB","No","POSSIBLE INJURY","NONE","39.04869651","-77.09443398","    (39.04869651, -77.09443398)"
"MCP29650061","220031212","Montgomery County Police","Injury Crash","07/20/2022 10:49:00 AM",,,,"18040 GEORGIA AVE, OLNEY, MD 20832",,"PEDESTRIAN","SINGLE VEHICLE","CLEAR",,"DAYLIGHT","N/A","NONE DETECTED","NONE DETECTED","C696642E-2277-456D-AEA1-544C3188E8B0","PEDESTRIAN","Walking/Cycling on Sidewalk","NO IMPROPER ACTIONS","SIDEWALK","No","POSSIBLE INJURY","NONE","39.14917333","-77.06629833","    (39.14917333, -77.06629833)"
"DD5540001Y","220031120","Rockville Police Departme","Injury Crash","07/19/2022 06:13:00 PM","Municipality","FALLSGROVE DR","ENT TO APARTMENTS",,"N/A","PEDESTRIAN","SINGLE VEHICLE","CLEAR","DRY","DAYLIGHT","N/A","NONE DETECTED","NONE DETECTED","464C88EA-3110-4436-A1BF-F25EBB35A842","PEDESTRIAN","Cross/Enter at Intersection","NO IMPROPER ACTIONS","AT INTERSECTION MARKED CROSSWALK","No","SUSPECTED MINOR INJURY","NONE","39.07429441","-77.13723376","    (39.07429441, -77.13723376)"
"DD5540001X","220031080","Rockville Police Departme","Injury Crash","07/19/2022 03:55:00 PM",,,,"PARKING LOT 1683 ROCKVILLE PIKE",,"PEDESTRIAN","SINGLE VEHICLE","CLEAR",,"DAYLIGHT","NO CONTROLS","NONE DETECTED","NONE DETECTED","AB460B3F-9A81-4456-93B8-3098A41FE8CA","PEDESTRIAN","Other","NO IMPROPER ACTIONS","N/A","No","SUSPECTED MINOR INJURY","N/A","39.07429441","-77.13723376","    (39.07429441, -77.13723376)"
"MCP3201002T","220031043","Montgomery County Police","Injury Crash","07/19/2022 12:59:00 PM","Maryland (State)","GREAT SENECA HWY","MATENY RD",,"N/A","PEDESTRIAN","OTHER","CLEAR","DRY","DAYLIGHT","TRAFFIC SIGNAL","NONE DETECTED","NONE DETECTED","63C886EB-FE8A-47B6-86BA-E8BEA8404C41","PEDESTRIAN","Cross/Enter at Intersection","FAILURE TO OBEY TRAFFIC SIGNS SIGNALS OR OFFICER","AT INTERSECTION MARKED CROSSWALK","Yes","POSSIBLE INJURY","NONE","39.14614317","-77.274504","    (39.14614317, -77.274504)"
"MCP32060024","220031010","Montgomery County Police","Property Damage Crash","07/19/2022 10:30:00 AM","County","QUEBEC ST","RUATAN ST",,"N/A","OTHER","OPPOSITE DIRECTION SIDESWIPE","CLEAR","DRY","DAYLIGHT","NO CONTROLS","NONE DETECTED","N/A","9BACDBB3-CF17-43C9-8EF5-64AC863C448D","OTHER","N/A","OTHER","N/A","No","NO APPARENT INJURY","NONE","38.999831","-76.98935667","    (38.999831, -76.98935667)"
"MCP32760027","220030521","Montgomery County Police","Injury Crash","07/19/2022 01:37:00 AM",,,,"8101 FENTON ST 7/11 PARKING LOT",,"PEDESTRIAN","OTHER","CLEAR",,"DARK LIGHTS ON","NO CONTROLS","UNKNOWN","NONE DETECTED","45106BF2-3223-4389-A7FE-158DB3351495","PEDESTRIAN","Standing","NO IMPROPER ACTIONS","OTHER","No","SUSPECTED MINOR INJURY","N/A","38.99053","-77.02358","    (38.99053, -77.02358)"
"EJ78950029","220030840","Gaithersburg Police Depar","Injury Crash","07/18/2022 12:35:00 PM",,,,"DRIVEWAY OF 340 N SUMMIT AVENUE",,"BICYCLIST","STRAIGHT MOVEMENT ANGLE","CLEAR",,"DAYLIGHT","NO CONTROLS","NONE DETECTED","NONE DETECTED","030337C2-DE0A-4FE1-B4DA-A48891536DF9","BICYCLIST","Walking/Cycling on Sidewalk","INATTENTIVE","SIDEWALK","Yes","SUSPECTED MINOR INJURY","NONE","39.14100877","-77.20797875","    (39.14100877, -77.20797875)"