"Report Number","Local Case Number","Agency Name","ACRS Report Type","Crash Date/Time","Route Type","Road Name","Cross-Street Name","Off-Road Description","Municipality","Related Non-Motorist","Collision Type","Weather","Surface Condition","Light","Traffic Control","Driver Substance Abuse","Non-Motorist Substance Abuse","Person ID","Pedestrian Type","Pedestrian Movement","Pedestrian Actions","Pedestrian Location","At Fault","Injury Severity","Safety Equipment","Latitude","Longitude","Location"
"MCP2625001B","220010801","Montgomery County Police","Injury Crash","03/13/2022 08:40:00 AM","County","WILLARD AVE","FRIENDSHIP BLVD",,"N/A","PEDESTRIAN","N/A","CLEAR","DRY","DAYLIGHT","TRAFFIC SIGNAL","NONE DETECTED","NONE DETECTED","FA3CC034-D4C8-41D8-AC87-5005372C2403","PEDESTRIAN","Walking/Riding w/Traffic","NO IMPROPER ACTIONS","AT INTERSECTION MARKED CROSSWALK","No","SUSPECTED MINOR INJURY","N/A","38.96318833","-77.09128667","    (38.96318833, -77.09128667)"
"MCP23480066","220010562","Montgomery County Police","Injury Crash","03/11/2022 04:25:00 PM","Maryland (State)","FREDERICK RD","STRINGTOWN RD",,"N/A","BICYCLIST","SAME DIRECTION SIDESWIPE","CLEAR","DRY","DAYLIGHT","TRAFFIC SIGNAL","NONE DETECTED","NONE DETECTED","2A4142D2-82FB-4BBD-8565-0A8CDBD628A7","BICYCLIST","Walking/Riding w/Traffic","NO IMPROPER ACTIONS","OTHER","No","SUSPECTED SERIOUS INJURY","MC/BIKE HELMET","39.23779733","-77.27817375","    (39.23779733, -77.27817375)"
"MCP2664005M","220010551","Montgomery County Police","Injury Crash","03/11/2022 04:02:00 PM","Maryland (State)","OLNEY LAYTONSVILLE RD","ENT TO SHOPPING CENTER",,"N/A","BICYCLIST","SINGLE VEHICLE","CLEAR","DRY","DAYLIGHT","STOP SIGN","NONE DETECTED","NONE DETECTED","F2A0E6DB-05B2-47CA-AE37-0851A0E03920","BICYCLIST","Cross/Enter at Intersection","NO IMPROPER ACTIONS","ON ROADWAY AT CROSSWALK","No","SUSPECTED MINOR INJURY","MC/BIKE HELMET","39.15379386","-77.06830777","    (39.15379386, -77.06830777)"
"MCP2682003G","220010526","Montgomery County Police","Injury Crash","03/11/2022 01:28:00 PM",,,,"PARKING LOT OF 19150 MONTGOMERY VILLAGE AVE MONTGOMERY VILLAGE MD 20886",,"PEDESTRIAN","N/A","CLEAR",,"DAYLIGHT","OTHER","UNKNOWN","NONE DETECTED","6BC17D9A-CFF2-4C17-BE65-502452BD6F58","PEDESTRIAN","Other","NO IMPROPER ACTIONS","OTHER","No","POSSIBLE INJURY","NONE","39.17118644","-77.20506481","    (39.17118644, -77.20506481)"
"MCP24960037","220010506","Montgomery County Police","Injury Crash","03/11/2022 11:23:00 AM","Maryland (State)","DARNESTOWN RD","MUDDY BRANCH RD",,"N/A","BICYCLIST","SAME DIRECTION RIGHT TURN","CLEAR","DRY","DAYLIGHT","TRAFFIC SIGNAL","NONE DETECTED","NONE DETECTED","75B921E9-41CC-4E79-A2CB-1B12E8BBEB29","BICYCLIST","Walking/Riding w/Traffic","NO IMPROPER ACTIONS","SHOULDER","No","POSSIBLE INJURY","MC/BIKE HELMET","39.10272863","-77.22059213","    (39.10272863, -77.22059213)"
"MCP0617003J","220010472","Montgomery County Police","Injury Crash","03/11/2022 08:00:00 AM","County","FAIRLAND RD","TAMARACK RD",,"N/A","BICYCLIST","SAME DIRECTION RIGHT TURN","CLEAR","DRY","DAYLIGHT","NO CONTROLS","NONE DETECTED","NONE DETECTED","6E6EBA90-B599-4F00-A47E-4860FFD11330","BICYCLIST","Walking/Riding w/Traffic","NO IMPROPER ACTIONS","SHOULDER","No","SUSPECTED MINOR INJURY","MC/BIKE HELMET","39.07779667","-76.97765667","    (39.07779667, -76.97765667)"
"MCP2805004T","220010269","Montgomery County Police","Injury Crash","03/10/2022 07:50:00 AM","County","MONTGOMERY VILLAGE AVE","WALKERS CHOICE RD",,"N/A","PEDESTRIAN","SINGLE VEHICLE","N/A","DRY","DAYLIGHT","NO CONTROLS","NONE DETECTED","NONE DETECTED","7C7DD66A-9F62-4639-BD64-AAA95DBFF194","PEDESTRIAN","Cross/Enter at Intersection","NO IMPROPER ACTIONS","ON ROADWAY AT CROSSWALK","No","SUSPECTED SERIOUS INJURY","NONE","39.16560783","-77.20474133","    (39.16560783, -77.20474133)"
"DM8499000V","220010088","Takoma Park Police Depart","Injury Crash","03/09/2022 07:32:00 AM","County","RAY DR","PINEY BRANCH RD",,"N/A","PEDESTRIAN","OTHER","RAINING","WET","DAYLIGHT","SCHOOL ZONE SIGN DEVICE","N/A","N/A","70E3C7D3-41B5-4E52-8F8D-06CAE781EE53","PEDESTRIAN","Walking to/from school","UNKNOWN","ON ROADWAY AT CROSSWALK","No","POSSIBLE INJURY","UNKNOWN","38.98594162","-77.01355269","    (38.98594162, -77.01355269)"
"MCP1235003W","220009868","Montgomery County Police","Injury Crash","03/07/2022 07:06:00 PM","Maryland (State)","NEW HAMPSHIRE AVE","OAKVIEW DR",,"N/A","PEDESTRIAN","SINGLE VEHICLE","CLEAR","DRY","DARK LIGHTS ON","TRAFFIC SIGNAL","UNKNOWN","NONE DETECTED","73801C6B-1856-4496-8DE3-A862CEA99420","PEDESTRIAN","Cross/Enter at Intersection","NO IMPROPER ACTIONS","AT INTERSECTION MARKED CROSSWALK","No","POSSIBLE INJURY","NONE","39.01532032","-76.9781604","    (39.01532032, -76.9781604)"
"DD5650001C","220009976","Rockville Police Departme","Injury Crash","03/07/2022 06:20:00 PM","Municipality","N STONESTREET AVE","SPRING AVE",,"ROCKVILLE","PEDESTRIAN","OTHER","UNKNOWN","UNKNOWN","DUSK","NO CONTROLS","UNKNOWN","NONE DETECTED","77D3440A-EDB6-43B6-99B3-F9C3B1AC4514","PEDESTRIAN","Cross/Enter at Intersection","FAILURE TO YIELD RIGHT OF WAY","AT INTERSECTION BUT NO CROSSWALK","Unknown","POSSIBLE INJURY","UNKNOWN","39.09311918","-77.15012593","    (39.09311918, -77.15012593)"
"MCP3090005S","220009778","Montgomery County Police","Injury Crash","03/07/2022 10:30:00 AM","County","YANKEE HARBOR DR","EAST VILLAGE AVE",,"N/A","PEDESTRIAN","SINGLE VEHICLE","CLEAR","DRY","DAYLIGHT","STOP SIGN","N/A","N/A","DD923E11-3B09-4262-8069-2DE2373F21AB","PEDESTRIAN","Cross/Enter at Intersection","NO IMPROPER ACTIONS","AT INTERSECTION BUT NO CROSSWALK","No","SUSPECTED MINOR INJURY","N/A","39.18818079","-77.15921172","    (39.18818079, -77.15921172)"
"MCP3316000N","220009715","Montgomery County Police","Injury Crash","03/06/2022 08:34:00 PM","County","VALLEYWOOD DR","VEIRS MILL RD",,"N/A","PEDESTRIAN","OTHER","RAINING","WET","DARK NO LIGHTS","NO CONTROLS","NONE DETECTED","NONE DETECTED","F65F1296-FFB1-4183-B1A0-1D5FB5FB2CFC","PEDESTRIAN","Cross/Enter not at Intersection","UNKNOWN","UNKNOWN","Unknown","SUSPECTED MINOR INJURY","NONE","39.049535","-77.07046333","    (39.049535, -77.07046333)"
"MCP28370046","220009339","Montgomery County Police","Property Damage Crash","03/04/2022 02:14:00 PM","County","PINEY MEETINGHOUSE RD","GLEN RD",,"N/A","BICYCLIST","STRAIGHT MOVEMENT ANGLE","CLEAR","DRY","DAYLIGHT","STOP SIGN","NONE DETECTED","NONE DETECTED","F92C96B6-B623-480F-AB35-D217056200DE","BICYCLIST","Cross/Enter at Intersection","FAILURE TO YIELD RIGHT OF WAY","ON ROADWAY NOT AT CROSSWALK","Yes","NO APPARENT INJURY","REFLECTIVE CLOTHING","39.04835","-77.23317833","    (39.04835, -77.23317833)"
"MCP30790048","220009254","Montgomery County Police","Injury Crash","03/03/2022 05:55:00 PM",,,,"19815 GERMANTOWN RD EXXON GAS STATION",,"PEDESTRIAN","N/A","CLEAR",,"DAYLIGHT","NO CONTROLS","NONE DETECTED","UNKNOWN","23189FE8-258F-4B34-8DCB-8AD6E98E90BA","PEDESTRIAN","Cross/Enter at Intersection","NO IMPROPER ACTIONS","AT INTERSECTION BUT NO CROSSWALK","No","POSSIBLE INJURY","N/A","39.18134323","-77.26148406","    (39.18134323, -77.26148406)"
"MCP2339006T","220007845","Montgomery County Police","Injury Crash","03/02/2022 04:30:00 PM","County","E GUDE DR","CRABBS BRANCH WAY",,"N/A","BICYCLIST","OTHER","CLEAR","DRY","DAYLIGHT","TRAFFIC SIGNAL","N/A","N/A","63A84251-B207-4021-B8E3-EEF1B5D82544","BICYCLIST","Cross/Enter at Intersection","NO IMPROPER ACTIONS","ON ROADWAY AT CROSSWALK","No","SUSPECTED MINOR INJURY","UNKNOWN","39.10646067","-77.15212727","    (39.10646067, -77.15212727)"
"MCP11740054","220009024","Montgomery County Police","Injury Crash","03/02/2022 01:38:00 PM","Government","CENTER DR","OLD GEORGETOWN RD",,"N/A","PEDESTRIAN","SINGLE VEHICLE","CLEAR","DRY","DAYLIGHT","TRAFFIC SIGNAL","NONE DETECTED","NONE DETECTED","5039BFC4-5F70-4201-B34C-7B9C8FCFA389","PEDESTRIAN","Cross/Enter at Intersection","NO IMPROPER ACTIONS","AT INTERSECTION MARKED CROSSWALK","No","POSSIBLE INJURY","NONE","39.0029773","-77.10986325","    (39.0029773, -77.10986325)"
"MCP2353009R","220008992","Montgomery County Police","Injury Crash","03/02/2022 11:50:00 AM","County","CHESHIRE DR","OLD GEORGETOWN RD",,"N/A","PEDESTRIAN","SINGLE VEHICLE","CLOUDY","DRY","DAYLIGHT","PERSON","NONE DETECTED","NONE DETECTED","0C01E97D-0186-4594-B17A-CAE59F067250","PEDESTRIAN","Cross/Enter at Intersection","NO IMPROPER ACTIONS","ON ROADWAY AT CROSSWALK","No","SUSPECTED MINOR INJURY","NONE","39.0225","-77.12341833","    (39.0225, -77.12341833)"
"EJ78840042","220008914","Gaithersburg Police Depar","Property Damage Crash","03/01/2022 07:19:00 PM","Municipality","WASHINGTONIAN BLVD","ROUNDABOUT",,"N/A","PEDESTRIAN","SAME DIRECTION SIDESWIPE","CLEAR","DRY","DARK LIGHTS ON","N/A","N/A","N/A","13D09074-8A79-421F-90D3-4A0562CE8A1C","PEDESTRIAN","Walking/Riding w/Traffic","NO IMPROPER ACTIONS","ON ROADWAY NOT AT CROSSWALK","Unknown","NO APPARENT INJURY","LIGHTING","39.1178945","-77.20217447","    (39.1178945, -77.20217447)"
"DD5642002T","220008716","Rockville Police Departme","Injury Crash","02/28/2022 07:25:00 PM","Municipality","MARYLAND AVE","S WASHINGTON ST",,"ROCKVILLE","PEDESTRIAN","STRAIGHT MOVEMENT ANGLE","CLEAR","DRY","DARK LIGHTS ON","TRAFFIC SIGNAL","NONE DETECTED","NONE DETECTED","5FB85111-1F0F-4BFD-B743-FCB18EE99981","PEDESTRIAN","Cross/Enter at Intersection","NO IMPROPER ACTIONS","ON ROADWAY AT CROSSWALK","No","SUSPECTED SERIOUS INJURY","NONE","39.08041617","-77.15270717","    (39.08041617, -77.15270717)"
"MCP23580099","220008502","Montgomery County Police","Property Damage Crash","02/27/2022 10:30:00 AM","Maryland (State)","BRADLEY BLVD","DURBIN RD",,"N/A","BICYCLIST","STRAIGHT MOVEMENT ANGLE","CLEAR","DRY","DAYLIGHT","STOP SIGN","NONE DETECTED","NONE DETECTED","DF564117-8D67-4662-A82F-4B544CC8B851","BICYCLIST","Cross/Enter at Intersection","NO IMPROPER ACTIONS","SHOULDER","No","NO APPARENT INJURY","UNKNOWN","38.98364798","-77.11450791","    (38.98364798, -77.11450791)"
"MCP2339006S","220008272","Montgomery County Police","Injury Crash","02/25/2022 04:06:00 PM","Municipality","PICCARD DR","GAITHER RD",,"ROCKVILLE","OTHER, PEDESTRIAN","OTHER","CLEAR","DRY","DAYLIGHT","TRAFFIC SIGNAL","NONE DETECTED","NONE DETECTED","4850C407-E0CF-4AA3-9D41-3447CC487744","PEDESTRIAN","Cross/Enter at Intersection","NO IMPROPER ACTIONS","ON ROADWAY AT CROSSWALK","No","POSSIBLE INJURY","NONE","39.115235","-77.17854167","    (39.115235, -77.17854167)"
"MCP2339006S","220008272","Montgomery County Police","Injury Crash","02/25/2022 04:06:00 PM","Municipality","PICCARD DR","GAITHER RD",,"ROCKVILLE","OTHER, PEDESTRIAN","OTHER","CLEAR","DRY","DAYLIGHT","TRAFFIC SIGNAL","NONE DETECTED","NONE DETECTED","E6DFE4E6-83D0-41AD-868F-3EB9BECC3D7B","PEDESTRIAN","Cross/Enter at Intersection","NO IMPROPER ACTIONS","ON ROADWAY AT CROSSWALK","No","SUSPECTED MINOR INJURY","NONE","39.115235","-77.17854167","    (39.115235, -77.17854167)"
"MCP2339006S","220008272","Montgomery County Police","Injury Crash","02/25/2022 04:06:00 PM","Municipality","PICCARD DR","GAITHER RD",,"ROCKVILLE","OTHER, PEDESTRIAN","OTHER","CLEAR","DRY","DAYLIGHT","TRAFFIC SIGNAL","NONE DETECTED","NONE DETECTED","B32F79DC-2C2A-4423-9000-DA4AB954CD01","OTHER","Cross/Enter at Intersection","NO IMPROPER ACTIONS","ON ROADWAY AT CROSSWALK","No","POSSIBLE INJURY","NONE","39.115235","-77.17854167","    (39.115235, -77.17854167)"
"MCP271700WW","220008165","Montgomery County Police","Injury Crash","02/24/2022 06:30:00 PM","Maryland (State)","NEW HAMPSHIRE AVE","POWDER MILL RD",,"N/A","PEDESTRIAN","OTHER","RAINING","WET","DARK LIGHTS ON","TRAFFIC SIGNAL","UNKNOWN","NONE DETECTED","20A7CE26-47AB-4C82-9E55-1E0AF67E4962","PEDESTRIAN","Cross/Enter at Intersection","FAILURE TO OBEY TRAFFIC SIGNS SIGNALS OR OFFICER","ON ROADWAY AT CROSSWALK","Yes","SUSPECTED MINOR INJURY","NONE","39.020268","-76.975427","    (39.020268, -76.975427)"
"MCP271700WW","220008165","Montgomery County Police","Injury Crash","02/24/2022 06:30:00 PM","Maryland (State)","NEW HAMPSHIRE AVE","POWDER MILL RD",,"N/A","PEDESTRIAN","OTHER","RAINING","WET","DARK LIGHTS ON","TRAFFIC SIGNAL","UNKNOWN","NONE DETECTED","3239B165-C001-46EA-AF91-2C8D3F8AA665","PEDESTRIAN","Cross/Enter at Intersection","FAILURE TO OBEY TRAFFIC SIGNS SIGNALS OR OFFICER","ON ROADWAY AT CROSSWALK","Yes","SUSPECTED MINOR INJURY","NONE","39.020268","-76.975427","    (39.020268, -76.975427)"
"MCP32980015","220008285","Montgomery County Police","Injury Crash","02/23/2022 11:30:00 PM",,,,"PARKING LOT OF RESIDENCE",,"PEDESTRIAN","N/A","CLEAR",,"DARK LIGHTS ON","NO CONTROLS","UNKNOWN","NONE DETECTED","76F12666-A7E9-4116-A655-4AAD8AFD2C71","PEDESTRIAN","Other","NO IMPROPER ACTIONS","N/A","No","SUSPECTED MINOR INJURY","N/A","39.18853182","-77.16383449","    (39.18853182, -77.16383449)"
"MCP3134003B","220009059","Montgomery County Police","Injury Crash","02/23/2022 04:29:00 PM","County","GREENCASTLE RD","COLUMBIA PIKE",,"N/A","PEDESTRIAN","SINGLE VEHICLE","CLEAR","DRY","DAYLIGHT","TRAFFIC SIGNAL","N/A","N/A","F7F132FE-A153-4E0E-BB00-754D2180AE97","PEDESTRIAN","Cross/Enter at Intersection","FAILURE TO YIELD RIGHT OF WAY","ON ROADWAY AT CROSSWALK","No","SUSPECTED MINOR INJURY","NONE","39.09563444","-76.93811154","    (39.09563444, -76.93811154)"
"DD5652000C","220007964","Rockville Police Departme","Injury Crash","02/23/2022 03:26:00 PM","Municipality","N WASHINGTON ST","DAWSON AVE",,"ROCKVILLE","PEDESTRIAN","OTHER","CLEAR","DRY","DAYLIGHT","TRAFFIC SIGNAL","NONE DETECTED","NONE DETECTED","395952AA-D774-40B9-937F-E6BBEBF663A8","PEDESTRIAN","Cross/Enter at Intersection","NO IMPROPER ACTIONS","ON ROADWAY AT CROSSWALK","No","SUSPECTED MINOR INJURY","NONE","39.08850983","-77.1536315","    (39.08850983, -77.1536315)"
"MCP3115005Q","220007955","Montgomery County Police","Injury Crash","02/23/2022 03:00:00 PM",,,,"PARKING LOT OF 3116 GRACEFIELD ROAD",,"MACHINE OPERATOR/RIDER","N/A","CLEAR",,"N/A","STOP SIGN","N/A","N/A","5907E3A7-5599-41F1-B91A-974C52192072","MACHINE OPERATOR/RIDER","Walking/Riding against Traffic","NOT VISIBLE","ON ROADWAY NOT AT CROSSWALK","Yes","POSSIBLE INJURY","NONE","39.050635","-76.95096667","    (39.050635, -76.95096667)"
"MCP94280045","220007951","Montgomery County Police","Injury Crash","02/23/2022 02:14:00 PM","Maryland (State)","RIDGE RD","DAMASCUS MANOR RD",,"N/A","PEDESTRIAN","STRAIGHT MOVEMENT ANGLE","CLEAR","DRY","DAYLIGHT","NO CONTROLS","NONE DETECTED","NONE DETECTED","94AD48CB-BEDB-4584-8A10-F3983C352176","PEDESTRIAN","Cross/Enter not at Intersection","DART DASH","ON ROADWAY NOT AT CROSSWALK","Yes","SUSPECTED MINOR INJURY","NONE","39.28011119","-77.21175433","    (39.28011119, -77.21175433)"
"DD56530013","220007841","Rockville Police Departme","Property Damage Crash","02/22/2022 06:00:00 PM","Municipality","N WASHINGTON ST","W MONTGOMERY AVE",,"ROCKVILLE","PEDESTRIAN","SINGLE VEHICLE","CLOUDY","WET","DARK LIGHTS ON","TRAFFIC SIGNAL","N/A","N/A","B5B12EF5-DEBC-4AD2-9360-FB6E763EFC9E","PEDESTRIAN","Cross/Enter at Intersection","UNKNOWN","ON ROADWAY AT CROSSWALK","No","NO APPARENT INJURY","NONE","39.084364","-77.15278617","    (39.084364, -77.15278617)"
"MCP3064004C","220007560","Montgomery County Police","Injury Crash","02/21/2022 10:45:00 AM","County","SHOREFIELD RD","GEORGIA AVE",,"N/A","PEDESTRIAN","SINGLE VEHICLE","CLEAR","DRY","DAYLIGHT","TRAFFIC SIGNAL","NONE DETECTED","NONE DETECTED","643E452F-611A-4871-BEF1-5B414644148E","PEDESTRIAN","Cross/Enter at Intersection","UNKNOWN","AT INTERSECTION BUT NO CROSSWALK","Unknown","POSSIBLE INJURY","NONE","39.05301805","-77.05083386","    (39.05301805, -77.05083386)"
"EJ78760045","220007194","Gaithersburg Police Depar","Injury Crash","02/18/2022 04:30:00 PM",,,,"229 KENTLANDS BLVD",,"PEDESTRIAN","N/A","CLEAR",,"DAYLIGHT","NO CONTROLS","NONE DETECTED","NONE DETECTED","23426D55-A9B6-4DF5-A4DB-0F3BDA253D69","PEDESTRIAN","Other","NO IMPROPER ACTIONS","DRIVEWAY ACCESS MARKED CROSSWALK","No","POSSIBLE INJURY","N/A","39.1251866","-77.23845782","    (39.1251866, -77.23845782)"
"MCP3160003B","220007043","Montgomery County Police","Injury Crash","02/17/2022 07:30:00 PM","Maryland (State)","CONNECTICUT AVE","WOODBINE ST",,"CHEVY CHASE #4","PEDESTRIAN","SINGLE VEHICLE","CLEAR","DRY","DARK LIGHTS ON","NO CONTROLS","UNKNOWN","ALCOHOL PRESENT","9339E048-1E8C-44D6-8BD1-D8FEF9F2F8D0","PEDESTRIAN","Cross/Enter at Intersection","NOT VISIBLE","MEDIAN","Yes","POSSIBLE INJURY","NONE","38.99143","-77.09789167","    (38.99143, -77.09789167)"
"MCP3121004P","220007039","Montgomery County Police","Injury Crash","02/17/2022 06:50:00 PM","County","SNOUFFERS SCHOOL RD","WOODFIELD RD",,"N/A","PEDESTRIAN","SINGLE VEHICLE","CLEAR","DRY","DARK LIGHTS ON","N/A","NONE DETECTED","NONE DETECTED","E066EFA5-B1EC-4E19-B11A-1260319C4434","PEDESTRIAN","Other","NO IMPROPER ACTIONS","ON ROADWAY AT CROSSWALK","No","SUSPECTED MINOR INJURY","NONE","39.16073083","-77.1630515","    (39.16073083, -77.1630515)"
"MCP285900BR","220006572","Montgomery County Police","Injury Crash","02/15/2022 12:30:00 PM","County","SAM EIG HWY","DIAMONDBACK DR",,"N/A","PEDESTRIAN","OTHER","CLEAR","DRY","DAYLIGHT","NO CONTROLS","NONE DETECTED","NONE DETECTED","0579B0A0-A852-45C7-9FD1-9E7130FB9954","PEDESTRIAN","Cross/Enter at Intersection","NO IMPROPER ACTIONS","AT INTERSECTION MARKED CROSSWALK","No","POSSIBLE INJURY","NONE","39.11360525","-77.20839938","    (39.11360525, -77.20839938)"
"MCP3300001K","220006429","Montgomery County Police","Injury Crash","02/14/2022 01:57:00 PM",,,,"COMING OUT OF THE PARKING LOT OF 2601 UNIVERISTY BLVD W",,"PEDESTRIAN","OTHER","CLEAR",,"DAYLIGHT","NO CONTROLS","NONE DETECTED","NONE DETECTED","FA82322E-7A9C-4C07-BDEA-094BA640C279","PEDESTRIAN","Walking/Cycling on Sidewalk","NO IMPROPER ACTIONS","SIDEWALK","No","POSSIBLE INJURY","NONE","39.04094983","-77.05382283","    (39.04094983, -77.05382283)"
"MCP2353009P","220006367","Montgomery County Police","Injury Crash","02/14/2022 07:19:00 AM","Maryland (State)","OLD GEORGETOWN RD","BEECH AVE",,"N/A","PEDESTRIAN","SINGLE VEHICLE","CLOUDY","DRY","DAYLIGHT","PERSON","NONE DETECTED","NONE DETECTED","50E4DB99-42DA-45DD-9562-E44A2A5232D3","PEDESTRIAN","Cross/Enter at Intersection","NO IMPROPER ACTIONS","ON ROADWAY AT CROSSWALK","No","SUSPECTED MINOR INJURY","NONE","39.009995","-77.11493667","    (39.009995, -77.11493667)"
"MCP3130004H","220006366","Montgomery County Police","Injury Crash","02/14/2022 07:00:00 AM","Maryland (State)","CONNECTICUT AVE","WELLER RD",,"N/A","PEDESTRIAN","STRAIGHT MOVEMENT ANGLE","CLOUDY","DRY","DAYLIGHT","TRAFFIC SIGNAL","NONE DETECTED","NONE DETECTED","73D2F379-3DB2-41CC-86F9-DEA59003D2D4","PEDESTRIAN","Walking to/from school","NO IMPROPER ACTIONS","AT INTERSECTION MARKED CROSSWALK","No","SUSPECTED MINOR INJURY","N/A","39.06367167","-77.07343","    (39.06367167, -77.07343)"
"MCP2291005S","220006216","Montgomery County Police","Injury Crash","02/12/2022 04:11:00 PM","Maryland (State)","OLD GEORGETOWN RD","BEECH AVE",,"N/A","BICYCLIST","HEAD ON LEFT TURN","CLEAR","DRY","DAYLIGHT","TRAFFIC SIGNAL","NONE DETECTED","NONE DETECTED","57FA5AF7-8B73-4632-B844-123A07A02E5D","BICYCLIST","Standing","NO IMPROPER ACTIONS","SIDEWALK","No","SUSPECTED SERIOUS INJURY","MC/BIKE HELMET","39.01002068","-77.11475414","    (39.01002068, -77.11475414)"
"MCP2291005S","220006216","Montgomery County Police","Injury Crash","02/12/2022 04:11:00 PM","Maryland (State)","OLD GEORGETOWN RD","BEECH AVE",,"N/A","BICYCLIST","HEAD ON LEFT TURN","CLEAR","DRY","DAYLIGHT","TRAFFIC SIGNAL","NONE DETECTED","NONE DETECTED","C48ACC2E-1FEC-4072-A715-0E3E6BA2EDB1","BICYCLIST","Standing","NO IMPROPER ACTIONS","SIDEWALK","No","POSSIBLE INJURY","MC/BIKE HELMET","39.01002068","-77.11475414","    (39.01002068, -77.11475414)"
"MCP2291005S","220006216","Montgomery County Police","Injury Crash","02/12/2022 04:11:00 PM","Maryland (State)","OLD GEORGETOWN RD","BEECH AVE",,"N/A","BICYCLIST","HEAD ON LEFT TURN","CLEAR","DRY","DAYLIGHT","TRAFFIC SIGNAL","NONE DETECTED","NONE DETECTED","D5C859F3-BE43-42F9-B9FD-8B12AF26BAC1","BICYCLIST","Standing","NO IMPROPER ACTIONS","SIDEWALK","No","POSSIBLE INJURY","MC/BIKE HELMET","39.01002068","-77.11475414","    (39.01002068, -77.11475414)"
"MCP2291005S","220006216","Montgomery County Police","Injury Crash","02/12/2022 04:11:00 PM","Maryland (State)","OLD GEORGETOWN RD","BEECH AVE",,"N/A","BICYCLIST","HEAD ON LEFT TURN","CLEAR","DRY","DAYLIGHT","TRAFFIC SIGNAL","NONE DETECTED","NONE DETECTED","EA371688-8B06-4C7D-BB2D-F2AEC11B66E3","BICYCLIST","Standing","NO IMPROPER ACTIONS","SIDEWALK","No","SUSPECTED MINOR INJURY","MC/BIKE HELMET","39.01002068","-77.11475414","    (39.01002068, -77.11475414)"
"MCP2291005S","220006216","Montgomery County Police","Injury Crash","02/12/2022 04:11:00 PM","Maryland (State)","OLD GEORGETOWN RD","BEECH AVE",,"N/A","BICYCLIST","HEAD ON LEFT TURN","CLEAR","DRY","DAYLIGHT","TRAFFIC SIGNAL","NONE DETECTED","NONE DETECTED","DEE0F2C1-D29C-450F-9CD6-2A278036DD0C","BICYCLIST","Standing","NO IMPROPER ACTIONS","SIDEWALK","No","SUSPECTED SERIOUS INJURY","MC/BIKE HELMET","39.01002068","-77.11475414","    (39.01002068, -77.11475414)"
"MCP3093003M","220006051","Montgomery County Police","Injury Crash","02/11/2022 04:05:00 PM","Government","BEACH DR","CONNECTICUT AVE",,"N/A","BICYCLIST","OTHER","N/A","DRY","DAYLIGHT","TRAFFIC SIGNAL","N/A","N/A","36EE9DCC-2A7D-45A3-8E21-74E1198E52B8","BICYCLIST","Walking/Riding w/Traffic","NO IMPROPER ACTIONS","ON ROADWAY NOT AT CROSSWALK","No","SUSPECTED MINOR INJURY","N/A","39.00798023","-77.0803757","    (39.00798023, -77.0803757)"
"MCP2192004B","220006027","Montgomery County Police","Injury Crash","02/11/2022 02:19:00 PM",,,,"PARKING LOT 18140 VILLAGE CENTER DR.",,"PEDESTRIAN","OTHER","CLEAR",,"DAYLIGHT","N/A","NONE DETECTED","NONE DETECTED","D3EE4E19-AA05-44E0-8006-05117AD33E7D","PEDESTRIAN","N/A","NO IMPROPER ACTIONS","OTHER","No","SUSPECTED MINOR INJURY","N/A","39.15276333","-77.06383","    (39.15276333, -77.06383)"
"MCP32000050","220005997","Montgomery County Police","Injury Crash","02/11/2022 11:50:00 AM","Maryland (State)","WISCONSIN AVE","DORSET AVE",,"SOMERSET","PEDESTRIAN","OTHER","CLEAR","DRY","DAYLIGHT","TRAFFIC SIGNAL","NONE DETECTED","NONE DETECTED","2AD12B4E-310A-4603-BDA4-F9556EB1D379","PEDESTRIAN","Cross/Enter at Intersection","NO IMPROPER ACTIONS","ON ROADWAY AT CROSSWALK","No","SUSPECTED MINOR INJURY","NONE","38.9672009","-77.08865523","    (38.9672009, -77.08865523)"
"MCP20550038","220006376","Montgomery County Police","Injury Crash","02/11/2022 11:00:00 AM","Municipality","ROCKBORN ST","STONEMASON DR",,"GAITHERSBURG","PEDESTRIAN","OTHER","CLEAR","DRY","DAYLIGHT","STOP SIGN","UNKNOWN","N/A","02E137A7-F7C5-4956-BFAF-4373986879B8","PEDESTRIAN","Walking/Riding against Traffic","NO IMPROPER ACTIONS","SHOULDER","No","POSSIBLE INJURY","N/A","39.1142601","-77.2288545","    (39.1142601, -77.2288545)"
"DM84760036","220005815","Takoma Park Police Depart","Injury Crash","02/10/2022 10:58:00 AM","Maryland (State)","NEW HAMPSHIRE AVE","HOLTON LA",,"TAKOMA PARK","PEDESTRIAN","SINGLE VEHICLE","CLEAR","DRY","DAYLIGHT","TRAFFIC SIGNAL","N/A","N/A","1411A1A9-3D6B-4E9A-ACE4-C33240B88357","PEDESTRIAN","Cross/Enter at Intersection","NO IMPROPER ACTIONS","ON ROADWAY AT CROSSWALK","No","SUSPECTED SERIOUS INJURY","N/A","38.98603167","-76.98817933","    (38.98603167, -76.98817933)"
"MCP3269001C","220005458","Montgomery County Police","Injury Crash","02/08/2022 07:30:00 AM","Maryland (State)","UNIVERSITY BLVD E","LANGLEY DR",,"N/A","PEDESTRIAN","OTHER","CLEAR","DRY","DAYLIGHT","NO CONTROLS","N/A","N/A","3456D8E9-C88F-4B7B-A581-C02AB05703B1","PEDESTRIAN","Cross/Enter at Intersection","NO IMPROPER ACTIONS","AT INTERSECTION MARKED CROSSWALK","No","POSSIBLE INJURY","N/A","39.00151344","-76.99572256","    (39.00151344, -76.99572256)"
"DD5653000Y","220005236","Rockville Police Departme","Injury Crash","02/07/2022 08:36:00 AM","Municipality","TAFT ST","E GUDE DR",,"ROCKVILLE","PEDESTRIAN","SINGLE VEHICLE","CLOUDY","DRY","DAYLIGHT","TRAFFIC SIGNAL","NONE DETECTED","NONE DETECTED","AF9E9766-6903-42C0-953E-9CECC88965B7","PEDESTRIAN","Cross/Enter at Intersection","NO IMPROPER ACTIONS","AT INTERSECTION MARKED CROSSWALK","No","SUSPECTED SERIOUS INJURY","N/A","39.094198","-77.132573","    (39.094198, -77.132573)"
"EJ7888001V","220005225","Gaithersburg Police Depar","Injury Crash","02/07/2022 07:05:00 AM","Maryland (State)","W DIAMOND AVE","BUREAU DR",,"GAITHERSBURG","PEDESTRIAN","OTHER","CLEAR","DRY","DAWN","TRAFFIC SIGNAL","NONE DETECTED","NONE DETECTED","E0C94809-14A2-47FC-804C-B4BC5E29E3FE","PEDESTRIAN","Cross/Enter at Intersection","FAILURE TO OBEY TRAFFIC SIGNS SIGNALS OR OFFICER","AT INTERSECTION MARKED CROSSWALK","Yes","SUSPECTED MINOR INJURY","N/A","39.14213818","-77.21737642","    (39.14213818, -77.21737642)"