"Report Number","Local Case Number","Agency Name","ACRS Report Type","Crash Date/Time","Route Type","Road Name","Cross-Street Name","Off-Road Description","Municipality","Related Non-Motorist","Collision Type","Weather","Surface Condition","Light","Traffic Control","Driver Substance Abuse","Non-Motorist Substance Abuse","Person ID","Pedestrian Type","Pedestrian Movement","Pedestrian Actions","Pedestrian Location","At Fault","Injury Severity","Safety Equipment","Latitude","Longitude","Location"
"DD5645001M","220005078","Rockville Police Departme","Injury Crash","02/05/2022 09:20:00 PM","Municipality","HALPINE RD","ROCKVILLE PIKE",,"N/A","PEDESTRIAN","SINGLE VEHICLE","CLEAR","DRY","DARK LIGHTS ON","TRAFFIC SIGNAL","N/A","NONE DETECTED","7877268B-A189-494D-AB34-E098FC4801F0","PEDESTRIAN","Cross/Enter at Intersection","NO IMPROPER ACTIONS","ON ROADWAY AT CROSSWALK","No","POSSIBLE INJURY","NONE","39.0619688","-77.12399478","    (39.0619688, -77.12399478)"
"MCP32790011","220004942","Montgomery County Police","Injury Crash","02/04/2022 10:43:00 PM","County","RANDOLPH RD","BENNION RD",,"N/A","PEDESTRIAN","HEAD ON","CLEAR","DRY","DARK NO LIGHTS","N/A","NONE DETECTED","NONE DETECTED","4924D8BA-ACDF-4FCB-81B7-0D43672955CE","PEDESTRIAN","Getting off/on Vehicle","IN ROADWAY IMPROPERLY","ON ROADWAY NOT AT CROSSWALK","Yes","SUSPECTED SERIOUS INJURY","N/A","39.05491713","-77.08482227","    (39.05491713, -77.08482227)"
"MCP3325000D","220004915","Montgomery County Police","Injury Crash","02/04/2022 05:56:00 PM",,,,"PARKING LOT  OF 15660 OLD COLUMBIA PIKE BURTONSVILLE MD, INFRONT OF THE  GREEN TURTLE",,"PEDESTRIAN","OTHER","RAINING",,"DARK LIGHTS ON","NO CONTROLS","N/A","N/A","A8A7976C-EA8A-460F-B51E-B7CD6A58C6C4","PEDESTRIAN","Other","NO IMPROPER ACTIONS","OTHER","No","POSSIBLE INJURY","N/A","39.11191899","-76.93350961","    (39.11191899, -76.93350961)"
"DD5633006J","220004821","Rockville Police Departme","Injury Crash","02/04/2022 07:20:00 AM","County","ROTHGEB DR","ROTHGEB DR (BACK)",,"ROCKVILLE","PEDESTRIAN","SINGLE VEHICLE","N/A","DRY","DAYLIGHT","N/A","UNKNOWN","NONE DETECTED","B172C407-17F8-4E18-9D37-8D9A2AB8E0AA","PEDESTRIAN","Walking/Cycling on Sidewalk","NO IMPROPER ACTIONS","SIDEWALK","No","POSSIBLE INJURY","NONE","39.09748875","-77.13356118","    (39.09748875, -77.13356118)"
"MCP30640045","220004815","Montgomery County Police","Injury Crash","02/04/2022 06:40:00 AM","County","ARCOLA AVE","KENBROOK DR",,"N/A","PEDESTRIAN","SINGLE VEHICLE","RAINING","WET","DARK NO LIGHTS","N/A","NONE DETECTED","NONE DETECTED","697DD1AE-47CA-4506-B8ED-84CBCE021915","PEDESTRIAN","Other","NOT VISIBLE","OTHER","Unknown","SUSPECTED MINOR INJURY","NONE","39.03899833","-77.02845167","    (39.03899833, -77.02845167)"
"DD5540001L","220004798","Rockville Police Departme","Injury Crash","02/03/2022 09:40:00 PM",,,,"16001 SHADY GROVE RD",,"PEDESTRIAN","OTHER","RAINING",,"DARK LIGHTS ON","TRAFFIC SIGNAL","NONE DETECTED","ALCOHOL PRESENT","D5DE4AEE-96BF-4596-97E6-4C062CA7E65A","PEDESTRIAN","Other","OTHER","OTHER","Yes","SUSPECTED SERIOUS INJURY","NONE","39.11910052","-77.18213407","    (39.11910052, -77.18213407)"
"EJ7869003B","220004545","Gaithersburg Police Depar","Injury Crash","02/02/2022 03:00:00 PM",,,,"474 N FREDERICK AVE GAITHERSBURG, MD 20878",,"PEDESTRIAN","OTHER","CLEAR",,"DAYLIGHT","N/A","NONE DETECTED","NONE DETECTED","40688F48-3C0C-4F50-9C82-6751344D39ED","PEDESTRIAN","Getting off/on Vehicle","ENTERING EXITING PARKED STANDING VEHICLE","OTHER","Yes","SUSPECTED MINOR INJURY","NONE","39.14864952","-77.20825275","    (39.14864952, -77.20825275)"
"MCP1534000H","220004555","Montgomery County Police","Injury Crash","02/02/2022 02:50:00 PM","Maryland (State)","FREDERICK RD","FOREMAN BLVD",,"N/A","PEDESTRIAN","OTHER","CLEAR","DRY","DAYLIGHT","TRAFFIC SIGNAL","NONE DETECTED","N/A","010AA54B-4F37-4F9C-AAE1-F3728B1DC091","PEDESTRIAN","Cross/Enter at Intersection","N/A","ON ROADWAY AT CROSSWALK","No","POSSIBLE INJURY","N/A","39.22804167","-77.266165","    (39.22804167, -77.266165)"
"MCP3153003N","220004279","Montgomery County Police","Injury Crash","02/01/2022 08:45:00 AM","Maryland (State)","CONNECTICUT AVE","CONNECTICUT AVE (AHEAD)",,"N/A","PEDESTRIAN","STRAIGHT MOVEMENT ANGLE","CLEAR","DRY","DAYLIGHT","OTHER","NONE DETECTED","NONE DETECTED","1DAFBABA-3747-4D57-BF9A-42AF0383923A","PEDESTRIAN","Cross/Enter at Intersection","NO IMPROPER ACTIONS","AT INTERSECTION MARKED CROSSWALK","No","SUSPECTED SERIOUS INJURY","NONE","39.094905","-77.06913833","    (39.094905, -77.06913833)"
"MCP3042003M","220004277","Montgomery County Police","Injury Crash","02/01/2022 07:40:00 AM","County","GLENALLAN AVE","LAYHILL RD",,"N/A","PEDESTRIAN","OTHER","CLEAR","DRY","DAWN","TRAFFIC SIGNAL","UNKNOWN","NONE DETECTED","1444A6CF-24CF-4763-9295-83BA90D7BB4C","PEDESTRIAN","Cross/Enter at Intersection","NO IMPROPER ACTIONS","ON ROADWAY AT CROSSWALK","No","SUSPECTED MINOR INJURY","NONE","39.06318568","-77.05016024","    (39.06318568, -77.05016024)"
"EJ7895000D","220004216","Gaithersburg Police Depar","Injury Crash","01/31/2022 06:30:00 PM","Municipality","E DIAMOND AVE","E DIAMOND AVE",,"GAITHERSBURG","BICYCLIST","STRAIGHT MOVEMENT ANGLE","CLEAR","DRY","DARK LIGHTS ON","NO CONTROLS","N/A","N/A","CB7634EF-A687-414B-A19F-E0905765D671","BICYCLIST","Cross/Enter not at Intersection","IMPROPER TURN MERGE","ON ROADWAY NOT AT CROSSWALK","Yes","POSSIBLE INJURY","NONE","39.14201479","-77.1888905","    (39.14201479, -77.1888905)"
"MCP3019004G","220004192","Montgomery County Police","Injury Crash","01/31/2022 04:30:00 PM",,,,"4310 MONTGOMERY AVENUE",,"PEDESTRIAN","OTHER","CLEAR",,"DAYLIGHT","NO CONTROLS","N/A","N/A","130F5AEA-F409-4463-9EF7-EA53207FCBF7","PEDESTRIAN","Other","N/A","SIDEWALK","No","POSSIBLE INJURY","NONE","38.98498","-77.08728333","    (38.98498, -77.08728333)"
"MCP32270039","220004178","Montgomery County Police","Injury Crash","01/31/2022 03:47:00 PM","US (State)","COLUMBIA PIKE","ENT TO BURNT MILLS SHOPPING CENTER",,"N/A","PEDESTRIAN","SINGLE VEHICLE","CLEAR","DRY","DAYLIGHT","TRAFFIC SIGNAL","NONE DETECTED","NONE DETECTED","03540B9E-BE08-460D-BD70-F855307A9B04","PEDESTRIAN","Cross/Enter at Intersection","NO IMPROPER ACTIONS","ON ROADWAY AT CROSSWALK","No","SUSPECTED MINOR INJURY","NONE","39.03101133","-77.0043415","    (39.03101133, -77.0043415)"
"MCP3010006L","220004103","Montgomery County Police","Injury Crash","01/31/2022 08:50:00 AM","Municipality","KENSINGTON PKWY","KENT ST",,"KENSINGTON","PEDESTRIAN","OTHER","CLOUDY","DRY","DAYLIGHT","NO CONTROLS","N/A","N/A","E84D21AD-92DD-4293-8EC3-87BF2B7B310D","PEDESTRIAN","Other","NO IMPROPER ACTIONS","SIDEWALK","No","SUSPECTED MINOR INJURY","NONE","39.022515","-77.07231667","    (39.022515, -77.07231667)"
"MCP3300001F","220004093","Montgomery County Police","Injury Crash","01/31/2022 07:55:00 AM","County","MONTICELLO AVE","KEMP MILL RD",,"N/A","PEDESTRIAN","OTHER","CLEAR","DRY","DAYLIGHT","PERSON","NONE DETECTED","NONE DETECTED","2881240F-F754-4790-BE6D-10CCC3E51B58","PEDESTRIAN","Other Working","DART DASH","ON ROADWAY NOT AT CROSSWALK","Yes","SUSPECTED MINOR INJURY","REFLECTIVE CLOTHING","39.047313","-77.0296645","    (39.047313, -77.0296645)"
"MCP31690052","220003904","Montgomery County Police","Injury Crash","01/29/2022 12:24:00 PM",,,,"PARKING LOT OF 10101 NEW HAMPSHIRE AVE",,"PEDESTRIAN","OTHER","CLEAR",,"DAYLIGHT","N/A","N/A","N/A","7D31B429-2809-4A67-9156-F190176ACE7A","PEDESTRIAN","Standing","NO IMPROPER ACTIONS","OTHER","No","POSSIBLE INJURY","NONE","39.02121072","-76.97599366","    (39.02121072, -76.97599366)"
"MCP2990000Y","220003872","Montgomery County Police","Injury Crash","01/29/2022 12:35:00 AM","Maryland (State)","FREDERICK RD","SHADY GROVE RD",,"N/A","OTHER","SAME DIR REND LEFT TURN","WINTRY MIX","WET","DARK LIGHTS ON","TRAFFIC SIGNAL","ALCOHOL PRESENT, N/A","UNKNOWN","DF95333A-FB40-46B9-A89C-B9CD223F6AD7","OTHER","Unknown","UNKNOWN","UNKNOWN","No","NO APPARENT INJURY","N/A","39.12221","-77.17792167","    (39.12221, -77.17792167)"
"MCP30310049","220003867","Montgomery County Police","Injury Crash","01/28/2022 11:07:00 PM","Maryland (State)","SPENCERVILLE RD","STABLER LA",,"N/A","OTHER","SAME DIR REND LEFT TURN","RAINING","WET","DARK LIGHTS ON","NO CONTROLS","ALCOHOL PRESENT, NONE DETECTED","NONE DETECTED","8A9CABEB-9594-462C-AB1F-4BA24796F7C3","OTHER","Standing","NO IMPROPER ACTIONS","SHOULDER","No","SUSPECTED SERIOUS INJURY","NONE","39.120805","-76.98727","    (39.120805, -76.98727)"
"MCP2450003X","220003835","Montgomery County Police","Injury Crash","01/28/2022 07:10:00 PM",,,,"PARKING LOT OF 8523 PINEY BRANCH RD",,"PEDESTRIAN","OTHER","SNOW",,"DARK LIGHTS ON","NO CONTROLS","ALCOHOL PRESENT","NONE DETECTED","3C1E2079-23AD-4A77-8C5E-05E95BB9DFE8","PEDESTRIAN","Other","NO IMPROPER ACTIONS","OTHER","No","SUSPECTED MINOR INJURY","N/A","38.99833014","-77.00240002","    (38.99833014, -77.00240002)"
"MCP271700WR","220003800","Montgomery County Police","Property Damage Crash","01/28/2022 04:04:00 PM","County","RANDOLPH RD","NEBEL ST",,"N/A","BICYCLIST","UNKNOWN","N/A","N/A","DAYLIGHT","TRAFFIC SIGNAL","NONE DETECTED","NONE DETECTED","43D577F1-C911-43B0-BF8E-1A8E73495F78","BICYCLIST","Cross/Enter at Intersection","UNKNOWN","OTHER","Unknown","NO APPARENT INJURY","MC/BIKE HELMET","39.1168015","-77.20569483","    (39.1168015, -77.20569483)"
"MCP3073005V","220003650","Montgomery County Police","Injury Crash","01/27/2022 06:41:00 PM","County","GRENOBLE DR","ASPEN HILL RD",,"N/A","PEDESTRIAN","OTHER","N/A","N/A","DARK LIGHTS ON","N/A","NONE DETECTED","NONE DETECTED","524D7E48-0AD5-4553-8C4B-683A98989AEE","PEDESTRIAN","Cross/Enter at Intersection","NO IMPROPER ACTIONS","AT INTERSECTION BUT NO CROSSWALK","No","POSSIBLE INJURY","N/A","39.07947","-77.08392","    (39.07947, -77.08392)"
"DD56440029","220003614","Rockville Police Departme","Injury Crash","01/27/2022 04:10:00 PM","Municipality","CHAPMAN AVE","BOUIC AVE",,"ROCKVILLE","PEDESTRIAN","OTHER","CLEAR","DRY","DAYLIGHT","STOP SIGN","NONE DETECTED","NONE DETECTED","5E40EFB2-828F-4AD3-BC11-84649440F2DE","PEDESTRIAN","Cross/Enter at Intersection","NO IMPROPER ACTIONS","ON ROADWAY AT CROSSWALK","No","SUSPECTED MINOR INJURY","NONE","39.06108889","-77.12089636","    (39.06108889, -77.12089636)"
"MCP3218002L","220003487","Montgomery County Police","Injury Crash","01/26/2022 08:00:00 PM","County","RANDOLPH RD","LINDELL ST",,"N/A","PEDESTRIAN","OTHER","CLEAR","DRY","DARK LIGHTS ON","TRAFFIC SIGNAL","NONE DETECTED","NONE DETECTED","5E4AAFA5-3F2D-44F9-B91E-D276E6FEEE4E","PEDESTRIAN","Cross/Enter at Intersection","NO IMPROPER ACTIONS","AT INTERSECTION MARKED CROSSWALK","No","SUSPECTED MINOR INJURY","NONE","39.0592945","-77.06216783","    (39.0592945, -77.06216783)"
"MCP3093003L","220003482","Montgomery County Police","Injury Crash","01/26/2022 07:08:00 PM","Municipality","ARMORY AVE","HOWARD AVE",,"KENSINGTON","PEDESTRIAN","OTHER","CLEAR","DRY","DARK LIGHTS ON","N/A","N/A","N/A","5DB408C3-DD7E-42A0-87D8-4C32A88EE708","PEDESTRIAN","Cross/Enter at Intersection","NO IMPROPER ACTIONS","ON ROADWAY AT CROSSWALK","No","POSSIBLE INJURY","NONE","39.02786204","-77.07455551","    (39.02786204, -77.07455551)"
"MCP3125003G","220003457","Montgomery County Police","Injury Crash","01/26/2022 04:40:00 PM","Maryland (State)","DARNESTOWN RD","MUDDY BRANCH RD",,"N/A","PEDESTRIAN","SINGLE VEHICLE","CLEAR","DRY","DAYLIGHT","TRAFFIC SIGNAL","N/A","N/A","9FF9D603-5681-4BA8-A0E3-BED6D00D4183","PEDESTRIAN","Cross/Enter at Intersection","NO IMPROPER ACTIONS","ON ROADWAY AT CROSSWALK","No","POSSIBLE INJURY","NONE","39.10288","-77.220805","    (39.10288, -77.220805)"
"MCP3037003X","220003437","Montgomery County Police","Injury Crash","01/26/2022 03:18:00 PM",,,,"PARKING LOT OF 20908 FREDERICK RD",,"PEDESTRIAN","SINGLE VEHICLE","CLEAR",,"DAYLIGHT","NO CONTROLS","NONE DETECTED","NONE DETECTED","50D96C23-539E-457E-B264-A280C3760D70","PEDESTRIAN","Cross/Enter at Intersection","INATTENTIVE","ON ROADWAY NOT AT CROSSWALK","No","SUSPECTED SERIOUS INJURY","N/A","39.19909167","-77.24821667","    (39.19909167, -77.24821667)"
"MCP13780109","220003460","Montgomery County Police","Injury Crash","01/26/2022 02:15:00 PM","County","RIDGEFIELD RD","WESTBARD AVE",,"N/A","PEDESTRIAN","SINGLE VEHICLE","CLEAR","DRY","DAYLIGHT","TRAFFIC SIGNAL","NONE DETECTED","NONE DETECTED","D0BA5079-017B-4BBA-97A5-7D3D09C648F2","PEDESTRIAN","Cross/Enter at Intersection","NO IMPROPER ACTIONS","ON ROADWAY AT CROSSWALK","No","POSSIBLE INJURY","NONE","38.96586344","-77.10730828","    (38.96586344, -77.10730828)"
"MCP94190034","220003387","Montgomery County Police","Injury Crash","01/26/2022 09:19:00 AM","County","SHADY GROVE RD","ZETTS AVE",,"N/A","PEDESTRIAN","SAME DIRECTION SIDESWIPE","CLEAR","DRY","DAYLIGHT","NO CONTROLS","NONE DETECTED","NONE DETECTED","192B4BBE-7BC5-4C8C-AF70-FF9C86556AF8","PEDESTRIAN","Other","IN ROADWAY IMPROPERLY","OTHER","Unknown","POSSIBLE INJURY","N/A","39.12144144","-77.1787081","    (39.12144144, -77.1787081)"
"MCP3196002X","220003322","Montgomery County Police","Injury Crash","01/25/2022 05:52:00 PM","County","WISTERIA DR","FATHER HURLEY BLVD",,"N/A","OTHER","OTHER","CLEAR","DRY","UNKNOWN","TRAFFIC SIGNAL","NONE DETECTED","NONE DETECTED","99E4A7AF-B08E-4A55-8C39-11FFD38EB7AD","OTHER","Cross/Enter at Intersection","N/A","ON ROADWAY AT CROSSWALK","No","POSSIBLE INJURY","N/A","39.18136567","-77.27657533","    (39.18136567, -77.27657533)"
"MCP31930031","220003615","Montgomery County Police","Property Damage Crash","01/25/2022 03:00:00 PM",,,,"IN THE PARKING LOT NORTHWOOD HIGH SCHOOL LOCATED AT 919 UNIVERSITY BLVD W SILVER SPRING MD 20901",,"PEDESTRIAN","OTHER","CLEAR",,"DAYLIGHT","NO CONTROLS","N/A","NONE DETECTED","6CAA799C-A373-48FC-B062-A9100CD83AFF","PEDESTRIAN","Cross/Enter not at Intersection","UNKNOWN","ON ROADWAY NOT AT CROSSWALK","No","NO APPARENT INJURY","NONE","39.03473253","-77.02358179","    (39.03473253, -77.02358179)"
"MCP285900BP","220003244","Montgomery County Police","Injury Crash","01/25/2022 01:50:00 PM",,,,"PARKING LOT 46 BUREAU DR, GAITHERSBURG, MD 20878",,"PEDESTRIAN","OTHER","CLEAR",,"DAYLIGHT","NO CONTROLS","NONE DETECTED","NONE DETECTED","207DC9B8-DB3E-4B7A-92E1-8D0D9833AAB1","PEDESTRIAN","Other","NO IMPROPER ACTIONS","OTHER","No","POSSIBLE INJURY","NONE","39.14391649","-77.21831038","    (39.14391649, -77.21831038)"
"MCP3068003R","220002996","Montgomery County Police","Injury Crash","01/23/2022 07:40:00 PM",,,,"PARKING LOT",,"PEDESTRIAN","SINGLE VEHICLE","CLEAR",,"DARK LIGHTS ON","N/A","N/A","N/A","9CF99A51-0B31-402C-9103-DF1D722146E7","PEDESTRIAN","Other","NO IMPROPER ACTIONS","OUTSIDE RIGHT OF WAY","No","POSSIBLE INJURY","NONE","39.014625","-77.10509","    (39.014625, -77.10509)"
"MCP3068003R","220002996","Montgomery County Police","Injury Crash","01/23/2022 07:40:00 PM",,,,"PARKING LOT",,"PEDESTRIAN","SINGLE VEHICLE","CLEAR",,"DARK LIGHTS ON","N/A","N/A","N/A","CD081A3F-D4B5-41E2-B1CD-02C836F0A3E5","PEDESTRIAN","Other","NO IMPROPER ACTIONS","OUTSIDE RIGHT OF WAY","No","POSSIBLE INJURY","NONE","39.014625","-77.10509","    (39.014625, -77.10509)"
"MCP3038005M","220002877","Montgomery County Police","Injury Crash","01/22/2022 06:40:00 PM","Maryland (State)","FREDERICK RD","MARYLAND AVE",,"GAITHERSBURG","PEDESTRIAN","OTHER","CLEAR","N/A","DARK LIGHTS ON","STOP SIGN","NONE DETECTED","NONE DETECTED","7DF6BD89-EF9F-49D3-A328-0E758FF01DB6","PEDESTRIAN","Cross/Enter not at Intersection","DART DASH","ON ROADWAY NOT AT CROSSWALK","Yes","SUSPECTED MINOR INJURY","NONE","39.14436011","-77.20207834","    (39.14436011, -77.20207834)"
"DD5653000T","220002694","Rockville Police Departme","Injury Crash","01/21/2022 03:31:00 PM","Municipality","WOOTTON PKWY","GREENPLACE TERR",,"ROCKVILLE","PEDESTRIAN","SINGLE VEHICLE","CLOUDY","DRY","DAYLIGHT","TRAFFIC SIGNAL","N/A","NONE DETECTED","62EB08C2-AF52-4A35-BDA7-424B5A6A73AD","PEDESTRIAN","Walking/Cycling on Sidewalk","NO IMPROPER ACTIONS","SIDEWALK","Unknown","SUSPECTED MINOR INJURY","N/A","39.07451865","-77.18219412","    (39.07451865, -77.18219412)"
"MCP3042003L","220002612","Montgomery County Police","Injury Crash","01/21/2022 06:50:00 AM","County","HICKERSON DR","GEORGIA AVE",,"N/A","PEDESTRIAN","HEAD ON LEFT TURN","CLOUDY","DRY","DAWN","NO CONTROLS","NONE DETECTED","NONE DETECTED","D03A5670-9A99-4C8C-A8A7-BE6B3C262F07","PEDESTRIAN","Cross/Enter at Intersection","NO IMPROPER ACTIONS","ON ROADWAY AT CROSSWALK","No","SUSPECTED MINOR INJURY","NONE","39.04215667","-77.05178","    (39.04215667, -77.05178)"
"MCP2455004P","220002544","Montgomery County Police","Injury Crash","01/20/2022 03:40:00 PM",,,,"PARKING LOT OF 12051 ROCKVILLE PIKE",,"PEDESTRIAN","OTHER","CLEAR",,"DAYLIGHT","N/A","NONE DETECTED","NONE DETECTED","9A3FFC8F-03E9-47A5-907C-0FA7DB010C08","PEDESTRIAN","Standing","NO IMPROPER ACTIONS","OTHER","No","POSSIBLE INJURY","UNKNOWN","39.05514725","-77.11523823","    (39.05514725, -77.11523823)"
"MCP1323001N","220002521","Montgomery County Police","Property Damage Crash","01/20/2022 02:30:00 PM","Maryland (State)","COLESVILLE RD","EAST WEST HWY",,"N/A","BICYCLIST","SAME DIRECTION SIDESWIPE","CLOUDY","WET","DAYLIGHT","TRAFFIC SIGNAL","NONE DETECTED","NONE DETECTED","FA4F0B13-20B2-4B19-B9A4-2D548F3E562E","BICYCLIST","Cross/Enter at Intersection","UNKNOWN","ON ROADWAY AT CROSSWALK","Unknown","NO APPARENT INJURY","MC/BIKE HELMET","38.99419","-77.03125333","    (38.99419, -77.03125333)"
"MCP29050056","220002282","Montgomery County Police","Injury Crash","01/19/2022 06:49:00 AM","County","DEMOCRACY BLVD","BELLS MILL RD",,"N/A","PEDESTRIAN","STRAIGHT MOVEMENT ANGLE","CLOUDY","WET","DARK LIGHTS ON","NO CONTROLS","N/A","N/A","2B085D08-63A1-46EE-A069-02200307D912","PEDESTRIAN","Cross/Enter at Intersection","NOT VISIBLE","ON ROADWAY NOT AT CROSSWALK","Unknown","SUSPECTED SERIOUS INJURY","NONE","39.02316607","-77.15377932","    (39.02316607, -77.15377932)"
"MCP263900DL","220002119","Montgomery County Police","Property Damage Crash","01/18/2022 07:46:00 AM","County","CRYSTAL ROCK DR","WISTERIA DR",,"N/A","PEDESTRIAN","STRAIGHT MOVEMENT ANGLE","CLOUDY","SNOW","DAYLIGHT","NO CONTROLS","NONE DETECTED","NONE DETECTED","D3B73550-DAB0-42D2-B311-E745785BE1D4","PEDESTRIAN","Cross/Enter not at Intersection","DART DASH","ON ROADWAY NOT AT CROSSWALK","Yes","NO APPARENT INJURY","NONE","39.17400833","-77.26557833","    (39.17400833, -77.26557833)"
"MCP23480065","220002096","Montgomery County Police","Fatal Crash","01/17/2022 06:26:00 PM","Maryland (State)","VEIRS MILL RD","FERRARA AVE",,"N/A","PEDESTRIAN","SINGLE VEHICLE","CLEAR","DRY","DARK LIGHTS ON","TRAFFIC SIGNAL","UNKNOWN","NONE DETECTED","81EC19F8-138A-4793-AE5C-F44F72E332B3","PEDESTRIAN","Cross/Enter at Intersection","IN ROADWAY IMPROPERLY","ON ROADWAY AT CROSSWALK","Yes","FATAL INJURY","N/A","39.05354","-77.07760167","    (39.05354, -77.07760167)"
"MCP2492001R","220002081","Montgomery County Police","Fatal Crash","01/17/2022 05:37:00 PM","Maryland (State)","NEW HAMPSHIRE AVE","ELTON RD",,"N/A","PEDESTRIAN","OTHER","N/A","DRY","DARK LIGHTS ON","TRAFFIC SIGNAL","NONE DETECTED","UNKNOWN","3022BF97-E091-41CC-804C-94F74CB8B12E","PEDESTRIAN","Cross/Enter at Intersection","DART DASH","ON ROADWAY AT CROSSWALK","Yes","FATAL INJURY","N/A","39.01972333","-76.97678667","    (39.01972333, -76.97678667)"
"DD5633006H","220001938","Rockville Police Departme","Injury Crash","01/16/2022 11:25:00 AM","Maryland (State)","VEIRS MILL RD","ATLANTIC AVE",,"ROCKVILLE","PEDESTRIAN","OTHER","CLEAR","DRY","DAYLIGHT","TRAFFIC SIGNAL","UNKNOWN","ALCOHOL PRESENT","3011C2D6-0CED-447E-9499-BA704B26346A","PEDESTRIAN","Cross/Enter at Intersection","DART DASH","ON ROADWAY AT CROSSWALK","Yes","POSSIBLE INJURY","N/A","39.07496232","-77.11570394","    (39.07496232, -77.11570394)"
"MCP3264002B","220001928","Montgomery County Police","Property Damage Crash","01/16/2022 07:51:00 AM","County","FENTON ST","BONIFANT ST",,"N/A","OTHER","SINGLE VEHICLE","CLEAR","DRY","DARK -- UNKNOWN LIGHTING","NO CONTROLS","N/A","NONE DETECTED","AF274216-1AD5-454F-9D97-9431A8904F78","OTHER","Other","N/A","N/A","No","NO APPARENT INJURY","N/A","38.99471551","-77.02362731","    (38.99471551, -77.02362731)"
"MCP30740052","220001763","Montgomery County Police","Injury Crash","01/14/2022 05:50:00 PM","Maryland (State)","16TH ST","SECOND AVE",,"N/A","PEDESTRIAN","SINGLE VEHICLE","CLEAR","DRY","DARK LIGHTS ON","TRAFFIC SIGNAL","N/A","N/A","57C606A2-6E53-4BCB-83FA-E3B155DA227C","PEDESTRIAN","Cross/Enter at Intersection","NO IMPROPER ACTIONS","ON ROADWAY AT CROSSWALK","No","POSSIBLE INJURY","N/A","38.99664247","-77.03649706","    (38.99664247, -77.03649706)"
"DD5633006G","220001677","Rockville Police Departme","Injury Crash","01/14/2022 11:00:00 AM","Municipality","THOMPSON AVE","ROCKVILLE PIKE",,"N/A","PEDESTRIAN","SINGLE VEHICLE","CLOUDY","DRY","DAYLIGHT","STOP SIGN","NONE DETECTED","NONE DETECTED","9F7A5A60-05FF-4068-A764-F67CDC282FEB","PEDESTRIAN","Cross/Enter at Intersection","NO IMPROPER ACTIONS","ON ROADWAY AT CROSSWALK","No","POSSIBLE INJURY","N/A","39.05937798","-77.12165963","    (39.05937798, -77.12165963)"
"MCP1227001K","220001661","Montgomery County Police","Fatal Crash","01/14/2022 08:30:00 AM","Maryland (State)","FREDERICK RD","S WESTLAND DR",,"N/A","BICYCLIST","SINGLE VEHICLE","CLEAR","DRY","DAYLIGHT","TRAFFIC SIGNAL","NONE DETECTED","NONE DETECTED","1ED8B103-7F63-49BA-A233-46ABEF4895CA","BICYCLIST","Cross/Enter at Intersection","FAILURE TO OBEY TRAFFIC SIGNS SIGNALS OR OFFICER","AT INTERSECTION MARKED CROSSWALK","Yes","FATAL INJURY","NONE","39.12608939","-77.18279453","    (39.12608939, -77.18279453)"
"EJ7884003L","220001618","Gaithersburg Police Depar","Injury Crash","01/13/2022 07:35:00 PM","Municipality","RIO BLVD","FIELDS RD",,"N/A","PEDESTRIAN","SINGLE VEHICLE","CLEAR","DRY","DARK LIGHTS ON","STOP SIGN","N/A","N/A","CF57760C-6B88-4E44-848F-125019BB308D","PEDESTRIAN","Cross/Enter at Intersection","N/A","ON ROADWAY AT CROSSWALK","No","POSSIBLE INJURY","NONE","39.11525968","-77.20468778","    (39.11525968, -77.20468778)"
"MCP3078004K","220001415","Montgomery County Police","Injury Crash","01/12/2022 03:29:00 PM",,,,"13464 NEW HAMPSHIRE AVENUE",,"PEDESTRIAN","OTHER","N/A",,"DAYLIGHT","NO CONTROLS","NONE DETECTED","NONE DETECTED","6728B5EC-E97A-462E-A4FE-BFB663C63619","PEDESTRIAN","Getting off/on Vehicle","INATTENTIVE","OTHER","Yes","POSSIBLE INJURY","NONE","39.077005","-77.00261333","    (39.077005, -77.00261333)"
"MCP2919008Z","220001171","Montgomery County Police","Injury Crash","01/10/2022 06:40:00 PM","Maryland (State)","PINEY BRANCH RD","ARLISS ST",,"N/A","PEDESTRIAN","STRAIGHT MOVEMENT ANGLE","CLEAR","DRY","DARK LIGHTS ON","N/A","NONE DETECTED","NONE DETECTED","36EE2F6F-03DC-4B0A-8BB3-70D5039FB81B","PEDESTRIAN","Cross/Enter not at Intersection","FAILURE TO YIELD RIGHT OF WAY","ON ROADWAY NOT AT CROSSWALK","Yes","POSSIBLE INJURY","NONE","38.998555","-77.00186167","    (38.998555, -77.00186167)"
"MCP3124004Z","220001172","Montgomery County Police","Injury Crash","01/10/2022 06:26:00 PM","County","RANDOLPH RD","GLENMONT CIR #1",,"N/A","PEDESTRIAN","OTHER","N/A","DRY","DARK LIGHTS ON","NO CONTROLS","NONE DETECTED","UNKNOWN","6A3E6C66-869F-4C21-8499-A1E720E497B4","PEDESTRIAN","Cross/Enter not at Intersection","IN ROADWAY IMPROPERLY","ON ROADWAY NOT AT CROSSWALK","Yes","SUSPECTED SERIOUS INJURY","N/A","39.059555","-77.04763","    (39.059555, -77.04763)"
"MCP3121004N","220001180","Montgomery County Police","Property Damage Crash","01/10/2022 06:23:00 PM",,,,"CROSSING AREA NEXT TO 18621 WALKERS CHOICE ROAD",,"PEDESTRIAN","OTHER","CLEAR",,"DARK LIGHTS ON","NO CONTROLS","UNKNOWN","NONE DETECTED","DC903203-C8B8-4923-9B25-8B96D05716C9","PEDESTRIAN","Other","OTHER","OUTSIDE RIGHT OF WAY","Yes","NO APPARENT INJURY","N/A","39.16186967","-77.20433514","    (39.16186967, -77.20433514)"
"MCP26350074","220001045","Montgomery County Police","Injury Crash","01/09/2022 08:39:00 PM","County","NEWPORT MILL RD","VEIRS MILL RD",,"N/A","PEDESTRIAN","SINGLE VEHICLE","CLEAR","WET","DARK LIGHTS ON","TRAFFIC SIGNAL","N/A","UNKNOWN","5E010D71-040D-497E-B3F7-ED06A05284E9","PEDESTRIAN","Walking/Riding against Traffic","IN ROADWAY IMPROPERLY","ON ROADWAY NOT AT CROSSWALK","Yes","SUSPECTED SERIOUS INJURY","NONE","39.04504667","-77.06498333","    (39.04504667, -77.06498333)"