"Report Number","Local Case Number","Agency Name","ACRS Report Type","Crash Date/Time","Route Type","Road Name","Cross-Street Name","Off-Road Description","Municipality","Related Non-Motorist","Collision Type","Weather","Surface Condition","Light","Traffic Control","Driver Substance Abuse","Non-Motorist Substance Abuse","Person ID","Pedestrian Type","Pedestrian Movement","Pedestrian Actions","Pedestrian Location","At Fault","Injury Severity","Safety Equipment","Latitude","Longitude","Location"
"MCP31630043","220001026","Montgomery County Police","Injury Crash","01/09/2022 05:34:00 PM","Maryland (State)","ROCKVILLE PIKE","MARINELLI RD",,"N/A","PEDESTRIAN","STRAIGHT MOVEMENT ANGLE","RAINING","WET","DARK LIGHTS ON","TRAFFIC SIGNAL","N/A","N/A","E14B39FB-7C9C-4500-B0B5-918A6B15FC0B","PEDESTRIAN","Cross/Enter at Intersection","N/A","ON ROADWAY AT CROSSWALK","No","POSSIBLE INJURY","N/A","39.04946202","-77.10907586","    (39.04946202, -77.10907586)"
"MCP2850001Z","220000526","Montgomery County Police","Injury Crash","01/05/2022 01:44:00 PM",,,,"PARKING LOT OF KENTLANDS MANOR SENIOR APARTMENTS LOCATED AT 221 BOOTH ST",,"PEDESTRIAN","OTHER","CLEAR",,"DAYLIGHT","NO CONTROLS","N/A","N/A","3269BC59-AE63-48E4-9898-51F7999A0979","PEDESTRIAN","Cross/Enter not at Intersection","NO IMPROPER ACTIONS","OTHER","No","SUSPECTED MINOR INJURY","N/A","39.12250167","-77.239915","    (39.12250167, -77.239915)"
"EJ78440014","220000415","Gaithersburg Police Depar","Injury Crash","01/04/2022 03:30:00 PM",,"W WATKINS MILL RD","SB I-270 EXIT RAMP",,"N/A","BICYCLIST","STRAIGHT MOVEMENT ANGLE","CLEAR","DRY","DAYLIGHT","TRAFFIC SIGNAL","NONE DETECTED","NONE DETECTED","387D2082-1F64-4AA6-8268-704CEFBA9137","BICYCLIST","Walking/Riding w/Traffic","NO IMPROPER ACTIONS","ON ROADWAY AT CROSSWALK","No","SUSPECTED MINOR INJURY","UNKNOWN","39.15660815","-77.22456573","    (39.15660815, -77.22456573)"
"MCP31630042","220000205","Montgomery County Police","Property Damage Crash","01/02/2022 06:24:00 PM",,,,"PARKING LOT OF 11845 OLD GEORGETOWN RD (HARRIS TEETER)",,"OTHER","OTHER","CLEAR",,"DUSK","N/A",,"N/A","AB4C0BCC-8342-4A67-84CB-E20C15EE060D","OTHER","Other","INATTENTIVE","OTHER","Yes","NO APPARENT INJURY","N/A","39.04946202","-77.10907586","    (39.04946202, -77.10907586)"
"MCP30180049","220000180","Montgomery County Police","Injury Crash","01/02/2022 04:49:00 PM","Maryland (State)","GEORGIA AVE","REEDIE DR",,"N/A","PEDESTRIAN","OTHER","CLEAR","DRY","DAYLIGHT","TRAFFIC SIGNAL","NONE DETECTED","NONE DETECTED","7B6421A8-59F8-47CB-A1C5-532050BED017","PEDESTRIAN","Cross/Enter at Intersection","NO IMPROPER ACTIONS","AT INTERSECTION MARKED CROSSWALK","No","POSSIBLE INJURY","NONE","39.03879333","-77.05089667","    (39.03879333, -77.05089667)"
"MCP2450003V","220000178","Montgomery County Police","Injury Crash","01/02/2022 04:20:00 PM","Maryland (State)","PINEY BRANCH RD","UNIVERSITY BLVD E",,"N/A","PEDESTRIAN","OTHER","N/A","WET","UNKNOWN","OTHER","N/A","ALCOHOL CONTRIBUTED","32D36CC3-596D-4D22-A61A-B527E8B134D5","PEDESTRIAN","Unknown","UNKNOWN","CURB","Yes","SUSPECTED SERIOUS INJURY","N/A","38.99956189","-76.99609516","    (38.99956189, -76.99609516)"
"MCP3016003F","210053339","Montgomery County Police","Injury Crash","12/31/2021 01:57:00 PM",,,,"PARKING LOT 12949 WISTERIA DRIVE (7-11)",,"PEDESTRIAN","OTHER","CLEAR",,"DAYLIGHT","STOP SIGN","N/A","N/A","44672A1C-E062-4094-B6EB-E2F1C9D195EA","PEDESTRIAN","Cross/Enter at Intersection","UNKNOWN","AT INTERSECTION BUT NO CROSSWALK","Unknown","POSSIBLE INJURY","N/A","39.17845739","-77.2702738","    (39.17845739, -77.2702738)"
"MCP3112005R","210053334","Montgomery County Police","Injury Crash","12/31/2021 12:18:00 PM","Maryland (State)","WISCONSIN AVE","CHESTNUT ST",,"N/A","PEDESTRIAN","OTHER","CLOUDY","DRY","DAYLIGHT","NO CONTROLS","NONE DETECTED","NONE DETECTED","FCB3B52D-BCE5-442E-B219-669AC1A6739C","PEDESTRIAN","Cross/Enter at Intersection","NO IMPROPER ACTIONS","AT INTERSECTION MARKED CROSSWALK","No","SUSPECTED MINOR INJURY","NONE","38.99348833","-77.09561","    (38.99348833, -77.09561)"
"MCP3112005R","210053334","Montgomery County Police","Injury Crash","12/31/2021 12:18:00 PM","Maryland (State)","WISCONSIN AVE","CHESTNUT ST",,"N/A","PEDESTRIAN","OTHER","CLOUDY","DRY","DAYLIGHT","NO CONTROLS","NONE DETECTED","NONE DETECTED","04F1C0FC-3A11-4E17-9259-172DC64BCE85","PEDESTRIAN","Cross/Enter at Intersection","NO IMPROPER ACTIONS","AT INTERSECTION MARKED CROSSWALK","No","SUSPECTED MINOR INJURY","NONE","38.99348833","-77.09561","    (38.99348833, -77.09561)"
"MCP2965005L","210053307","Montgomery County Police","Injury Crash","12/31/2021 08:35:00 AM","County","FAIRLAND RD","TAMARACK RD",,"N/A","PEDESTRIAN","SINGLE VEHICLE","CLOUDY","WET","DAYLIGHT","TRAFFIC SIGNAL","NONE DETECTED","NONE DETECTED","927B0794-4F49-4339-9BB7-A6D8748F87C3","PEDESTRIAN","Cross/Enter at Intersection","UNKNOWN","ON ROADWAY AT CROSSWALK","No","SUSPECTED MINOR INJURY","NONE","39.07807833","-76.979865","    (39.07807833, -76.979865)"
"MCP2330003D","210053221","Montgomery County Police","Injury Crash","12/30/2021 03:38:00 PM","Maryland (State)","VEIRS MILL RD","REEDIE DR",,"N/A","BICYCLIST","OTHER","CLEAR","WET","DAYLIGHT","TRAFFIC SIGNAL","NONE DETECTED","NONE DETECTED","8AD4A919-F302-4077-BA22-8443176B7F0B","BICYCLIST","Cross/Enter at Intersection","FAILURE TO YIELD RIGHT OF WAY","ON ROADWAY NOT AT CROSSWALK","Yes","SUSPECTED MINOR INJURY","NONE","39.03843833","-77.05266333","    (39.03843833, -77.05266333)"
"MCP32330028","210053101","Montgomery County Police","Injury Crash","12/29/2021 07:02:00 PM","Maryland (State)","PINEY BRANCH RD","ARLISS ST",,"N/A","PEDESTRIAN","SINGLE VEHICLE","RAINING","WET","DARK LIGHTS ON","TRAFFIC SIGNAL","NONE DETECTED","NONE DETECTED","2F8E7A71-9368-44EA-AB39-C6A8084FF0C8","PEDESTRIAN","Cross/Enter at Intersection","INATTENTIVE","AT INTERSECTION BUT NO CROSSWALK","Yes","SUSPECTED MINOR INJURY","NONE","39.03265417","-77.006332","    (39.03265417, -77.006332)"
"DD5653000K","210052830","Rockville Police Departme","Injury Crash","12/27/2021 06:35:00 PM","Municipality","MONROE ST","ROAD END",,"N/A","PEDESTRIAN","OTHER","N/A","DRY","DARK NO LIGHTS","NO CONTROLS","UNKNOWN","N/A","519B501D-D7C4-4AE9-80A8-ED834B05512E","PEDESTRIAN","Walking/Riding w/Traffic","NOT VISIBLE","ON ROADWAY NOT AT CROSSWALK","Yes","SUSPECTED MINOR INJURY","NONE","39.07266369","-77.15461948","    (39.07266369, -77.15461948)"
"MCP12130066","210052617","Montgomery County Police","Injury Crash","12/25/2021 09:41:00 PM","County","GOOD HOPE RD","WINDMILL LA",,"N/A","PEDESTRIAN","SAME DIRECTION SIDESWIPE","RAINING","WET","DARK LIGHTS ON","NO CONTROLS","NONE DETECTED","NONE DETECTED","40148C04-15A7-46E7-81E1-D5EF0944179C","PEDESTRIAN","Walking/Riding against Traffic","IN ROADWAY IMPROPERLY","ON ROADWAY NOT AT CROSSWALK","Yes","SUSPECTED MINOR INJURY","NONE","39.10075167","-76.98282833","    (39.10075167, -76.98282833)"
"MCP9386008Z","210052390","Montgomery County Police","Property Damage Crash","12/23/2021 06:10:00 PM","County","PRICHARD RD","CONE LA",,"N/A","PEDESTRIAN","OTHER","CLEAR","DRY","DARK LIGHTS ON","N/A","NONE DETECTED","NONE DETECTED","EFBDCC07-B68A-4ACE-A055-1D5402D70B37","PEDESTRIAN","Standing","NO IMPROPER ACTIONS","ON ROADWAY NOT AT CROSSWALK","No","NO APPARENT INJURY","NONE","39.0366085","-77.04600817","    (39.0366085, -77.04600817)"
"DD5583006V","210052325","Rockville Police Departme","Injury Crash","12/23/2021 12:11:00 PM","Maryland (State)","HUNGERFORD DR","BEALL AVE #2",,"ROCKVILLE","PEDESTRIAN","SINGLE VEHICLE","CLEAR","DRY","DAYLIGHT","NO CONTROLS","NONE DETECTED","NONE DETECTED","9884385A-7BBA-458D-B41C-94EC54E51743","PEDESTRIAN","Walking/Cycling on Sidewalk","NO IMPROPER ACTIONS","DRIVEWAY ACCESS MARKED CROSSWALK","No","POSSIBLE INJURY","N/A","39.08715583","-77.150315","    (39.08715583, -77.150315)"
"DD5583006V","210052325","Rockville Police Departme","Injury Crash","12/23/2021 12:11:00 PM","Maryland (State)","HUNGERFORD DR","BEALL AVE #2",,"ROCKVILLE","PEDESTRIAN","SINGLE VEHICLE","CLEAR","DRY","DAYLIGHT","NO CONTROLS","NONE DETECTED","NONE DETECTED","0A2D88EA-6A84-4738-A6C0-2C2C3F19B947","PEDESTRIAN","Walking/Cycling on Sidewalk","NO IMPROPER ACTIONS","DRIVEWAY ACCESS MARKED CROSSWALK","No","SUSPECTED MINOR INJURY","N/A","39.08715583","-77.150315","    (39.08715583, -77.150315)"
"MCP31700028","210052095","Montgomery County Police","Injury Crash","12/21/2021 08:03:00 PM","Maryland (State)","CLOPPER RD","KINGSVIEW VILLAGE AVE",,"N/A","PEDESTRIAN","STRAIGHT MOVEMENT ANGLE","CLEAR","DRY","N/A","TRAFFIC SIGNAL","NONE DETECTED","NONE DETECTED","0D5AE67D-F844-4D47-A6E8-8BAEC07BF5EC","PEDESTRIAN","Cross/Enter at Intersection","NO IMPROPER ACTIONS","ON ROADWAY NOT AT CROSSWALK","No","NO APPARENT INJURY","NONE","39.16075667","-77.27897833","    (39.16075667, -77.27897833)"
"MCP3022004J","210052054","Montgomery County Police","Injury Crash","12/21/2021 03:53:00 PM",,,,"PARKING LOT OF 9809 MAIN ST",,"PEDESTRIAN","OTHER","CLEAR",,"DAYLIGHT","OTHER","N/A","N/A","008CB9F0-5296-4577-AFC1-3BF666229593","PEDESTRIAN","Standing","NO IMPROPER ACTIONS","OTHER","No","SUSPECTED MINOR INJURY","N/A","39.28997667","-77.203585","    (39.28997667, -77.203585)"
"MCP2286003W","210052044","Montgomery County Police","Injury Crash","12/21/2021 03:25:00 PM",,,,"IN FRONT OF 7955 TUCKERMAN LN",,"PEDESTRIAN","OTHER","CLEAR",,"DAYLIGHT","NO CONTROLS","NONE DETECTED","NONE DETECTED","BD10D456-4C30-46D1-949E-005057C25BC1","PEDESTRIAN","Other","N/A","ON ROADWAY NOT AT CROSSWALK","No","SUSPECTED MINOR INJURY","NONE","39.04101333","-77.15797","    (39.04101333, -77.15797)"
"DD5636004M","210051597","Rockville Police Departme","Injury Crash","12/18/2021 05:24:00 PM",,,,"MOBIL GAS STATION 890 ROCKVILLE PIKE",,"PEDESTRIAN","OTHER","CLEAR",,"DARK LIGHTS ON","NO CONTROLS","NONE DETECTED","NONE DETECTED","0229991B-0437-4E5F-B264-FC6DCB517657","PEDESTRIAN","Walking/Cycling on Sidewalk","NO IMPROPER ACTIONS","SIDEWALK","No","SUSPECTED MINOR INJURY","NONE","39.07489225","-77.13562961","    (39.07489225, -77.13562961)"
"MCP32690018","210051319","Montgomery County Police","Injury Crash","12/17/2021 06:44:00 AM","County","LOCKWOOD DR","NEW HAMPSHIRE AVE",,"N/A","PEDESTRIAN","N/A","N/A","DRY","DARK LIGHTS ON","NO CONTROLS","N/A","NONE DETECTED","3404C590-7366-4C36-8AC3-5A84B702E5C2","PEDESTRIAN","Cross/Enter at Intersection","NO IMPROPER ACTIONS","ON ROADWAY AT CROSSWALK","No","SUSPECTED MINOR INJURY","NONE","39.0410885","-76.987243","    (39.0410885, -76.987243)"
"DM8499000R","210051181","Takoma Park Police Depart","Injury Crash","12/16/2021 01:32:00 PM","Maryland (State)","CARROLL AVE","LINCOLN AVE",,"TAKOMA PARK","BICYCLIST","STRAIGHT MOVEMENT ANGLE","CLEAR","DRY","DAYLIGHT","STOP SIGN","NONE DETECTED","NONE DETECTED","DD86E285-E3A1-4E41-BDF0-6ACDBDDB3A09","BICYCLIST","Walking/Riding w/Traffic","NO IMPROPER ACTIONS","N/A","No","SUSPECTED SERIOUS INJURY","MC/BIKE HELMET","38.98162947","-77.00315028","    (38.98162947, -77.00315028)"
"MCP284800BQ","210051102","Montgomery County Police","Injury Crash","12/16/2021 08:08:00 AM","Maryland (State)","ROCKVILLE PIKE","NORTH DR",,"N/A","BICYCLIST","OTHER","CLEAR","DRY","DAYLIGHT","TRAFFIC SIGNAL","NONE DETECTED","NONE DETECTED","E65355DC-180E-4B72-99EC-0BF75FD19A66","BICYCLIST","Walking/Cycling on Sidewalk","NO IMPROPER ACTIONS","AT INTERSECTION MARKED CROSSWALK","No","POSSIBLE INJURY","MC/BIKE HELMET","39.00445333","-77.09722833","    (39.00445333, -77.09722833)"
"DD56280055","210050819","Rockville Police Departme","Injury Crash","12/14/2021 12:56:00 PM",,,,"PARKING LOT OF 838 ROCKVILLE PK",,"PEDESTRIAN","OTHER","CLEAR",,"DAYLIGHT","N/A",,"NONE DETECTED","1060C3AB-7E23-4D56-AED8-DB17A6CF4527","PEDESTRIAN","Getting off/on Vehicle","OTHER","OTHER","Yes","SUSPECTED SERIOUS INJURY","N/A","39.07605098","-77.13702113","    (39.07605098, -77.13702113)"
"DM84890012","210050804","Takoma Park Police Depart","Injury Crash","12/14/2021 11:23:00 AM","Municipality","BRIGHTON AVE","HOUSTON AVE",,"TAKOMA PARK","PEDESTRIAN","OTHER","CLEAR","DRY","DAYLIGHT","NO CONTROLS","N/A","N/A","4843BC48-43D3-4A64-B2C5-F8AE96455165","PEDESTRIAN","Standing","N/A","SHOULDER","No","POSSIBLE INJURY","N/A","38.99072","-77.0042035","    (38.99072, -77.0042035)"
"MCP31090064","210050789","Montgomery County Police","Injury Crash","12/14/2021 10:25:00 AM","US (State)","COLESVILLE RD","NOYES DR",,"N/A","PEDESTRIAN","SINGLE VEHICLE","CLEAR","DRY","DAYLIGHT","OTHER","NONE DETECTED","NONE DETECTED","AEDD9EB3-9DAE-43CC-9EFF-E3F6A21D7A5E","PEDESTRIAN","Cross/Enter at Intersection","NO IMPROPER ACTIONS","ON ROADWAY AT CROSSWALK","No","POSSIBLE INJURY","NONE","39.0003185","-77.02574717","    (39.0003185, -77.02574717)"
"MCP3200004H","210050607","Montgomery County Police","Injury Crash","12/13/2021 11:02:00 AM","Municipality","PLYERS MILL RD","METROPOLITAN AVE",,"N/A","OTHER","SINGLE VEHICLE","CLEAR","DRY","DAYLIGHT","NO CONTROLS",,"NONE DETECTED","CB709E8F-111B-4219-8EB3-84F1BF89C508","OTHER","Other","OTHER","OTHER","Yes","SUSPECTED MINOR INJURY","NONE","39.02931634","-77.07399464","    (39.02931634, -77.07399464)"
"MCP12100052","210050367","Montgomery County Police","Injury Crash","12/11/2021 01:52:00 PM",,,,"SHOPPING CENTER AT 480 N. FREDERICK AVE",,"PEDESTRIAN","OTHER","CLOUDY",,"DAYLIGHT","N/A","NONE DETECTED","NONE DETECTED","3BBE8313-8DAC-4603-A59E-1A8EE8562C1A","PEDESTRIAN","Other","NO IMPROPER ACTIONS","OTHER","No","SUSPECTED MINOR INJURY","NONE","39.14789586","-77.20843342","    (39.14789586, -77.20843342)"
"MCP2766006N","210050029","Montgomery County Police","Injury Crash","12/09/2021 03:22:00 PM","County","WIMBLEDON DR","LONGMEAD CROSSING DR",,"N/A","PEDESTRIAN","SINGLE VEHICLE","CLEAR","DRY","DAYLIGHT","STOP SIGN","NONE DETECTED","NONE DETECTED","BD24B073-C388-4597-ACCA-C6AFE3342B01","PEDESTRIAN","Cross/Enter at Intersection","NO IMPROPER ACTIONS","ON ROADWAY AT CROSSWALK","No","POSSIBLE INJURY","NONE","39.099425","-77.04786833","    (39.099425, -77.04786833)"
"MCP33000017","210049817","Montgomery County Police","Injury Crash","12/08/2021 10:45:00 AM",,,,"2519 ENNALS AVE WHEATON MD 20902",,"PEDESTRIAN","SINGLE VEHICLE","CLOUDY",,"DAYLIGHT","NO CONTROLS","NONE DETECTED","NONE DETECTED","53293DF6-5B3B-41EC-A735-B620FB66C225","PEDESTRIAN","Standing","NO IMPROPER ACTIONS","INSIDE BUILDING","No","POSSIBLE INJURY","NONE","39.03986433","-77.05333083","    (39.03986433, -77.05333083)"
"EJ7889001N","210049729","Gaithersburg Police Depar","Injury Crash","12/07/2021 04:40:00 PM","County","EMORY GROVE RD","CUL DE SAC",,"N/A","PEDESTRIAN","OTHER","CLEAR","DRY","DUSK","NO CONTROLS","NONE DETECTED","NONE DETECTED","94C668F7-497B-47F1-9AA5-00C48CCBFFFA","PEDESTRIAN","Getting off/on Vehicle","NO IMPROPER ACTIONS","N/A","No","SUSPECTED MINOR INJURY","NONE","39.15288863","-77.17652322","    (39.15288863, -77.17652322)"
"MCP3182001J","210048951","Montgomery County Police","Injury Crash","12/07/2021 04:04:00 PM",,,,"PARKINGLOT OF 3905 BLACKBURN LN",,"PEDESTRIAN","OTHER","CLEAR",,"DAYLIGHT","NO CONTROLS","NONE DETECTED","NONE DETECTED","AF255521-E9B3-4327-A078-CB41711FC5DA","PEDESTRIAN","Walking to/from school","NOT VISIBLE","ON ROADWAY NOT AT CROSSWALK","Yes","SUSPECTED MINOR INJURY","NONE","39.10493404","-76.93170185","    (39.10493404, -76.93170185)"
"MCP2008008Z","210049574","Montgomery County Police","Injury Crash","12/06/2021 05:08:00 PM","Other Public Roadway","MONTROSE PKWY","HOYA ST",,"N/A","PEDESTRIAN","OTHER","CLOUDY","DRY","DARK LIGHTS ON","TRAFFIC SIGNAL","NONE DETECTED","NONE DETECTED","D4DEB07B-CA3C-4FE7-8CA5-C791D8B8A6B4","PEDESTRIAN","Cross/Enter at Intersection","NO IMPROPER ACTIONS","ON ROADWAY AT CROSSWALK","No","SUSPECTED MINOR INJURY","NONE","39.05206667","-77.11865333","    (39.05206667, -77.11865333)"
"MCP3113003H","210049437","Montgomery County Police","Injury Crash","12/06/2021 06:00:00 AM","Maryland (State)","NEW HAMPSHIRE AVE","LOCKWOOD DR",,"N/A","PEDESTRIAN","OTHER","N/A","DRY","DARK LIGHTS ON","TRAFFIC SIGNAL","N/A","N/A","0488ED39-C216-431B-BC99-5898A9A2E4F6","PEDESTRIAN","Cross/Enter at Intersection","DART DASH","ON ROADWAY AT CROSSWALK","Yes","POSSIBLE INJURY","NONE","39.03981379","-76.99059636","    (39.03981379, -76.99059636)"
"MCP3112005P","210049341","Montgomery County Police","Injury Crash","12/05/2021 09:10:00 AM","Maryland (State)","BRADLEY BLVD","FAIRFAX RD",,"N/A","PEDESTRIAN","OTHER","CLEAR","DRY","DAYLIGHT","TRAFFIC SIGNAL","NONE DETECTED","NONE DETECTED","2E6DA2BC-A214-4943-8D1A-4B451F841F5F","PEDESTRIAN","Cross/Enter at Intersection","NO IMPROPER ACTIONS","ON ROADWAY AT CROSSWALK","No","SUSPECTED MINOR INJURY","NONE","38.97769577","-77.10072667","    (38.97769577, -77.10072667)"
"MCP29300021","210049298","Montgomery County Police","Injury Crash","12/04/2021 08:30:00 PM",,,,"PARKING LOT AT 12301 GEORGIA AVE (MCDONALDS)",,"PEDESTRIAN","OTHER","CLEAR",,"DARK LIGHTS ON","NO CONTROLS","UNKNOWN","NONE DETECTED","4C488E43-F17C-4A4D-B621-C17ABFC2DB02","PEDESTRIAN","Other","UNKNOWN","OTHER","No","POSSIBLE INJURY","NONE","39.05915086","-77.04962114","    (39.05915086, -77.04962114)"
"MCP1119009G","210049041","Montgomery County Police","Injury Crash","12/03/2021 08:18:00 AM","Maryland (State)","GEORGIA AVE","CONNECTICUT AVE",,"N/A","PEDESTRIAN","OTHER","CLEAR","N/A","DAYLIGHT","TRAFFIC SIGNAL","NONE DETECTED","NONE DETECTED","81F0566A-1B87-4FBF-9475-7295ACB734F6","PEDESTRIAN","Cross/Enter at Intersection","NO IMPROPER ACTIONS","AT INTERSECTION MARKED CROSSWALK","No","SUSPECTED MINOR INJURY","N/A","39.08398667","-77.07765833","    (39.08398667, -77.07765833)"
"MCP33070014","210048926","Montgomery County Police","Injury Crash","12/02/2021 02:02:00 PM",,,,"PARKING LOT OF GIANT FOOD 3860 ROSSMOOR BLVD",,"PEDESTRIAN","OTHER","CLEAR",,"DAYLIGHT","NO CONTROLS","NONE DETECTED","NONE DETECTED","3FFC30FF-4E13-48FC-B92E-CBBC878B93F5","PEDESTRIAN","Cross/Enter at Intersection","IN ROADWAY IMPROPERLY","AT INTERSECTION BUT NO CROSSWALK","Yes","SUSPECTED SERIOUS INJURY","NONE","39.10147","-77.07552833","    (39.10147, -77.07552833)"
"MCP3010006D","210048874","Montgomery County Police","Injury Crash","12/02/2021 08:19:00 AM","Maryland (State)","ROCKVILLE PIKE","SECURITY LA",,"N/A","BICYCLIST","STRAIGHT MOVEMENT ANGLE","CLEAR","DRY","DAYLIGHT","TRAFFIC SIGNAL","N/A","N/A","976D4648-EFA0-4E2C-97C7-36BCEE7413AA","BICYCLIST","Cross/Enter at Intersection","NO IMPROPER ACTIONS","ON ROADWAY AT CROSSWALK","No","SUSPECTED MINOR INJURY","NONE","39.04192477","-77.11052965","    (39.04192477, -77.11052965)"
"MCP30190048","210048803","Montgomery County Police","Property Damage Crash","12/01/2021 05:50:00 PM","Maryland (State)","EAST WEST HWY (W/B COUPLET)","WAVERLY ST",,"N/A","PEDESTRIAN","OTHER","CLEAR","DRY","DUSK","TRAFFIC SIGNAL","N/A","N/A","CC6C0F22-C832-4C60-B152-18FCEDBBD007","PEDESTRIAN","Cross/Enter at Intersection","NO IMPROPER ACTIONS","ON ROADWAY AT CROSSWALK","No","NO APPARENT INJURY","NONE","38.98461833","-77.09241167","    (38.98461833, -77.09241167)"
"MCP3050005H","210048794","Montgomery County Police","Injury Crash","12/01/2021 05:26:00 PM","Maryland (State)","GEORGIA AVE","ENT TO APTS",,"N/A","PEDESTRIAN","SINGLE VEHICLE","CLEAR","DRY","DARK NO LIGHTS","NO CONTROLS","NONE DETECTED","NONE DETECTED","67B6A2AC-0745-4049-85C2-A9CEE70CB712","PEDESTRIAN","Cross/Enter not at Intersection","IN ROADWAY IMPROPERLY","ON ROADWAY NOT AT CROSSWALK","Yes","SUSPECTED MINOR INJURY","NONE","39.09030351","-77.07972452","    (39.09030351, -77.07972452)"
"MCP136600BK","210048792","Montgomery County Police","Injury Crash","12/01/2021 05:02:00 PM","County","CONNECTICUT AVE","GEORGIA AVE",,"N/A","PEDESTRIAN","STRAIGHT MOVEMENT ANGLE","CLOUDY","DRY","DARK LIGHTS ON","TRAFFIC SIGNAL","NONE DETECTED","UNKNOWN","EFFADDDD-0696-41B0-A6F4-B2CF1B68488E","PEDESTRIAN","Cross/Enter at Intersection","UNKNOWN","ON ROADWAY AT CROSSWALK","Unknown","SUSPECTED SERIOUS INJURY","NONE","39.08410333","-77.07764833","    (39.08410333, -77.07764833)"
"MCP30190047","210048774","Montgomery County Police","Injury Crash","12/01/2021 04:00:00 PM","County","BETHESDA AVE","ARLINGTON RD",,"N/A","PEDESTRIAN","OTHER","CLEAR","DRY","DUSK","NO CONTROLS","N/A","N/A","2EE74486-5529-42CE-BEEB-3CCD7641E6D9","PEDESTRIAN","Other","N/A","SIDEWALK","No","POSSIBLE INJURY","N/A","38.980945","-77.0974","    (38.980945, -77.0974)"
"MCP2617009W","210048446","Montgomery County Police","Injury Crash","11/29/2021 03:45:00 PM","County","OLD COLUMBIA PIKE","OAKHURST DR",,"N/A","PEDESTRIAN","OTHER","CLEAR","DRY","DAYLIGHT","NO CONTROLS","UNKNOWN","NONE DETECTED","173B1597-A1F5-40AA-A5A1-C8A9C1EE9BE0","PEDESTRIAN","Cross/Enter not at Intersection","UNKNOWN","ON ROADWAY NOT AT CROSSWALK","Unknown","SUSPECTED MINOR INJURY","NONE","39.10077696","-76.94146436","    (39.10077696, -76.94146436)"
"MCP209400HY","210048390","Montgomery County Police","Injury Crash","11/29/2021 10:04:00 AM","County","MANNING DR","FAIRFAX RD",,"N/A","PEDESTRIAN","OTHER","CLEAR","DRY","DAYLIGHT","NO CONTROLS","NONE DETECTED","NONE DETECTED","66028F66-64E2-4F8E-A824-5A0BDB31CE19","PEDESTRIAN","Other Working","INATTENTIVE","ON ROADWAY NOT AT CROSSWALK","Yes","SUSPECTED SERIOUS INJURY","NONE","38.97854167","-77.10245667","    (38.97854167, -77.10245667)"
"MCP2664005H","210048328","Montgomery County Police","Injury Crash","11/28/2021 07:11:00 PM","Maryland (State)","GEORGIA AVE","NORTH HIGH ST",,"N/A","PEDESTRIAN","SINGLE VEHICLE","CLEAR","DRY","DARK LIGHTS ON","NO CONTROLS","NONE DETECTED","NONE DETECTED","3432F00F-99F6-491C-9081-10D07084C64A","PEDESTRIAN","Cross/Enter at Intersection","NO IMPROPER ACTIONS","AT INTERSECTION BUT NO CROSSWALK","No","POSSIBLE INJURY","NONE","39.15130217","-77.06704267","    (39.15130217, -77.06704267)"
"MCP3199003F","210048294","Montgomery County Police","Property Damage Crash","11/28/2021 12:42:00 PM","Maryland (State)","GEORGIA AVE","JONES LA",,"N/A","PEDESTRIAN","OTHER","CLEAR","DRY","DAYLIGHT","N/A","NONE DETECTED","NONE DETECTED","12BE61DB-2460-4E6B-8C96-75A63E85CD83","PEDESTRIAN","Cross/Enter at Intersection","UNKNOWN","AT INTERSECTION BUT NO CROSSWALK","No","NO APPARENT INJURY","NONE","39.05342","-77.05069167","    (39.05342, -77.05069167)"
"DD5527003P","210048073","Rockville Police Departme","Property Damage Crash","11/26/2021 05:15:00 PM",,,,"SHELL GAS STATION OF 1911 ROCKVILLE PIKE",,"BICYCLIST","OTHER","CLEAR",,"DARK LIGHTS ON","NO CONTROLS","UNKNOWN","NONE DETECTED","0906F3DD-C93E-408E-B955-06486F2FEEB0","BICYCLIST","Other","NO IMPROPER ACTIONS","OTHER","No","NO APPARENT INJURY","NONE","39.05842351","-77.1214181","    (39.05842351, -77.1214181)"
"MCP2492001Q","210047847","Montgomery County Police","Injury Crash","11/24/2021 05:46:00 PM",,,,"PARKING LOT OF 20944 FREDERICK ROAD",,"PEDESTRIAN","OTHER","CLEAR",,"DARK LIGHTS ON","NO CONTROLS","NONE DETECTED","NONE DETECTED","DE02BBED-E3F4-4BBF-A7D0-E351DF6570E8","PEDESTRIAN","Standing","NO IMPROPER ACTIONS","OTHER","No","SUSPECTED SERIOUS INJURY","NONE","39.2030324","-77.24767385","    (39.2030324, -77.24767385)"
"MCP30450048","210047562","Montgomery County Police","Injury Crash","11/23/2021 08:56:00 AM",,,,"ON SIDEWALK (REARENTRANCE/EXIT TO 6400 DEMOCRACY BLVD- BELLS MILL RD SIDE)",,"PEDESTRIAN","OTHER","CLEAR",,"DAYLIGHT","N/A","NONE DETECTED","NONE DETECTED","44E109D0-C527-4F94-B846-AF78FF4E9FB1","PEDESTRIAN","Walking/Cycling on Sidewalk","NO IMPROPER ACTIONS","SIDEWALK","No","POSSIBLE INJURY","N/A","39.022915","-77.128295","    (39.022915, -77.128295)"
"MCP26200020","210047518","Montgomery County Police","Property Damage Crash","11/22/2021 07:55:00 PM","County","BOWIE MILL RD","OLNEY LAYTONSVILLE RD",,"N/A","OTHER CONVEYANCE","STRAIGHT MOVEMENT ANGLE","CLEAR","DRY","DARK LIGHTS ON","N/A","ALCOHOL PRESENT","NONE DETECTED","0E821833-693B-445F-8421-8B0F169D82C0","OTHER CONVEYANCE","Other","NO IMPROPER ACTIONS","SHOULDER","No","NO APPARENT INJURY","NONE","39.16098741","-77.07971736","    (39.16098741, -77.07971736)"
"DM84780019","210047061","Takoma Park Police Depart","Property Damage Crash","11/19/2021 05:00:00 PM",,,,"IN THE DRIVE WAY LOCATED AT  7129 CARROLL AVE TAKOMA PARK, MONTGOMERY COUNTY, MD",,"OTHER","SINGLE VEHICLE","N/A",,"DARK -- UNKNOWN LIGHTING","NO CONTROLS","NONE DETECTED","NONE DETECTED","4DE1725F-40F8-49E9-9CD2-DA50DBBCDCAE","OTHER","Other","OTHER","OTHER","No","NO APPARENT INJURY","NONE","38.98136667","-77.01028167","    (38.98136667, -77.01028167)"