"Report Number","Local Case Number","Agency Name","ACRS Report Type","Crash Date/Time","Route Type","Road Name","Cross-Street Name","Off-Road Description","Municipality","Related Non-Motorist","Collision Type","Weather","Surface Condition","Light","Traffic Control","Driver Substance Abuse","Non-Motorist Substance Abuse","Person ID","Pedestrian Type","Pedestrian Movement","Pedestrian Actions","Pedestrian Location","At Fault","Injury Severity","Safety Equipment","Latitude","Longitude","Location"
"MCP29820044","210029269","Montgomery County Police","Injury Crash","07/28/2021 03:12:00 PM","Maryland (State)","GEORGIA AVE","CAMERON ST",,"N/A","PEDESTRIAN","OTHER","N/A","DRY","DAYLIGHT","TRAFFIC SIGNAL","NONE DETECTED","NONE DETECTED","D48087F1-7854-46E2-BBD0-12B8D6C320DA","PEDESTRIAN","Cross/Enter at Intersection","NO IMPROPER ACTIONS","AT INTERSECTION MARKED CROSSWALK","No","SUSPECTED SERIOUS INJURY","N/A","38.99768333","-77.02990667","    (38.99768333, -77.02990667)"
"MCP2991005L","210029237","Montgomery County Police","Injury Crash","07/28/2021 11:51:00 AM","County","QUEEN ELIZABETH DR","HERITAGE HILLS DR",,"N/A","BICYCLIST","STRAIGHT MOVEMENT ANGLE","CLEAR","DRY","DAYLIGHT","STOP SIGN","NONE DETECTED","NONE DETECTED","D0F9D303-6402-4F15-8692-282A4D54CE12","BICYCLIST","Cross/Enter at Intersection","UNKNOWN","ON ROADWAY NOT AT CROSSWALK","Unknown","POSSIBLE INJURY","MC/BIKE HELMET","39.16176683","-77.0710375","    (39.16176683, -77.0710375)"
"HA2393000B","21001427","Maryland-National Capital","Injury Crash","07/27/2021 06:35:00 PM","Government","SLIGO CREEK PKWY","BRUNETT AVE",,"N/A","BICYCLIST","STRAIGHT MOVEMENT ANGLE","CLEAR","DRY","DAYLIGHT","N/A","NONE DETECTED","NONE DETECTED","4014FCFD-A893-404C-B8F6-95A789BF8971","BICYCLIST","Cross/Enter at Intersection","NO IMPROPER ACTIONS","ON ROADWAY AT CROSSWALK","No","SUSPECTED SERIOUS INJURY","UNKNOWN","39.00986683","-77.02214133","    (39.00986683, -77.02214133)"
"MCP2516003G","210029088","Montgomery County Police","Injury Crash","07/26/2021 06:00:00 PM","County","CENTURY BLVD","PINNACLE DR",,"N/A","PEDESTRIAN","OTHER","CLEAR","DRY","DAYLIGHT","STOP SIGN","N/A","N/A","8BC775A3-9E01-42AA-824E-742FC5A43394","PEDESTRIAN","Cross/Enter at Intersection","NO IMPROPER ACTIONS","ON ROADWAY AT CROSSWALK","No","POSSIBLE INJURY","N/A","39.18604667","-77.262235","    (39.18604667, -77.262235)"
"MCP3091002Q","210028782","Montgomery County Police","Injury Crash","07/25/2021 10:38:00 AM","County","SHADY GROVE RD","ENT TO MONT CO TRANSFER STATION",,"N/A","PEDESTRIAN","OTHER","CLEAR","DRY","DAYLIGHT","PERSON","UNKNOWN","N/A","092D9189-23C4-40C5-BA1B-DD446EDC670A","PEDESTRIAN","Standing","NO IMPROPER ACTIONS","OTHER","No","POSSIBLE INJURY","NONE","39.05411483","-77.1133085","    (39.05411483, -77.1133085)"
"MCP2539001Q","210028479","Montgomery County Police","Injury Crash","07/22/2021 05:45:00 PM","Maryland (State)","ROCKVILLE PIKE","ENT TO MID-PIKE PLAZA",,"N/A","PEDESTRIAN","OTHER","CLEAR","DRY","DAYLIGHT","TRAFFIC SIGNAL","N/A","NONE DETECTED","D2101669-7009-4B81-830D-84E9866F4449","PEDESTRIAN","Cross/Enter at Intersection","NO IMPROPER ACTIONS","AT INTERSECTION MARKED CROSSWALK","No","SUSPECTED MINOR INJURY","NONE","39.05126184","-77.11549196","    (39.05126184, -77.11549196)"
"MCP2981003V","210028136","Montgomery County Police","Injury Crash","07/20/2021 11:19:00 PM","County","LIVINGSTON ST","WEISMAN RD",,"N/A","PEDESTRIAN","OTHER","CLEAR","DRY","DARK LIGHTS ON","STOP SIGN","UNKNOWN","N/A","78E916CE-BCB7-418B-B728-A64C37A17CD5","PEDESTRIAN","Standing","NO IMPROPER ACTIONS","SHOULDER","No","POSSIBLE INJURY","LIGHTING","39.05558827","-77.05852806","    (39.05558827, -77.05852806)"
"MCP2981003T","210028122","Montgomery County Police","Property Damage Crash","07/20/2021 09:36:00 PM","County","ARCOLA AVE","HOYT ST",,"N/A","BICYCLIST","STRAIGHT MOVEMENT ANGLE","CLEAR","DRY","DARK LIGHTS ON","OTHER","NONE DETECTED","NONE DETECTED","B9C7ED43-DE0A-4996-87C6-AB75C555B533","BICYCLIST","Cross/Enter not at Intersection","NO IMPROPER ACTIONS","ON ROADWAY AT CROSSWALK","No","NO APPARENT INJURY","MC/BIKE HELMET","39.03658667","-77.02696333","    (39.03658667, -77.02696333)"
"MCP2981003T","210028122","Montgomery County Police","Property Damage Crash","07/20/2021 09:36:00 PM","County","ARCOLA AVE","HOYT ST",,"N/A","BICYCLIST","STRAIGHT MOVEMENT ANGLE","CLEAR","DRY","DARK LIGHTS ON","OTHER","NONE DETECTED","NONE DETECTED","84587377-007E-4997-B89B-D5379DD937F1","BICYCLIST","Cross/Enter not at Intersection","NO IMPROPER ACTIONS","ON ROADWAY AT CROSSWALK","No","NO APPARENT INJURY","MC/BIKE HELMET","39.03658667","-77.02696333","    (39.03658667, -77.02696333)"
"MCP32550022","210028107","Montgomery County Police","Injury Crash","07/20/2021 08:00:00 PM",,,,"PARKING LOT IN FRONT OF BIG LOTS LOCATED AT 19142 MONTGOMERY VILLAGE AVE",,"PEDESTRIAN","SINGLE VEHICLE","CLEAR",,"DAYLIGHT","N/A","N/A","N/A","BE49E906-9545-480F-B4B4-B09245CE52F4","PEDESTRIAN","Other","NOT VISIBLE","OTHER","No","SUSPECTED MINOR INJURY","NONE","39.15664333","-77.22447833","    (39.15664333, -77.22447833)"
"MCP2674002D","210028102","Montgomery County Police","Injury Crash","07/20/2021 07:42:00 PM","Maryland (State)","FREDERICK RD","MIDDLEBROOK RD",,"N/A","PEDESTRIAN","OTHER","CLEAR","DRY","DAYLIGHT","TRAFFIC SIGNAL","UNKNOWN","NONE DETECTED","4516ED23-032A-4C30-833E-8F7142E70FE0","PEDESTRIAN","Cross/Enter at Intersection","DART DASH","ON ROADWAY AT CROSSWALK","Yes","POSSIBLE INJURY","NONE","39.1810953","-77.23829303","    (39.1810953, -77.23829303)"
"MCP3010005Z","210028018","Montgomery County Police","Property Damage Crash","07/20/2021 09:50:00 AM","Maryland (State)","ROCKVILLE PIKE","ENT TO BUSINESS",,"N/A","BICYCLIST","ANGLE MEETS RIGHT TURN","CLEAR","DRY","DAYLIGHT","NO CONTROLS","N/A","N/A","95C7374B-6149-404F-AD1E-317C6447F884","BICYCLIST","Walking/Cycling on Sidewalk","NO IMPROPER ACTIONS","SIDEWALK","No","NO APPARENT INJURY","NONE","39.046575","-77.112755","    (39.046575, -77.112755)"
"MCP12350034","210027773","Montgomery County Police","Property Damage Crash","07/18/2021 05:02:00 PM","Maryland (State)","UNIVERSITY BLVD W","BRUNETT AVE",,"N/A","PEDESTRIAN","SAME DIR REAR END","CLEAR","DRY","DAYLIGHT","NO CONTROLS","NONE DETECTED","NONE DETECTED","69CDCDAE-B4F4-4331-8106-1521404616A4","PEDESTRIAN","Cross/Enter at Intersection","NO IMPROPER ACTIONS","AT INTERSECTION MARKED CROSSWALK","No","NO APPARENT INJURY","N/A","39.02293208","-77.01672807","    (39.02293208, -77.01672807)"
"MCP29340048","210027767","Montgomery County Police","Injury Crash","07/18/2021 04:20:00 PM","Maryland (State)","OLD GEORGETOWN RD","ROCK SPRING DR",,"N/A","BICYCLIST","OTHER","CLEAR","DRY","DAYLIGHT","TRAFFIC SIGNAL","NONE DETECTED","NONE DETECTED","34ABDF8A-2748-43CF-A722-98D737317442","BICYCLIST","Cross/Enter at Intersection","FAILURE TO YIELD RIGHT OF WAY","AT INTERSECTION MARKED CROSSWALK","Yes","POSSIBLE INJURY","MC/BIKE HELMET","39.02685239","-77.12636166","    (39.02685239, -77.12636166)"
"MCP2607005G","210027670","Montgomery County Police","Injury Crash","07/17/2021 07:43:00 PM","County","GOSHEN RD","GIRARD ST",,"GAITHERSBURG","PEDESTRIAN","N/A","RAINING","WET","DARK LIGHTS ON","NO CONTROLS","ALCOHOL PRESENT","N/A","AC2F1278-4A0A-4CE3-9552-70513B98F2C2","PEDESTRIAN","Standing","NO IMPROPER ACTIONS","OTHER","No","SUSPECTED SERIOUS INJURY","N/A","39.15185056","-77.1924815","    (39.15185056, -77.1924815)"
"MCP2607005G","210027670","Montgomery County Police","Injury Crash","07/17/2021 07:43:00 PM","County","GOSHEN RD","GIRARD ST",,"GAITHERSBURG","PEDESTRIAN","N/A","RAINING","WET","DARK LIGHTS ON","NO CONTROLS","ALCOHOL PRESENT","N/A","02CAA792-F875-4E85-9E88-ECF2CFAA8B00","PEDESTRIAN","Standing","NO IMPROPER ACTIONS","OTHER","No","SUSPECTED SERIOUS INJURY","N/A","39.15185056","-77.1924815","    (39.15185056, -77.1924815)"
"MCP09420038","210027625","Montgomery County Police","Injury Crash","07/17/2021 12:58:00 PM","County","WOODMONT AVE","NORFOLK AVE",,"N/A","OTHER CONVEYANCE, PEDESTRIAN","OTHER","CLEAR","DRY","DAYLIGHT","NO CONTROLS",,"NONE DETECTED","E3BCF622-96B9-42F2-9B86-08F1A3494D30","OTHER CONVEYANCE","N/A","NO IMPROPER ACTIONS","ON ROADWAY NOT AT CROSSWALK","No","NO APPARENT INJURY","NONE","38.98796734","-77.09609225","    (38.98796734, -77.09609225)"
"MCP09420038","210027625","Montgomery County Police","Injury Crash","07/17/2021 12:58:00 PM","County","WOODMONT AVE","NORFOLK AVE",,"N/A","OTHER CONVEYANCE, PEDESTRIAN","OTHER","CLEAR","DRY","DAYLIGHT","NO CONTROLS",,"NONE DETECTED","CE9904B3-E460-454E-8B7B-F1E8721B92BA","PEDESTRIAN","Cross/Enter not at Intersection","INATTENTIVE","ON ROADWAY NOT AT CROSSWALK","Yes","SUSPECTED MINOR INJURY","N/A","38.98796734","-77.09609225","    (38.98796734, -77.09609225)"
"MCP2857003C","210027614","Montgomery County Police","Injury Crash","07/17/2021 11:09:00 AM","Maryland (State)","QUINCE ORCHARD RD","GREAT SENECA HWY",,"N/A","BICYCLIST","SAME DIRECTION SIDESWIPE","CLEAR","DRY","DAYLIGHT","TRAFFIC SIGNAL","NONE DETECTED","NONE DETECTED","1B83EACC-6EF9-49F7-8847-534064A2C30F","BICYCLIST","Walking/Riding w/Traffic","NO IMPROPER ACTIONS","ON ROADWAY NOT AT CROSSWALK","No","SUSPECTED MINOR INJURY","MC/BIKE HELMET","39.12875113","-77.23630311","    (39.12875113, -77.23630311)"
"MCP2651004K","210027608","Montgomery County Police","Injury Crash","07/17/2021 09:50:00 AM","US (State)","COLUMBIA PIKE","BURNT MILLS AVE",,"N/A","PEDESTRIAN","OTHER","CLEAR","DRY","DAYLIGHT","TRAFFIC SIGNAL","N/A","N/A","7B607F92-8E48-475B-B151-05E84126971D","PEDESTRIAN","Cross/Enter at Intersection","IN ROADWAY IMPROPERLY","ON ROADWAY NOT AT CROSSWALK","Yes","POSSIBLE INJURY","NONE","39.03627412","-77.00019348","    (39.03627412, -77.00019348)"
"MCP26250016","210027603","Montgomery County Police","Injury Crash","07/17/2021 08:10:00 AM","County","FALLS RD","RIVER RD",,"N/A","BICYCLIST","SAME DIRECTION RIGHT TURN","CLEAR","DRY","DAYLIGHT","TRAFFIC SIGNAL","NONE DETECTED","N/A","3E0C75D3-6BE0-4899-8490-EAB560E4B909","BICYCLIST","Walking/Riding w/Traffic","NO IMPROPER ACTIONS","IN BIKEWAY","No","SUSPECTED MINOR INJURY","N/A","39.019295","-77.210385","    (39.019295, -77.210385)"
"MCP26660052","210027462","Montgomery County Police","Injury Crash","07/16/2021 09:00:00 AM","Maryland (State)","UNIVERSITY BLVD E","PINEY BRANCH RD",,"N/A","PEDESTRIAN","SINGLE VEHICLE","CLEAR","DRY","DAYLIGHT","TRAFFIC SIGNAL","NONE DETECTED","NONE DETECTED","F1CDBFDB-2E1D-41AD-B71D-F2F05A5BC240","PEDESTRIAN","Cross/Enter not at Intersection","IN ROADWAY IMPROPERLY","ON ROADWAY NOT AT CROSSWALK","Yes","SUSPECTED MINOR INJURY","NONE","39.00025383","-76.995517","    (39.00025383, -76.995517)"
"MCP3111003Q","210027479","Montgomery County Police","Injury Crash","07/15/2021 11:22:00 AM","County","MACARTHUR BLVD","BEGIN BRIDGE",,"N/A","BICYCLIST","SINGLE VEHICLE","CLEAR","DRY","DAYLIGHT","TRAFFIC SIGNAL","UNKNOWN","NONE DETECTED","5406B525-7AF8-4885-8A18-5C0D67552D61","BICYCLIST","Walking/Riding w/Traffic","INATTENTIVE","ON ROADWAY NOT AT CROSSWALK","Yes","POSSIBLE INJURY","MC/BIKE HELMET","38.97282543","-77.14753291","    (38.97282543, -77.14753291)"
"MCP2991005F","210027133","Montgomery County Police","Injury Crash","07/14/2021 11:00:00 AM","County","HEADWATERS DR","CARRISA LA",,"N/A","PEDESTRIAN","N/A","CLEAR","DRY","DAYLIGHT","NO CONTROLS","NONE DETECTED","NONE DETECTED","BEA6B49B-5A14-4C01-8C3C-5B4E867AB33E","PEDESTRIAN","Other Working","UNKNOWN","N/A","Unknown","POSSIBLE INJURY","N/A","39.10261783","-77.01725217","    (39.10261783, -77.01725217)"
"MCP32280021","210027036","Montgomery County Police","Injury Crash","07/13/2021 11:50:00 AM","County","SPRING ST","ROEDER RD",,"N/A","PEDESTRIAN","OTHER","CLEAR","DRY","DAYLIGHT","STOP SIGN","UNKNOWN","NONE DETECTED","869890AA-B629-4261-A3C2-B2DE723F3D40","PEDESTRIAN","Cross/Enter at Intersection","UNKNOWN","ON ROADWAY NOT AT CROSSWALK","No","POSSIBLE INJURY","NONE","38.99909583","-77.02480117","    (38.99909583, -77.02480117)"
"MCP32320023","210027194","Montgomery County Police","Injury Crash","07/12/2021 07:52:00 PM","Maryland (State)","OLNEY SANDY SPRING RD","BENTLEY RD",,"N/A","BICYCLIST","STRAIGHT MOVEMENT ANGLE","CLEAR","DRY","DAYLIGHT","NO CONTROLS","UNKNOWN","NONE DETECTED","8FC592CC-0A0C-45A7-9E1E-97F6DA0499FD","BICYCLIST","Cross/Enter at Intersection","NO IMPROPER ACTIONS","SIDEWALK","No","POSSIBLE INJURY","UNKNOWN","39.14894587","-77.01859144","    (39.14894587, -77.01859144)"
"MCP3218001R","210026879","Montgomery County Police","Injury Crash","07/12/2021 07:22:00 PM","Maryland (State)","GEORGIA AVE","RANDOLPH RD",,"N/A","PEDESTRIAN","STRAIGHT MOVEMENT ANGLE","CLEAR","DRY","DAYLIGHT","TRAFFIC SIGNAL","NONE DETECTED","NONE DETECTED","E792B15C-FBD7-42C9-8026-3E8111B9474F","PEDESTRIAN","Cross/Enter not at Intersection","IN ROADWAY IMPROPERLY","ON ROADWAY NOT AT CROSSWALK","Unknown","SUSPECTED SERIOUS INJURY","NONE","39.05770717","-77.050085","    (39.05770717, -77.050085)"
"MCP2917007Z","210026871","Montgomery County Police","Injury Crash","07/12/2021 06:23:00 PM","Maryland (State)","CONNECTICUT AVE","WELLER RD",,"N/A","PEDESTRIAN","OTHER","RAINING","WET","DAYLIGHT","TRAFFIC SIGNAL","NONE DETECTED","NONE DETECTED","FE165C69-95E3-42BA-894A-53B73B5C0E0D","PEDESTRIAN","Cross/Enter at Intersection","NO IMPROPER ACTIONS","ON ROADWAY AT CROSSWALK","No","POSSIBLE INJURY","NONE","39.06332204","-77.07341997","    (39.06332204, -77.07341997)"
"MCP32000034","210026823","Montgomery County Police","Injury Crash","07/12/2021 02:33:00 PM",,,,"PARKING LOT OF 7-11 LOCATED AT 10524 CONNECTICUT AVE",,"PEDESTRIAN","OTHER","CLEAR",,"DAYLIGHT","NO CONTROLS","NONE DETECTED","NONE DETECTED","9F6A388F-045B-4281-9F87-FC4E06759DA7","PEDESTRIAN","Other","NO IMPROPER ACTIONS","OTHER","No","POSSIBLE INJURY","NONE","39.02784567","-77.07704383","    (39.02784567, -77.07704383)"
"MCP3109005M","210026745","Montgomery County Police","Property Damage Crash","07/12/2021 06:50:00 AM","County","SLIGO AVE","GEORGIA AVE",,"N/A","BICYCLIST","STRAIGHT MOVEMENT ANGLE","CLEAR","DRY","DAYLIGHT","TRAFFIC SIGNAL","NONE DETECTED","N/A","924928E9-CD20-440F-B1C1-34DF4281138B","BICYCLIST","Cross/Enter at Intersection","IN ROADWAY IMPROPERLY","ON ROADWAY AT CROSSWALK","Yes","NO APPARENT INJURY","NONE","38.99033733","-77.026691","    (38.99033733, -77.026691)"
"MCP285900B3","210026650","Montgomery County Police","Injury Crash","07/11/2021 12:50:00 PM","Maryland (State)","S FREDERICK RD","N WESTLAND DR",,"N/A","BICYCLIST","STRAIGHT MOVEMENT ANGLE","CLEAR","DRY","DAYLIGHT","TRAFFIC SIGNAL","N/A","NONE DETECTED","7247BB92-0494-41A3-91B0-1FF41D9AAACB","BICYCLIST","Cross/Enter at Intersection","NO IMPROPER ACTIONS","AT INTERSECTION MARKED CROSSWALK","No","POSSIBLE INJURY","MC/BIKE HELMET","39.12567667","-77.18317833","    (39.12567667, -77.18317833)"
"DD56470012","210026656","Rockville Police Departme","Injury Crash","07/11/2021 12:15:00 PM",,,,"SOUTHBOUND SIDE CROSS WALK OF 1647 ROCKVILLE PIKE",,"BICYCLIST","OTHER","CLEAR",,"DAYLIGHT","UNKNOWN","N/A","NONE DETECTED","09C95211-9088-482B-80A6-1FE788092B80","BICYCLIST","Cross/Enter at Intersection","UNKNOWN","AT INTERSECTION MARKED CROSSWALK","Unknown","SUSPECTED MINOR INJURY","UNKNOWN","39.07880683","-77.14032767","    (39.07880683, -77.14032767)"
"HA2287000J","21001286","Maryland-National Capital","Injury Crash","07/10/2021 01:18:00 PM",,,,"PARKING LOT",,"OTHER","OTHER","CLEAR",,"DAYLIGHT","N/A","NONE DETECTED","N/A","34595804-97B2-4465-8210-AE732B261433","OTHER","Push/Work on Vehicle","OTHER","OTHER","Yes","SUSPECTED MINOR INJURY","N/A","39.153961","-77.31172083","    (39.153961, -77.31172083)"
"MCP3201001X","210026522","Montgomery County Police","Injury Crash","07/10/2021 10:45:00 AM","County","MILESTONE CENTER DR","OBSERVATION DR",,"N/A","BICYCLIST","OTHER","CLEAR","DRY","DAYLIGHT","TRAFFIC SIGNAL","N/A","N/A","66D81C4C-268B-4C85-A892-23C0D82D71ED","BICYCLIST","Cross/Enter at Intersection","NO IMPROPER ACTIONS","ON ROADWAY AT CROSSWALK","No","POSSIBLE INJURY","NONE","39.20428183","-77.26000367","    (39.20428183, -77.26000367)"
"MCP28770093","210026368","Montgomery County Police","Injury Crash","07/09/2021 10:20:00 AM","Maryland (State)","GOLDSBORO RD","HAVILAND DR",,"N/A","BICYCLIST","SAME DIRECTION RIGHT TURN","CLEAR","DRY","DAYLIGHT","NO CONTROLS","NONE DETECTED","NONE DETECTED","1B026946-E7C2-4E6E-960F-847955F939B6","BICYCLIST","Walking/Riding w/Traffic","NO IMPROPER ACTIONS","SHOULDER","No","SUSPECTED MINOR INJURY","MC/BIKE HELMET","38.9724921","-77.12281031","    (38.9724921, -77.12281031)"
"DD56470010","210026355","Rockville Police Departme","Injury Crash","07/09/2021 03:45:00 AM","Maryland (State)","ROCKVILLE PIKE","SPUR TO MD 28",,"N/A","PEDESTRIAN","OTHER","UNKNOWN","UNKNOWN","DARK NO LIGHTS","TRAFFIC SIGNAL","N/A","N/A","B4185304-6900-4964-B94A-0689FC1A8834","PEDESTRIAN","Cross/Enter at Intersection","UNKNOWN","ON ROADWAY AT CROSSWALK","Yes","SUSPECTED MINOR INJURY","NONE","39.08141517","-77.1456278","    (39.08141517, -77.1456278)"
"MCP29310055","210026292","Montgomery County Police","Injury Crash","07/08/2021 05:17:00 PM","Maryland (State)","ROCKVILLE PIKE","BOU AVE",,"N/A","PEDESTRIAN","OTHER","CLEAR","DRY","DAYLIGHT","TRAFFIC SIGNAL","UNKNOWN","NONE DETECTED","C9EDB24A-7EFE-4D33-859F-6E5CB828EFD2","PEDESTRIAN","Cross/Enter at Intersection","NO IMPROPER ACTIONS","ON ROADWAY AT CROSSWALK","No","SUSPECTED MINOR INJURY","NONE","39.05611333","-77.11922907","    (39.05611333, -77.11922907)"
"MCP3225001M","210026298","Montgomery County Police","Injury Crash","07/08/2021 05:15:00 PM",,,,"116 UNIVERSITY BLVD W.
SILVER SPRING, MD",,"PEDESTRIAN","OTHER","CLOUDY",,"DAYLIGHT","N/A","UNKNOWN","NONE DETECTED","831D4C51-39FF-41B3-B3B0-A855DB9E0663","PEDESTRIAN","Standing","NO IMPROPER ACTIONS","OTHER","No","POSSIBLE INJURY","N/A","39.02120545","-77.01557047","    (39.02120545, -77.01557047)"
"MCP3201001W","210025891","Montgomery County Police","Injury Crash","07/06/2021 10:19:00 AM","County","GREY EAGLE CT","GREAT SENECA HWY",,"N/A","BICYCLIST","OTHER","CLEAR","DRY","DAYLIGHT","STOP SIGN","N/A","N/A","1A336117-683D-489A-83DA-F4E42B51782B","BICYCLIST","Cross/Enter at Intersection","NO IMPROPER ACTIONS","ON ROADWAY AT CROSSWALK","No","SUSPECTED MINOR INJURY","NONE","39.169312","-77.2639625","    (39.169312, -77.2639625)"
"MCP2192003Y","210025523","Montgomery County Police","Injury Crash","07/03/2021 08:44:00 AM","County","LONGMEAD CROSSING DR","LAYHILL RD",,"N/A","PEDESTRIAN","OTHER","CLOUDY","DRY","DAYLIGHT","TRAFFIC SIGNAL","NONE DETECTED","NONE DETECTED","B646C7C6-CEF9-4C3C-967B-59A1255CD4CC","PEDESTRIAN","Cross/Enter at Intersection","NO IMPROPER ACTIONS","ON ROADWAY AT CROSSWALK","No","SUSPECTED MINOR INJURY","N/A","39.09567667","-77.044915","    (39.09567667, -77.044915)"
"MCP20550035","210025522","Montgomery County Police","Injury Crash","07/03/2021 08:30:00 AM","Municipality","WATKINS MILL RD","FREDERICK RD",,"N/A","PEDESTRIAN","OTHER","CLEAR","DRY","DAYLIGHT","TRAFFIC SIGNAL","NONE DETECTED","NONE DETECTED","A97DD103-02BC-44AA-90DA-50C4D5E41BAC","PEDESTRIAN","Cross/Enter at Intersection","NO IMPROPER ACTIONS","ON ROADWAY AT CROSSWALK","No","SUSPECTED MINOR INJURY","N/A","39.159595","-77.21917333","    (39.159595, -77.21917333)"
"MCP31960023","210025450","Montgomery County Police","Injury Crash","07/02/2021 04:58:00 PM","County","WATERS LANDING DR","FATHER HURLEY BLVD",,"N/A","BICYCLIST","HEAD ON LEFT TURN","CLEAR","N/A","DAYLIGHT","TRAFFIC SIGNAL","N/A","N/A","3A7CEABF-BC39-4371-B540-927C3826F434","BICYCLIST","Cross/Enter at Intersection","NO IMPROPER ACTIONS","N/A","No","SUSPECTED MINOR INJURY","MC/BIKE HELMET","39.19188483","-77.27192617","    (39.19188483, -77.27192617)"
"MCP32580013","210025401","Montgomery County Police","Injury Crash","07/02/2021 12:39:00 PM","County","PRICE AVE","GEORGIA AVE",,"N/A","BICYCLIST","SAME DIR REAR END","CLEAR","DRY","DAYLIGHT","N/A","N/A","N/A","2A1469EE-07C0-485C-84EC-5058E82DC486","BICYCLIST","Walking/Riding w/Traffic","UNKNOWN","ON ROADWAY NOT AT CROSSWALK","Unknown","SUSPECTED MINOR INJURY","MC/BIKE HELMET","39.04009167","-77.051125","    (39.04009167, -77.051125)"
"MCP2330002W","210025335","Montgomery County Police","Injury Crash","07/01/2021 09:06:00 PM","Maryland (State)","GEORGIA AVE","REEDIE DR",,"N/A","PEDESTRIAN","OTHER","RAINING","WET","DARK LIGHTS ON","TRAFFIC SIGNAL","NONE DETECTED","UNKNOWN","4E1DA0C0-6453-4E6F-B7AF-BB10D8CC4F5F","PEDESTRIAN","Cross/Enter not at Intersection","DART DASH","OUTSIDE RIGHT OF WAY","Yes","POSSIBLE INJURY","NONE","39.03794833","-77.05084","    (39.03794833, -77.05084)"
"MCP2603003M","210025244","Montgomery County Police","Injury Crash","07/01/2021 12:29:00 PM",,,,"PARKING LOT 803 RUSSELL AVENUE",,"PEDESTRIAN","OTHER","CLEAR",,"DAYLIGHT","N/A","N/A","N/A","38841B20-30C5-4B39-9CF7-C09E99C11D8D","PEDESTRIAN","Other","UNKNOWN","OTHER","No","POSSIBLE INJURY","N/A","39.15552667","-77.20957667","    (39.15552667, -77.20957667)"
"DD5610006N","210025218","Rockville Police Departme","Injury Crash","07/01/2021 10:20:00 AM","Maryland (State)","ROCKVILLE PIKE","TALBOTT ST",,"ROCKVILLE","BICYCLIST","OTHER","CLEAR","DRY","DAYLIGHT","NO CONTROLS","N/A","N/A","33319449-333E-497E-9508-F03B74E5C5EE","BICYCLIST","Cross/Enter not at Intersection","DART DASH","ON ROADWAY NOT AT CROSSWALK","Yes","POSSIBLE INJURY","UNKNOWN","39.07108307","-77.13208008","    (39.07108307, -77.13208008)"
"MCP3156001M","210025210","Montgomery County Police","Injury Crash","07/01/2021 09:13:00 AM","Maryland (State)","PINEY BRANCH RD","MISSISSIPPI AVE",,"N/A","PEDESTRIAN","OTHER","CLEAR","DRY","DAYLIGHT","N/A","NONE DETECTED","NONE DETECTED","FCB0E675-1449-4A7E-A8D6-48931FC5CAE3","PEDESTRIAN","Standing","OTHER","OTHER","No","SUSPECTED SERIOUS INJURY","REFLECTIVE CLOTHING","38.98908854","-77.01164103","    (38.98908854, -77.01164103)"
"MCP3143002V","210024917","Montgomery County Police","Injury Crash","06/29/2021 12:00:00 PM","Maryland (State)","ROCKVILLE PIKE","NICHOLSON LA",,"N/A","BICYCLIST","SAME DIRECTION SIDESWIPE","CLEAR","DRY","DAYLIGHT","TRAFFIC SIGNAL","NONE DETECTED","NONE DETECTED","43F9B8EB-5982-4E3E-948C-2091D6042200","BICYCLIST","Walking/Riding w/Traffic","NO IMPROPER ACTIONS","ON ROADWAY NOT AT CROSSWALK","No","SUSPECTED MINOR INJURY","MC/BIKE HELMET","39.04466833","-77.11246333","    (39.04466833, -77.11246333)"
"MCP158000DZ","210024895","Montgomery County Police","Injury Crash","06/29/2021 09:30:00 AM","Municipality","CHRISTOPHER AVE","RUSSELL AVE",,"GAITHERSBURG","MACHINE OPERATOR/RIDER","SINGLE VEHICLE","CLEAR","DRY","DAYLIGHT","NO CONTROLS","NONE DETECTED","NONE DETECTED","39C04AD9-623B-4162-89D5-CA1DE4CF2240","MACHINE OPERATOR/RIDER","Walking/Riding against Traffic","OTHER","ON ROADWAY NOT AT CROSSWALK","Yes","SUSPECTED MINOR INJURY","NONE","39.15837833","-77.21249","    (39.15837833, -77.21249)"
"EJ78810016","210024873","Gaithersburg Police Depar","Injury Crash","06/29/2021 04:30:00 AM","Maryland (State)","FREDERICK RD","S WESTLAND DR",,"GAITHERSBURG","BICYCLIST","OTHER","CLEAR","DRY","DARK NO LIGHTS","NO CONTROLS","NONE DETECTED","NONE DETECTED","7B60B7C4-0EE0-41C1-8EED-5C057F59948F","BICYCLIST","Walking/Riding w/Traffic","NOT VISIBLE","ON ROADWAY NOT AT CROSSWALK","Yes","SUSPECTED MINOR INJURY","NONE","39.12508925","-77.18167297","    (39.12508925, -77.18167297)"
"MCP3218001Q","210024842","Montgomery County Police","Injury Crash","06/28/2021 07:23:00 PM","Maryland (State)","UNIVERSITY BLVD W","SLIGO CREEK PKWY",,"N/A","BICYCLIST","STRAIGHT MOVEMENT ANGLE","CLEAR","DRY","DAYLIGHT","TRAFFIC SIGNAL","NONE DETECTED","NONE DETECTED","1C4DCAD5-CA1A-4396-975E-AD4D1952F454","BICYCLIST","Cross/Enter at Intersection","NO IMPROPER ACTIONS","IN BIKEWAY","No","POSSIBLE INJURY","MC/BIKE HELMET","39.03638017","-77.03056433","    (39.03638017, -77.03056433)"
"MCP2765005S","210024808","Montgomery County Police","Injury Crash","06/28/2021 04:15:00 PM",,,,"PARKING LOT NEAREST 16220 FREDERICK AVE",,"PEDESTRIAN","OTHER","CLEAR",,"DAYLIGHT","NO CONTROLS",,"NONE DETECTED","75095143-7117-485A-BF93-A72DF51F5D08","PEDESTRIAN","Getting off/on Vehicle","OTHER","OTHER","Yes","SUSPECTED SERIOUS INJURY","NONE","39.12106","-77.17743667","    (39.12106, -77.17743667)"