"Report Number","Local Case Number","Agency Name","ACRS Report Type","Crash Date/Time","Route Type","Road Name","Cross-Street Name","Off-Road Description","Municipality","Related Non-Motorist","Collision Type","Weather","Surface Condition","Light","Traffic Control","Driver Substance Abuse","Non-Motorist Substance Abuse","Person ID","Pedestrian Type","Pedestrian Movement","Pedestrian Actions","Pedestrian Location","At Fault","Injury Severity","Safety Equipment","Latitude","Longitude","Location"
"MCP3124004B","210024539","Montgomery County Police","Injury Crash","06/26/2021 03:50:00 PM",,,,"11160 VEIRS MILL RD SILVER SPRING, MD 20902 // WHEATON MALL // PARKING LOT NEAR EXIT 6",,"PEDESTRIAN","SINGLE VEHICLE","CLOUDY",,"DAYLIGHT","NO CONTROLS","NONE DETECTED","NONE DETECTED","A984F546-8546-4182-B84D-84A657E02C48","PEDESTRIAN","Other","NO IMPROPER ACTIONS","OTHER","No","SUSPECTED MINOR INJURY","NONE","39.03808667","-77.05612167","    (39.03808667, -77.05612167)"
"MCP21070039","210024485","Montgomery County Police","Injury Crash","06/26/2021 09:09:00 AM","County","BARNESVILLE RD","MT EPHRAIM RD",,"N/A","BICYCLIST","SAME DIR REAR END","CLEAR","DRY","DAYLIGHT","NO CONTROLS","NONE DETECTED","NONE DETECTED","0F2B82F9-E612-4714-87E5-73A19033D525","BICYCLIST","Walking/Riding w/Traffic","NO IMPROPER ACTIONS","OTHER","No","SUSPECTED MINOR INJURY","MC/BIKE HELMET","39.22623333","-77.40316167","    (39.22623333, -77.40316167)"
"MCP32880013","210024347","Montgomery County Police","Injury Crash","06/25/2021 11:06:00 AM","County","CHRISTOPHER AVE","HELLINGLY PL",,"N/A","PEDESTRIAN","OTHER","CLEAR","DRY","DAYLIGHT","NO CONTROLS","NONE DETECTED","NONE DETECTED","0C24A54A-41E6-4C06-9DD1-D83DF9232C9A","PEDESTRIAN","Walking/Cycling on Sidewalk","NO IMPROPER ACTIONS","ON ROADWAY AT CROSSWALK","No","SUSPECTED SERIOUS INJURY","N/A","39.15942536","-77.20582028","    (39.15942536, -77.20582028)"
"MCP2939005N","210024258","Montgomery County Police","Injury Crash","06/24/2021 06:18:00 PM","County","SUNDOWN RD","HOWARD CHAPEL RD",,"N/A","BICYCLIST","SAME DIR REAR END","CLEAR","DRY","DAYLIGHT","NO CONTROLS","NONE DETECTED","N/A","B36504C3-A059-4F71-AAE2-B75E9FC37CEF","BICYCLIST","Cross/Enter at Intersection","NO IMPROPER ACTIONS","ON ROADWAY NOT AT CROSSWALK","No","SUSPECTED MINOR INJURY","MC/BIKE HELMET","39.22366167","-77.07680333","    (39.22366167, -77.07680333)"
"MCP2832006C","210024021","Montgomery County Police","Property Damage Crash","06/23/2021 12:45:00 PM","Maryland (State)","EAST WEST HWY","MEADOWBROOK LA",,"N/A","BICYCLIST","SAME DIR REAR END","CLEAR","DRY","DAYLIGHT","PERSON","NONE DETECTED","NONE DETECTED","1C21A60B-569A-4655-9AE0-D005E5B58278","BICYCLIST","Cross/Enter at Intersection","FAILURE TO OBEY TRAFFIC SIGNS SIGNALS OR OFFICER","AT INTERSECTION MARKED CROSSWALK","Yes","NO APPARENT INJURY","MC/BIKE HELMET","38.99280667","-77.06045333","    (38.99280667, -77.06045333)"
"MCP94420023","210025732","Montgomery County Police","Injury Crash","06/23/2021 07:00:00 AM",,,,"PARKING LOT OF 19351 DUNBRIDGE WAY",,"PEDESTRIAN","OTHER","CLEAR",,"DAYLIGHT","N/A","N/A","N/A","6D99C991-8713-476D-856B-902B8AFA6F69","PEDESTRIAN","Other","NO IMPROPER ACTIONS","OTHER","No","SUSPECTED MINOR INJURY","N/A","39.17341333","-77.212455","    (39.17341333, -77.212455)"
"MCP3228001Y","210023945","Montgomery County Police","Injury Crash","06/22/2021 08:19:00 PM","Maryland (State)","GEORGIA AVE","COLESVILLE RD",,"N/A","OTHER CONVEYANCE","OTHER","CLEAR","DRY","DAYLIGHT","NO CONTROLS","UNKNOWN","NONE DETECTED","AAF5CCFB-A067-4D9F-B0C8-CD1B7BA29E7C","OTHER CONVEYANCE","Walking/Riding w/Traffic","IN ROADWAY IMPROPERLY","ON ROADWAY NOT AT CROSSWALK","Yes","SUSPECTED SERIOUS INJURY","MC/BIKE HELMET","38.99627009","-77.02857405","    (38.99627009, -77.02857405)"
"MCP3264001T","210023890","Montgomery County Police","Injury Crash","06/22/2021 02:23:00 PM","County","SECOND AVE","APPLE AVE",,"N/A","PEDESTRIAN","OTHER","CLEAR","DRY","DAYLIGHT","TRAFFIC SIGNAL","NONE DETECTED","NONE DETECTED","246BE639-3A87-41C5-8B53-DEE5FAB281DD","PEDESTRIAN","Cross/Enter at Intersection","NO IMPROPER ACTIONS","ON ROADWAY AT CROSSWALK","No","POSSIBLE INJURY","NONE","38.99612244","-77.03191833","    (38.99612244, -77.03191833)"
"MCP31540029","210023699","Montgomery County Police","Injury Crash","06/21/2021 10:26:00 AM",,,,"19228 CIRCLE GATE DRIVE, GERMANTOWN, MD (APARTMENT COMPLEX T INTERSECTION)",,"OTHER CONVEYANCE","HEAD ON LEFT TURN","CLEAR",,"DAYLIGHT","STOP SIGN","NONE DETECTED","NONE DETECTED","38C9C4C4-4FA8-4889-BB43-6042E6E614D6","OTHER CONVEYANCE","Other","NO IMPROPER ACTIONS","AT INTERSECTION BUT NO CROSSWALK","No","SUSPECTED MINOR INJURY","N/A","39.17153833","-77.26378833","    (39.17153833, -77.26378833)"
"MCP2651004G","210023683","Montgomery County Police","Injury Crash","06/21/2021 08:50:00 AM","County","SCHINDLER DR","NEW HAMPSHIRE AVE SER RD",,"N/A","PEDESTRIAN","OTHER","CLEAR","DRY","DAYLIGHT","TRAFFIC SIGNAL","N/A","N/A","ACBE08AB-CCDF-4E9E-A1E3-7F1F5824869D","PEDESTRIAN","Cross/Enter at Intersection","NO IMPROPER ACTIONS","ON ROADWAY AT CROSSWALK","Yes","SUSPECTED MINOR INJURY","N/A","39.0334735","-76.98629133","    (39.0334735, -76.98629133)"
"DD5610006L","210023496","Rockville Police Departme","Injury Crash","06/19/2021 01:56:00 PM","Municipality","E JEFFERSON ST","CONGRESSIONAL LA",,"ROCKVILLE","PEDESTRIAN","SINGLE VEHICLE","CLEAR","DRY","DAYLIGHT","NO CONTROLS","N/A","N/A","0A0A8174-EA8F-4D00-9960-67BDEE601D05","PEDESTRIAN","Cross/Enter not at Intersection","IN ROADWAY IMPROPERLY","ON ROADWAY NOT AT CROSSWALK","Unknown","POSSIBLE INJURY","N/A","39.06197993","-77.12909521","    (39.06197993, -77.12909521)"
"MCP2968003Q","210023331","Montgomery County Police","Injury Crash","06/18/2021 10:40:00 AM","County","PINEY MEETINGHOUSE RD","TRAVILAH RD",,"N/A","BICYCLIST","OTHER","CLEAR","DRY","DAYLIGHT","STOP SIGN","N/A","N/A","CC3CF0EC-7CC9-4CEA-9E54-BAF79E538735","BICYCLIST","Walking/Riding w/Traffic","NO IMPROPER ACTIONS","OTHER","No","SUSPECTED MINOR INJURY","UNKNOWN","39.086345","-77.21845333","    (39.086345, -77.21845333)"
"MCP3005005R","210023152","Montgomery County Police","Injury Crash","06/17/2021 11:18:00 AM","Maryland (State)","VEIRS MILL RD","ENNALLS AVE",,"N/A","OTHER","SINGLE VEHICLE","CLEAR","DRY","DAYLIGHT","NO CONTROLS","NONE DETECTED","NONE DETECTED","CCDC043E-939B-48BF-BE69-4C3E39BB66E9","OTHER","Cross/Enter at Intersection","DART DASH","ON ROADWAY NOT AT CROSSWALK","Yes","POSSIBLE INJURY","NONE","39.03906333","-77.05424833","    (39.03906333, -77.05424833)"
"EJ7851006H","210023045","Gaithersburg Police Depar","Injury Crash","06/16/2021 04:40:00 PM","Maryland (State)","S FREDERICK RD","SPUR TO MD 117A",,"N/A","BICYCLIST","SAME DIRECTION SIDESWIPE","CLEAR","DRY","DAYLIGHT","NO CONTROLS","NONE DETECTED","NONE DETECTED","EBCB32B6-FDAD-41DE-B4E8-B719415E1E72","BICYCLIST","Cross/Enter at Intersection","INATTENTIVE","ON ROADWAY AT CROSSWALK","Yes","POSSIBLE INJURY","NONE","39.14045253","-77.19793358","    (39.14045253, -77.19793358)"
"MCP3161002T","210023041","Montgomery County Police","Injury Crash","06/16/2021 04:30:00 PM",,,,"3745 UNIVERSITY BLVD W",,"BICYCLIST","STRAIGHT MOVEMENT ANGLE","CLEAR",,"DAYLIGHT","NO CONTROLS","NONE DETECTED","NONE DETECTED","5999CFEB-6A66-4586-A221-B9F353C5DE21","BICYCLIST","Walking/Cycling on Sidewalk","NO IMPROPER ACTIONS","SIDEWALK","No","SUSPECTED MINOR INJURY","NONE","39.03287","-77.07437667","    (39.03287, -77.07437667)"
"MCP32870016","210022932","Montgomery County Police","Injury Crash","06/15/2021 08:58:00 PM",,,,"PARKING LOT OF 12029 GEORGIA AVE",,"PEDESTRIAN","SINGLE VEHICLE","CLEAR",,"DARK LIGHTS ON","N/A","N/A","N/A","D652DBDD-1B5E-4734-BFF4-8E9E84CD7B5D","PEDESTRIAN","Other","NOT VISIBLE","MEDIAN","Yes","SUSPECTED MINOR INJURY","N/A","39.05546558","-77.04942146","    (39.05546558, -77.04942146)"
"MCP28660071","210022763","Montgomery County Police","Injury Crash","06/14/2021 06:15:00 PM",,,,"BETHESDA METRO CENTER BUS LOOP, 3 BETHESDA METRO CENTER, BETHESDA, MD, 20814",,"PEDESTRIAN","SINGLE VEHICLE","CLEAR",,"DAYLIGHT","NO CONTROLS","NONE DETECTED","NONE DETECTED","6BE6567C-7F32-45B8-944B-F1748AD443D4","PEDESTRIAN","Getting off/on Vehicle","NO IMPROPER ACTIONS","CURB","No","SUSPECTED MINOR INJURY","NONE","38.98458873","-77.09433653","    (38.98458873, -77.09433653)"
"MCP1182003N","210022862","Montgomery County Police","Injury Crash","06/14/2021 08:39:00 AM","County","FOREST PL","FOREST RD",,"N/A","PEDESTRIAN","OTHER","CLEAR","DRY","DAYLIGHT","PERSON","UNKNOWN","N/A","6BC4AB50-225A-48EC-ABF1-40B326E810FB","PEDESTRIAN","Other Working","NO IMPROPER ACTIONS","DRIVEWAY ACCESS MARKED CROSSWALK","No","SUSPECTED MINOR INJURY","REFLECTIVE CLOTHING","39.01296","-77.11339667","    (39.01296, -77.11339667)"
"MCP28770090","210022660","Montgomery County Police","Injury Crash","06/14/2021 08:23:00 AM","County","WILLARD AVE","FRIENDSHIP BLVD",,"N/A","PEDESTRIAN","OTHER","CLEAR","DRY","DAYLIGHT","TRAFFIC SIGNAL","NONE DETECTED","NONE DETECTED","FD4BB509-886F-48E5-A1C0-5BFBF0A7917A","PEDESTRIAN","Cross/Enter at Intersection","NO IMPROPER ACTIONS","AT INTERSECTION MARKED CROSSWALK","No","SUSPECTED MINOR INJURY","NONE","38.96214079","-77.08894879","    (38.96214079, -77.08894879)"
"MCP31210046","210022605","Montgomery County Police","Property Damage Crash","06/13/2021 06:10:00 PM","County","ODENDHAL AVE","ROYAL BONNET CIR",,"N/A","BICYCLIST","STRAIGHT MOVEMENT ANGLE","CLOUDY","DRY","DAYLIGHT","NO CONTROLS","NONE DETECTED","NONE DETECTED","160A00D5-6A33-4B2B-B6FF-1C4F17F2D5E1","BICYCLIST","Cross/Enter at Intersection","FAILURE TO YIELD RIGHT OF WAY","AT INTERSECTION BUT NO CROSSWALK","Yes","NO APPARENT INJURY","MC/BIKE HELMET","39.15251563","-77.19415302","    (39.15251563, -77.19415302)"
"MCP31540027","210022474","Montgomery County Police","Injury Crash","06/12/2021 02:48:00 PM","Maryland (State)","GERMANTOWN RD","CROWNSGATE WAY",,"N/A","BICYCLIST","SINGLE VEHICLE","CLEAR","DRY","DAYLIGHT","NO CONTROLS","NONE DETECTED","NONE DETECTED","AB06485C-8627-4B88-A8E9-61259B3D5C53","BICYCLIST","Walking/Riding w/Traffic","NO IMPROPER ACTIONS","SHOULDER","No","SUSPECTED SERIOUS INJURY","MC/BIKE HELMET","39.15750667","-77.28540833","    (39.15750667, -77.28540833)"
"MCP2008008H","210022161","Montgomery County Police","Injury Crash","06/10/2021 04:00:00 PM","County","BOILING BROOK PKWY","HUNTERS LA",,"N/A","BICYCLIST","OTHER","CLOUDY","DRY","DAYLIGHT","STOP SIGN","NONE DETECTED","NONE DETECTED","453131AE-8AE1-4BE1-8EEB-9F5B02F56033","BICYCLIST","Cross/Enter at Intersection","DART DASH","AT INTERSECTION MARKED CROSSWALK","Yes","SUSPECTED MINOR INJURY","NONE","39.04826833","-77.10048333","    (39.04826833, -77.10048333)"
"MCP3268000X","210022095","Montgomery County Police","Injury Crash","06/10/2021 10:17:00 AM","Maryland (State)","NEW HAMPSHIRE AVE","LOCKWOOD DR",,"N/A","OTHER","STRAIGHT MOVEMENT ANGLE","N/A","DRY","DAYLIGHT","N/A","N/A","NONE DETECTED","03CE9803-DCB5-4F31-9806-A1E5951CFCA1","OTHER","Cross/Enter at Intersection","FAILURE TO OBEY TRAFFIC SIGNS SIGNALS OR OFFICER","MEDIAN","Yes","SUSPECTED SERIOUS INJURY","N/A","39.03978967","-76.99066067","    (39.03978967, -76.99066067)"
"MCP271700VD","210021992","Montgomery County Police","Injury Crash","06/09/2021 05:00:00 PM","County","CHARLCOTE RD","MOORLAND LA",,"N/A","OTHER CONVEYANCE","OTHER","CLEAR","DRY","DAYLIGHT","NO CONTROLS","NONE DETECTED","NONE DETECTED","975B4082-8BE7-4B51-939D-130394720717","OTHER CONVEYANCE","Walking/Riding w/Traffic","NO IMPROPER ACTIONS","ON ROADWAY NOT AT CROSSWALK","No","SUSPECTED SERIOUS INJURY","MC/BIKE HELMET","38.992773","-77.1120785","    (38.992773, -77.1120785)"
"EJ7873003Y","210021964","Gaithersburg Police Depar","Property Damage Crash","06/09/2021 02:15:00 PM","Municipality","FEATHERSTONE ST","BRIGHT MEADOW DR",,"GAITHERSBURG","BICYCLIST","OTHER","CLEAR","DRY","DAYLIGHT","YIELD SIGN","UNKNOWN","NONE DETECTED","EC126DDF-47F4-4111-A3E8-07A1D392E8AB","BICYCLIST","Walking/Riding w/Traffic","NO IMPROPER ACTIONS","ON ROADWAY NOT AT CROSSWALK","No","NO APPARENT INJURY","MC/BIKE HELMET","39.11583933","-77.22935888","    (39.11583933, -77.22935888)"
"MCP3037003H","210021829","Montgomery County Police","Injury Crash","06/08/2021 04:17:00 PM",,"YORK MILL LANE","HAVENWORTH LANE",,"N/A","BICYCLIST","STRAIGHT MOVEMENT ANGLE","CLEAR","DRY","DAYLIGHT","NO CONTROLS","NONE DETECTED","NONE DETECTED","CA971408-4A1A-482B-898F-61AEEDAD3543","BICYCLIST","Cross/Enter not at Intersection","INATTENTIVE","N/A","Yes","SUSPECTED MINOR INJURY","NONE","39.22041904","-77.26438831","    (39.22041904, -77.26438831)"
"MCP243600CM","210021739","Montgomery County Police","Injury Crash","06/08/2021 07:30:00 AM","US (State)","COLUMBIA PIKE","ENT TO BURNT MILLS SHOPPING CENTER",,"N/A","PEDESTRIAN","SINGLE VEHICLE","CLEAR","DRY","DAYLIGHT","STOP SIGN","NONE DETECTED","NONE DETECTED","2284F3AD-1EEE-4DA5-A3B2-E59FF816D89A","PEDESTRIAN","Cross/Enter at Intersection","NO IMPROPER ACTIONS","AT INTERSECTION MARKED CROSSWALK","No","SUSPECTED MINOR INJURY","NONE","39.03182785","-77.00408697","    (39.03182785, -77.00408697)"
"MCP15650043","210021667","Montgomery County Police","Injury Crash","06/07/2021 04:46:00 PM",,,,"PARKING LOT OF 13490 NEW HAMPSHIRE AVE, GIANT FOODS",,"PEDESTRIAN","OTHER","CLEAR",,"DAYLIGHT","NO CONTROLS","NONE DETECTED","NONE DETECTED","09EB89CE-53A7-4927-971B-ECB35D0A5620","PEDESTRIAN","Other","NO IMPROPER ACTIONS","ON ROADWAY AT CROSSWALK","No","SUSPECTED MINOR INJURY","N/A","39.07677167","-77.00365167","    (39.07677167, -77.00365167)"
"MCP115100CK","210021599","Montgomery County Police","Injury Crash","06/07/2021 11:25:00 AM",,,,"PARKING LOT AREA OF 12301 MIDDLEBROOK ROAD",,"PEDESTRIAN","OTHER","CLEAR",,"DAYLIGHT","NO CONTROLS","NONE DETECTED","NONE DETECTED","F2C47FBA-2DBC-482C-8A5D-B82A42238FD9","PEDESTRIAN","Other","UNKNOWN","OTHER","Unknown","POSSIBLE INJURY","N/A","39.17573333","-77.25416333","    (39.17573333, -77.25416333)"
"MCP2432000F","210021556","Montgomery County Police","Injury Crash","06/07/2021 05:09:00 AM","Maryland (State)","MIDCOUNTY HWY","GOSHEN RD",,"N/A","PEDESTRIAN","SINGLE VEHICLE","CLEAR","DRY","DARK NO LIGHTS","NO CONTROLS","NONE DETECTED","NONE DETECTED","AE927132-6400-48A4-8636-D26F0EB1C96D","PEDESTRIAN","Walking/Riding w/Traffic","IN ROADWAY IMPROPERLY","SHOULDER","Yes","SUSPECTED MINOR INJURY","NONE","39.15740667","-77.18790667","    (39.15740667, -77.18790667)"
"DM8497000P","210021540","Takoma Park Police Depart","Injury Crash","06/06/2021 09:10:00 PM",,,,"PARKING LOT AT TAKOMA LANGLEY CROSSROADS",,"PEDESTRIAN","OTHER","CLEAR",,"DARK LIGHTS ON","N/A","N/A","N/A","C5C68526-6EB3-4108-873D-D0C57F28A3DB","PEDESTRIAN","Cross/Enter at Intersection","DART DASH","OTHER","Yes","SUSPECTED MINOR INJURY","N/A","38.98874631","-76.98905776","    (38.98874631, -76.98905776)"
"MCP2761002R","210021311","Montgomery County Police","Injury Crash","06/05/2021 02:00:00 AM",,,,"PARKING LOT IN FRONT OF 19041 STEDWICK DRIVE",,"PEDESTRIAN","STRAIGHT MOVEMENT ANGLE","CLEAR",,"DARK LIGHTS ON","NO CONTROLS","N/A","NONE DETECTED","B77D4543-FDEA-4A26-980D-D8BF00030EBE","PEDESTRIAN","Other","NO IMPROPER ACTIONS","ON ROADWAY NOT AT CROSSWALK","No","POSSIBLE INJURY","N/A","39.16933281","-77.2117296","    (39.16933281, -77.2117296)"
"DD5637002J","210021285","Rockville Police Departme","Injury Crash","06/04/2021 09:08:00 PM","Maryland (State)","FREDERICK RD","ENT TO SHADY GROVE METRO STATION",,"N/A","PEDESTRIAN","OTHER","CLEAR","DRY","DARK LIGHTS ON","TRAFFIC SIGNAL","NONE DETECTED","NONE DETECTED","00629468-FF2E-4FE5-8721-020A876CE3E8","PEDESTRIAN","Cross/Enter at Intersection","NO IMPROPER ACTIONS","AT INTERSECTION MARKED CROSSWALK","No","SUSPECTED MINOR INJURY","NONE","39.11735454","-77.16884108","    (39.11735454, -77.16884108)"
"MCP32710012","210021108","Montgomery County Police","Injury Crash","06/03/2021 05:28:00 PM","Maryland (State)","OLD GEORGETOWN RD","LINCOLN ST",,"N/A","BICYCLIST","SINGLE VEHICLE","CLOUDY","DRY","DAYLIGHT","TRAFFIC SIGNAL","NONE DETECTED","NONE DETECTED","8405D411-1EF6-4AE6-9184-2CBD43E7E8AE","BICYCLIST","Walking/Cycling on Sidewalk","NO IMPROPER ACTIONS","ON ROADWAY AT CROSSWALK","No","POSSIBLE INJURY","NONE","38.99831547","-77.10916162","    (38.99831547, -77.10916162)"
"MCP263900C8","210021006","Montgomery County Police","Injury Crash","06/03/2021 08:21:00 AM","Maryland (State)","GEORGIA AVE","GEORGIAN WAY",,"N/A","BICYCLIST","STRAIGHT MOVEMENT ANGLE","CLOUDY","WET","DAYLIGHT","NO CONTROLS","NONE DETECTED","NONE DETECTED","55DC5794-CEC4-4FCF-B5B0-DBC19A429BCA","BICYCLIST","Walking/Cycling on Sidewalk","NO IMPROPER ACTIONS","SIDEWALK","No","POSSIBLE INJURY","NONE","39.05428667","-77.05048833","    (39.05428667, -77.05048833)"
"MCP32400023","210020989","Montgomery County Police","Injury Crash","06/02/2021 09:25:00 PM",,,,"PARKING LOT OF 1 OBSERVATION CT",,"PEDESTRIAN","OTHER","CLEAR",,"DARK LIGHTS ON","NO CONTROLS","N/A","N/A","5A1DBE8B-F345-4D5A-9D70-A4C25E60AD77","PEDESTRIAN","Other","OTHER","OTHER","Unknown","POSSIBLE INJURY","NONE","39.19215117","-77.24754972","    (39.19215117, -77.24754972)"
"MCP32470017","210020613","Montgomery County Police","Injury Crash","05/31/2021 03:11:00 PM","US (State)","COLESVILLE RD","FENTON ST",,"N/A","PEDESTRIAN","SINGLE VEHICLE","CLEAR","DRY","DAYLIGHT","TRAFFIC SIGNAL","NONE DETECTED","NONE DETECTED","3F5DE650-6434-4A74-ADA5-29C380C0D8B5","PEDESTRIAN","Cross/Enter not at Intersection","FAILURE TO OBEY TRAFFIC SIGNS SIGNALS OR OFFICER","ON ROADWAY NOT AT CROSSWALK","Yes","SUSPECTED MINOR INJURY","NONE","38.99741059","-77.02707101","    (38.99741059, -77.02707101)"
"MCP27830043","210020523","Montgomery County Police","Injury Crash","05/30/2021 08:00:00 PM","County","LIVINGSTON ST","LINDELL ST",,"N/A","PEDESTRIAN","SAME DIRECTION SIDESWIPE","CLEAR","DRY","DAYLIGHT","NO CONTROLS","N/A","N/A","39A2FC92-DA57-4654-9BD1-0D514DACC520","PEDESTRIAN","Standing","N/A","N/A","No","POSSIBLE INJURY","NONE","39.05622096","-77.05809768","    (39.05622096, -77.05809768)"
"MCP3022003W","210020396","Montgomery County Police","Injury Crash","05/29/2021 06:35:00 PM",,"SERVICEBERRY DR","AURORA HILLS DR",,"N/A","BICYCLIST","STRAIGHT MOVEMENT ANGLE","RAINING","WET","DAYLIGHT","STOP SIGN","N/A","N/A","C6C3C2EC-DF76-488E-B34D-49476A67EEF9","BICYCLIST","Cross/Enter at Intersection","FAILURE TO OBEY TRAFFIC SIGNS SIGNALS OR OFFICER","AT INTERSECTION BUT NO CROSSWALK","Yes","SUSPECTED MINOR INJURY","NONE","39.23542333","-77.24341","    (39.23542333, -77.24341)"
"MCP30380053","210020082","Montgomery County Police","Injury Crash","05/27/2021 03:23:00 PM","County","FENTON ST","WAYNE AVE",,"N/A","PEDESTRIAN","OTHER","CLEAR","DRY","DAYLIGHT","TRAFFIC SIGNAL","N/A","NONE DETECTED","985C0FA5-9AC3-4F4D-99CC-A530FA31CD23","PEDESTRIAN","Cross/Enter at Intersection","NO IMPROPER ACTIONS","ON ROADWAY AT CROSSWALK","No","SUSPECTED MINOR INJURY","N/A","38.99552664","-77.02445613","    (38.99552664, -77.02445613)"
"MCP26100029","210019959","Montgomery County Police","Injury Crash","05/26/2021 05:22:00 PM",,,,"PARKING LOT OF 229 MUDDY BRANCH RD GAITHERSBURG MARYLAND",,"PEDESTRIAN","OTHER","CLEAR",,"DAYLIGHT","N/A","NONE DETECTED, UNKNOWN","NONE DETECTED","11CDB9B5-0FBF-4F8C-AC91-57589C0C3A36","PEDESTRIAN","Other","NO IMPROPER ACTIONS","OTHER","No","POSSIBLE INJURY","N/A","39.12816167","-77.20624167","    (39.12816167, -77.20624167)"
"MCP2852002V","210019830","Montgomery County Police","Injury Crash","05/25/2021 08:43:00 PM","Other Public Roadway","FATHER HURLEY BLVD","HOPKINS RD",,"N/A","BICYCLIST","ANGLE MEETS RIGHT TURN","CLEAR","DRY","DUSK","TRAFFIC SIGNAL","NONE DETECTED","NONE DETECTED","8E6E91B7-9823-4FD3-85A6-8D5EB016B2DE","BICYCLIST","Other","FAILURE TO YIELD RIGHT OF WAY","ON ROADWAY AT CROSSWALK","Yes","POSSIBLE INJURY","MC/BIKE HELMET","39.1692528","-77.28294472","    (39.1692528, -77.28294472)"
"DM8490000W","210019621","Takoma Park Police Depart","Injury Crash","05/24/2021 03:29:00 PM",,,,"1127 UNIVERSITY BLVD E / SHOPPING CENTER PARKING",,"PEDESTRIAN","OTHER","RAINING",,"DAYLIGHT","N/A","N/A","N/A","D6A8C144-6F07-40D1-91DC-EB52416FAB38","PEDESTRIAN","Other","OTHER","ON ROADWAY NOT AT CROSSWALK","No","POSSIBLE INJURY","NONE","38.98941383","-76.989808","    (38.98941383, -76.989808)"
"MCP9369001S","210019431","Montgomery County Police","Injury Crash","05/23/2021 02:15:00 AM","Maryland (State)","FREDERICK RD","RIDGEMONT AVE",,"ROCKVILLE","PEDESTRIAN","SINGLE VEHICLE","CLEAR","DRY","DARK LIGHTS ON","NO CONTROLS","NONE DETECTED","NONE DETECTED","D77E4A56-49F7-456A-A139-DFBE28EAB47E","PEDESTRIAN","Walking/Riding w/Traffic","IN ROADWAY IMPROPERLY","ON ROADWAY NOT AT CROSSWALK","Yes","SUSPECTED SERIOUS INJURY","NONE","39.12004667","-77.17367167","    (39.12004667, -77.17367167)"
"MCP31210043","210019391","Montgomery County Police","Injury Crash","05/22/2021 06:42:00 PM",,,,"IFO 1514 TANYARD HILL ROAD GAITHERSBURG MD",,"BICYCLIST","SINGLE VEHICLE","CLEAR",,"DAYLIGHT","NO CONTROLS","NONE DETECTED","NONE DETECTED","68DAD175-49CD-44A1-8B34-0E7C89E9A08F","BICYCLIST","Playing","NO IMPROPER ACTIONS","OTHER","No","POSSIBLE INJURY","PROTECTIVE PADS","39.16037857","-77.21167762","    (39.16037857, -77.21167762)"
"MCP32870013","210019100","Montgomery County Police","Injury Crash","05/20/2021 07:00:00 PM",,,,"PARKING LOT OF 7919 TUCKERMAN LN",,"PEDESTRIAN","SINGLE VEHICLE","CLEAR",,"DUSK","NO CONTROLS","N/A","N/A","4A372518-5354-4D0C-8535-B099996822D3","PEDESTRIAN","Other Working","NO IMPROPER ACTIONS","OTHER","No","POSSIBLE INJURY","N/A","39.04071029","-77.15659808","    (39.04071029, -77.15659808)"
"HA24490018","21000936","Maryland-National Capital","Injury Crash","05/20/2021 02:33:00 PM","Government","SLIGO CREEK PKWY","PARK VALLEY RD",,"N/A","BICYCLIST","SAME DIR REAR END","CLEAR","DRY","DAYLIGHT","NO CONTROLS","N/A","N/A","8E2F7706-9D45-43FD-8485-9C090D095A47","BICYCLIST","Walking/Riding w/Traffic","NO IMPROPER ACTIONS","ON ROADWAY NOT AT CROSSWALK","No","SUSPECTED MINOR INJURY","UNKNOWN","38.9896826","-77.00633868","    (38.9896826, -77.00633868)"
"MCP31230025","210019038","Montgomery County Police","Injury Crash","05/20/2021 12:58:00 PM","County","WILLOW TREE TERR","WILLOW TREE TERR",,"N/A","PEDESTRIAN","OTHER","CLEAR","DRY","DAYLIGHT","N/A","NONE DETECTED","NONE DETECTED","6086F579-800F-45FD-A75D-33B6F8FD7244","PEDESTRIAN","Walking/Cycling on Sidewalk","NO IMPROPER ACTIONS","SIDEWALK","No","POSSIBLE INJURY","N/A","39.086165","-77.20297583","    (39.086165, -77.20297583)"
"MCP31230025","210019038","Montgomery County Police","Injury Crash","05/20/2021 12:58:00 PM","County","WILLOW TREE TERR","WILLOW TREE TERR",,"N/A","PEDESTRIAN","OTHER","CLEAR","DRY","DAYLIGHT","N/A","NONE DETECTED","NONE DETECTED","4FAA6C44-DA31-4522-937B-ECEC7F8BA4AA","PEDESTRIAN","Walking/Cycling on Sidewalk","N/A","SIDEWALK","No","SUSPECTED SERIOUS INJURY","N/A","39.086165","-77.20297583","    (39.086165, -77.20297583)"
"MCP2917007R","210018952","Montgomery County Police","Injury Crash","05/19/2021 07:12:00 PM","County","GRENOBLE DR","PARKLAND DR",,"N/A","PEDESTRIAN","OTHER","CLEAR","DRY","DAYLIGHT","NO CONTROLS","NONE DETECTED","NONE DETECTED","7F20F036-A0AF-4DFE-9D2C-699AE4E3156A","PEDESTRIAN","Playing","DART DASH","ON ROADWAY NOT AT CROSSWALK","Yes","SUSPECTED MINOR INJURY","N/A","39.0783657","-77.08604655","    (39.0783657, -77.08604655)"
"MCP2849003W","210018785","Montgomery County Police","Injury Crash","05/18/2021 04:27:00 PM","Maryland (State)","W DIAMOND AVE","RAMP 1 FR IS 270 NB TO MD 117 WB",,"N/A","BICYCLIST","OTHER","CLEAR","DRY","DAYLIGHT","TRAFFIC SIGNAL","NONE DETECTED","NONE DETECTED","D44E4612-D2DE-4879-9AE0-EFBF2185E34F","BICYCLIST","Cross/Enter at Intersection","IN ROADWAY IMPROPERLY","ON ROADWAY AT CROSSWALK","Yes","SUSPECTED MINOR INJURY","MC/BIKE HELMET","39.14051939","-77.21074523","    (39.14051939, -77.21074523)"
"MCP3251000N","210018379","Montgomery County Police","Injury Crash","05/15/2021 08:00:00 PM","County","WISTERIA DR","GREAT SENECA HWY",,"N/A","BICYCLIST","OTHER","CLEAR","DRY","DARK LIGHTS ON","TRAFFIC SIGNAL","UNKNOWN","NONE DETECTED","3D094995-9B65-4844-886D-91D2E442142E","BICYCLIST","Cross/Enter at Intersection","N/A","ON ROADWAY AT CROSSWALK","No","SUSPECTED MINOR INJURY","UNKNOWN","39.17685715","-77.26996929","    (39.17685715, -77.26996929)"