"Report Number","Local Case Number","Agency Name","ACRS Report Type","Crash Date/Time","Route Type","Road Name","Cross-Street Name","Off-Road Description","Municipality","Related Non-Motorist","Collision Type","Weather","Surface Condition","Light","Traffic Control","Driver Substance Abuse","Non-Motorist Substance Abuse","Person ID","Pedestrian Type","Pedestrian Movement","Pedestrian Actions","Pedestrian Location","At Fault","Injury Severity","Safety Equipment","Latitude","Longitude","Location"
"DD5620006L","210012678","Rockville Police Departme","Injury Crash","04/05/2021 11:44:00 AM",,,,"1401 RESEARCH BLVD PARKING LOT",,"PEDESTRIAN","OTHER","CLEAR",,"DAYLIGHT","N/A","NONE DETECTED","NONE DETECTED","91B08CF6-D492-46AB-A1F7-22D1D66E08FC","PEDESTRIAN","Other","OTHER","OTHER","No","POSSIBLE INJURY","NONE","39.09105309","-77.17857984","    (39.09105309, -77.17857984)"
"MCP2356001S","210012483","Montgomery County Police","Injury Crash","04/03/2021 07:00:00 PM","Municipality","MARYLAND AVE","E MIDDLE LA",,"ROCKVILLE","PEDESTRIAN","STRAIGHT MOVEMENT ANGLE","CLEAR","DRY","DUSK","N/A","N/A","N/A","D9063536-EC95-4F2F-94B8-D842488D2029","PEDESTRIAN","Cross/Enter not at Intersection","DART DASH","ON ROADWAY NOT AT CROSSWALK","Yes","POSSIBLE INJURY","N/A","39.08623688","-77.15101352","    (39.08623688, -77.15101352)"
"MCP2936004F","210012350","Montgomery County Police","Injury Crash","04/02/2021 04:17:00 PM","County","NICHOLSON LA","WOODGLEN DR",,"N/A","PEDESTRIAN","OTHER","CLEAR","DRY","N/A","TRAFFIC SIGNAL","UNKNOWN","NONE DETECTED","9958476B-BA66-433F-8F2C-80FC04DDB68F","PEDESTRIAN","Cross/Enter at Intersection","NO IMPROPER ACTIONS","AT INTERSECTION MARKED CROSSWALK","No","SUSPECTED MINOR INJURY","NONE","39.045375","-77.118855","    (39.045375, -77.118855)"
"MCP3255001L","210011905","Montgomery County Police","Injury Crash","03/30/2021 05:30:00 PM","County","STEWARTOWN RD","MONTGOMERY VILLAGE AVE",,"N/A","BICYCLIST","OTHER","CLEAR","DRY","DAYLIGHT","STOP SIGN","N/A","N/A","E6F520C2-AFFD-4F2A-BAAB-42274B76B899","BICYCLIST","Cross/Enter at Intersection","N/A","AT INTERSECTION BUT NO CROSSWALK","No","SUSPECTED MINOR INJURY","NONE","39.17921667","-77.20104333","    (39.17921667, -77.20104333)"
"MCP2902004W","21001185","Montgomery County Police","Injury Crash","03/30/2021 02:35:00 PM","County","GUNNERS BRANCH RD","FREDERICK RD",,"N/A","PEDESTRIAN","OTHER","CLEAR","DRY","DAYLIGHT","TRAFFIC SIGNAL","N/A","N/A","CA7AC82A-2ECE-47A8-8FF8-1D04AA69CD72","PEDESTRIAN","Cross/Enter at Intersection","UNKNOWN","ON ROADWAY AT CROSSWALK","No","SUSPECTED MINOR INJURY","NONE","39.17904333","-77.237975","    (39.17904333, -77.237975)"
"MCP271700TY","210008918","Montgomery County Police","Injury Crash","03/23/2021 04:35:00 PM","County","ROOSEVELT ST","OLD GEORGETOWN RD",,"N/A","BICYCLIST","OTHER","CLEAR","DRY","DAYLIGHT","NO CONTROLS","NONE DETECTED","NONE DETECTED","7452A366-A7EA-49DF-98F3-748CF51913BD","BICYCLIST","Cross/Enter at Intersection","NO IMPROPER ACTIONS","AT INTERSECTION BUT NO CROSSWALK","No","SUSPECTED MINOR INJURY","MC/BIKE HELMET","38.99147883","-77.09794533","    (38.99147883, -77.09794533)"
"MCP31130033","210010543","Montgomery County Police","Injury Crash","03/20/2021 06:57:00 PM","Maryland (State)","SPENCERVILLE RD","LIONS DEN RD",,"N/A","PEDESTRIAN","OTHER","CLEAR","DRY","DUSK","NO CONTROLS","N/A","N/A","1344D1D3-3DBF-436A-8E9F-BA111068B321","PEDESTRIAN","Cross/Enter not at Intersection","DART DASH","ON ROADWAY NOT AT CROSSWALK","Yes","SUSPECTED SERIOUS INJURY","NONE","39.06699135","-76.96432988","    (39.06699135, -76.96432988)"
"MCP1202004T","210010512","Montgomery County Police","Injury Crash","03/20/2021 03:02:00 PM","County","MADAWASKA RD","SANGAMORE RD",,"N/A","PEDESTRIAN","OTHER","CLEAR","DRY","DAYLIGHT","STOP SIGN","NONE DETECTED","NONE DETECTED","4D32C7B2-F2E0-427C-811C-0C8DE24A62CA","PEDESTRIAN","Cross/Enter at Intersection","NO IMPROPER ACTIONS","ON ROADWAY AT CROSSWALK","No","SUSPECTED MINOR INJURY","NONE","38.9582","-77.122","    (38.9582, -77.122)"
"MCP2456005D","210010499","Montgomery County Police","Injury Crash","03/20/2021 12:30:00 PM","Maryland (State)","NEW HAMPSHIRE AVE","RAMP 2 FR IS 495 WB TO MD 650 NB",,"N/A","PEDESTRIAN","STRAIGHT MOVEMENT ANGLE","CLEAR","DRY","DAYLIGHT","TRAFFIC SIGNAL","UNKNOWN","NONE DETECTED","7BE80BB6-82BA-4929-AC56-81F5DB56844E","PEDESTRIAN","Cross/Enter at Intersection","UNKNOWN","ON ROADWAY AT CROSSWALK","Unknown","POSSIBLE INJURY","N/A","39.02089833","-76.97657","    (39.02089833, -76.97657)"
"MCP2516003C","210009574","Montgomery County Police","Injury Crash","03/14/2021 02:12:00 PM","Maryland (State)","GREAT SENECA HWY","QUEENSTOWN LA",,"N/A","PEDESTRIAN","N/A","CLEAR","DRY","DAYLIGHT","TRAFFIC SIGNAL","N/A","N/A","E1B761BD-7151-4165-9CE7-08D3E08BCAD8","PEDESTRIAN","Cross/Enter at Intersection","NO IMPROPER ACTIONS","AT INTERSECTION MARKED CROSSWALK","No","POSSIBLE INJURY","N/A","39.15341511","-77.27825728","    (39.15341511, -77.27825728)"
"MCP31360044","210009735","Montgomery County Police","Injury Crash","03/12/2021 07:30:00 PM",,,,"ENTRANCE TO SHOPPING CENTER",,"PEDESTRIAN","OTHER","N/A",,"N/A","N/A","N/A","N/A","EE7E0B01-B8A6-4978-B25E-EBED3F3E4487","PEDESTRIAN","Walking/Cycling on Sidewalk","UNKNOWN","DRIVEWAY ACCESS MARKED CROSSWALK","No","POSSIBLE INJURY","N/A","38.99842547","-77.00105105","    (38.99842547, -77.00105105)"
"MCP30800030","210009350","Montgomery County Police","Injury Crash","03/12/2021 05:22:00 PM","Maryland (State)","GREAT SENECA HWY","CLOPPERS MILL DR",,"N/A","BICYCLIST","N/A","CLEAR","DRY","DAYLIGHT","TRAFFIC SIGNAL","NONE DETECTED","NONE DETECTED","837760C3-1FB2-4BDA-96E3-5842F5FD8385","BICYCLIST","Cross/Enter at Intersection","NO IMPROPER ACTIONS","ON ROADWAY AT CROSSWALK","No","SUSPECTED MINOR INJURY","MC/BIKE HELMET","39.1486525","-77.27636176","    (39.1486525, -77.27636176)"
"MCP137800WW","210009336","Montgomery County Police","Injury Crash","03/12/2021 03:33:00 PM",,,,"PARKING LOT OF 8097 SNOUFFER SCHOOL RD",,"OTHER","SINGLE VEHICLE","CLEAR",,"DAYLIGHT","N/A","NONE DETECTED","NONE DETECTED","5C4B6491-454C-45F9-A7D9-60F8FE0E2DEE","OTHER","Other","NO IMPROPER ACTIONS","OTHER","No","SUSPECTED MINOR INJURY","N/A","39.16229092","-77.16519664","    (39.16229092, -77.16519664)"
"MCP20080089","210009231","Montgomery County Police","Fatal Crash","03/11/2021 09:08:00 PM","Maryland (State)","NEW HAMPSHIRE AVE","CAPITAL BELTWAY",,"N/A","PEDESTRIAN","OTHER","CLEAR","DRY","DARK NO LIGHTS","NO CONTROLS","NONE DETECTED","NONE DETECTED","951350A3-5590-418F-AD4A-14442DEF10BF","PEDESTRIAN","Cross/Enter not at Intersection","IN ROADWAY IMPROPERLY","ON ROADWAY NOT AT CROSSWALK","Yes","FATAL INJURY","N/A","39.01722684","-76.97709106","    (39.01722684, -76.97709106)"
"MCP3209002H","210009226","Montgomery County Police","Injury Crash","03/11/2021 07:57:00 PM","Maryland (State)","GEORGIA AVE","DAYTON ST",,"N/A","PEDESTRIAN","OTHER","CLEAR","DRY","DARK NO LIGHTS","NO CONTROLS","NONE DETECTED","NONE DETECTED","AB9FD99C-714C-4CB1-AC0E-46071A257F3C","PEDESTRIAN","Walking/Cycling on Sidewalk","NO IMPROPER ACTIONS","SIDEWALK","No","SUSPECTED MINOR INJURY","NONE","39.02838333","-77.046875","    (39.02838333, -77.046875)"
"EJ7889000J","210008835","Gaithersburg Police Depar","Property Damage Crash","03/09/2021 08:15:00 AM",,,,"15740 SHADY GROVE ROAD, GAITHERSBURG, MD 20877 IN THE HOME DEPOT PAKING LOT.",,"PEDESTRIAN","SINGLE VEHICLE","N/A",,"DAYLIGHT","NO CONTROLS","NONE DETECTED","NONE DETECTED","F8B96DE6-A0AD-49C2-8C83-5D96E616518A","PEDESTRIAN","Standing","N/A","OUTSIDE RIGHT OF WAY","No","NO APPARENT INJURY","NONE","39.11484788","-77.18680825","    (39.11484788, -77.18680825)"
"MCP3274000H","210008468","Montgomery County Police","Injury Crash","03/06/2021 01:30:00 PM","Municipality","N PARK AVE","SHOEMAKER FARM LA",,"FRIENDSHIP HEIGHTS","PEDESTRIAN","SAME DIR REAR END","CLEAR","DRY","DAYLIGHT","NO CONTROLS","NONE DETECTED","NONE DETECTED","9D055FDE-D440-44E5-B9AD-D0DC9F932F92","PEDESTRIAN","Standing","NO IMPROPER ACTIONS","OTHER","No","SUSPECTED MINOR INJURY","NONE","38.96343567","-77.09180917","    (38.96343567, -77.09180917)"
"EJ78510067","210008384","Gaithersburg Police Depar","Injury Crash","03/05/2021 05:53:00 PM",,,,"BEHIND 422 MARKET STREET (PARKING LOT)",,"PEDESTRIAN","OTHER","CLEAR",,"DAYLIGHT","NO CONTROLS","UNKNOWN","NONE DETECTED","81D5F8AD-E529-4618-BD83-6F70465A4E5A","PEDESTRIAN","Other","INATTENTIVE","OTHER","No","SUSPECTED MINOR INJURY","NONE","39.12174383","-77.23678555","    (39.12174383, -77.23678555)"
"MCP3253000T","210008110","Montgomery County Police","Injury Crash","03/03/2021 11:14:00 PM","County","SHADOW OAK DR","SHADOW OAK CT",,"N/A","PEDESTRIAN","SINGLE VEHICLE","CLEAR","DRY","DARK LIGHTS ON","N/A","NONE DETECTED","NONE DETECTED","4AC174E1-2FA6-48A7-9350-93E0EDE1A303","PEDESTRIAN","Standing","IN ROADWAY IMPROPERLY","ON ROADWAY NOT AT CROSSWALK","No","POSSIBLE INJURY","NONE","39.1908499","-77.1992302","    (39.1908499, -77.1992302)"
"MCP3195001Y","21000093","Montgomery County Police","Injury Crash","03/03/2021 08:16:00 PM","County","PLUM ORCHARD DR","CHERRY HILL RD",,"N/A","PEDESTRIAN","STRAIGHT MOVEMENT ANGLE","N/A","DRY","DARK LIGHTS ON","TRAFFIC SIGNAL","NONE DETECTED","NONE DETECTED","7AAF61D1-E83C-4A16-9525-5E214AE01EBB","PEDESTRIAN","Cross/Enter at Intersection","NO IMPROPER ACTIONS","ON ROADWAY AT CROSSWALK","No","POSSIBLE INJURY","NONE","39.0525918","-76.95317796","    (39.0525918, -76.95317796)"
"MCP209400H3","210007963","Montgomery County Police","Injury Crash","03/03/2021 06:59:00 AM","County","MACARTHUR BLVD","CLARA BARTON PKWY",,"N/A","BICYCLIST","OTHER","CLEAR","DRY","DAYLIGHT","NO CONTROLS","NONE DETECTED","NONE DETECTED","DFAA19E2-B9FC-4E77-AF11-DFE05C15F137","BICYCLIST","Walking/Riding w/Traffic","NO IMPROPER ACTIONS","ON ROADWAY NOT AT CROSSWALK","No","SUSPECTED SERIOUS INJURY","MC/BIKE HELMET","38.97863667","-77.20802833","    (38.97863667, -77.20802833)"
"MCP3156001J","210007829","Montgomery County Police","Injury Crash","03/02/2021 07:56:00 AM","County","CEDAR ST","WAYNE AVE",,"N/A","PEDESTRIAN","OTHER","N/A","N/A","DAYLIGHT","TRAFFIC SIGNAL","NONE DETECTED","NONE DETECTED","2F6043FE-4B47-45D7-B84B-5B64EB51D155","PEDESTRIAN","Cross/Enter at Intersection","NOT VISIBLE","ON ROADWAY AT CROSSWALK","No","SUSPECTED MINOR INJURY","NONE","38.9971621","-77.02161685","    (38.9971621, -77.02161685)"
"MCP31640044","210007828","Montgomery County Police","Injury Crash","03/02/2021 07:50:00 AM","Maryland (State)","GEORGIA AVE","RANDOLPH RD",,"N/A","PEDESTRIAN","SINGLE VEHICLE","CLEAR","DRY","DAYLIGHT","TRAFFIC SIGNAL","NONE DETECTED","NONE DETECTED","C720A46A-A27B-4944-ABE1-C264238746EC","PEDESTRIAN","Cross/Enter at Intersection","UNKNOWN","ON ROADWAY AT CROSSWALK","Unknown","POSSIBLE INJURY","NONE","39.05779333","-77.04981667","    (39.05779333, -77.04981667)"
"MCP3276000H","210007539","Montgomery County Police","Injury Crash","02/27/2021 05:30:00 PM","US (State)","GEORGIA AVE","SLIGO AVE",,"N/A","BICYCLIST","SINGLE VEHICLE","CLEAR","DRY","DARK LIGHTS ON","TRAFFIC SIGNAL","UNKNOWN","NONE DETECTED","F8A235CB-FE99-46C8-8392-556807CCDDC5","BICYCLIST","Cross/Enter at Intersection","UNKNOWN","ON ROADWAY AT CROSSWALK","Unknown","SUSPECTED MINOR INJURY","UNKNOWN","38.99020956","-77.0266066","    (38.99020956, -77.0266066)"
"MCP32250018","210007430","Montgomery County Police","Injury Crash","02/26/2021 09:13:00 PM",,,,"PARKING LOT OF 2571 ENNALS AVE",,"PEDESTRIAN","STRAIGHT MOVEMENT ANGLE","RAINING",,"DARK LIGHTS ON","NO CONTROLS","NONE DETECTED","NONE DETECTED","2FF5F64C-7DB6-4982-A0E4-6E88191CEFB7","PEDESTRIAN","Walking/Cycling on Sidewalk","NO IMPROPER ACTIONS","SIDEWALK","No","POSSIBLE INJURY","NONE","39.03969418","-77.05452095","    (39.03969418, -77.05452095)"
"MCP271700TQ","210007143","Montgomery County Police","Injury Crash","02/24/2021 05:50:00 PM","Municipality","DORSET AVE","LITTLE FALLS PKWY",,"N/A","BICYCLIST","OTHER","CLEAR","DRY","DARK LIGHTS ON","STOP SIGN","NONE DETECTED","NONE DETECTED","001E9B06-8BC9-4488-A8F2-A21AFC9EFA05","BICYCLIST","Cross/Enter at Intersection","NO IMPROPER ACTIONS","ON ROADWAY AT CROSSWALK","No","SUSPECTED MINOR INJURY","MC/BIKE HELMET","38.96878033","-77.10200367","    (38.96878033, -77.10200367)"
"MCP229800VR","210007256","Montgomery County Police","Property Damage Crash","02/23/2021 11:51:00 AM","County","CONNECTICUT AVE","GRAND PRE RD",,"N/A","PEDESTRIAN","SINGLE VEHICLE","CLEAR","SLUSH","DAYLIGHT","NO CONTROLS","NONE DETECTED","NONE DETECTED","89ADE460-CA93-4BCD-B113-37C5E4F99E33","PEDESTRIAN","Other","DART DASH","OTHER","No","NO APPARENT INJURY","N/A","39.09191456","-77.07032261","    (39.09191456, -77.07032261)"
"DD56370028","210006695","Rockville Police Departme","Injury Crash","02/21/2021 04:23:00 PM",,,,"PARKING GARAGE OF 1628 E JEFFERSON ST",,"PEDESTRIAN","OTHER","CLEAR",,"N/A","NO CONTROLS","NONE DETECTED","NONE DETECTED","558878A4-6EEE-49CE-A6FC-7CC240648B1C","PEDESTRIAN","Cross/Enter not at Intersection","DART DASH","OTHER","Yes","SUSPECTED MINOR INJURY","NONE","39.06067784","-77.1270258","    (39.06067784, -77.1270258)"
"MCP3209002B","210005989","Montgomery County Police","Injury Crash","02/15/2021 08:20:00 PM","County","WAYNE AVE","GEORGIA AVE",,"N/A","PEDESTRIAN","OTHER","RAINING","WET","DUSK","TRAFFIC SIGNAL","NONE DETECTED","ALCOHOL PRESENT","186CB1CD-B18F-4B07-A331-4A4392A30DF2","PEDESTRIAN","Cross/Enter at Intersection","FAILURE TO OBEY TRAFFIC SIGNS SIGNALS OR OFFICER","ON ROADWAY AT CROSSWALK","Yes","POSSIBLE INJURY","NONE","38.99448139","-77.02661747","    (38.99448139, -77.02661747)"
"MCP3274000F","210005911","Montgomery County Police","Injury Crash","02/15/2021 10:49:00 AM","County","BROAD ST","GREENLAWN DR",,"N/A","PEDESTRIAN","OTHER","N/A","DRY","DAYLIGHT","NO CONTROLS","NONE DETECTED","NONE DETECTED","9099907D-E62F-401B-B84F-E9E7574A92AA","PEDESTRIAN","Standing","N/A","ON ROADWAY NOT AT CROSSWALK","No","SUSPECTED MINOR INJURY","REFLECTIVE CLOTHING","39.02163833","-77.115855","    (39.02163833, -77.115855)"
"MCP229800VL","210005324","Montgomery County Police","Injury Crash","02/10/2021 03:16:00 PM","County","FATHER HURLEY BLVD","WISTERIA DR",,"N/A","BICYCLIST","STRAIGHT MOVEMENT ANGLE","CLOUDY","DRY","DAYLIGHT","TRAFFIC SIGNAL","NONE DETECTED","NONE DETECTED","570B7068-FF0E-4EE6-985D-1EE7E50C5424","BICYCLIST","Walking/Riding against Traffic","IN ROADWAY IMPROPERLY","AT INTERSECTION MARKED CROSSWALK","Yes","POSSIBLE INJURY","NONE","39.18147606","-77.27625213","    (39.18147606, -77.27625213)"
"MCP3289000G","210005250","Montgomery County Police","Injury Crash","02/10/2021 06:35:00 AM","Maryland (State)","UNIVERSITY BLVD E","WILLIAMSBURG DR",,"N/A","PEDESTRIAN","SINGLE VEHICLE","CLOUDY","DRY","DARK LIGHTS ON","TRAFFIC SIGNAL","UNKNOWN","NONE DETECTED","D6D0F8E6-E6DA-46A2-B9E7-396806BDAEBA","PEDESTRIAN","Cross/Enter at Intersection","NO IMPROPER ACTIONS","ON ROADWAY AT CROSSWALK","No","SUSPECTED SERIOUS INJURY","NONE","39.01797675","-77.00688918","    (39.01797675, -77.00688918)"
"MCP2844004R","210005188","Montgomery County Police","Injury Crash","02/09/2021 04:45:00 PM","County","N BELGRADE RD","LAMBERTON DR",,"N/A","BICYCLIST","OTHER","CLEAR","DRY","DAYLIGHT","STOP SIGN","NONE DETECTED","NONE DETECTED","174BB254-B5AF-4354-AB5F-631EDD06CD8D","BICYCLIST","Cross/Enter at Intersection","NO IMPROPER ACTIONS","ON ROADWAY AT CROSSWALK","No","POSSIBLE INJURY","NONE","39.04217473","-77.02722498","    (39.04217473, -77.02722498)"
"MCP242500GL","210005127","Montgomery County Police","Injury Crash","02/09/2021 10:50:00 AM","Maryland (State)","GEORGIA AVE","COLESVILLE RD",,"N/A","PEDESTRIAN","OTHER","N/A","DRY","DAYLIGHT","TRAFFIC SIGNAL","NONE DETECTED","NONE DETECTED","BC8BD9F9-4378-4788-B8C3-FA23F779CD54","PEDESTRIAN","Cross/Enter at Intersection","NO IMPROPER ACTIONS","ON ROADWAY AT CROSSWALK","No","SUSPECTED MINOR INJURY","NONE","38.99574167","-77.02811167","    (38.99574167, -77.02811167)"
"MCP137800WG","210005062","Montgomery County Police","Injury Crash","02/08/2021 06:58:00 PM","County","CONTOUR RD","ODENDHAL AVE",,"N/A","PEDESTRIAN","SINGLE VEHICLE","CLOUDY","DRY","DARK LIGHTS ON","TRAFFIC SIGNAL","UNKNOWN","NONE DETECTED","13591EB5-8BD6-480C-AD13-20EAC453C7D9","PEDESTRIAN","Cross/Enter at Intersection","NO IMPROPER ACTIONS","ON ROADWAY AT CROSSWALK","No","SUSPECTED MINOR INJURY","NONE","39.15243628","-77.19602164","    (39.15243628, -77.19602164)"
"MCP2974003J","210004511","Montgomery County Police","Injury Crash","02/04/2021 04:31:00 PM",,,,"PARKING LOT OF 13807 OUTLET DR, SILVER SPRING, MARYLAND",,"MACHINE OPERATOR/RIDER","OTHER","CLEAR",,"DAYLIGHT","NO CONTROLS","NONE DETECTED","NONE DETECTED","5624267B-C0F4-4CD0-86F4-8F09B0EB1CF2","MACHINE OPERATOR/RIDER","Cross/Enter at Intersection","N/A","ON ROADWAY AT CROSSWALK","No","POSSIBLE INJURY","NONE","39.08211833","-76.946325","    (39.08211833, -76.946325)"
"MCP2016005L","210004492","Montgomery County Police","Injury Crash","02/04/2021 02:32:00 PM","Maryland (State)","ROCKVILLE PIKE","BOU AVE",,"N/A","BICYCLIST","OTHER","CLEAR","DRY","DAYLIGHT","TRAFFIC SIGNAL","NONE DETECTED","NONE DETECTED","24AF8946-9ABB-4AD7-8417-B06E7F4B83DB","BICYCLIST","Walking/Riding against Traffic","WRONG WAY RIDING OR WALKING","ON ROADWAY AT CROSSWALK","Yes","SUSPECTED MINOR INJURY","NONE","39.05617167","-77.11937167","    (39.05617167, -77.11937167)"
"MCP3211001Z","210003853","Montgomery County Police","Injury Crash","01/30/2021 11:39:00 AM","County","TUCKERMAN LA","GROSVENOR PL",,"N/A","BICYCLIST","SINGLE VEHICLE","CLEAR","DRY","DAYLIGHT","NO CONTROLS","NONE DETECTED","NONE DETECTED","4FD128EC-4791-481B-B8AB-B76C2221A1B2","BICYCLIST","Cross/Enter at Intersection","NO IMPROPER ACTIONS","ON ROADWAY NOT AT CROSSWALK","No","POSSIBLE INJURY","MC/BIKE HELMET","39.02759634","-77.10739224","    (39.02759634, -77.10739224)"
"MCP3171001G","210003908","Montgomery County Police","Injury Crash","01/29/2021 11:00:00 PM","Maryland (State)","GREAT SENECA HWY","MIDDLEBROOK RD",,"N/A","PEDESTRIAN","STRAIGHT MOVEMENT ANGLE","CLEAR","DRY","DARK LIGHTS ON","NO CONTROLS","N/A","NONE DETECTED","0F45C163-3011-4509-8B3E-ADC00057B124","PEDESTRIAN","Walking/Riding against Traffic","IN ROADWAY IMPROPERLY","ON ROADWAY NOT AT CROSSWALK","Yes","SUSPECTED SERIOUS INJURY","NONE","39.17390833","-77.26152833","    (39.17390833, -77.26152833)"
"MCP09420033","210003657","Montgomery County Police","Injury Crash","01/29/2021 07:30:00 AM","Maryland (State)","OLD GEORGETOWN RD","FAIRMONT AVE",,"N/A","BICYCLIST","STRAIGHT MOVEMENT ANGLE","CLEAR","DRY","DAYLIGHT","NO CONTROLS","NONE DETECTED","NONE DETECTED","A2E84624-E3D7-4286-9988-12DE97B2ECCE","BICYCLIST","Cross/Enter at Intersection","NO IMPROPER ACTIONS","SIDEWALK","No","SUSPECTED MINOR INJURY","MC/BIKE HELMET","38.98660671","-77.09718937","    (38.98660671, -77.09718937)"
"DD5633004Z","210003552","Rockville Police Departme","Injury Crash","01/28/2021 01:30:00 PM","Municipality","TWINBROOK PKWY","ROSANNE LA",,"ROCKVILLE","PEDESTRIAN","SINGLE VEHICLE","CLEAR","DRY","DAYLIGHT","N/A","NONE DETECTED","NONE DETECTED","BD86643D-37DA-4C6A-8552-DB5874AE405D","PEDESTRIAN","Cross/Enter not at Intersection","DART DASH","ON ROADWAY NOT AT CROSSWALK","Yes","POSSIBLE INJURY","N/A","39.07627399","-77.11149187","    (39.07627399, -77.11149187)"
"MCP271700TC","210003454","Montgomery County Police","Injury Crash","01/27/2021 06:20:00 PM","Maryland (State)","OLD GEORGETOWN RD","BATTERY LA",,"N/A","PEDESTRIAN","SINGLE VEHICLE","CLEAR","DRY","DARK LIGHTS ON","TRAFFIC SIGNAL","NONE DETECTED","NONE DETECTED","88EED60E-F554-46A8-A176-AAC356CE0539","PEDESTRIAN","Cross/Enter at Intersection","NO IMPROPER ACTIONS","ON ROADWAY AT CROSSWALK","No","SUSPECTED MINOR INJURY","NONE","38.99041517","-77.10339017","    (38.99041517, -77.10339017)"
"MCP24550045","210003421","Montgomery County Police","Injury Crash","01/27/2021 03:12:00 PM",,,,"PARKING LOT OF 12305 VILLAGE SQUARE TER",,"PEDESTRIAN","OTHER","CLOUDY",,"DAYLIGHT","N/A","NONE DETECTED","NONE DETECTED","964BFAEE-AA60-43DC-8861-0C8BCFEFD8AF","PEDESTRIAN","Unknown","UNKNOWN","OTHER","Yes","SUSPECTED MINOR INJURY","N/A","39.05945721","-77.10910044","    (39.05945721, -77.10910044)"
"MCP3289000D","210003353","Montgomery County Police","Injury Crash","01/27/2021 09:20:00 AM","County","CANNON RD","KARA LA",,"N/A","PEDESTRIAN","SINGLE VEHICLE","CLOUDY","DRY","DAYLIGHT","NO CONTROLS","NONE DETECTED","NONE DETECTED","B009D9AE-F0C0-402A-97F0-D00212835755","PEDESTRIAN","Cross/Enter at Intersection","NO IMPROPER ACTIONS","ON ROADWAY AT CROSSWALK","No","SUSPECTED MINOR INJURY","N/A","39.0702475","-77.0019805","    (39.0702475, -77.0019805)"
"MCP2846006J","210003305","Montgomery County Police","Injury Crash","01/26/2021 06:10:00 PM","County","NEWPORT MILL RD","MAPLE VIEW DR",,"N/A","PEDESTRIAN","SINGLE VEHICLE","RAINING","WET","DARK -- UNKNOWN LIGHTING","NO CONTROLS","NONE DETECTED","NONE DETECTED","84010F7D-A8F0-4FE3-8C46-3FD70741C3C5","PEDESTRIAN","Other","NO IMPROPER ACTIONS","SHOULDER","No","POSSIBLE INJURY","NONE","39.04281843","-77.06896988","    (39.04281843, -77.06896988)"
"MCP3069003N","210003298","Montgomery County Police","Injury Crash","01/26/2021 05:17:00 PM","County","WILLARD AVE","N PARK AVE",,"FRIENDSHIP HEIGHTS","PEDESTRIAN","OTHER","RAINING","WET","DUSK","NO CONTROLS","NONE DETECTED","NONE DETECTED","E51CAF0E-2CA3-4814-846D-E6E904C87A2C","PEDESTRIAN","Cross/Enter at Intersection","NO IMPROPER ACTIONS","ON ROADWAY AT CROSSWALK","No","POSSIBLE INJURY","NONE","38.96281636","-77.09330852","    (38.96281636, -77.09330852)"
"EJ78520048","210002669","Gaithersburg Police Depar","Injury Crash","01/21/2021 08:00:00 PM","Other Public Roadway","WHISPERING WIND CT","FALLBROOK ST",,"GAITHERSBURG","PEDESTRIAN","N/A","N/A","DRY","DARK LIGHTS ON","STOP SIGN","UNKNOWN","NONE DETECTED","1DFB0020-B8B0-4118-88B1-26835E692122","PEDESTRIAN","Cross/Enter at Intersection","NO IMPROPER ACTIONS","ON ROADWAY AT CROSSWALK","No","SUSPECTED MINOR INJURY","N/A","39.144393","-77.18506955","    (39.144393, -77.18506955)"
"MCP3198002B","210002649","Montgomery County Police","Injury Crash","01/21/2021 06:30:00 PM","County","RANDOLPH RD","BUSHEY DR",,"N/A","BICYCLIST","OTHER","CLEAR","DRY","DARK LIGHTS ON","STOP SIGN","NONE DETECTED","NONE DETECTED","5BEFBA69-3D4E-4E8F-A666-E37218052CF7","BICYCLIST","Cross/Enter at Intersection","UNKNOWN","ON ROADWAY AT CROSSWALK","No","POSSIBLE INJURY","NONE","39.057505","-77.07764667","    (39.057505, -77.07764667)"
"MCP271700TB","210002365","Montgomery County Police","Injury Crash","01/19/2021 03:31:00 PM","Maryland (State)","CONNECTICUT AVE","ROSEMARY ST #2",,"CHEVY CHASE #4","BICYCLIST","OTHER","CLEAR","DRY","DAYLIGHT","TRAFFIC SIGNAL","NONE DETECTED","NONE DETECTED","44A86B54-5448-4946-A2DA-D7D98E757D8E","BICYCLIST","Cross/Enter at Intersection","NO IMPROPER ACTIONS","ON ROADWAY AT CROSSWALK","No","SUSPECTED MINOR INJURY","MC/BIKE HELMET","38.97779433","-77.07710317","    (38.97779433, -77.07710317)"
"MCP1301001J","210001908","Montgomery County Police","Fatal Crash","01/15/2021 08:16:00 PM","Maryland (State)","NEW HAMPSHIRE AVE","POWDER MILL RD",,"N/A","PEDESTRIAN","SINGLE VEHICLE","RAINING","WET","DARK LIGHTS ON","NO CONTROLS","UNKNOWN","NONE DETECTED","0552458D-A0AF-4930-BBA6-A6C2BA2C63CF","PEDESTRIAN","Cross/Enter not at Intersection","UNKNOWN","ON ROADWAY NOT AT CROSSWALK","Unknown","FATAL INJURY","REFLECTIVE CLOTHING","39.02128333","-76.97695","    (39.02128333, -76.97695)"
"MCP2512005H","210001897","Montgomery County Police","Injury Crash","01/15/2021 06:44:00 PM","Municipality","KENTLANDS BLVD","MARKET ST",,"GAITHERSBURG","PEDESTRIAN","STRAIGHT MOVEMENT ANGLE","RAINING","WET","DARK LIGHTS ON","OTHER","NONE DETECTED","NONE DETECTED","38E2DD61-E1C6-449F-910C-C610AAA3DC85","PEDESTRIAN","Cross/Enter not at Intersection","NO IMPROPER ACTIONS","ON ROADWAY AT CROSSWALK","No","SUSPECTED MINOR INJURY","NONE","39.12321833","-77.23512833","    (39.12321833, -77.23512833)"
"EJ7884001J","210001898","Gaithersburg Police Depar","Injury Crash","01/15/2021 06:26:00 PM","Municipality","E DIAMOND AVE","GIRARD ST",,"GAITHERSBURG","PEDESTRIAN","OTHER","RAINING","WET","DARK NO LIGHTS","NO CONTROLS","N/A","N/A","16DEB8F7-303B-4AD5-A1F0-60ACDE8FD3D6","PEDESTRIAN","Unknown","NO IMPROPER ACTIONS","ON ROADWAY NOT AT CROSSWALK","Yes","SUSPECTED SERIOUS INJURY","N/A","39.1420083","-77.18803328","    (39.1420083, -77.18803328)"