"Report Number","Local Case Number","Agency Name","ACRS Report Type","Crash Date/Time","Route Type","Road Name","Cross-Street Name","Off-Road Description","Municipality","Related Non-Motorist","Collision Type","Weather","Surface Condition","Light","Traffic Control","Driver Substance Abuse","Non-Motorist Substance Abuse","Person ID","Pedestrian Type","Pedestrian Movement","Pedestrian Actions","Pedestrian Location","At Fault","Injury Severity","Safety Equipment","Latitude","Longitude","Location"
"MCP2693003F","200046853","Montgomery County Police","Injury Crash","11/27/2020 05:20:00 PM","County","BAUER DR","GREENSPAN LA",,"N/A","PEDESTRIAN","SINGLE VEHICLE","CLEAR","DRY","DARK LIGHTS ON","NO CONTROLS","UNKNOWN","NONE DETECTED","B01D8D6E-50AF-407A-B46D-C316754E35D7","PEDESTRIAN","Getting off/on Vehicle","NO IMPROPER ACTIONS","SHOULDER","No","POSSIBLE INJURY","N/A","39.09043193","-77.10772271","    (39.09043193, -77.10772271)"
"MCP29170078","200046848","Montgomery County Police","Injury Crash","11/27/2020 04:45:00 PM","County","EDGEBROOK RD","VEIRS MILL RD",,"N/A","BICYCLIST","HEAD ON","CLEAR","DRY","DARK NO LIGHTS","STOP SIGN","NONE DETECTED","NONE DETECTED","9F7E92CE-A7AC-419E-A774-7BE283D69AA6","BICYCLIST","Walking/Riding w/Traffic","NO IMPROPER ACTIONS","ON ROADWAY NOT AT CROSSWALK","No","SUSPECTED MINOR INJURY","MC/BIKE HELMET","39.05970607","-77.08921389","    (39.05970607, -77.08921389)"
"MCP93110030","200046712","Montgomery County Police","Injury Crash","11/26/2020 02:02:00 PM","Maryland (State)","FALLS RD","BELLS MILL RD",,"N/A","BICYCLIST","OTHER","CLEAR","DRY","DAYLIGHT","NO CONTROLS","NONE DETECTED","NONE DETECTED","F8D0F96E-836D-4385-9B73-48CD668A56C6","BICYCLIST","Walking/Riding w/Traffic","NO IMPROPER ACTIONS","SHOULDER","No","SUSPECTED MINOR INJURY","MC/BIKE HELMET","39.03465333","-77.194955","    (39.03465333, -77.194955)"
"MCP3058003W","200046633","Montgomery County Police","Injury Crash","11/25/2020 08:22:00 PM","Maryland (State)","ROCKVILLE PIKE","HOYA ST",,"N/A","BICYCLIST","SAME DIRECTION RIGHT TURN","CLOUDY","DRY","DARK LIGHTS ON","NO CONTROLS","NONE DETECTED","NONE DETECTED","5A4A2E92-1F4F-497A-B576-82A2D8DF4146","BICYCLIST","Cross/Enter at Intersection","NOT VISIBLE","ON ROADWAY AT CROSSWALK","Yes","SUSPECTED MINOR INJURY","MC/BIKE HELMET","39.05411333","-77.11813667","    (39.05411333, -77.11813667)"
"DD56370022","200046625","Rockville Police Departme","Injury Crash","11/25/2020 06:51:00 PM",,,,"PARKING LOT OF 403 REDLAND BLVD",,"PEDESTRIAN","SINGLE VEHICLE","CLEAR",,"DARK LIGHTS ON","NO CONTROLS","NONE DETECTED","NONE DETECTED","4669AC2E-84A5-486B-8349-1B226A4B6018","PEDESTRIAN","Cross/Enter at Intersection","NO IMPROPER ACTIONS","AT INTERSECTION MARKED CROSSWALK","No","POSSIBLE INJURY","NONE","39.11285733","-77.17183467","    (39.11285733, -77.17183467)"
"MCP2395001R","200046482","Montgomery County Police","Injury Crash","11/24/2020 08:36:00 PM","County","WHITES FERRY RD","WASCHE RD",,"N/A","OTHER","SINGLE VEHICLE","CLOUDY","DRY","DARK NO LIGHTS","NO CONTROLS","ALCOHOL CONTRIBUTED","N/A","9CEE7789-68B5-4B48-A256-4A94061C6703","OTHER","N/A","N/A","N/A","No","NO APPARENT INJURY","N/A","39.153692","-77.44087883","    (39.153692, -77.44087883)"
"MCP2358007X","200046475","Montgomery County Police","Property Damage Crash","11/24/2020 01:10:00 PM","Maryland (State)","RIVER RD","NORTON RD",,"N/A","BICYCLIST","SAME DIR REAR END","CLEAR","DRY","DAYLIGHT","NO CONTROLS","UNKNOWN","NONE DETECTED","5486DE50-CE97-4CB8-82D1-7829AD0EF48F","BICYCLIST","Walking/Riding w/Traffic","NO IMPROPER ACTIONS","ON ROADWAY NOT AT CROSSWALK","No","NO APPARENT INJURY","UNKNOWN","39.0256895","-77.21929867","    (39.0256895, -77.21929867)"
"MCP2720005B","200046356","Montgomery County Police","Injury Crash","11/23/2020 10:16:00 PM","County","BEL PRE RD","RIPPLING BROOK DR",,"N/A","OTHER CONVEYANCE","STRAIGHT MOVEMENT ANGLE","CLEAR","DRY","DARK LIGHTS ON","NO CONTROLS","NONE DETECTED","NONE DETECTED","20AE42FA-475C-4A0A-8C23-17D00F80BC41","OTHER CONVEYANCE","Cross/Enter at Intersection","FAILURE TO YIELD RIGHT OF WAY","ON ROADWAY AT CROSSWALK","Yes","POSSIBLE INJURY","NONE","39.09031333","-77.05370333","    (39.09031333, -77.05370333)"
"MCP27660060","200046057","Montgomery County Police","Injury Crash","11/21/2020 06:24:00 PM","County","CONNECTICUT AVE","GEORGIA AVE",,"N/A","PEDESTRIAN","OTHER","CLEAR","DRY","DARK LIGHTS ON","TRAFFIC SIGNAL","NONE DETECTED","ALCOHOL PRESENT","DDA4CA59-C08F-4BA8-BDED-06C3C6F69602","PEDESTRIAN","Cross/Enter at Intersection","NO IMPROPER ACTIONS","ON ROADWAY AT CROSSWALK","No","POSSIBLE INJURY","NONE","39.08377","-77.07776333","    (39.08377, -77.07776333)"
"MCP2689007D","200045992","Montgomery County Police","Injury Crash","11/21/2020 10:49:00 AM",,,,"PARKING LOT OF GIANT FOOD, 9719 TRAVILLE GATEWAY DR, ROCKVILLE, MD 20850",,"PEDESTRIAN","SINGLE VEHICLE","CLOUDY",,"DAYLIGHT","NO CONTROLS","UNKNOWN","NONE DETECTED","39486BE6-B089-4C64-A219-C29A111A8090","PEDESTRIAN","Other","NO IMPROPER ACTIONS","OTHER","No","POSSIBLE INJURY","REFLECTIVE CLOTHING","39.09140109","-77.20281946","    (39.09140109, -77.20281946)"
"MCP2001001G","200045803","Montgomery County Police","Fatal Crash","11/20/2020 05:16:00 AM","Maryland (State)","ROCKVILLE PIKE","GROSVENOR LA",,"N/A","PEDESTRIAN","SINGLE VEHICLE","CLEAR","DRY","DARK LIGHTS ON","OTHER","NONE DETECTED","N/A","6F258D73-FB16-43ED-A9A7-0542E55FCC2A","PEDESTRIAN","Cross/Enter at Intersection","UNKNOWN","ON ROADWAY AT CROSSWALK","Yes","FATAL INJURY","OTHER","39.02256036","-77.10278445","    (39.02256036, -77.10278445)"
"MCP3270000T","200045439","Montgomery County Police","Property Damage Crash","11/17/2020 06:36:00 PM","Maryland (State)","NEW HAMPSHIRE AVE","IN CORP LMTS TAKOMA PARK",,"N/A","BICYCLIST","STRAIGHT MOVEMENT ANGLE","CLEAR","DRY","DARK LIGHTS ON","N/A","UNKNOWN","NONE DETECTED","3A6BF28C-53BF-44BE-B913-210842B262B2","BICYCLIST","Cross/Enter at Intersection","NO IMPROPER ACTIONS","AT INTERSECTION MARKED CROSSWALK","No","NO APPARENT INJURY","NONE","39.04090188","-76.99101255","    (39.04090188, -76.99101255)"
"MCP2891009K","200045188","Montgomery County Police","Injury Crash","11/16/2020 08:26:00 AM","County","PINECREST CIR","HIGHLAND DR",,"N/A","PEDESTRIAN","SINGLE VEHICLE","CLEAR","DRY","DAYLIGHT","N/A","NONE DETECTED","NONE DETECTED","83C66713-780F-42DF-99BA-1260A0B7BCE1","PEDESTRIAN","Other Working","NO IMPROPER ACTIONS","OTHER","Unknown","POSSIBLE INJURY","REFLECTIVE CLOTHING","39.00563667","-77.02952333","    (39.00563667, -77.02952333)"
"MCP3040004V","200045141","Montgomery County Police","Injury Crash","11/15/2020 07:30:00 PM","Maryland (State)","GEORGIA AVE","OLNEY SANDY SPRING RD",,"N/A","PEDESTRIAN","SINGLE VEHICLE","RAINING","WET","DARK LIGHTS ON","TRAFFIC SIGNAL","NONE DETECTED","NONE DETECTED","277548F2-2C2A-49F6-B222-6A8B66ABB9E5","PEDESTRIAN","Cross/Enter at Intersection","DART DASH","AT INTERSECTION MARKED CROSSWALK","Yes","POSSIBLE INJURY","NONE","39.15308776","-77.0666712","    (39.15308776, -77.0666712)"
"DD5625004K","200045132","Rockville Police Departme","Injury Crash","11/15/2020 06:20:00 PM","Municipality","WOOTTON PKWY","FALLSMEAD WAY",,"ROCKVILLE","PEDESTRIAN","OTHER","CLEAR","DRY","DARK NO LIGHTS","NO CONTROLS","NONE DETECTED","NONE DETECTED","51926177-1832-4008-8476-6EE1D9CF8E08","PEDESTRIAN","Cross/Enter at Intersection","NO IMPROPER ACTIONS","AT INTERSECTION MARKED CROSSWALK","No","POSSIBLE INJURY","NONE","39.0718583","-77.17858714","    (39.0718583, -77.17858714)"
"MCP29360046","200045110","Montgomery County Police","Injury Crash","11/15/2020 04:30:00 PM","Maryland (State)","ROCKVILLE PIKE","ENT TO NATIONAL NAVAL MEDICAL CTR",,"N/A","BICYCLIST","STRAIGHT MOVEMENT ANGLE","CLOUDY","DRY","DAYLIGHT","TRAFFIC SIGNAL","NONE DETECTED","NONE DETECTED","C36FD9C1-307D-47BA-B01D-5A971F529E95","BICYCLIST","Cross/Enter at Intersection","NO IMPROPER ACTIONS","ON ROADWAY AT CROSSWALK","No","SUSPECTED MINOR INJURY","OTHER","39.004705","-77.09712333","    (39.004705, -77.09712333)"
"MCP3145002T","200045012","Montgomery County Police","Injury Crash","11/14/2020 06:00:00 PM","Maryland (State)","NEW HAMPSHIRE AVE","RANDOLPH RD",,"N/A","PEDESTRIAN","SINGLE VEHICLE","CLEAR","DRY","DARK LIGHTS ON","TRAFFIC SIGNAL","NONE DETECTED","NONE DETECTED","42309692-4A4F-4E8C-A082-429F31EEEED7","PEDESTRIAN","Cross/Enter at Intersection","IN ROADWAY IMPROPERLY","ON ROADWAY NOT AT CROSSWALK","Yes","SUSPECTED MINOR INJURY","N/A","39.07633","-77.00139","    (39.07633, -77.00139)"
"MCP2615003S","200044977","Montgomery County Police","Property Damage Crash","11/14/2020 12:40:00 PM",,,,"PARKING LOT
12705 NEW HAMPSHIRE AVENUE
SILVER SPRING, MD, 20904",,"PEDESTRIAN","SAME DIR REAR END","CLEAR",,"DAYLIGHT","NO CONTROLS","NONE DETECTED","NONE DETECTED","E53A1BE9-7BAA-422C-93AE-1ACCB629FFD9","PEDESTRIAN","Standing","N/A","OTHER","No","NO APPARENT INJURY","N/A","39.06436783","-76.99927703","    (39.06436783, -76.99927703)"
"DD5640000S","200044988","Rockville Police Departme","Property Damage Crash","11/14/2020 11:48:00 AM","Maryland (State)","FIRST ST","GRANDIN AVE",,"ROCKVILLE","BICYCLIST","STRAIGHT MOVEMENT ANGLE","CLEAR","DRY","DAYLIGHT","OTHER","NONE DETECTED","NONE DETECTED","00DA6CE4-DB5F-4992-854B-D64F44EC24C5","BICYCLIST","Cross/Enter at Intersection","NO IMPROPER ACTIONS","ON ROADWAY AT CROSSWALK","No","NO APPARENT INJURY","UNKNOWN","39.08105274","-77.1375268","    (39.08105274, -77.1375268)"
"DM8336003H","200044888","Takoma Park Police Depart","Injury Crash","11/13/2020 06:40:00 PM","Municipality","CHESTNUT AVE","PHILADELPHIA AVE",,"N/A","BICYCLIST","OTHER","CLEAR","DRY","DARK LIGHTS ON","N/A","NONE DETECTED","NONE DETECTED","574073C5-3DC4-4221-9D91-6F3F535D7A9A","BICYCLIST","Cross/Enter at Intersection","UNKNOWN","ON ROADWAY AT CROSSWALK","No","POSSIBLE INJURY","NONE","38.98325833","-77.01492833","    (38.98325833, -77.01492833)"
"MCP2603003D","200044825","Montgomery County Police","Property Damage Crash","11/13/2020 01:30:00 PM","County","CHRISTOPHER AVE","HELLINGLY PL",,"N/A","PEDESTRIAN","OTHER","CLEAR","DRY","DAYLIGHT","NO CONTROLS","N/A","N/A","5D85C041-FCA3-4A90-B6AC-CE132DE3C045","PEDESTRIAN","Cross/Enter at Intersection","IN ROADWAY IMPROPERLY","AT INTERSECTION BUT NO CROSSWALK","Yes","NO APPARENT INJURY","N/A","39.15938167","-77.20579667","    (39.15938167, -77.20579667)"
"MCP3138002N","200044466","Montgomery County Police","Property Damage Crash","11/11/2020 07:50:00 PM","County","CONTINENTAL DR","GEORGE WASHINGTON DR",,"N/A","BICYCLIST","OTHER","CLEAR","DRY","DARK NO LIGHTS","N/A","N/A","N/A","E8E93BE5-BF3F-4D5B-B9DA-B013F121B9A3","BICYCLIST","Walking/Riding w/Traffic","OTHER","ON ROADWAY NOT AT CROSSWALK","No","NO APPARENT INJURY","MC/BIKE HELMET","39.13061875","-77.08827079","    (39.13061875, -77.08827079)"
"MCP3005005D","200044401","Montgomery County Police","Injury Crash","11/10/2020 02:13:00 PM",,,,"THRU ROADWAY (COMMONLY REFERRED TO AS RING ROAD) AT 11160 VEIRS MILL ROAD, SILVER SPRING, MD, 20902",,"PEDESTRIAN","OTHER","CLEAR",,"DAYLIGHT","NO CONTROLS","NONE DETECTED","NONE DETECTED","07855E67-403E-4582-9927-4F341C5CBF23","PEDESTRIAN","Other","NO IMPROPER ACTIONS","ON ROADWAY AT CROSSWALK","No","POSSIBLE INJURY","NONE","39.03732667","-77.05743833","    (39.03732667, -77.05743833)"
"MCP24960020","200044354","Montgomery County Police","Injury Crash","11/10/2020 10:52:00 AM","US (State)","COLESVILLE RD","SPUR TO SLIGO CREEK PKWY",,"N/A","BICYCLIST","OTHER","CLEAR","DRY","DAYLIGHT","TRAFFIC SIGNAL","NONE DETECTED","NONE DETECTED","83D6C3C7-BB25-4E59-8A43-16E6EDF3F991","BICYCLIST","Cross/Enter at Intersection","NO IMPROPER ACTIONS","AT INTERSECTION MARKED CROSSWALK","No","POSSIBLE INJURY","MC/BIKE HELMET","39.00769202","-77.02013074","    (39.00769202, -77.02013074)"
"MCP3012007H","200044352","Montgomery County Police","Injury Crash","11/10/2020 10:48:00 AM","Maryland (State)","VEIRS MILL RD","ENT TO BUSINESS",,"N/A","PEDESTRIAN","OTHER","CLEAR","DRY","DAYLIGHT","NO CONTROLS","NONE DETECTED","NONE DETECTED","81858FC3-D906-4D79-9A84-74C639E7551F","PEDESTRIAN","Cross/Enter not at Intersection","IN ROADWAY IMPROPERLY","OUTSIDE RIGHT OF WAY","Yes","SUSPECTED MINOR INJURY","NONE","39.05671333","-77.08339167","    (39.05671333, -77.08339167)"
"DD5645000M","200044339","Rockville Police Departme","Injury Crash","11/10/2020 09:32:00 AM","Maryland (State)","ROCKVILLE PIKE","CONGRESSIONAL LA",,"N/A","PEDESTRIAN","SINGLE VEHICLE","CLEAR","DRY","DAYLIGHT","TRAFFIC SIGNAL","NONE DETECTED","NONE DETECTED","CEB65C9B-3A09-4381-A614-222D8DA7941B","PEDESTRIAN","Cross/Enter at Intersection","FAILURE TO OBEY TRAFFIC SIGNS SIGNALS OR OFFICER","ON ROADWAY AT CROSSWALK","Yes","SUSPECTED MINOR INJURY","NONE","39.06440333","-77.12626833","    (39.06440333, -77.12626833)"
"MCP0613001Y","200044166","Montgomery County Police","Injury Crash","11/09/2020 09:36:00 AM","Maryland (State)","NEW HAMPSHIRE AVE","CLOVERLY ST",,"N/A","BICYCLIST","OTHER","CLEAR","DRY","DAYLIGHT","NO CONTROLS","NONE DETECTED","NONE DETECTED","A9A01828-690E-4330-AF24-C683D3B3CAF0","BICYCLIST","Walking/Riding w/Traffic","NO IMPROPER ACTIONS","AT INTERSECTION BUT NO CROSSWALK","No","SUSPECTED MINOR INJURY","MC/BIKE HELMET","39.109595","-76.99651333","    (39.109595, -76.99651333)"
"MCP3121003R","200044081","Montgomery County Police","Injury Crash","11/08/2020 04:15:00 PM",,,,"PARKING LOT IFO 18325 LOST KNIFE CIR.",,"PEDESTRIAN","STRAIGHT MOVEMENT ANGLE","CLEAR",,"DAYLIGHT","NO CONTROLS","NONE DETECTED","NONE DETECTED","5132DC20-D17D-4189-8416-3B2AB853B49E","PEDESTRIAN","Other Working","NO IMPROPER ACTIONS","OTHER","No","POSSIBLE INJURY","N/A","39.15826071","-77.20168765","    (39.15826071, -77.20168765)"
"DD5646000J","200044035","Rockville Police Departme","Injury Crash","11/08/2020 08:50:00 AM","Municipality","BLACKWELL RD","FALLSGROVE DR",,"ROCKVILLE","PEDESTRIAN","OTHER","CLEAR","DRY","DAYLIGHT","NO CONTROLS","NONE DETECTED","NONE DETECTED","886CD18E-A155-4A81-A6B7-A417E9F42ADC","PEDESTRIAN","Walking/Riding w/Traffic","IN ROADWAY IMPROPERLY","ON ROADWAY NOT AT CROSSWALK","Yes","SUSPECTED MINOR INJURY","NONE","39.09927333","-77.189928","    (39.09927333, -77.189928)"
"EJ7884000Y","200043997","Gaithersburg Police Depar","Injury Crash","11/07/2020 07:48:00 PM",,"ELLINGTON BLVD","CROWN PARK AVE",,"N/A","PEDESTRIAN","N/A","N/A","DRY","DARK LIGHTS ON","STOP SIGN","NONE DETECTED","N/A","664A8141-3C42-471B-BF8F-1193112A1BF6","PEDESTRIAN","Cross/Enter at Intersection","NO IMPROPER ACTIONS","ON ROADWAY AT CROSSWALK","No","SUSPECTED MINOR INJURY","N/A","39.11498079","-77.20475579","    (39.11498079, -77.20475579)"
"MCP29360045","200043988","Montgomery County Police","Injury Crash","11/07/2020 05:40:00 PM","Maryland (State)","ROCKVILLE PIKE","ENT TO MID-PIKE PLAZA",,"N/A","PEDESTRIAN","OTHER","N/A","DRY","DARK LIGHTS ON","OTHER","NONE DETECTED","NONE DETECTED","5580C31F-11C1-4C99-99E3-8B305142F021","PEDESTRIAN","Cross/Enter at Intersection","NO IMPROPER ACTIONS","ON ROADWAY AT CROSSWALK","No","SUSPECTED MINOR INJURY","NONE","39.051275","-77.115935","    (39.051275, -77.115935)"
"MCP2286003F","200043960","Montgomery County Police","Injury Crash","11/07/2020 03:00:00 PM","County","RIVER RD","HUGHES RD",,"N/A","BICYCLIST","OTHER","CLEAR","DRY","DAYLIGHT","NO CONTROLS","NONE DETECTED","NONE DETECTED","B2156102-D65D-4557-AB88-A8087B7A3028","BICYCLIST","Walking/Riding w/Traffic","NO IMPROPER ACTIONS","N/A","No","NO APPARENT INJURY","MC/BIKE HELMET","39.086815","-77.43595","    (39.086815, -77.43595)"
"MCP2617008T","200043733","Montgomery County Police","Injury Crash","11/05/2020 07:00:00 PM","Maryland (State)","GEORGIA AVE","WENDY LA",,"N/A","PEDESTRIAN","OTHER","CLEAR","DRY","DARK -- UNKNOWN LIGHTING","NO CONTROLS","NONE DETECTED","UNKNOWN","5246A647-30FB-4AF5-A170-7EB1B26CE1D2","PEDESTRIAN","Cross/Enter at Intersection","DART DASH","ON ROADWAY NOT AT CROSSWALK","Yes","SUSPECTED SERIOUS INJURY","NONE","39.07968883","-77.07368017","    (39.07968883, -77.07368017)"
"MCP2617008S","200043720","Montgomery County Police","Injury Crash","11/05/2020 05:52:00 PM","Maryland (State)","LAYHILL RD","POST LA",,"N/A","BICYCLIST","OTHER","CLEAR","DRY","DARK NO LIGHTS","NO CONTROLS","NONE DETECTED","NONE DETECTED","7F433424-2B36-452E-B696-4DEF66DD6E5E","BICYCLIST","Cross/Enter at Intersection","UNKNOWN","AT INTERSECTION BUT NO CROSSWALK","Unknown","SUSPECTED MINOR INJURY","MC/BIKE HELMET","39.0840475","-77.04641833","    (39.0840475, -77.04641833)"
"DD5633004D","200043647","Rockville Police Departme","Injury Crash","11/05/2020 11:45:00 AM","Municipality","MONROE PL","ROCKVILLE PIKE",,"N/A","PEDESTRIAN","OTHER","CLEAR","DRY","DAYLIGHT","TRAFFIC SIGNAL","NONE DETECTED","NONE DETECTED","3B3A4C6E-708F-4A0C-9F05-CA254DD819A7","PEDESTRIAN","Cross/Enter at Intersection","INATTENTIVE","ON ROADWAY AT CROSSWALK","No","POSSIBLE INJURY","NONE","39.08344462","-77.14695636","    (39.08344462, -77.14695636)"
"DD5604003Q","200043423","Rockville Police Departme","Injury Crash","11/03/2020 04:46:00 PM","Municipality","EDMONSTON DR","DENHAM RD",,"ROCKVILLE","BICYCLIST","OTHER","CLEAR","DRY","DUSK","NO CONTROLS","NONE DETECTED","NONE DETECTED","8ED98D7F-E606-47E0-B70B-9FC6DB5DD97A","BICYCLIST","Walking/Riding w/Traffic","IN ROADWAY IMPROPERLY","ON ROADWAY NOT AT CROSSWALK","Yes","SUSPECTED MINOR INJURY","MC/BIKE HELMET","39.08669317","-77.13380933","    (39.08669317, -77.13380933)"
"DD5620005S","200043351","Rockville Police Departme","Injury Crash","11/03/2020 08:15:00 AM",,,,"15215 SHADY GROVE RD PARKING LOT",,"PEDESTRIAN","SINGLE VEHICLE","CLEAR",,"DAYLIGHT","N/A","NONE DETECTED","NONE DETECTED","ABD63D38-9CED-40A7-B8AA-A114E53D9535","PEDESTRIAN","Other","NO IMPROPER ACTIONS","OTHER","No","SUSPECTED MINOR INJURY","NONE","39.06686833","-77.06137333","    (39.06686833, -77.06137333)"
"MCP3264000X","200043209","Montgomery County Police","Injury Crash","11/02/2020 11:21:00 AM",,,,"PARKING LOT NEXT TO 9802 GEORGIA AVE",,"PEDESTRIAN","N/A","CLEAR",,"DAYLIGHT","NO CONTROLS","NONE DETECTED","NONE DETECTED","DFE909E3-73E1-4041-8F20-8209E4C43ACC","PEDESTRIAN","Other","NO IMPROPER ACTIONS","OTHER","Unknown","POSSIBLE INJURY","NONE","39.01636167","-77.04335667","    (39.01636167, -77.04335667)"
"MCP9404002V","200043181","Montgomery County Police","Injury Crash","11/02/2020 08:39:00 AM",,,,"PARKING LOT OF 16021 INDUSTRIAL DRIVE",,"PEDESTRIAN","STRAIGHT MOVEMENT ANGLE","CLEAR",,"DAYLIGHT","N/A","NONE DETECTED","NONE DETECTED","29020B58-0CEE-4797-80DB-42E4EEC63E37","PEDESTRIAN","Other","FAILURE TO YIELD RIGHT OF WAY","OTHER","Yes","SUSPECTED MINOR INJURY","NONE","39.12054","-77.18921167","    (39.12054, -77.18921167)"
"MCP2348005Y","200043172","Montgomery County Police","Fatal Crash","11/02/2020 05:55:00 AM","County","SHADY GROVE RD","BRIARDALE RD",,"N/A","PEDESTRIAN","OTHER","SEVERE WINDS","DRY","DARK LIGHTS ON","TRAFFIC SIGNAL","NONE DETECTED","NONE DETECTED","9254CF72-7606-4908-9F8B-BC2BB41F00AA","PEDESTRIAN","Cross/Enter not at Intersection","IN ROADWAY IMPROPERLY","ON ROADWAY NOT AT CROSSWALK","Yes","FATAL INJURY","N/A","39.13353833","-77.15848667","    (39.13353833, -77.15848667)"
"MCP3069002M","200042986","Montgomery County Police","Property Damage Crash","10/31/2020 05:10:00 PM","Municipality","PERRY AVE","CONNECTICUT AVE",,"N/A","PEDESTRIAN","OTHER","CLEAR","DRY","DAYLIGHT","NO CONTROLS","UNKNOWN","NONE DETECTED","F1575C29-187A-4645-A740-0ADA5B4596A3","PEDESTRIAN","Cross/Enter not at Intersection","IN ROADWAY IMPROPERLY","ON ROADWAY NOT AT CROSSWALK","Yes","NO APPARENT INJURY","NONE","39.03287421","-77.07435807","    (39.03287421, -77.07435807)"
"MCP3209001T","200042007","Montgomery County Police","Injury Crash","10/30/2020 06:14:00 PM","County","BLAIR RD","JUNIPER ST",,"N/A","BICYCLIST","STRAIGHT MOVEMENT ANGLE","CLEAR","DRY","DUSK","STOP SIGN","UNKNOWN","NONE DETECTED","A046A21D-8CB8-4161-8EC8-7B62431A41D8","BICYCLIST","Cross/Enter at Intersection","FAILURE TO YIELD RIGHT OF WAY","AT INTERSECTION BUT NO CROSSWALK","No","POSSIBLE INJURY","NONE","38.98272912","-77.02240396","    (38.98272912, -77.02240396)"
"MCP2001001F","200042837","Montgomery County Police","Fatal Crash","10/30/2020 02:32:00 PM","Maryland (State)","GERMANTOWN RD","MIDDLEBROOK RD",,"N/A","PEDESTRIAN","SINGLE VEHICLE","CLEAR","DRY","DAYLIGHT","TRAFFIC SIGNAL","NONE DETECTED","NONE DETECTED","A141ABBA-69DE-4D04-B787-B8F48DCF726F","PEDESTRIAN","Cross/Enter at Intersection","FAILURE TO YIELD RIGHT OF WAY","ON ROADWAY AT CROSSWALK","Yes","FATAL INJURY","NONE","39.17893647","-77.26728732","    (39.17893647, -77.26728732)"
"MCP263900B0","200042762","Montgomery County Police","Injury Crash","10/30/2020 06:53:00 AM","Maryland (State)","GEORGIA AVE","HEATHFIELD RD",,"N/A","PEDESTRIAN","STRAIGHT MOVEMENT ANGLE","RAINING","WET","DARK LIGHTS ON","TRAFFIC SIGNAL","NONE DETECTED","NONE DETECTED","EDCAE54E-EDED-4728-A622-6A20E44E3FC5","PEDESTRIAN","Cross/Enter at Intersection","DART DASH","ON ROADWAY AT CROSSWALK","Yes","POSSIBLE INJURY","NONE","39.08771167","-77.07952667","    (39.08771167, -77.07952667)"
"MCP2905004W","200042628","Montgomery County Police","Injury Crash","10/29/2020 07:19:00 AM",,,,"ACCESS ROAD AT SUBURBAN HOSPITAL",,"PEDESTRIAN","OTHER","RAINING",,"DARK LIGHTS ON","STOP SIGN","N/A","N/A","13160380-4104-4443-BC65-9F90FADDADAF","PEDESTRIAN","Cross/Enter at Intersection","NO IMPROPER ACTIONS","DRIVEWAY ACCESS MARKED CROSSWALK","No","SUSPECTED MINOR INJURY","N/A","38.99797667","-77.11014333","    (38.99797667, -77.11014333)"
"MCP3150001L","200042420","Montgomery County Police","Injury Crash","10/27/2020 05:27:00 PM",,,,"PARKING LOT OF 12304 FEATHERWOOD DR SILVER SPRING MD",,"PEDESTRIAN","N/A","CLEAR",,"DAYLIGHT","NO CONTROLS","NONE DETECTED","NONE DETECTED","EADA2DCA-2005-4BF5-AD30-E7557BA25DBD","PEDESTRIAN","Other","FAILURE TO YIELD RIGHT OF WAY","ON ROADWAY NOT AT CROSSWALK","Yes","SUSPECTED MINOR INJURY","NONE","39.05905521","-76.9718918","    (39.05905521, -76.9718918)"
"MCP28990040","200042035","Montgomery County Police","Injury Crash","10/24/2020 09:41:00 PM","County","MONTGOMERY VILLAGE AVE","MIDCOUNTY HWY",,"N/A","PEDESTRIAN","OTHER","CLEAR","DRY","DARK LIGHTS ON","TRAFFIC SIGNAL","NONE DETECTED","UNKNOWN","224279B8-6EB3-492A-A695-45374A9F72F2","PEDESTRIAN","Cross/Enter not at Intersection","DART DASH","ON ROADWAY NOT AT CROSSWALK","Yes","SUSPECTED SERIOUS INJURY","NONE","39.15993033","-77.20247867","    (39.15993033, -77.20247867)"
"MCP1564004Y","200041970","Montgomery County Police","Injury Crash","10/24/2020 12:50:00 PM","Maryland (State)","NEW HAMPSHIRE AVE","STONEGATE DR",,"N/A","BICYCLIST","STRAIGHT MOVEMENT ANGLE","CLOUDY","DRY","DAYLIGHT","STOP SIGN","NONE DETECTED","NONE DETECTED","158952D7-CFCA-4205-B3CC-AC57BC1D1245","BICYCLIST","Cross/Enter at Intersection","NO IMPROPER ACTIONS","SHOULDER","No","POSSIBLE INJURY","MC/BIKE HELMET","39.09988988","-77.00380024","    (39.09988988, -77.00380024)"
"MCP3069002G","200041896","Montgomery County Police","Injury Crash","10/23/2020 06:55:00 PM","Maryland (State)","ROCKVILLE PIKE","STRATHMORE AVE",,"N/A","PEDESTRIAN","SINGLE VEHICLE","CLEAR","DRY","DARK LIGHTS ON","TRAFFIC SIGNAL","NONE DETECTED","NONE DETECTED","F153E36A-D4D4-4FF9-BEF5-1AD30F3B0E7E","PEDESTRIAN","Cross/Enter at Intersection","NOT VISIBLE","ON ROADWAY AT CROSSWALK","No","POSSIBLE INJURY","NONE","39.03483232","-77.10674684","    (39.03483232, -77.10674684)"
"MCP13230016","200041691","Montgomery County Police","Injury Crash","10/22/2020 12:58:00 PM","County","BONIFANT ST","GEORGIA AVE",,"N/A","PEDESTRIAN","OTHER","CLEAR","DRY","DAYLIGHT","NO CONTROLS","NONE DETECTED","NONE DETECTED","4995E12F-3DC8-43B6-96A5-3D70214949DA","PEDESTRIAN","Cross/Enter not at Intersection","IN ROADWAY IMPROPERLY","ON ROADWAY NOT AT CROSSWALK","No","POSSIBLE INJURY","N/A","38.99343833","-77.02615167","    (38.99343833, -77.02615167)"
"MCP136600B1","20004686","Montgomery County Police","Injury Crash","10/22/2020 12:46:00 PM","Maryland (State)","DARNESTOWN RD","MUDDY BRANCH RD",,"N/A","BICYCLIST","SAME DIRECTION SIDESWIPE","CLEAR","DRY","DAYLIGHT","TRAFFIC SIGNAL","NONE DETECTED","NONE DETECTED","D2AB854A-B546-4230-A6CC-049638D7B170","BICYCLIST","Cross/Enter at Intersection","NO IMPROPER ACTIONS","ON ROADWAY AT CROSSWALK","No","SUSPECTED MINOR INJURY","MC/BIKE HELMET","39.10287667","-77.220525","    (39.10287667, -77.220525)"