"Report Number","Local Case Number","Agency Name","ACRS Report Type","Crash Date/Time","Route Type","Road Name","Cross-Street Name","Off-Road Description","Municipality","Related Non-Motorist","Collision Type","Weather","Surface Condition","Light","Traffic Control","Driver Substance Abuse","Non-Motorist Substance Abuse","Person ID","Pedestrian Type","Pedestrian Movement","Pedestrian Actions","Pedestrian Location","At Fault","Injury Severity","Safety Equipment","Latitude","Longitude","Location"
"HA24770003","20002031","Maryland-National Capital","Injury Crash","08/25/2020 07:53:00 AM","Government","BEACH DR","WEXFORD DR",,"N/A","BICYCLIST","ANGLE MEETS RIGHT TURN","CLEAR","DRY","DAYLIGHT","STOP SIGN","NONE DETECTED","NONE DETECTED","A850809D-4628-439A-943F-F6D9A8BA2202","BICYCLIST","Walking/Riding w/Traffic","NO IMPROPER ACTIONS","AT INTERSECTION BUT NO CROSSWALK","No","POSSIBLE INJURY","MC/BIKE HELMET","39.03618719","-77.08453341","    (39.03618719, -77.08453341)"
"MCP2832005W","200033029","Montgomery County Police","Injury Crash","08/24/2020 11:52:00 AM","Maryland (State)","ROCKVILLE PIKE","LOCUST HILL RD",,"N/A","BICYCLIST","SAME DIRECTION SIDESWIPE","CLEAR","DRY","DAYLIGHT","NO CONTROLS","UNKNOWN","NONE DETECTED","562E6F34-1269-479A-925F-2D6F3F61A41D","BICYCLIST","Walking/Riding w/Traffic","NO IMPROPER ACTIONS","ON ROADWAY NOT AT CROSSWALK","No","SUSPECTED MINOR INJURY","MC/BIKE HELMET","39.009205","-77.09755833","    (39.009205, -77.09755833)"
"MCP3232001D","200032852","Montgomery County Police","Property Damage Crash","08/22/2020 06:40:00 PM","County","CASHELL RD","BOWIE MILL RD",,"N/A","PEDESTRIAN","OTHER","CLEAR","DRY","DAYLIGHT","N/A","NONE DETECTED","NONE DETECTED","B5273266-CDE9-430A-BA77-9F9B62F5D5D5","PEDESTRIAN","Standing","IN ROADWAY IMPROPERLY","ON ROADWAY NOT AT CROSSWALK","Yes","NO APPARENT INJURY","N/A","39.15479088","-77.09495999","    (39.15479088, -77.09495999)"
"MCP3243000C","200032846","Montgomery County Police","Injury Crash","08/22/2020 05:17:00 PM","County","ROCKLEDGE DR","ROCK SPRING DR",,"N/A","BICYCLIST","STRAIGHT MOVEMENT ANGLE","CLEAR","DRY","DAYLIGHT","TRAFFIC SIGNAL","NONE DETECTED","NONE DETECTED","53442B68-0BC2-45DB-BC92-1230D88DEB02","BICYCLIST","Cross/Enter at Intersection","FAILURE TO OBEY TRAFFIC SIGNS SIGNALS OR OFFICER","ON ROADWAY AT CROSSWALK","Yes","SUSPECTED MINOR INJURY","NONE","39.02691291","-77.13229168","    (39.02691291, -77.13229168)"
"MCP26250011","200032810","Montgomery County Police","Injury Crash","08/22/2020 12:23:00 PM","County","LELAND ST","BRADLEY BLVD",,"N/A","PEDESTRIAN","N/A","CLEAR","DRY","DAYLIGHT","TRAFFIC SIGNAL","NONE DETECTED","NONE DETECTED","FFD757B9-9253-4007-B403-369FCFC19C36","PEDESTRIAN","Cross/Enter not at Intersection","UNKNOWN","ON ROADWAY NOT AT CROSSWALK","Yes","SUSPECTED MINOR INJURY","N/A","38.9782613","-77.09705684","    (38.9782613, -77.09705684)"
"MCP2040001M","200032799","Montgomery County Police","Injury Crash","08/22/2020 10:30:00 AM","Maryland (State)","WHITES FERRY RD","SPATES HILL RD",,"POOLESVILLE","BICYCLIST","SAME DIRECTION RIGHT TURN","CLOUDY","DRY","DAYLIGHT","NO CONTROLS","NONE DETECTED","NONE DETECTED","FB8C0EC5-CA6C-49E4-BC7E-B1FCC9EF5B87","BICYCLIST","Cross/Enter at Intersection","UNKNOWN","SHOULDER","No","POSSIBLE INJURY","MC/BIKE HELMET","39.134165","-77.40199667","    (39.134165, -77.40199667)"
"MCP3117002N","200032718","Montgomery County Police","Property Damage Crash","08/21/2020 06:43:00 PM",,,,"PARKING LOT OF HILTON HOTEL AT 1750 ROCKVILLE PIKE",,"PEDESTRIAN","OTHER","CLEAR",,"DAYLIGHT","NO CONTROLS","NONE DETECTED","NONE DETECTED","9F96F2C6-8878-401B-941A-0E87E5C349A9","PEDESTRIAN","Walking/Cycling on Sidewalk","IMPROPER PASSING","SIDEWALK","No","NO APPARENT INJURY","NONE","39.06135819","-77.12347747","    (39.06135819, -77.12347747)"
"MCP2921003V","200032703","Montgomery County Police","Injury Crash","08/21/2020 05:09:00 PM","County","MIDDLEBROOK RD","FREDERICK RD",,"N/A","PEDESTRIAN","SINGLE VEHICLE","CLEAR","DRY","DAYLIGHT","YIELD SIGN","N/A","ILLEGAL DRUG CONTRIBUTED","2CE6BEE3-CFB6-4200-98C3-C79641367A62","PEDESTRIAN","Cross/Enter at Intersection","NO IMPROPER ACTIONS","AT INTERSECTION MARKED CROSSWALK","No","POSSIBLE INJURY","NONE","39.18061667","-77.23878833","    (39.18061667, -77.23878833)"
"MCP3122003G","200032514","Montgomery County Police","Injury Crash","08/20/2020 11:25:00 AM","Maryland (State)","GEORGIA AVE","SHOREFIELD RD",,"N/A","PEDESTRIAN","SINGLE VEHICLE","CLEAR","DRY","DAYLIGHT","TRAFFIC SIGNAL","NONE DETECTED","NONE DETECTED","5433E641-5713-4DA0-BDE0-705E3D3C3A46","PEDESTRIAN","Cross/Enter at Intersection","NO IMPROPER ACTIONS","AT INTERSECTION MARKED CROSSWALK","No","SUSPECTED MINOR INJURY","N/A","39.05288667","-77.05112","    (39.05288667, -77.05112)"
"DD5645000B","200032499","Rockville Police Departme","Injury Crash","08/20/2020 10:06:00 AM","Municipality","E GUDE DR","TAFT ST",,"ROCKVILLE","PEDESTRIAN","SINGLE VEHICLE","CLEAR","DRY","DAYLIGHT","OTHER","NONE DETECTED","NONE DETECTED","8AF7DBF0-301F-494A-A59A-DC778F61EF0C","PEDESTRIAN","Cross/Enter at Intersection","NO IMPROPER ACTIONS","AT INTERSECTION MARKED CROSSWALK","No","SUSPECTED MINOR INJURY","NONE","39.094218","-77.132624","    (39.094218, -77.132624)"
"MCP2991004J","200032494","Montgomery County Police","Injury Crash","08/20/2020 09:00:00 AM",,"OLD BALTIMORE ROAD","WINTER MORNING WAY",,"N/A","PEDESTRIAN","SINGLE VEHICLE","N/A","DRY","DAYLIGHT","NO CONTROLS","NONE DETECTED","NONE DETECTED","090BA119-7EE3-41AD-80DD-DC71673C8034","PEDESTRIAN","Cross/Enter at Intersection","NO IMPROPER ACTIONS","ON ROADWAY AT CROSSWALK","No","POSSIBLE INJURY","N/A","39.1422915","-77.05742067","    (39.1422915, -77.05742067)"
"MCP30370039","200032121","Montgomery County Police","Injury Crash","08/17/2020 04:10:00 PM",,,,"PARKING LOT OF 19777 FREDERICK RD",,"BICYCLIST","SINGLE VEHICLE","CLEAR",,"DAYLIGHT","STOP SIGN","NONE DETECTED","NONE DETECTED","3E8E02F7-F7FA-4343-85A1-E5F797C68296","BICYCLIST","Cross/Enter at Intersection","DART DASH","OTHER","Yes","SUSPECTED MINOR INJURY","NONE","39.17869758","-77.23813421","    (39.17869758, -77.23813421)"
"MCP2177004H","20032118","Montgomery County Police","Injury Crash","08/17/2020 02:45:00 PM",,,,"PAVED DRIVEWAY OF 14031 GEORGIA AVENUE",,"BICYCLIST","STRAIGHT MOVEMENT ANGLE","CLOUDY",,"DAYLIGHT","NO CONTROLS","N/A","N/A","C3442C57-C500-476F-BAB2-C9A1499AD424","BICYCLIST","Walking/Cycling on Sidewalk","WRONG WAY RIDING OR WALKING","OTHER","Yes","SUSPECTED MINOR INJURY","NONE","39.08497348","-77.07818107","    (39.08497348, -77.07818107)"
"MCP23720035","200032047","Montgomery County Police","Injury Crash","08/17/2020 07:00:00 AM","Maryland (State)","OLD GEORGETOWN RD","CEDAR LA",,"N/A","OTHER","STRAIGHT MOVEMENT ANGLE","CLEAR","DRY","DAYLIGHT","TRAFFIC SIGNAL","NONE DETECTED","NONE DETECTED","E6BD807F-7D85-486C-8AF8-2D432B05C502","OTHER","Cross/Enter at Intersection","NO IMPROPER ACTIONS","AT INTERSECTION MARKED CROSSWALK","No","SUSPECTED MINOR INJURY","MC/BIKE HELMET","39.00459917","-77.110397","    (39.00459917, -77.110397)"
"DM8479000J","200031997","Takoma Park Police Depart","Injury Crash","08/16/2020 06:01:00 PM","Maryland (State)","NEW HAMPSHIRE AVE","UNIVERSITY BLVD",,"N/A","PEDESTRIAN","OTHER","CLOUDY","DRY","DAYLIGHT","TRAFFIC SIGNAL","NONE DETECTED","NONE DETECTED","9740B3A7-4477-408D-A0BD-EAD0AB63330E","PEDESTRIAN","Cross/Enter at Intersection","NO IMPROPER ACTIONS","ON ROADWAY AT CROSSWALK","No","SUSPECTED MINOR INJURY","N/A","38.98794582","-76.98641554","    (38.98794582, -76.98641554)"
"MCP2402000N","200031856","Montgomery County Police","Injury Crash","08/15/2020 04:00:00 PM","County","OMEGA DR","KEY WEST AVE",,"N/A","BICYCLIST","STRAIGHT MOVEMENT ANGLE","CLEAR","DRY","DAYLIGHT","TRAFFIC SIGNAL","N/A","N/A","270C349D-458D-41AA-95A1-724EF1D0D19C","BICYCLIST","Cross/Enter at Intersection","NO IMPROPER ACTIONS","AT INTERSECTION MARKED CROSSWALK","No","SUSPECTED MINOR INJURY","MC/BIKE HELMET","39.10562833","-77.19711833","    (39.10562833, -77.19711833)"
"MCP3121003H","200031763","Montgomery County Police","Injury Crash","08/14/2020 08:18:00 PM","County","WATKINS MILL RD","CLUB LAKE RD",,"N/A","PEDESTRIAN","SINGLE VEHICLE","RAINING","WET","DARK NO LIGHTS","OTHER","NONE DETECTED","NONE DETECTED","F93633C4-BA27-4056-81A3-DFC039CEC073","PEDESTRIAN","Other","NO IMPROPER ACTIONS","ON ROADWAY AT CROSSWALK","No","SUSPECTED SERIOUS INJURY","NONE","39.17667994","-77.21006808","    (39.17667994, -77.21006808)"
"MCP20720042","200031699","Montgomery County Police","Injury Crash","08/14/2020 01:29:00 PM","Maryland (State)","GREAT SENECA HWY","CLOPPER RD",,"N/A","PEDESTRIAN","OTHER","CLEAR","DRY","DAYLIGHT","TRAFFIC SIGNAL","NONE DETECTED","ALCOHOL PRESENT","3248AC7D-C726-462C-A5BA-0398D349C265","PEDESTRIAN","Other","NOT VISIBLE","ON ROADWAY NOT AT CROSSWALK","Yes","POSSIBLE INJURY","NONE","39.15781333","-77.27580333","    (39.15781333, -77.27580333)"
"MCP1174004J","200031668","Montgomery County Police","Injury Crash","08/14/2020 11:11:00 AM",,,,"PARKING LOT OF 2015 EAST WEST HWY.",,"PEDESTRIAN","SINGLE VEHICLE","CLEAR",,"DAYLIGHT","N/A",,"NONE DETECTED","8519E1A8-E780-47C0-9B49-C03CC83E73B5","PEDESTRIAN","Getting off/on Vehicle","ENTERING EXITING PARKED STANDING VEHICLE","OTHER","Yes","SUSPECTED MINOR INJURY","N/A","38.99509287","-77.04511842","    (38.99509287, -77.04511842)"
"MCP2394003P","200031677","Montgomery County Police","Property Damage Crash","08/14/2020 10:08:00 AM","County","BEL PRE RD","ENT TO APARTMENTS",,"N/A","MACHINE OPERATOR/RIDER","OTHER","CLEAR","DRY","DAYLIGHT","STOP SIGN","UNKNOWN","NONE DETECTED","0AA192B6-FE61-4321-A1D9-14EC5E4F344D","MACHINE OPERATOR/RIDER","Cross/Enter at Intersection","NO IMPROPER ACTIONS","ON ROADWAY AT CROSSWALK","No","NO APPARENT INJURY","NONE","39.09124955","-77.0665708","    (39.09124955, -77.0665708)"
"MCP3226000R","200031559","Montgomery County Police","Property Damage Crash","08/13/2020 04:33:00 PM","County","EDNOR RD","HAW LA",,"N/A","OTHER","SINGLE VEHICLE","CLEAR","DRY","DAYLIGHT","NO CONTROLS","NONE DETECTED","UNKNOWN","23B2A962-E62B-4CA3-A14D-05B51BE946B5","OTHER","Unknown","UNKNOWN","OTHER","No","NO APPARENT INJURY","N/A","39.13754267","-76.980728","    (39.13754267, -76.980728)"
"MCP3226000R","200031559","Montgomery County Police","Property Damage Crash","08/13/2020 04:33:00 PM","County","EDNOR RD","HAW LA",,"N/A","OTHER","SINGLE VEHICLE","CLEAR","DRY","DAYLIGHT","NO CONTROLS","NONE DETECTED","UNKNOWN","7DF41EA2-86B5-470B-A706-8BD8AAEFC6C8","OTHER","Unknown","UNKNOWN","UNKNOWN","No","NO APPARENT INJURY","N/A","39.13754267","-76.980728","    (39.13754267, -76.980728)"
"MCP3170001H","200031418","Montgomery County Police","Property Damage Crash","08/12/2020 06:04:00 PM",,,,"PARKING LOT IN FRONT OF 12807 SAGE TER",,"BICYCLIST","OTHER","CLOUDY",,"DAYLIGHT","NO CONTROLS","NONE DETECTED","NONE DETECTED","3133DE36-2CAB-415B-A376-C2F9A3FDCE79","BICYCLIST","Cross/Enter not at Intersection","DART DASH","OTHER","Yes","NO APPARENT INJURY","NONE","39.16072223","-77.26600841","    (39.16072223, -77.26600841)"
"MCP3012006Y","200031220","Montgomery County Police","Fatal Crash","08/11/2020 10:09:00 AM","County","BEL PRE RD","LONDON LA",,"N/A","PEDESTRIAN","SINGLE VEHICLE","CLEAR","DRY","DAYLIGHT","NO CONTROLS","UNKNOWN","N/A","200A8E58-E5FA-4BA9-B7DC-D4F49531776B","PEDESTRIAN","Standing","ENTERING EXITING PARKED STANDING VEHICLE","OTHER","No","FATAL INJURY","N/A","39.092935","-77.08049333","    (39.092935, -77.08049333)"
"MCP2361001Q","200031152","Montgomery County Police","Injury Crash","08/10/2020 09:58:00 PM","County","MONTGOMERY VILLAGE AVE","MIDCOUNTY HWY",,"N/A","PEDESTRIAN","STRAIGHT MOVEMENT ANGLE","CLEAR","DRY","DARK LIGHTS ON","NO CONTROLS","NONE DETECTED","ALCOHOL PRESENT","630209D8-2005-4182-A5EB-EF3FE70E4403","PEDESTRIAN","Cross/Enter not at Intersection","IN ROADWAY IMPROPERLY","ON ROADWAY NOT AT CROSSWALK","Yes","SUSPECTED MINOR INJURY","NONE","39.158395","-77.203735","    (39.158395, -77.203735)"
"MCP2358007R","200031136","Montgomery County Police","Property Damage Crash","08/10/2020 07:00:00 PM","County","DORSET AVE","KENNEDY DR",,"N/A","BICYCLIST","STRAIGHT MOVEMENT ANGLE","CLEAR","DRY","DUSK","STOP SIGN","UNKNOWN","NONE DETECTED","BE7CB23C-9646-41FC-AF01-8C5C49498019","BICYCLIST","Cross/Enter at Intersection","FAILURE TO OBEY TRAFFIC SIGNS SIGNALS OR OFFICER","ON ROADWAY AT CROSSWALK","Yes","NO APPARENT INJURY","UNKNOWN","38.96887993","-77.10293722","    (38.96887993, -77.10293722)"
"MCP9419002P","200030826","Montgomery County Police","Injury Crash","08/08/2020 01:53:00 PM","County","BRIARDALE RD","SHADY GROVE RD",,"N/A","BICYCLIST","SINGLE VEHICLE","CLOUDY","DRY","DAYLIGHT","TRAFFIC SIGNAL","NONE DETECTED","NONE DETECTED","D2C977C4-FE1B-4D3F-AF10-FFF9558FFE71","BICYCLIST","Walking/Cycling on Sidewalk","NO IMPROPER ACTIONS","AT INTERSECTION MARKED CROSSWALK","No","SUSPECTED MINOR INJURY","NONE","39.133515","-77.15805833","    (39.133515, -77.15805833)"
"MCP2588007P","200030814","Montgomery County Police","Injury Crash","08/08/2020 12:54:00 PM","Maryland (State)","GEORGIA AVE","HENDERSON AVE",,"N/A","PEDESTRIAN","OTHER","CLEAR","DRY","DAYLIGHT","NO CONTROLS","NONE DETECTED","NONE DETECTED","5CEAC53D-AC8F-4068-87DA-FCC1A53BCB06","PEDESTRIAN","Cross/Enter at Intersection","NO IMPROPER ACTIONS","ON ROADWAY AT CROSSWALK","No","POSSIBLE INJURY","N/A","39.05064097","-77.05166819","    (39.05064097, -77.05166819)"
"MCP23720033","200030807","Montgomery County Police","Injury Crash","08/08/2020 11:08:00 AM","County","MACARTHUR BLVD","BEGIN BRIDGE",,"N/A","BICYCLIST","SAME DIR REAR END","CLEAR","DRY","DAYLIGHT","NO CONTROLS","NONE DETECTED","NONE DETECTED","1673091D-E553-410D-B2E8-C1B0472DD625","BICYCLIST","Walking/Riding w/Traffic","NO IMPROPER ACTIONS","ON ROADWAY NOT AT CROSSWALK","No","SUSPECTED MINOR INJURY","MC/BIKE HELMET","38.97277283","-77.14873267","    (38.97277283, -77.14873267)"
"MCP2936003X","200030698","Montgomery County Police","Injury Crash","08/07/2020 04:22:00 PM",,,,"SIDEWALK/PARKING LOT OF 11790 PARKLAWN DR ROCKVILLE, MD 20852",,"PEDESTRIAN","OTHER","N/A",,"DAYLIGHT","NO CONTROLS","NONE DETECTED","NONE DETECTED","32E886BE-97E7-445B-82CD-BAA099CDA45A","PEDESTRIAN","Walking/Cycling on Sidewalk","NO IMPROPER ACTIONS","SIDEWALK","No","SUSPECTED MINOR INJURY","N/A","39.04858","-77.0993","    (39.04858, -77.0993)"
"MCP243600B6","200030650","Montgomery County Police","Injury Crash","08/07/2020 10:15:00 AM","County","HARTWELL RD","BRADFORD RD",,"N/A","PEDESTRIAN","SINGLE VEHICLE","CLEAR","DRY","DAYLIGHT","STOP SIGN","UNKNOWN","UNKNOWN","922B2AC7-99B0-475A-9AE9-E48BBF580FD1","PEDESTRIAN","Walking/Riding w/Traffic","UNKNOWN","ON ROADWAY NOT AT CROSSWALK","Yes","SUSPECTED SERIOUS INJURY","NONE","39.00013798","-77.00635538","    (39.00013798, -77.00635538)"
"MCP2239001N","200030242","Montgomery County Police","Injury Crash","08/04/2020 01:24:00 PM","County","SEVEN LOCKS RD","CODDLE HARBOR LA",,"N/A","BICYCLIST","OTHER","CLEAR","DRY","DAYLIGHT","STOP SIGN","NONE DETECTED","N/A","750BA249-B77B-4C90-A58B-8AD8199D5189","BICYCLIST","Cross/Enter at Intersection","OTHER","ON ROADWAY NOT AT CROSSWALK","No","SUSPECTED MINOR INJURY","MC/BIKE HELMET","39.04253167","-77.15936333","    (39.04253167, -77.15936333)"
"MCP2239001N","200030242","Montgomery County Police","Injury Crash","08/04/2020 01:24:00 PM","County","SEVEN LOCKS RD","CODDLE HARBOR LA",,"N/A","BICYCLIST","OTHER","CLEAR","DRY","DAYLIGHT","STOP SIGN","NONE DETECTED","N/A","6A572A27-F83F-42F8-AD27-D88CC94E14F2","BICYCLIST","Cross/Enter at Intersection","NO IMPROPER ACTIONS","ON ROADWAY NOT AT CROSSWALK","No","NO APPARENT INJURY","MC/BIKE HELMET","39.04253167","-77.15936333","    (39.04253167, -77.15936333)"
"EJ78580056","200030177","Gaithersburg Police Depar","Injury Crash","08/04/2020 05:45:00 AM","Municipality","ODENDHAL AVE","RUSSELL AVE",,"GAITHERSBURG","BICYCLIST","OTHER","RAINING","WET","DARK LIGHTS ON","NO CONTROLS","NONE DETECTED","NONE DETECTED","7919C82E-1F17-46FE-A7C1-49C34416A175","BICYCLIST","Cross/Enter not at Intersection","IN ROADWAY IMPROPERLY","ON ROADWAY NOT AT CROSSWALK","Yes","SUSPECTED MINOR INJURY","NONE","39.15013928","-77.20455055","    (39.15013928, -77.20455055)"
"MCP9419002N","200030096","Montgomery County Police","Injury Crash","08/03/2020 01:49:00 PM",,,,"PARKING LOT OF 12409 BRAXFIELD CT.",,"PEDESTRIAN","OTHER","CLOUDY",,"DAYLIGHT","NO CONTROLS","NONE DETECTED","NONE DETECTED","38464FA5-1EAE-4209-B0A6-139F2C434B6D","PEDESTRIAN","Other","N/A","OTHER","No","SUSPECTED MINOR INJURY","NONE","39.05966701","-77.10486404","    (39.05966701, -77.10486404)"
"MCP291400B2","200030027","Montgomery County Police","Injury Crash","08/02/2020 04:00:00 PM","Maryland (State)","GEORGIA AVE","FENWICK LA",,"N/A","PEDESTRIAN","OTHER","CLEAR","N/A","DAYLIGHT","STOP SIGN","N/A","N/A","1501DDE7-8F02-498E-9B00-D8DC9AE93D9D","PEDESTRIAN","Cross/Enter at Intersection","NO IMPROPER ACTIONS","AT INTERSECTION MARKED CROSSWALK","No","POSSIBLE INJURY","N/A","38.99823059","-77.0307129","    (38.99823059, -77.0307129)"
"MCP3205001R","200029969","Montgomery County Police","Injury Crash","08/02/2020 12:58:00 PM","County","FERRARA DR","SELFRIDGE RD",,"N/A","PEDESTRIAN","OTHER","N/A","DRY","DAYLIGHT","NO CONTROLS","UNKNOWN","NONE DETECTED","4D433D04-EE57-4AA8-98EE-1F294CC74312","PEDESTRIAN","Standing","N/A","SHOULDER","No","SUSPECTED MINOR INJURY","N/A","39.05245217","-77.08170517","    (39.05245217, -77.08170517)"
"MCP32400012","200029768","Montgomery County Police","Injury Crash","07/31/2020 09:00:00 PM","County","PINNACLE DR","CENTURY BLVD",,"N/A","PEDESTRIAN","OTHER","CLEAR","WET","DARK LIGHTS ON","NO CONTROLS","UNKNOWN","N/A","28801FCD-C06E-49BE-82EA-E988639DE11C","PEDESTRIAN","Standing","ENTERING EXITING PARKED STANDING VEHICLE","ON ROADWAY NOT AT CROSSWALK","No","SUSPECTED MINOR INJURY","N/A","39.18319358","-77.26644101","    (39.18319358, -77.26644101)"
"EJ7878001N","200029758","Gaithersburg Police Depar","Injury Crash","07/31/2020 07:00:00 PM","Municipality","CHESTNUT ST","E DIAMOND AVE",,"GAITHERSBURG","PEDESTRIAN","SAME DIR REAR END","CLEAR","DRY","DAYLIGHT","RAILWAY CROSSING DEVICE","N/A","N/A","17594BD1-665A-4C85-B685-D9D22B6481D1","PEDESTRIAN","Other","OTHER","ON ROADWAY NOT AT CROSSWALK","Yes","POSSIBLE INJURY","N/A","39.142222","-77.20310799","    (39.142222, -77.20310799)"
"MCP2420003V","200029614","Montgomery County Police","Injury Crash","07/30/2020 05:53:00 PM","County","EMORY LA","JILRICK ST",,"N/A","BICYCLIST","SAME DIR REAR END","N/A","DRY","DAYLIGHT","NO CONTROLS","N/A","NONE DETECTED","F2F07AB9-C65E-457C-907F-1E9CE0441696","BICYCLIST","Walking/Riding w/Traffic","UNKNOWN","OTHER","Unknown","POSSIBLE INJURY","MC/BIKE HELMET","39.126365","-77.08620333","    (39.126365, -77.08620333)"
"MCP2782003C","200029591","Montgomery County Police","Injury Crash","07/30/2020 03:48:00 PM","County","BEL PRE RD","PARKER FARM WAY",,"N/A","PEDESTRIAN","STRAIGHT MOVEMENT ANGLE","CLEAR","DRY","DAYLIGHT","TRAFFIC SIGNAL","NONE DETECTED","NONE DETECTED","2C2A2188-31C1-4886-A8B8-E01E31908AE1","PEDESTRIAN","Cross/Enter at Intersection","NO IMPROPER ACTIONS","AT INTERSECTION MARKED CROSSWALK","No","SUSPECTED MINOR INJURY","NONE","39.09079","-77.04799533","    (39.09079, -77.04799533)"
"DD5604003L","200029558","Rockville Police Departme","Injury Crash","07/30/2020 11:37:00 AM","Municipality","WOOTTON PKWY","TOWER OAKS BLVD",,"ROCKVILLE","PEDESTRIAN","OTHER","CLEAR","DRY","DAYLIGHT","TRAFFIC SIGNAL","NONE DETECTED","NONE DETECTED","2B0CC152-44D7-42ED-851A-71C310DBE788","PEDESTRIAN","Standing","OTHER","AT INTERSECTION MARKED CROSSWALK","No","POSSIBLE INJURY","REFLECTIVE CLOTHING","39.0662585","-77.15408483","    (39.0662585, -77.15408483)"
"MCP9113006B","200029550","Montgomery County Police","Injury Crash","07/30/2020 10:31:00 AM","County","WENDY LA","LOYOLA ST",,"N/A","OTHER","OTHER","CLEAR","DRY","DAYLIGHT","NO CONTROLS","NONE DETECTED","NONE DETECTED","1F84FA47-FAA2-41D5-9D09-DF4ADA21D62F","OTHER","Getting off/on Vehicle","NO IMPROPER ACTIONS","CURB","No","SUSPECTED SERIOUS INJURY","N/A","39.079145","-77.074525","    (39.079145, -77.074525)"
"DD5604003K","200029470","Rockville Police Departme","Injury Crash","07/29/2020 04:41:00 PM","Municipality","EDMONSTON DR","VEIRS MILL SERV RD",,"ROCKVILLE","BICYCLIST","STRAIGHT MOVEMENT ANGLE","CLEAR","DRY","DAYLIGHT","STOP SIGN","NONE DETECTED","NONE DETECTED","4B48EDD0-1673-45E3-B932-BF4C2A25AF77","BICYCLIST","Walking/Riding w/Traffic","FAILURE TO OBEY TRAFFIC SIGNS SIGNALS OR OFFICER","ON ROADWAY NOT AT CROSSWALK","Yes","SUSPECTED MINOR INJURY","NONE","39.078304","-77.13051683","    (39.078304, -77.13051683)"
"MCP31650026","200029443","Montgomery County Police","Property Damage Crash","07/29/2020 01:40:00 PM","County","CASTLE BLVD","BRIGGS CHANEY RD",,"N/A","BICYCLIST","STRAIGHT MOVEMENT ANGLE","CLEAR","DRY","DAYLIGHT","TRAFFIC SIGNAL","NONE DETECTED","NONE DETECTED","E0582C0B-57B0-4767-B4C2-D2A7B051F74D","BICYCLIST","Cross/Enter at Intersection","NO IMPROPER ACTIONS","ON ROADWAY AT CROSSWALK","No","NO APPARENT INJURY","NONE","39.08163167","-76.94646667","    (39.08163167, -76.94646667)"
"MCP29910049","200029417","Montgomery County Police","Injury Crash","07/29/2020 10:45:00 AM","Maryland (State)","NEW HAMPSHIRE AVE","MILLGROVE PL",,"N/A","BICYCLIST","SINGLE VEHICLE","CLEAR","DRY","DAYLIGHT","NO CONTROLS","NONE DETECTED","NONE DETECTED","390771D3-FE01-42F2-B9EA-4E577A148D12","BICYCLIST","N/A","IMPROPER TURN MERGE","OTHER","Yes","POSSIBLE INJURY","N/A","39.14924967","-77.06642983","    (39.14924967, -77.06642983)"
"MCP2356001R","200029346","Montgomery County Police","Injury Crash","07/28/2020 05:35:00 PM","Maryland (State)","FREDERICK RD","REDLAND BLVD",,"ROCKVILLE","PEDESTRIAN","SINGLE VEHICLE","N/A","DRY","DAYLIGHT","TRAFFIC SIGNAL","NONE DETECTED","NONE DETECTED","70635A87-93F9-4F5B-BCFB-EBCF116FFF57","PEDESTRIAN","Standing","NO IMPROPER ACTIONS","SIDEWALK","No","SUSPECTED SERIOUS INJURY","N/A","39.11570361","-77.16614143","    (39.11570361, -77.16614143)"
"MCP29730056","200029057","Montgomery County Police","Injury Crash","07/27/2020 02:09:00 AM","Maryland (State)","GEORGIA AVE","HENDERSON AVE",,"N/A","PEDESTRIAN","OTHER","CLEAR","DRY","DARK LIGHTS ON","NO CONTROLS","ALCOHOL CONTRIBUTED, NONE DETECTED","NONE DETECTED","38D62503-736D-43B3-BD88-ECC9274AF996","PEDESTRIAN","Walking/Riding against Traffic","NO IMPROPER ACTIONS","SIDEWALK","No","SUSPECTED SERIOUS INJURY","N/A","39.05016403","-77.05163365","    (39.05016403, -77.05163365)"
"MCP28460064","200028872","Montgomery County Police","Injury Crash","07/25/2020 12:24:00 PM",,,,"12041 GEORGIA AVE (M&T BANK PARKING LOT)",,"BICYCLIST","SINGLE VEHICLE","CLEAR",,"DAYLIGHT","NO CONTROLS","UNKNOWN","NONE DETECTED","15A645A6-516A-48F4-A27E-468D122B72C1","BICYCLIST","Walking/Cycling on Sidewalk","NO IMPROPER ACTIONS","SIDEWALK","No","SUSPECTED MINOR INJURY","NONE","39.05258193","-77.05031596","    (39.05258193, -77.05031596)"
"MCP28210022","200028843","Montgomery County Police","Injury Crash","07/25/2020 05:38:00 AM","Maryland (State)","WOODFIELD RD","BRENISH DR",,"N/A","PEDESTRIAN","OTHER","CLEAR","DRY","DAWN","STOP SIGN","NONE DETECTED","NONE DETECTED","383E82DD-56C8-49D4-A53B-A8999E96C3FE","PEDESTRIAN","Cross/Enter at Intersection","UNKNOWN","UNKNOWN","Unknown","POSSIBLE INJURY","N/A","39.17833833","-77.150825","    (39.17833833, -77.150825)"
"MCP3050004Q","200028775","Montgomery County Police","Injury Crash","07/24/2020 05:56:00 PM",,,,"PARKING LOT IN FRONT OF CHINA KING 3827 ASPEN HILL RD SILVER SPRING, MD 20906",,"PEDESTRIAN","OTHER","CLEAR",,"DAYLIGHT","STOP SIGN","NONE DETECTED","NONE DETECTED","54835D56-34A0-4B14-AE00-9C63A98FC826","PEDESTRIAN","Cross/Enter not at Intersection","INATTENTIVE","ON ROADWAY NOT AT CROSSWALK","No","SUSPECTED MINOR INJURY","N/A","39.08129","-77.07759333","    (39.08129, -77.07759333)"
"MCP2376000V","200028698","Montgomery County Police","Injury Crash","07/24/2020 05:33:00 AM","County","MONTGOMERY LA","WOODMONT AVE",,"N/A","PEDESTRIAN","OTHER","RAINING","WET","DARK LIGHTS ON","FLASHING TRAFFIC SIGNAL","NONE DETECTED","NONE DETECTED","776E719C-9C07-4207-9AB4-728065B8E65B","PEDESTRIAN","Cross/Enter at Intersection","NO IMPROPER ACTIONS","ON ROADWAY AT CROSSWALK","No","SUSPECTED MINOR INJURY","N/A","38.99755667","-77.10954","    (38.99755667, -77.10954)"