"Report Number","Local Case Number","Agency Name","ACRS Report Type","Crash Date/Time","Route Type","Road Name","Cross-Street Name","Off-Road Description","Municipality","Related Non-Motorist","Collision Type","Weather","Surface Condition","Light","Traffic Control","Driver Substance Abuse","Non-Motorist Substance Abuse","Person ID","Pedestrian Type","Pedestrian Movement","Pedestrian Actions","Pedestrian Location","At Fault","Injury Severity","Safety Equipment","Latitude","Longitude","Location"
"DD5603008C","200028613","Rockville Police Departme","Injury Crash","07/23/2020 02:15:00 PM","Maryland (State)","ROCKVILLE PIKE","HALPINE RD",,"ROCKVILLE","PEDESTRIAN","OTHER","CLEAR","DRY","DAYLIGHT","TRAFFIC SIGNAL","NONE DETECTED","NONE DETECTED","22AC67AE-17F4-45CF-A6BB-D0304FF6D7AC","PEDESTRIAN","Cross/Enter at Intersection","NO IMPROPER ACTIONS","AT INTERSECTION MARKED CROSSWALK","No","SUSPECTED MINOR INJURY","NONE","39.06163528","-77.124226","    (39.06163528, -77.124226)"
"MCP28590095","200028549","Montgomery County Police","Injury Crash","07/23/2020 08:10:00 AM",,,,"LEVEL 1 PARKING GARAGE OF 15740 SHADY GROVE RD, GAITHERSBURG, MD",,"PEDESTRIAN","OTHER","CLEAR",,"DAYLIGHT","NO CONTROLS","NONE DETECTED","NONE DETECTED","ED782BF5-8BC0-49F6-BB1E-7FDF3DCDBFB3","PEDESTRIAN","Other Working","NO IMPROPER ACTIONS","OTHER","No","POSSIBLE INJURY","NONE","39.11529","-77.186415","    (39.11529, -77.186415)"
"MCP2853007J","200028316","Montgomery County Police","Injury Crash","07/21/2020 03:14:00 PM","US (State)","COLUMBIA PIKE","ENT TO BURNT MILLS SHOPPING CENTER",,"N/A","PEDESTRIAN","OTHER","CLEAR","DRY","DAYLIGHT","TRAFFIC SIGNAL","N/A","N/A","B74284FA-8960-49FD-978E-A6BCD6B736AE","PEDESTRIAN","Cross/Enter at Intersection","NO IMPROPER ACTIONS","AT INTERSECTION MARKED CROSSWALK","No","SUSPECTED MINOR INJURY","N/A","39.03138833","-77.00444","    (39.03138833, -77.00444)"
"MCP3016002P","200028248","Montgomery County Police","Injury Crash","07/21/2020 09:26:00 AM",,,,"CROSSWALK IN FRONT OF SHOPPING CENTER LOCATED AT 12825 WISTERIA DR., GERMANTOWN, MD.",,"BICYCLIST","OTHER","CLEAR",,"DAYLIGHT","STOP SIGN","N/A","N/A","70DBE2E1-B62D-498D-8884-C0A62BEE72E2","BICYCLIST","Walking/Cycling on Sidewalk","NO IMPROPER ACTIONS","MIDBLOCK MARKED CROSSWALK","No","POSSIBLE INJURY","NONE","39.17667966","-77.26957737","    (39.17667966, -77.26957737)"
"MCP1148003G","200028247","Montgomery County Police","Injury Crash","07/21/2020 09:10:00 AM","Maryland (State)","OLD GEORGETOWN RD","WILSON LA",,"N/A","BICYCLIST","SINGLE VEHICLE","CLEAR","DRY","DAYLIGHT","TRAFFIC SIGNAL","NONE DETECTED","NONE DETECTED","7C306150-270A-4758-A5A8-EAC198E7EF97","BICYCLIST","Walking/Riding w/Traffic","FAILURE TO YIELD RIGHT OF WAY","ON ROADWAY NOT AT CROSSWALK","Yes","SUSPECTED MINOR INJURY","NONE","38.987645","-77.09919833","    (38.987645, -77.09919833)"
"MCP2496001M","200028264","Montgomery County Police","Injury Crash","07/20/2020 06:30:00 PM","Maryland (State)","GEORGIA AVE","RAMP 4 FR MD 97 NB TO IS 495 EB",,"N/A","BICYCLIST","SINGLE VEHICLE","CLEAR","DRY","DUSK","NO CONTROLS","UNKNOWN","N/A","FC2777CE-9249-4B27-80FC-EACA788661E9","BICYCLIST","Cross/Enter at Intersection","NO IMPROPER ACTIONS","ON ROADWAY AT CROSSWALK","No","POSSIBLE INJURY","NONE","39.00069167","-77.02761833","    (39.00069167, -77.02761833)"
"MCP3022003C","200028913","Montgomery County Police","Injury Crash","07/20/2020 05:09:00 PM","County","HUNTMASTER RD","FOXLAIR RD",,"N/A","BICYCLIST","SAME DIRECTION SIDESWIPE","CLEAR","DRY","DAYLIGHT","STOP SIGN","UNKNOWN","NONE DETECTED","4A16CB72-7153-4682-9C08-8CF25AF1E9E6","BICYCLIST","Walking/Riding w/Traffic","NO IMPROPER ACTIONS","SHOULDER","No","SUSPECTED MINOR INJURY","UNKNOWN","39.21527","-77.19485167","    (39.21527, -77.19485167)"
"MCP3145002M","200028183","Montgomery County Police","Injury Crash","07/20/2020 04:00:00 PM","County","E RANDOLPH RD","CLIFTON RD",,"N/A","BICYCLIST","OTHER","CLEAR","DRY","DAYLIGHT","YIELD SIGN","NONE DETECTED","NONE DETECTED","234F1788-CCD3-41E7-ACF0-5CA77CA0ECC5","BICYCLIST","Cross/Enter at Intersection","NO IMPROPER ACTIONS","AT INTERSECTION BUT NO CROSSWALK","No","SUSPECTED MINOR INJURY","NONE","39.075855","-76.998485","    (39.075855, -76.998485)"
"MCP29070028","200028086","Montgomery County Police","Injury Crash","07/20/2020 02:46:00 AM","Maryland (State)","WISCONSIN AVE","EAST WEST HWY (W/B COUPLET)",,"N/A","PEDESTRIAN","OTHER","CLEAR","DRY","DARK LIGHTS ON","TRAFFIC SIGNAL","NONE DETECTED","NONE DETECTED","285A6363-0D73-4869-A9AB-AF88C63DB7F6","PEDESTRIAN","Standing","IN ROADWAY IMPROPERLY","MEDIAN","Yes","SUSPECTED SERIOUS INJURY","N/A","38.98449","-77.095","    (38.98449, -77.095)"
"MCP2940004W","200028003","Montgomery County Police","Injury Crash","07/19/2020 10:50:00 AM","County","MACARTHUR BLVD","STABLE LA",,"N/A","BICYCLIST","OTHER","CLEAR","DRY","DAYLIGHT","NO CONTROLS","NONE DETECTED","NONE DETECTED","B53B9F21-B4F7-447B-9945-04AB34CDF468","BICYCLIST","Walking/Riding w/Traffic","NO IMPROPER ACTIONS","ON ROADWAY NOT AT CROSSWALK","No","POSSIBLE INJURY","MC/BIKE HELMET","38.9821385","-77.22582","    (38.9821385, -77.22582)"
"MCP2877008D","200027890","Montgomery County Police","Injury Crash","07/18/2020 11:11:00 AM","Municipality","PRINCETON AVE","MACARTHUR BLVD",,"N/A","BICYCLIST","OTHER","CLEAR","DRY","DAYLIGHT","STOP SIGN","NONE DETECTED","NONE DETECTED","9ED5D003-AED8-45A9-856A-A1CC854EF3B1","BICYCLIST","Cross/Enter at Intersection","NO IMPROPER ACTIONS","SIDEWALK","No","POSSIBLE INJURY","MC/BIKE HELMET","38.96927855","-77.14065418","    (38.96927855, -77.14065418)"
"MCP28460063","200027826","Montgomery County Police","Injury Crash","07/17/2020 08:15:00 PM","County","ELNORA ST","BLUERIDGE AVE",,"N/A","PEDESTRIAN","SINGLE VEHICLE","CLEAR","DRY","DAYLIGHT","STOP SIGN","NONE DETECTED","NONE DETECTED","818D2142-3F2F-44A7-A253-5E52ED6B8D28","PEDESTRIAN","Cross/Enter not at Intersection","IN ROADWAY IMPROPERLY","ON ROADWAY NOT AT CROSSWALK","Yes","SUSPECTED MINOR INJURY","NONE","39.04508833","-77.057435","    (39.04508833, -77.057435)"
"EJ7880000S","200027825","Gaithersburg Police Depar","Injury Crash","07/17/2020 07:57:00 PM",,,,"VEHICLE STRUCK PED IN PARKING LOT AND FLED",,"PEDESTRIAN","SINGLE VEHICLE","CLEAR",,"DAYLIGHT","NO CONTROLS","UNKNOWN","NONE DETECTED","D1BB3C8A-FD70-4EAB-AC29-F472CF1D0EAB","PEDESTRIAN","Standing","NO IMPROPER ACTIONS","OTHER","No","SUSPECTED MINOR INJURY","N/A","39.14407711","-77.19320816","    (39.14407711, -77.19320816)"
"MCP1305004B","200027821","Montgomery County Police","Injury Crash","07/17/2020 06:01:00 PM","Maryland (State)","WOODFIELD RD","ENT TO SHOPPING CENTER",,"N/A","BICYCLIST","STRAIGHT MOVEMENT ANGLE","CLEAR","DRY","DAYLIGHT","STOP SIGN","NONE DETECTED","NONE DETECTED","A2462571-FF8A-480D-AE5D-C2606F67205D","BICYCLIST","Walking/Cycling on Sidewalk","FAILURE TO YIELD RIGHT OF WAY","AT INTERSECTION MARKED CROSSWALK","Yes","SUSPECTED MINOR INJURY","NONE","39.15736573","-77.16321573","    (39.15736573, -77.16321573)"
"MCP0942002Z","200027774","Montgomery County Police","Injury Crash","07/17/2020 12:25:00 PM","Maryland (State)","OLD GEORGETOWN RD","FAIRMONT AVE",,"N/A","BICYCLIST","SINGLE VEHICLE","CLEAR","DRY","DAYLIGHT","NO CONTROLS","NONE DETECTED","NONE DETECTED","075DED8C-9D1A-4ABD-9B2F-C1ECF92B44D7","BICYCLIST","Cross/Enter at Intersection","NO IMPROPER ACTIONS","AT INTERSECTION MARKED CROSSWALK","No","POSSIBLE INJURY","MC/BIKE HELMET","38.98703151","-77.0979798","    (38.98703151, -77.0979798)"
"MCP1291002X","200027688","Montgomery County Police","Injury Crash","07/16/2020 06:30:00 PM",,,,"PARKINGLOT OF 404 RIDGEPOINTLA",,"PEDESTRIAN","OTHER","CLEAR",,"DAYLIGHT","NO CONTROLS","NONE DETECTED","NONE DETECTED","2CCF3647-84F9-4A88-A987-293828CCFC6F","PEDESTRIAN","Other","NO IMPROPER ACTIONS","OTHER","Unknown","POSSIBLE INJURY","NONE","39.12335833","-77.24761333","    (39.12335833, -77.24761333)"
"MCP2008007X","200027535","Montgomery County Police","Injury Crash","07/15/2020 07:04:00 PM","County","FRANKLIN ST","PARKWOOD DR",,"N/A","BICYCLIST, PEDESTRIAN","OTHER","CLEAR","DRY","DAYLIGHT","STOP SIGN","NONE DETECTED","NONE DETECTED","38334CFC-EA02-4636-B402-28278CFB89A0","PEDESTRIAN","Cross/Enter at Intersection","NO IMPROPER ACTIONS","AT INTERSECTION MARKED CROSSWALK","No","SUSPECTED MINOR INJURY","NONE","39.01972667","-77.09671","    (39.01972667, -77.09671)"
"MCP2008007X","200027535","Montgomery County Police","Injury Crash","07/15/2020 07:04:00 PM","County","FRANKLIN ST","PARKWOOD DR",,"N/A","BICYCLIST, PEDESTRIAN","OTHER","CLEAR","DRY","DAYLIGHT","STOP SIGN","NONE DETECTED","NONE DETECTED","A0593E34-0D78-4108-BCAA-6F1FE0B66FE6","BICYCLIST","Cross/Enter at Intersection","NO IMPROPER ACTIONS","AT INTERSECTION MARKED CROSSWALK","No","SUSPECTED MINOR INJURY","MC/BIKE HELMET","39.01972667","-77.09671","    (39.01972667, -77.09671)"
"MCP3233000X","200027461","Montgomery County Police","Injury Crash","07/15/2020 12:29:00 PM","County","FENTON ST","SLIGO AVE",,"N/A","PEDESTRIAN","OTHER","CLEAR","DRY","DAYLIGHT","NO CONTROLS","NONE DETECTED","NONE DETECTED","C1DF79E4-2651-407A-BD68-C245507074AA","PEDESTRIAN","Other Working","OTHER","CURB","No","SUSPECTED MINOR INJURY","NONE","38.9974805","-77.109644","    (38.9974805, -77.109644)"
"MCP31430029","200027271","Montgomery County Police","Injury Crash","07/14/2020 06:30:00 AM","County","MARINELLI RD","ROCKVILLE PIKE",,"N/A","PEDESTRIAN","OTHER","CLEAR","DRY","DAYLIGHT","TRAFFIC SIGNAL","NONE DETECTED","NONE DETECTED","741A060D-E358-4268-9F6A-A7B7FC70DDB4","PEDESTRIAN","Cross/Enter at Intersection","NO IMPROPER ACTIONS","ON ROADWAY AT CROSSWALK","Unknown","POSSIBLE INJURY","NONE","39.04735167","-77.11233833","    (39.04735167, -77.11233833)"
"MCP291400B3","200030582","Montgomery County Police","Injury Crash","07/12/2020 03:40:00 AM","US (State)","GEORGIA AVE","CROSSOVER",,"N/A","PEDESTRIAN","OTHER","CLEAR","N/A","DARK LIGHTS ON","NO CONTROLS","N/A","N/A","0CB16293-85C5-4909-A8B1-6341DA452CC1","PEDESTRIAN","Standing","IN ROADWAY IMPROPERLY","N/A","Yes","POSSIBLE INJURY","NONE","38.99105471","-77.02640648","    (38.99105471, -77.02640648)"
"MCP31990021","200026750","Montgomery County Police","Injury Crash","07/10/2020 06:23:00 AM","Maryland (State)","VEIRS MILL RD","BUSHEY DR",,"N/A","OTHER CONVEYANCE","SAME DIR REAR END","CLEAR","DRY","DAYLIGHT","NO CONTROLS","NONE DETECTED","NONE DETECTED","AAB0A796-AA4A-436D-AEC2-97724B8C71F8","OTHER CONVEYANCE","Other","INATTENTIVE","OTHER","Yes","SUSPECTED MINOR INJURY","MC/BIKE HELMET","39.05463833","-77.07975333","    (39.05463833, -77.07975333)"
"MCP2358007K","200026724","Montgomery County Police","Property Damage Crash","07/09/2020 08:30:00 PM","Maryland (State)","MASSACHUSETTS AVE","CROMWELL DR",,"N/A","BICYCLIST","STRAIGHT MOVEMENT ANGLE","CLEAR","DRY","DARK NO LIGHTS","TRAFFIC SIGNAL","UNKNOWN","NONE DETECTED","AE2D784A-6BB5-46B9-B39B-94DC527C13CB","BICYCLIST","Cross/Enter at Intersection","FAILURE TO OBEY TRAFFIC SIGNS SIGNALS OR OFFICER","OTHER","Unknown","NO APPARENT INJURY","UNKNOWN","38.96098","-77.1162","    (38.96098, -77.1162)"
"MCP2048002Z","200026557","Montgomery County Police","Injury Crash","07/08/2020 07:15:00 PM","Maryland (State)","PINEY BRANCH RD","BARRON ST",,"N/A","PEDESTRIAN","OTHER","CLEAR","DRY","DAYLIGHT","TRAFFIC SIGNAL","NONE DETECTED","NONE DETECTED","E5793417-4498-4515-9F77-4241CC138637","PEDESTRIAN","Cross/Enter at Intersection","NO IMPROPER ACTIONS","AT INTERSECTION MARKED CROSSWALK","No","SUSPECTED MINOR INJURY","N/A","38.999145","-76.99770833","    (38.999145, -76.99770833)"
"MCP3093002W","200026554","Montgomery County Police","Injury Crash","07/08/2020 06:45:00 PM","County","GRUBB RD","WASH DC LINE",,"N/A","BICYCLIST","N/A","N/A","DRY","DAYLIGHT","N/A","N/A","N/A","E4942679-9114-4109-A921-5AAC69410E31","BICYCLIST","Other","IMPROPER PASSING","N/A","Unknown","POSSIBLE INJURY","MC/BIKE HELMET","38.99148833","-77.04744833","    (38.99148833, -77.04744833)"
"MCP1210004M","200026547","Montgomery County Police","Injury Crash","07/08/2020 05:23:00 PM","Maryland (State)","S FREDERICK RD","E DEER PARK DR",,"GAITHERSBURG","BICYCLIST","OTHER","CLEAR","DRY","DAYLIGHT","TRAFFIC SIGNAL","NONE DETECTED","NONE DETECTED","3FA737A2-B04F-46A8-87FE-FF239A7B3B49","BICYCLIST","Cross/Enter at Intersection","NO IMPROPER ACTIONS","AT INTERSECTION MARKED CROSSWALK","No","SUSPECTED MINOR INJURY","NONE","39.132455","-77.18863333","    (39.132455, -77.18863333)"
"MCP2203004Q","200026353","Montgomery County Police","Injury Crash","07/07/2020 01:40:00 PM","Maryland (State)","GEORGIA AVE","SHOREFIELD RD",,"N/A","PEDESTRIAN","OTHER","CLEAR","DRY","DAYLIGHT","TRAFFIC SIGNAL","UNKNOWN","N/A","C33961B6-CC24-42E4-A1A1-707E3A6D3A6C","PEDESTRIAN","Cross/Enter at Intersection","UNKNOWN","AT INTERSECTION MARKED CROSSWALK","Unknown","POSSIBLE INJURY","N/A","39.05309083","-77.05111867","    (39.05309083, -77.05111867)"
"MCP31290022","200026231","Montgomery County Police","Injury Crash","07/06/2020 03:47:00 PM","County","SPARTAN RD","GEORGIA AVE",,"N/A","OTHER CONVEYANCE","SINGLE VEHICLE","CLEAR","DRY","DAYLIGHT","NO CONTROLS","NONE DETECTED","NONE DETECTED","F77D3000-E430-4400-B86A-4557820455D0","OTHER CONVEYANCE","Cross/Enter at Intersection","IN ROADWAY IMPROPERLY","OUTSIDE RIGHT OF WAY","Yes","SUSPECTED SERIOUS INJURY","NONE","39.15007064","-77.06526871","    (39.15007064, -77.06526871)"
"MCP2052001Z","200026018","Montgomery County Police","Injury Crash","07/05/2020 01:33:00 AM","Municipality","QUINCE ORCHARD BLVD","SOLITAIRE CT",,"GAITHERSBURG","PEDESTRIAN","SINGLE VEHICLE","CLEAR","DRY","DARK LIGHTS ON","N/A","NONE DETECTED","N/A","A0A2BB33-DD47-4D3A-9477-EF3A67121E79","PEDESTRIAN","Cross/Enter not at Intersection","DART DASH","ON ROADWAY NOT AT CROSSWALK","Yes","SUSPECTED SERIOUS INJURY","NONE","39.1384","-77.229615","    (39.1384, -77.229615)"
"MCP3262000F","200025953","Montgomery County Police","Injury Crash","07/04/2020 11:54:00 AM",,"E WAYNE AVENUE","MANCHESTER ROAD",,"N/A","PEDESTRIAN","SINGLE VEHICLE","CLEAR","DRY","DAYLIGHT","NO CONTROLS","N/A","N/A","0B6E3D50-E340-4A1F-96CF-CC9907D98CB6","PEDESTRIAN","Standing","IN ROADWAY IMPROPERLY","ON ROADWAY NOT AT CROSSWALK","Yes","POSSIBLE INJURY","N/A","38.99979658","-77.00975653","    (38.99979658, -77.00975653)"
"MCP31990020","200025808","Montgomery County Police","Injury Crash","07/03/2020 10:48:00 AM","Other Public Roadway","GEORGIAN WOODS PL","GEORGIA AVE",,"N/A","PEDESTRIAN","OPPOSITE DIRECTION SIDESWIPE","CLEAR","DRY","DAYLIGHT","NO CONTROLS","NONE DETECTED","NONE DETECTED","5183E680-D4C4-458D-B70A-D74F2D3C31CC","PEDESTRIAN","Walking/Cycling on Sidewalk","NO IMPROPER ACTIONS","SIDEWALK","No","SUSPECTED MINOR INJURY","N/A","39.05581306","-77.04831466","    (39.05581306, -77.04831466)"
"MCP3199001Z","200025700","Montgomery County Police","Injury Crash","07/02/2020 11:33:00 AM","County","RANDOLPH RD","GLENMONT CIR #1",,"N/A","OTHER","OTHER","CLEAR","DRY","DAYLIGHT","TRAFFIC SIGNAL","NONE DETECTED","NONE DETECTED","BB17E55B-536C-4794-A2B6-FD8CE90AB7BF","OTHER","Cross/Enter at Intersection","NO IMPROPER ACTIONS","ON ROADWAY AT CROSSWALK","No","SUSPECTED SERIOUS INJURY","NONE","39.05919667","-77.04758833","    (39.05919667, -77.04758833)"
"MCP3074004B","200025473","Montgomery County Police","Injury Crash","06/30/2020 04:17:00 PM","Maryland (State)","GEORGIA AVE","SEMINARY RD",,"N/A","PEDESTRIAN","SINGLE VEHICLE","CLEAR","DRY","DAYLIGHT","TRAFFIC SIGNAL","UNKNOWN","N/A","1563F05B-77F8-4EB4-8DEA-91580A7C5333","PEDESTRIAN","Cross/Enter not at Intersection","NOT VISIBLE","ON ROADWAY NOT AT CROSSWALK","Unknown","SUSPECTED MINOR INJURY","NONE","39.00956292","-77.04054001","    (39.00956292, -77.04054001)"
"MCP27760039","200025372","Montgomery County Police","Injury Crash","06/29/2020 10:36:00 PM",,,,"DRIVEWAY ACCESS OF 13615 GEORGIA AVE",,"BICYCLIST","STRAIGHT MOVEMENT ANGLE","CLEAR",,"DARK LIGHTS ON","NO CONTROLS","NONE DETECTED","NONE DETECTED","7FFDAD76-8B72-4F03-ABE7-91B9F3144066","BICYCLIST","Walking/Cycling on Sidewalk","N/A","AT INTERSECTION BUT NO CROSSWALK","No","POSSIBLE INJURY","UNKNOWN","39.07898667","-77.07245835","    (39.07898667, -77.07245835)"
"DD5638001N","200025271","Rockville Police Departme","Injury Crash","06/29/2020 12:13:00 PM","Municipality","HALPINE RD","ROCKVILLE PIKE",,"N/A","PEDESTRIAN","OTHER","CLEAR","DRY","DAYLIGHT","TRAFFIC SIGNAL","NONE DETECTED","N/A","31791864-0A99-49BF-9971-65F5BB0141C3","PEDESTRIAN","Cross/Enter at Intersection","NO IMPROPER ACTIONS","ON ROADWAY AT CROSSWALK","No","SUSPECTED SERIOUS INJURY","N/A","39.06203667","-77.123875","    (39.06203667, -77.123875)"
"DD5642001G","200025124","Rockville Police Departme","Injury Crash","06/28/2020 08:34:00 AM","Municipality","KERSEY LA","FALLS RD",,"N/A","PEDESTRIAN","STRAIGHT MOVEMENT ANGLE","CLEAR","DRY","DAYLIGHT","TRAFFIC SIGNAL","NONE DETECTED","NONE DETECTED","454A2BD4-D3CE-4F17-B5DA-B55260E54969","PEDESTRIAN","Cross/Enter at Intersection","NO IMPROPER ACTIONS","ON ROADWAY AT CROSSWALK","No","POSSIBLE INJURY","N/A","39.06644027","-77.17418554","    (39.06644027, -77.17418554)"
"MCP2866006F","200025047","Montgomery County Police","Injury Crash","06/27/2020 02:15:00 PM","County","JONES BRIDGE RD","LYNBROOK DR",,"N/A","BICYCLIST","ANGLE MEETS RIGHT TURN","CLEAR","DRY","DAYLIGHT","STOP SIGN","NONE DETECTED","NONE DETECTED","43F9B5F1-5732-4739-9ADD-78E3CA30016F","BICYCLIST","Walking/Riding w/Traffic","NO IMPROPER ACTIONS","ON ROADWAY NOT AT CROSSWALK","No","SUSPECTED MINOR INJURY","MC/BIKE HELMET","38.99742517","-77.09031083","    (38.99742517, -77.09031083)"
"MCP2187000G","200025035","Montgomery County Police","Injury Crash","06/27/2020 12:06:00 PM","Maryland (State)","QUINCE ORCHARD RD","ENT TO PARK & RIDE",,"N/A","BICYCLIST","STRAIGHT MOVEMENT ANGLE","CLEAR","DRY","DAYLIGHT","TRAFFIC SIGNAL","NONE DETECTED","NONE DETECTED","97ADC450-E92E-4CDA-BFA2-EC1D90141872","BICYCLIST","Cross/Enter not at Intersection","FAILURE TO OBEY TRAFFIC SIGNS SIGNALS OR OFFICER","ON ROADWAY NOT AT CROSSWALK","Yes","SUSPECTED MINOR INJURY","NONE","39.02994667","-77.12695333","    (39.02994667, -77.12695333)"
"HA24150017","20001500","Maryland-National Capital","Injury Crash","06/26/2020 09:55:00 AM","Government","SLIGO CREEK PKWY","DENNIS AVE",,"N/A","BICYCLIST","SAME DIRECTION LEFT TURN","N/A","DRY","DAYLIGHT","NO CONTROLS","N/A","N/A","F0F845FB-B5D0-4E20-BD23-E135245168A3","BICYCLIST","Walking/Riding w/Traffic","INATTENTIVE","ON ROADWAY NOT AT CROSSWALK","Yes","SUSPECTED MINOR INJURY","MC/BIKE HELMET","39.02525944","-77.02924925","    (39.02525944, -77.02924925)"
"MCP29910045","200024885","Montgomery County Police","Injury Crash","06/26/2020 09:30:00 AM","County","HORNELL DR","GADSDEN AVE",,"N/A","PEDESTRIAN","SINGLE VEHICLE","CLEAR","DRY","DAYLIGHT","NO CONTROLS","NONE DETECTED","NONE DETECTED","B2CFDB33-47F1-4C57-A2C4-53674583D56C","PEDESTRIAN","Other","IN ROADWAY IMPROPERLY","ON ROADWAY NOT AT CROSSWALK","Yes","POSSIBLE INJURY","N/A","39.14222913","-76.99009657","    (39.14222913, -76.99009657)"
"MCP26030038","200024788","Montgomery County Police","Injury Crash","06/25/2020 11:18:00 AM","Maryland (State)","MONTGOMERY VILLAGE AVE","SPUR TO CHRISTOPHER AVE",,"N/A","PEDESTRIAN","SINGLE VEHICLE","CLOUDY","DRY","DAYLIGHT","OTHER","N/A","N/A","735CE29E-D4AE-4B18-A944-A7507464C61C","PEDESTRIAN","Cross/Enter at Intersection","NO IMPROPER ACTIONS","ON ROADWAY AT CROSSWALK","No","POSSIBLE INJURY","NONE","39.15834667","-77.204405","    (39.15834667, -77.204405)"
"MCP26030038","200024788","Montgomery County Police","Injury Crash","06/25/2020 11:18:00 AM","Maryland (State)","MONTGOMERY VILLAGE AVE","SPUR TO CHRISTOPHER AVE",,"N/A","PEDESTRIAN","SINGLE VEHICLE","CLOUDY","DRY","DAYLIGHT","OTHER","N/A","N/A","882B13D1-04B5-446D-9964-4D85BFF987C8","PEDESTRIAN","Cross/Enter at Intersection","NO IMPROPER ACTIONS","ON ROADWAY AT CROSSWALK","No","POSSIBLE INJURY","NONE","39.15834667","-77.204405","    (39.15834667, -77.204405)"
"MCP3205001K","200024689","Montgomery County Police","Injury Crash","06/24/2020 02:10:00 PM","Maryland (State)","UNIVERSITY BLVD W","EASECREST DR",,"N/A","PEDESTRIAN","SINGLE VEHICLE","N/A","DRY","DAYLIGHT","NO CONTROLS","NONE DETECTED","NONE DETECTED","C213DEB5-97FE-42E1-93AE-C3DDEBBDB6EF","PEDESTRIAN","Cross/Enter not at Intersection","IN ROADWAY IMPROPERLY","OUTSIDE RIGHT OF WAY","Yes","SUSPECTED MINOR INJURY","NONE","39.0379435","-77.04014217","    (39.0379435, -77.04014217)"
"MCP32360012","200024693","Montgomery County Police","Injury Crash","06/24/2020 02:09:00 PM","US (State)","COLESVILLE RD","RAMP 4 FR US 29 NB TO IS 495 EB",,"N/A","BICYCLIST","STRAIGHT MOVEMENT ANGLE","CLEAR","DRY","DAYLIGHT","NO CONTROLS","NONE DETECTED","NONE DETECTED","411D0123-B5FF-490F-90A7-57996CBABCB9","BICYCLIST","Cross/Enter at Intersection","NO IMPROPER ACTIONS","ON ROADWAY AT CROSSWALK","No","SUSPECTED SERIOUS INJURY","NONE","39.01422151","-77.01663126","    (39.01422151, -77.01663126)"
"MCP2678002C","200024623","Montgomery County Police","Injury Crash","06/24/2020 01:32:00 AM","Other Public Roadway","FIELDSTONE CT","FIELDSTONE RD",,"N/A","PEDESTRIAN","SAME DIRECTION SIDESWIPE","CLEAR","DRY","DARK LIGHTS ON","N/A","N/A","ALCOHOL CONTRIBUTED","D0E8E287-62C4-4896-B3CC-434DA2F51910","PEDESTRIAN","Getting off/on Vehicle","WRONG WAY RIDING OR WALKING","OTHER","No","SUSPECTED SERIOUS INJURY","NONE","39.09993781","-77.02188151","    (39.09993781, -77.02188151)"
"MCP3085002G","200024557","Montgomery County Police","Injury Crash","06/23/2020 03:20:00 PM","County","EXECUTIVE BLVD","ENT TO BUSINESS",,"N/A","OTHER","HEAD ON LEFT TURN","CLEAR","DRY","DAYLIGHT","TRAFFIC SIGNAL","UNKNOWN","N/A","9493C53D-F994-434F-AF08-EAA315EB3C56","OTHER","Other Working","NO IMPROPER ACTIONS","OTHER","No","SUSPECTED MINOR INJURY","REFLECTIVE CLOTHING","39.04889727","-77.12113679","    (39.04889727, -77.12113679)"
"MCP28970021","200024556","Montgomery County Police","Injury Crash","06/23/2020 03:12:00 PM",,,,"PARKING LOT IN FRONT OF 19564 CRYSTAL ROCK DR.",,"BICYCLIST","SINGLE VEHICLE","CLEAR",,"DAYLIGHT","N/A","NONE DETECTED","NONE DETECTED","AB66906C-BB6E-4046-80A9-FE83CC720429","BICYCLIST","Playing","FAILURE TO YIELD RIGHT OF WAY","OTHER","Yes","SUSPECTED MINOR INJURY","NONE","39.17790667","-77.26241167","    (39.17790667, -77.26241167)"
"MCP3077001L","200024313","Montgomery County Police","Injury Crash","06/21/2020 07:02:00 PM",,,,"PARKING LOT OF KITCHEN HOUSE WAY",,"PEDESTRIAN","SINGLE VEHICLE","CLEAR",,"DAYLIGHT","NO CONTROLS","N/A","N/A","5E0F3BBF-7B9F-436E-B1C0-047E8B6BA8D3","PEDESTRIAN","Playing","NO IMPROPER ACTIONS","CURB","Yes","SUSPECTED MINOR INJURY","N/A","39.15206333","-77.26689667","    (39.15206333, -77.26689667)"
"MCP3078003B","200024075","Montgomery County Police","Injury Crash","06/19/2020 09:00:00 PM","County","BLUHILL RD","CENTERHILL ST",,"N/A","BICYCLIST","SAME DIRECTION SIDESWIPE","RAINING","WET","DUSK","STOP SIGN","UNKNOWN","NONE DETECTED","06BEAB1C-C42F-413B-A6AF-FB9CD4D3425E","BICYCLIST","Cross/Enter at Intersection","NO IMPROPER ACTIONS","AT INTERSECTION BUT NO CROSSWALK","No","SUSPECTED MINOR INJURY","NONE","39.05286","-77.069679","    (39.05286, -77.069679)"
"DD56240046","200023294","Rockville Police Departme","Injury Crash","06/18/2020 08:00:00 PM","Maryland (State)","VEIRS MILL RD","ATLANTIC AVE",,"ROCKVILLE","PEDESTRIAN","OTHER","CLEAR","DRY","DAYLIGHT","TRAFFIC SIGNAL","NONE DETECTED","NONE DETECTED","8A5C5EDC-04C7-42FD-833D-E638F9292A35","PEDESTRIAN","Cross/Enter at Intersection","NO IMPROPER ACTIONS","ON ROADWAY AT CROSSWALK","No","POSSIBLE INJURY","NONE","39.0745207","-77.1156424","    (39.0745207, -77.1156424)"
"MCP3039004Y","200023798","Montgomery County Police","Property Damage Crash","06/17/2020 06:00:00 PM","US (State)","GEORGIA AVE","NW EASTERN AVE (DC MAINT)",,"N/A","PEDESTRIAN","OTHER","RAINING","WET","DAYLIGHT","TRAFFIC SIGNAL","UNKNOWN","NONE DETECTED","B7BD4AA3-489E-4D20-90B6-226F4C70048A","PEDESTRIAN","Cross/Enter at Intersection","NO IMPROPER ACTIONS","AT INTERSECTION BUT NO CROSSWALK","No","NO APPARENT INJURY","N/A","38.99099","-77.028035","    (38.99099, -77.028035)"
"MCP2939004W","200023632","Montgomery County Police","Injury Crash","06/16/2020 05:10:00 PM",,,,"GLACIER LILY DR@ DOGWOOD HILLS DR",,"BICYCLIST","STRAIGHT MOVEMENT ANGLE","CLEAR",,"DAYLIGHT","STOP SIGN","NONE DETECTED","N/A","91FDF3B8-B481-4EFF-94F6-9166590E2111","BICYCLIST","Cross/Enter at Intersection","INATTENTIVE","AT INTERSECTION MARKED CROSSWALK","Yes","SUSPECTED MINOR INJURY","NONE","39.22867167","-77.24095833","    (39.22867167, -77.24095833)"