"Report Number","Local Case Number","Agency Name","ACRS Report Type","Crash Date/Time","Route Type","Road Name","Cross-Street Name","Off-Road Description","Municipality","Related Non-Motorist","Collision Type","Weather","Surface Condition","Light","Traffic Control","Driver Substance Abuse","Non-Motorist Substance Abuse","Person ID","Pedestrian Type","Pedestrian Movement","Pedestrian Actions","Pedestrian Location","At Fault","Injury Severity","Safety Equipment","Latitude","Longitude","Location"
"MCP30220036","190060471","Montgomery County Police","Injury Crash","12/15/2019 05:47:00 PM","Maryland (State)","RIDGE RD","BRINK RD",,"N/A","BICYCLIST","OTHER","CLEAR","DRY","DARK LIGHTS ON","TRAFFIC SIGNAL","N/A","N/A","848DB32A-396F-4C75-8B68-8D966935E262","BICYCLIST","Cross/Enter at Intersection","NO IMPROPER ACTIONS","ON ROADWAY AT CROSSWALK","No","SUSPECTED MINOR INJURY","MC/BIKE HELMET","39.21038167","-77.23994833","    (39.21038167, -77.23994833)"
"MCP2686003Y","190060319","Montgomery County Police","Injury Crash","12/14/2019 05:08:00 PM","Maryland (State)","GERMANTOWN RD","WISTERIA DR",,"N/A","PEDESTRIAN","SINGLE VEHICLE","RAINING","WET","DARK LIGHTS ON","TRAFFIC SIGNAL","NONE DETECTED","NONE DETECTED","2EA3BFC9-EEF2-4453-A0E8-A4DD699484E5","PEDESTRIAN","Cross/Enter at Intersection","NO IMPROPER ACTIONS","ON ROADWAY AT CROSSWALK","No","SUSPECTED MINOR INJURY","NONE","39.17688167","-77.26978167","    (39.17688167, -77.26978167)"
"MCP3205000M","190060261","Montgomery County Police","Injury Crash","12/14/2019 09:56:00 AM","Maryland (State)","GEORGIA AVE","PLYERS MILL RD",,"N/A","PEDESTRIAN","SINGLE VEHICLE","RAINING","WET","DAYLIGHT","TRAFFIC SIGNAL","NONE DETECTED","NONE DETECTED","5DF12AC4-8D4A-4022-8C6F-FC400F122A50","PEDESTRIAN","Cross/Enter at Intersection","NO IMPROPER ACTIONS","ON ROADWAY AT CROSSWALK","No","SUSPECTED SERIOUS INJURY","N/A","39.03006429","-77.04760872","    (39.03006429, -77.04760872)"
"MCP2671002B","190060159","Montgomery County Police","Property Damage Crash","12/13/2019 06:30:00 PM","County","WAYNE AVE","GEORGIA AVE",,"N/A","PEDESTRIAN","SINGLE VEHICLE","RAINING","WET","DARK LIGHTS ON","TRAFFIC SIGNAL","NONE DETECTED","NONE DETECTED","585B9975-CCA2-4D76-80E8-858ACCD51618","PEDESTRIAN","Cross/Enter at Intersection","FAILURE TO OBEY TRAFFIC SIGNS SIGNALS OR OFFICER","ON ROADWAY AT CROSSWALK","Yes","NO APPARENT INJURY","NONE","38.99446114","-77.02693229","    (38.99446114, -77.02693229)"
"MCP2546002S","190060041","Montgomery County Police","Injury Crash","12/13/2019 07:18:00 AM","County","MONTROSE RD","BARGATE CT",,"N/A","PEDESTRIAN","SINGLE VEHICLE","CLOUDY","DRY","DAYLIGHT","NO CONTROLS","NONE DETECTED","NONE DETECTED","C929EB04-39F3-418D-97BE-52D03F1687C7","PEDESTRIAN","Approach/Leaving Schoolbus","UNKNOWN","ON ROADWAY AT CROSSWALK","Yes","SUSPECTED SERIOUS INJURY","N/A","39.05325548","-77.13208247","    (39.05325548, -77.13208247)"
"MCP20080072","190059977","Montgomery County Police","Fatal Crash","12/12/2019 03:48:00 PM","County","MILLWOOD RD","TANGLEWOOD DR",,"N/A","PEDESTRIAN","OTHER","CLEAR","DRY","DAYLIGHT","STOP SIGN","N/A","N/A","41A840A1-CE46-43CB-BFAB-E7250D8F4516","PEDESTRIAN","Approach/Leaving Schoolbus","UNKNOWN","ON ROADWAY NOT AT CROSSWALK","Unknown","FATAL INJURY","N/A","38.97675833","-77.11987167","    (38.97675833, -77.11987167)"
"DD5642000K","190059738","Rockville Police Departme","Injury Crash","12/11/2019 05:10:00 PM","Maryland (State)","HUNGERFORD DR","PARK RD",,"ROCKVILLE","PEDESTRIAN","OTHER","CLEAR","DRY","DARK LIGHTS ON","TRAFFIC SIGNAL","NONE DETECTED","NONE DETECTED","26FE3ED2-A554-46E1-A8C5-B4F45DC8079C","PEDESTRIAN","Cross/Enter at Intersection","FAILURE TO OBEY TRAFFIC SIGNS SIGNALS OR OFFICER","ON ROADWAY NOT AT CROSSWALK","Yes","SUSPECTED MINOR INJURY","NONE","39.08537445","-77.14823534","    (39.08537445, -77.14823534)"
"EJ78730028","190059620","Gaithersburg Police Depar","Injury Crash","12/11/2019 07:56:00 AM","County","GOSHEN RD","GIRARD ST",,"GAITHERSBURG","PEDESTRIAN","SINGLE VEHICLE","CLEAR","WET","DAYLIGHT","TRAFFIC SIGNAL","NONE DETECTED","NONE DETECTED","1DE20B5D-D43F-410D-B636-DE5C02EA5CC4","PEDESTRIAN","Cross/Enter at Intersection","NO IMPROPER ACTIONS","AT INTERSECTION MARKED CROSSWALK","No","SUSPECTED MINOR INJURY","NONE","39.15093046","-77.19259594","    (39.15093046, -77.19259594)"
"MCP29690080","190059575","Montgomery County Police","Injury Crash","12/10/2019 08:17:00 PM","Maryland (State)","GEORGIA AVE","REEDIE DR",,"N/A","PEDESTRIAN","STRAIGHT MOVEMENT ANGLE","RAINING","WET","DARK LIGHTS ON","TRAFFIC SIGNAL","NONE DETECTED","NONE DETECTED","816748B8-051B-484E-83CE-66E70A8011FE","PEDESTRIAN","Cross/Enter at Intersection","NO IMPROPER ACTIONS","ON ROADWAY AT CROSSWALK","No","POSSIBLE INJURY","NONE","39.03867825","-77.05076723","    (39.03867825, -77.05076723)"
"MCP20080071","190059574","Montgomery County Police","Injury Crash","12/10/2019 08:01:00 PM","Maryland (State)","OLD GEORGETOWN RD","CENTER DR",,"N/A","BICYCLIST","OTHER","RAINING","WET","DARK LIGHTS ON","TRAFFIC SIGNAL","NONE DETECTED","NONE DETECTED","47C5DE33-B3BA-456A-BDF7-B98528B44211","BICYCLIST","Cross/Enter at Intersection","NO IMPROPER ACTIONS","ON ROADWAY AT CROSSWALK","No","SUSPECTED SERIOUS INJURY","NONE","39.00282667","-77.11020167","    (39.00282667, -77.11020167)"
"MCP2941003W","190062360","Montgomery County Police","Injury Crash","12/10/2019 06:08:00 PM","Maryland (State)","GEORGIA AVE","FENWICK LA",,"N/A","PEDESTRIAN","OTHER","RAINING","WET","DARK LIGHTS ON","OTHER","UNKNOWN","NONE DETECTED","9D6432B3-D409-43B8-91A0-306F071F0C08","PEDESTRIAN","Cross/Enter at Intersection","NO IMPROPER ACTIONS","ON ROADWAY AT CROSSWALK","No","POSSIBLE INJURY","NONE","38.99817812","-77.03059596","    (38.99817812, -77.03059596)"
"DD56310038","190059546","Rockville Police Departme","Injury Crash","12/10/2019 05:30:00 PM","Municipality","MARYLAND AVE","E MIDDLE LA",,"ROCKVILLE","PEDESTRIAN","OTHER","RAINING","WET","DARK -- UNKNOWN LIGHTING","TRAFFIC SIGNAL","NONE DETECTED","NONE DETECTED","FFDC30FE-55F1-4085-8D8E-007B7150AF91","PEDESTRIAN","Cross/Enter at Intersection","NO IMPROPER ACTIONS","SIDEWALK","No","SUSPECTED MINOR INJURY","NONE","39.085","-77.15128167","    (39.085, -77.15128167)"
"MCP2290002G","19059497","Montgomery County Police","Injury Crash","12/10/2019 01:10:00 PM","County","SHADY GROVE RD","COMPRINT CT",,"N/A","PEDESTRIAN","SINGLE VEHICLE","RAINING","WET","DAYLIGHT","TRAFFIC SIGNAL","NONE DETECTED","NONE DETECTED","C3641830-2FCB-49F0-85B1-36507FAE3505","PEDESTRIAN","Cross/Enter not at Intersection","FAILURE TO OBEY TRAFFIC SIGNS SIGNALS OR OFFICER","ON ROADWAY NOT AT CROSSWALK","Yes","SUSPECTED MINOR INJURY","NONE","39.11886667","-77.18166","    (39.11886667, -77.18166)"
"MCP30700016","190059496","Montgomery County Police","Injury Crash","12/10/2019 10:30:00 AM","County","COMMERCE LA","WISCONSIN AVE",,"N/A","PEDESTRIAN","SINGLE VEHICLE","RAINING","WET","DAYLIGHT","TRAFFIC SIGNAL","N/A","N/A","22D8E7A3-5124-4FE6-86F9-B0854EBB2693","PEDESTRIAN","Cross/Enter at Intersection","UNKNOWN","AT INTERSECTION MARKED CROSSWALK","Unknown","POSSIBLE INJURY","NONE","38.98592806","-77.09472495","    (38.98592806, -77.09472495)"
"MCP115100BG","190059445","Montgomery County Police","Injury Crash","12/10/2019 08:30:00 AM","County","MIDDLEBROOK RD","ENT TO BUSINESS",,"N/A","PEDESTRIAN","OTHER","CLOUDY","WET","DAYLIGHT","NO CONTROLS","UNKNOWN","NONE DETECTED","2DA10919-577C-47F6-82C3-B782B6675207","PEDESTRIAN","Cross/Enter at Intersection","UNKNOWN","AT INTERSECTION BUT NO CROSSWALK","No","SUSPECTED MINOR INJURY","N/A","39.1758385","-77.25480717","    (39.1758385, -77.25480717)"
"MCP13010018","190059403","Montgomery County Police","Fatal Crash","12/09/2019 06:51:00 PM","Maryland (State)","UNIVERSITY BLVD W","HEMMINGWAY CT",,"N/A","PEDESTRIAN","SINGLE VEHICLE","RAINING","WET","DARK LIGHTS ON","NO CONTROLS","NONE DETECTED","NONE DETECTED","A0C6AF2C-BB4B-42C1-AF87-BF834D54947E","PEDESTRIAN","Cross/Enter not at Intersection","FAILURE TO YIELD RIGHT OF WAY","ON ROADWAY NOT AT CROSSWALK","Yes","FATAL INJURY","NONE","39.03621333","-77.02829","    (39.03621333, -77.02829)"
"DM8472000Y","190058947","Takoma Park Police Depart","Property Damage Crash","12/08/2019 10:36:00 PM","Municipality","ELM AVE","AUBURN AVE",,"TAKOMA PARK","PEDESTRIAN","SINGLE VEHICLE","CLEAR","N/A","DARK LIGHTS ON","NO CONTROLS","N/A","N/A","B5BD6445-8246-4289-8BBE-E6087A47DD89","PEDESTRIAN","Other","NO IMPROPER ACTIONS","INSIDE BUILDING","No","NO APPARENT INJURY","NONE","38.97686218","-76.99578547","    (38.97686218, -76.99578547)"
"MCP3023003J","190058985","Montgomery County Police","Injury Crash","12/07/2019 06:45:00 AM","Maryland (State)","GEORGIA AVE","SPUR FR BEL PRE RD",,"N/A","PEDESTRIAN","SINGLE VEHICLE","CLEAR","DRY","DAWN","PERSON","NONE DETECTED","NONE DETECTED","78FE6F7E-7278-4D89-9FE5-6229B3379D43","PEDESTRIAN","Cross/Enter at Intersection","NO IMPROPER ACTIONS","AT INTERSECTION MARKED CROSSWALK","Yes","POSSIBLE INJURY","NONE","39.092865","-77.080142","    (39.092865, -77.080142)"
"MCP2054000K","190058955","Montgomery County Police","Injury Crash","12/06/2019 09:15:00 PM","Maryland (State)","16TH ST","EAST WEST HWY",,"N/A","PEDESTRIAN","STRAIGHT MOVEMENT ANGLE","CLEAR","DRY","DARK LIGHTS ON","TRAFFIC SIGNAL","UNKNOWN","NONE DETECTED","2FD4974C-DC42-44DB-8FED-EC3C88493B23","PEDESTRIAN","Cross/Enter at Intersection","NO IMPROPER ACTIONS","AT INTERSECTION MARKED CROSSWALK","No","SUSPECTED MINOR INJURY","N/A","38.99464661","-77.03620287","    (38.99464661, -77.03620287)"
"MCP1389002M","190058902","Montgomery County Police","Injury Crash","12/06/2019 07:05:00 PM",,,,"PARKING LOT / SIDEWALK IN FRONT OF 451 NORTH FREDERICK AVENUE",,"PEDESTRIAN","STRAIGHT MOVEMENT ANGLE","CLEAR",,"DARK LIGHTS ON","N/A","NONE DETECTED","NONE DETECTED","59B1BC18-409E-467B-962F-8B7F6122A4E2","PEDESTRIAN","Walking/Cycling on Sidewalk","NO IMPROPER ACTIONS","SIDEWALK","No","SUSPECTED SERIOUS INJURY","N/A","39.14816833","-77.20596","    (39.14816833, -77.20596)"
"MCP2871006H","190058878","Montgomery County Police","Injury Crash","12/06/2019 04:57:00 PM",,,,"PARKING LOT OF 10901 WESTLAKE DR",,"PEDESTRIAN","SINGLE VEHICLE","CLEAR",,"DARK NO LIGHTS","STOP SIGN","NONE DETECTED","NONE DETECTED","425DDD14-3245-4770-A714-CCD9B7B53D5C","PEDESTRIAN","Cross/Enter at Intersection","FAILURE TO YIELD RIGHT OF WAY","AT INTERSECTION BUT NO CROSSWALK","Yes","SUSPECTED MINOR INJURY","NONE","39.035335","-77.14590667","    (39.035335, -77.14590667)"
"MCP271700RC","19005871","Montgomery County Police","Injury Crash","12/05/2019 06:17:00 PM","County","TRAVILAH RD","MOLECULAR DR",,"N/A","PEDESTRIAN","SINGLE VEHICLE","CLEAR","DRY","DARK LIGHTS ON","NO CONTROLS","NONE DETECTED","NONE DETECTED","05A1580D-F8A4-4C7C-B1AA-2BC3C72379E3","PEDESTRIAN","Cross/Enter not at Intersection","IN ROADWAY IMPROPERLY","ON ROADWAY NOT AT CROSSWALK","Yes","SUSPECTED SERIOUS INJURY","NONE","39.09233867","-77.21042967","    (39.09233867, -77.21042967)"
"MCP2195003R","190058596","Montgomery County Police","Injury Crash","12/05/2019 11:32:00 AM",,,,"PARKING LOT OF 850 E GUDE DR",,"PEDESTRIAN","OTHER","CLEAR",,"DAYLIGHT","NO CONTROLS","NONE DETECTED","NONE DETECTED","B9AA6A78-DB2D-4349-9A8B-FF1D8377A7A1","PEDESTRIAN","Getting off/on Vehicle","ENTERING EXITING PARKED STANDING VEHICLE","N/A","No","SUSPECTED MINOR INJURY","NONE","39.100655","-77.13931167","    (39.100655, -77.13931167)"
"MCP2763002S","190058567","Montgomery County Police","Injury Crash","12/05/2019 09:03:00 AM","Maryland (State)","MUNCASTER MILL RD","MUNCASTER RD",,"N/A","PEDESTRIAN","OTHER","CLEAR","DRY","DAYLIGHT","TRAFFIC SIGNAL","NONE DETECTED","NONE DETECTED","40C01A80-731C-4A10-9D02-3E62778C53B8","PEDESTRIAN","Cross/Enter not at Intersection","IN ROADWAY IMPROPERLY","ON ROADWAY NOT AT CROSSWALK","Yes","POSSIBLE INJURY","NONE","39.14587705","-77.1445117","    (39.14587705, -77.1445117)"
"MCP3132001W","190058472","Montgomery County Police","Injury Crash","12/04/2019 05:16:00 PM","County","WESTBARD AVE","CROWN ST",,"N/A","PEDESTRIAN","OTHER","CLOUDY","DRY","DARK NO LIGHTS","N/A","N/A","N/A","9947A624-F8E3-4DF5-897E-B3B408AFA3A7","PEDESTRIAN","Standing","NO IMPROPER ACTIONS","SIDEWALK","No","NO APPARENT INJURY","N/A","38.959845","-77.10820667","    (38.959845, -77.10820667)"
"MCP3132001W","190058472","Montgomery County Police","Injury Crash","12/04/2019 05:16:00 PM","County","WESTBARD AVE","CROWN ST",,"N/A","PEDESTRIAN","OTHER","CLOUDY","DRY","DARK NO LIGHTS","N/A","N/A","N/A","2EE10F02-5D61-46DC-A608-93A98B0B6BEA","PEDESTRIAN","Cross/Enter not at Intersection","NO IMPROPER ACTIONS","ON ROADWAY AT CROSSWALK","No","SUSPECTED SERIOUS INJURY","NONE","38.959845","-77.10820667","    (38.959845, -77.10820667)"
"MCP3037002V","190058443","Montgomery County Police","Property Damage Crash","12/04/2019 03:40:00 PM",,,,"PARKING LOT OF 19315 ARCHDALE RD, GERMANTOWN, MARYLAND 20876",,"PEDESTRIAN","OTHER","CLEAR",,"DAYLIGHT","NO CONTROLS","UNKNOWN","NONE DETECTED","A55DC169-0337-4D37-903E-20E81A29ECAF","PEDESTRIAN","Standing","NO IMPROPER ACTIONS","OTHER","No","NO APPARENT INJURY","N/A","39.17178415","-77.24261396","    (39.17178415, -77.24261396)"
"MCP2712004B","190058418","Montgomery County Police","Injury Crash","12/04/2019 10:28:00 AM","County","CASTLE BLVD","BRIGGS CHANEY RD",,"N/A","PEDESTRIAN","N/A","N/A","DRY","DAYLIGHT","TRAFFIC SIGNAL","UNKNOWN","NONE DETECTED","C99C0007-6975-40A3-AAD6-6BCF96D9D6BC","PEDESTRIAN","Cross/Enter at Intersection","N/A","AT INTERSECTION MARKED CROSSWALK","No","POSSIBLE INJURY","N/A","39.08115345","-76.94623815","    (39.08115345, -76.94623815)"
"MCP271700R8","190058101","Montgomery County Police","Injury Crash","12/02/2019 05:50:00 PM","County","PARKLAWN DR","BOILING BROOK PKWY",,"N/A","PEDESTRIAN","SINGLE VEHICLE","RAINING","WET","DARK LIGHTS ON","NO CONTROLS","NONE DETECTED","NONE DETECTED","516C9671-0C18-4B39-92CC-31FA999C7B61","PEDESTRIAN","Cross/Enter not at Intersection","DART DASH","ON ROADWAY NOT AT CROSSWALK","Yes","SUSPECTED MINOR INJURY","NONE","39.051108","-77.10514633","    (39.051108, -77.10514633)"
"MCP2682001Z","190057928","Montgomery County Police","Injury Crash","12/02/2019 07:31:00 AM","County","CLUB HOUSE RD","MONTGOMERY VILLAGE AVE",,"N/A","PEDESTRIAN","OTHER","CLEAR","DRY","DAYLIGHT","OTHER","UNKNOWN","NONE DETECTED","16362AD6-427C-45DB-AEC7-A92C06D730F2","PEDESTRIAN","Cross/Enter at Intersection","NO IMPROPER ACTIONS","AT INTERSECTION MARKED CROSSWALK","No","POSSIBLE INJURY","NONE","39.17452285","-77.20372112","    (39.17452285, -77.20372112)"
"MCP2848008V","190057926","Montgomery County Police","Injury Crash","12/02/2019 07:04:00 AM","County","CEDAR LA","ELMHIRST PKWY",,"N/A","BICYCLIST","OTHER","CLOUDY","DRY","DAWN","TRAFFIC SIGNAL","NONE DETECTED","NONE DETECTED","BAD7BCCF-7461-436A-80BC-A7C87D092B6D","BICYCLIST","Cross/Enter at Intersection","NO IMPROPER ACTIONS","ON ROADWAY AT CROSSWALK","No","SUSPECTED MINOR INJURY","MC/BIKE HELMET","39.00710667","-77.09415833","    (39.00710667, -77.09415833)"
"MCP3212000Y","190057885","Montgomery County Police","Injury Crash","12/01/2019 09:09:00 PM","Maryland (State)","NEW HAMPSHIRE AVE","OAKVIEW DR",,"N/A","PEDESTRIAN","N/A","OTHER","WET","DARK LIGHTS ON","TRAFFIC SIGNAL","NONE DETECTED","NONE DETECTED","28565E9C-0ACF-4596-AD6C-76A3F9D43672","PEDESTRIAN","Cross/Enter at Intersection","NO IMPROPER ACTIONS","ON ROADWAY AT CROSSWALK","No","SUSPECTED MINOR INJURY","NONE","39.01531982","-76.97760212","    (39.01531982, -76.97760212)"
"MCP1491001J","190057831","Montgomery County Police","Injury Crash","12/01/2019 01:35:00 PM",,,,"DRIVEWAY ACCESS AT 16101 FREDERICK RD",,"OTHER","OTHER","RAINING",,"DAYLIGHT","N/A","NONE DETECTED","NONE DETECTED","1451841B-20DF-48D5-AC41-6BE9D3FADC64","OTHER","Other","OTHER","OTHER","Yes","SUSPECTED MINOR INJURY","N/A","39.12232706","-77.172312","    (39.12232706, -77.172312)"
"MCP2738003G","190057740","Montgomery County Police","Injury Crash","11/30/2019 09:05:00 PM","Maryland (State)","NEW HAMPSHIRE AVE","LOCKWOOD DR",,"N/A","PEDESTRIAN","OTHER","N/A","DRY","DARK LIGHTS ON","TRAFFIC SIGNAL","N/A","N/A","4B0A3368-C2F7-484C-9A2B-FD2043134A3B","PEDESTRIAN","Cross/Enter at Intersection","UNKNOWN","ON ROADWAY AT CROSSWALK","Unknown","SUSPECTED MINOR INJURY","N/A","39.03976667","-76.9909","    (39.03976667, -76.9909)"
"MCP31130020","190057732","Montgomery County Police","Injury Crash","11/30/2019 07:40:00 PM","County","BRIGGS CHANEY RD","RAMP 5 FR US 29 SB TO BRIGGS CHANEY RD",,"N/A","PEDESTRIAN","OTHER","CLEAR","N/A","DARK LIGHTS ON","NO CONTROLS","N/A","N/A","672EB827-C663-44BA-811E-B34DC5E10C47","PEDESTRIAN","Cross/Enter not at Intersection","FAILURE TO YIELD RIGHT OF WAY","ON ROADWAY NOT AT CROSSWALK","Yes","SUSPECTED SERIOUS INJURY","NONE","39.08299833","-76.94840806","    (39.08299833, -76.94840806)"
"MCP3122002L","190057491","Montgomery County Police","Injury Crash","11/28/2019 11:25:00 PM",,,,"PARKING LOT OF 2304 BLUERIDGE AVE",,"PEDESTRIAN","SINGLE VEHICLE","CLEAR",,"DARK LIGHTS ON","N/A","ALCOHOL PRESENT","NONE DETECTED","CAD6BF0E-61C2-4939-AAD3-53C9076A6EF9","PEDESTRIAN","Other","NO IMPROPER ACTIONS","OTHER","No","SUSPECTED SERIOUS INJURY","N/A","39.04272545","-77.04853504","    (39.04272545, -77.04853504)"
"MCP3122002L","190057491","Montgomery County Police","Injury Crash","11/28/2019 11:25:00 PM",,,,"PARKING LOT OF 2304 BLUERIDGE AVE",,"PEDESTRIAN","SINGLE VEHICLE","CLEAR",,"DARK LIGHTS ON","N/A","ALCOHOL PRESENT","N/A","0A14531C-8E7A-4313-8A34-7685CA5D4CF4","PEDESTRIAN","Other","NO IMPROPER ACTIONS","OTHER","No","SUSPECTED MINOR INJURY","N/A","39.04272545","-77.04853504","    (39.04272545, -77.04853504)"
"MCP3097001G","190057391","Montgomery County Police","Injury Crash","11/28/2019 01:19:00 AM","County","CHERRY HILL RD","PLUM ORCHARD DR",,"N/A","PEDESTRIAN","SINGLE VEHICLE","N/A","DRY","DARK LIGHTS ON","FLASHING TRAFFIC SIGNAL","NONE DETECTED","UNKNOWN","01C4D0C9-C80E-41E2-B882-9DCF0D190906","PEDESTRIAN","Cross/Enter not at Intersection","IN ROADWAY IMPROPERLY","ON ROADWAY NOT AT CROSSWALK","Yes","SUSPECTED SERIOUS INJURY","N/A","39.05316833","-76.95329167","    (39.05316833, -76.95329167)"
"MCP3242000P","190057343","Montgomery County Police","Injury Crash","11/27/2019 05:53:00 PM","Maryland (State)","NEW HAMPSHIRE AVE","NORTHAMPTON DR",,"N/A","PEDESTRIAN","STRAIGHT MOVEMENT ANGLE","CLEAR","DRY","DUSK","TRAFFIC SIGNAL","NONE DETECTED","NONE DETECTED","F3922533-7075-482C-B902-713DE35D3CDB","PEDESTRIAN","Cross/Enter not at Intersection","DART DASH","MEDIAN","Yes","SUSPECTED SERIOUS INJURY","NONE","39.00703333","-76.980155","    (39.00703333, -76.980155)"
"MCP2198006P","190056969","Montgomery County Police","Injury Crash","11/25/2019 05:54:00 PM","Municipality","PERRY PKWY","STRUC OV CSX R/R",,"N/A","PEDESTRIAN","SINGLE VEHICLE","CLEAR","DRY","DARK LIGHTS ON","NO CONTROLS","N/A","N/A","8DE9918C-4AB2-49CB-AA4D-EE687ADAC673","PEDESTRIAN","Cross/Enter not at Intersection","DART DASH","ON ROADWAY NOT AT CROSSWALK","Yes","SUSPECTED SERIOUS INJURY","NONE","39.14672667","-77.21423667","    (39.14672667, -77.21423667)"
"MCP2689006G","190056912","Montgomery County Police","Injury Crash","11/25/2019 01:58:00 PM",,,,"PARKING LOT OF 14921 SHADY GROVE RD",,"PEDESTRIAN","SINGLE VEHICLE","CLEAR",,"DAYLIGHT","NO CONTROLS","NONE DETECTED","NONE DETECTED","E75E2FF6-5524-49EF-AB17-E52A1E20833F","PEDESTRIAN","Other","NO IMPROPER ACTIONS","OTHER","No","NO APPARENT INJURY","NONE","39.09691989","-77.19311992","    (39.09691989, -77.19311992)"
"MCP2689006G","190056912","Montgomery County Police","Injury Crash","11/25/2019 01:58:00 PM",,,,"PARKING LOT OF 14921 SHADY GROVE RD",,"PEDESTRIAN","SINGLE VEHICLE","CLEAR",,"DAYLIGHT","NO CONTROLS","NONE DETECTED","NONE DETECTED","A4BF9AAF-342A-47B8-9E2E-5D5DC3AF2047","PEDESTRIAN","Other","NO IMPROPER ACTIONS","OTHER","No","SUSPECTED MINOR INJURY","NONE","39.09691989","-77.19311992","    (39.09691989, -77.19311992)"
"MCP3020004G","190056885","Montgomery County Police","Property Damage Crash","11/25/2019 10:52:00 AM",,,,"PARKING LOT IN FRONT OF 3860 INTERNATIONAL DR",,"PEDESTRIAN","SINGLE VEHICLE","CLEAR",,"DAYLIGHT","NO CONTROLS","NONE DETECTED","NONE DETECTED","92BE3C8B-4C96-479E-9F4D-CBA1B3D324CA","PEDESTRIAN","Walking/Riding w/Traffic","NO IMPROPER ACTIONS","OTHER","No","NO APPARENT INJURY","NONE","39.10195718","-77.07546937","    (39.10195718, -77.07546937)"
"MCP3109003N","190056268","Montgomery County Police","Injury Crash","11/21/2019 02:40:00 PM","County","BONIFANT ST","FENTON ST",,"N/A","PEDESTRIAN","SINGLE VEHICLE","CLEAR","DRY","DAYLIGHT","NO CONTROLS","NONE DETECTED","NONE DETECTED","BB729713-C17A-4D74-83C7-18A654627A75","PEDESTRIAN","Walking/Cycling on Sidewalk","NO IMPROPER ACTIONS","SIDEWALK","No","POSSIBLE INJURY","N/A","38.9944485","-77.02392217","    (38.9944485, -77.02392217)"
"DD56150083","190056256","Rockville Police Departme","Injury Crash","11/21/2019 01:45:00 PM","Municipality","RITCHIE PKWY","E JEFFERSON ST",,"ROCKVILLE","PEDESTRIAN","OTHER","CLEAR","DRY","DAYLIGHT","STOP SIGN","NONE DETECTED","NONE DETECTED","B11AD8FA-B1BA-4C39-8BE7-51587D84AC85","PEDESTRIAN","Cross/Enter at Intersection","NO IMPROPER ACTIONS","AT INTERSECTION MARKED CROSSWALK","No","POSSIBLE INJURY","NONE","39.075845","-77.141785","    (39.075845, -77.141785)"
"MCP2969007R","190056238","Montgomery County Police","Injury Crash","11/21/2019 12:05:00 PM","Maryland (State)","LAYHILL RD","SULLIVAN LA",,"N/A","PEDESTRIAN","OTHER","CLEAR","DRY","DAYLIGHT","STOP SIGN","NONE DETECTED","NONE DETECTED","50CB6663-A5F1-4FB1-AF2F-FAA92CE88D60","PEDESTRIAN","Cross/Enter at Intersection","NO IMPROPER ACTIONS","ON ROADWAY AT CROSSWALK","No","POSSIBLE INJURY","NONE","39.08509833","-77.04577833","    (39.08509833, -77.04577833)"
"MCP0942002P","190056218","Montgomery County Police","Injury Crash","11/21/2019 10:11:00 AM",,,,"PARKING LOT-7400 ARLINGTON RD
BETHESDA LIBRARY",,"PEDESTRIAN","SINGLE VEHICLE","CLEAR",,"DAYLIGHT","NO CONTROLS","NONE DETECTED","NONE DETECTED","FDC19774-407F-4EAB-8B26-6005E0C707EF","PEDESTRIAN","Other","NO IMPROPER ACTIONS","OTHER","No","SUSPECTED MINOR INJURY","NONE","38.98435298","-77.09900493","    (38.98435298, -77.09900493)"
"MCP3107001D","190056156","Montgomery County Police","Injury Crash","11/20/2019 11:38:00 PM","Maryland (State)","FREDERICK RD","ENT TO SHADY GROVE METRO STATION",,"N/A","PEDESTRIAN","OTHER","CLEAR","DRY","DARK LIGHTS ON","TRAFFIC SIGNAL","NONE DETECTED","NONE DETECTED","5F4A9E2C-9063-430A-8C7C-144E6C4532C4","PEDESTRIAN","Cross/Enter at Intersection","NO IMPROPER ACTIONS","ON ROADWAY AT CROSSWALK","No","SUSPECTED MINOR INJURY","N/A","39.11736108","-77.16884318","    (39.11736108, -77.16884318)"
"MCP2987005R","190055724","Montgomery County Police","Injury Crash","11/18/2019 07:20:00 PM","US (State)","COLUMBIA PIKE","NEW HAMPSHIRE AVE",,"N/A","PEDESTRIAN","SAME DIR REAR END","RAINING","WET","DARK -- UNKNOWN LIGHTING","NO CONTROLS","NONE DETECTED","NONE DETECTED","03071D45-8E4F-4658-9BE8-BE9A5F62ED0E","PEDESTRIAN","Push/Work on Vehicle","DISABLED VEHICLE RELATED","MEDIAN","No","SUSPECTED MINOR INJURY","NONE","39.04276","-76.99282167","    (39.04276, -76.99282167)"
"MCP2820003R","190055640","Montgomery County Police","Injury Crash","11/18/2019 01:24:00 PM","County","CONNECTICUT AVE","GRAND PRE RD",,"N/A","BICYCLIST","STRAIGHT MOVEMENT ANGLE","CLOUDY","DRY","DAYLIGHT","OTHER","NONE DETECTED","NONE DETECTED","6A9BE211-C987-4BB1-BF87-B77674A418BC","BICYCLIST","Cross/Enter at Intersection","NO IMPROPER ACTIONS","ON ROADWAY AT CROSSWALK","No","POSSIBLE INJURY","NONE","39.08694667","-77.074185","    (39.08694667, -77.074185)"
"MCP30700015","190055317","Montgomery County Police","Injury Crash","11/16/2019 01:10:00 PM","County","BATTERY LA","OLD GEORGETOWN RD",,"N/A","PEDESTRIAN","SINGLE VEHICLE","CLEAR","DRY","DAYLIGHT","TRAFFIC SIGNAL","N/A","N/A","6BFDD7FE-00F3-4D3D-BE61-3EF6ADAA4395","PEDESTRIAN","Cross/Enter at Intersection","NO IMPROPER ACTIONS","AT INTERSECTION MARKED CROSSWALK","No","SUSPECTED MINOR INJURY","N/A","38.99080167","-77.10278167","    (38.99080167, -77.10278167)"
"DD5628002R","190055308","Rockville Police Departme","Injury Crash","11/16/2019 12:25:00 PM","Municipality","BEALL AVE #2","N WASHINGTON ST",,"ROCKVILLE","PEDESTRIAN","OTHER","CLEAR","DRY","DAYLIGHT","TRAFFIC SIGNAL","NONE DETECTED","NONE DETECTED","EA70521F-2038-4C9E-B027-8F1CF6664520","PEDESTRIAN","Cross/Enter at Intersection","IN ROADWAY IMPROPERLY","OUTSIDE RIGHT OF WAY","Yes","SUSPECTED MINOR INJURY","N/A","39.08684397","-77.1530733","    (39.08684397, -77.1530733)"