"Report Number","Local Case Number","Agency Name","ACRS Report Type","Crash Date/Time","Route Type","Road Name","Cross-Street Name","Off-Road Description","Municipality","Related Non-Motorist","Collision Type","Weather","Surface Condition","Light","Traffic Control","Driver Substance Abuse","Non-Motorist Substance Abuse","Person ID","Pedestrian Type","Pedestrian Movement","Pedestrian Actions","Pedestrian Location","At Fault","Injury Severity","Safety Equipment","Latitude","Longitude","Location"
"MCP271700QC","190043472","Montgomery County Police","Injury Crash","09/11/2019 09:30:00 AM","County","NEBEL ST","MARINELLI RD",,"N/A","PEDESTRIAN","SINGLE VEHICLE","CLEAR","DRY","DAYLIGHT","STOP SIGN","NONE DETECTED","NONE DETECTED","00F98930-4730-40C9-AFBE-FF87469D822F","PEDESTRIAN","Cross/Enter at Intersection","NO IMPROPER ACTIONS","ON ROADWAY AT CROSSWALK","No","SUSPECTED MINOR INJURY","N/A","39.04783133","-77.1055885","    (39.04783133, -77.1055885)"
"MCP3153001G","190043200","Montgomery County Police","Injury Crash","09/09/2019 03:56:00 PM","Maryland (State)","VEIRS MILL RD","CLARIDGE RD",,"N/A","OTHER","SINGLE VEHICLE","CLOUDY","DRY","DAYLIGHT","TRAFFIC SIGNAL","ALCOHOL CONTRIBUTED","N/A","DB031711-6D0C-424F-8219-299034775A14","OTHER","N/A","NO IMPROPER ACTIONS","INSIDE BUILDING","No","NO APPARENT INJURY","N/A","39.04872","-77.06927","    (39.04872, -77.06927)"
"MCP158000BX","190043197","Montgomery County Police","Injury Crash","09/09/2019 03:45:00 PM","County","DIAMONDBACK DR","KEY WEST AVE",,"N/A","PEDESTRIAN","STRAIGHT MOVEMENT ANGLE","CLOUDY","DRY","DAYLIGHT","TRAFFIC SIGNAL","NONE DETECTED","NONE DETECTED","BD4DDE2F-1195-4CA6-878F-C1537CE618CF","PEDESTRIAN","Cross/Enter at Intersection","NO IMPROPER ACTIONS","ON ROADWAY AT CROSSWALK","No","SUSPECTED MINOR INJURY","OTHER","39.10530833","-77.20160667","    (39.10530833, -77.20160667)"
"MCP1174003S","190043113","Montgomery County Police","Injury Crash","09/09/2019 07:42:00 AM",,,,"THE DRIVEWAY TO 9101 CEDAR LA. THE STONE RIDGE SCHOOL OF THE SACRED HEART.",,"PEDESTRIAN","SINGLE VEHICLE","CLEAR",,"DAYLIGHT","PERSON","NONE DETECTED","NONE DETECTED","AE3B8D6F-EDF8-4094-8C45-0DD45DAAD190","PEDESTRIAN","Other Working","NO IMPROPER ACTIONS","N/A","No","SUSPECTED MINOR INJURY","REFLECTIVE CLOTHING","39.00662868","-77.09501721","    (39.00662868, -77.09501721)"
"MCP2846005D","190042940","Montgomery County Police","Injury Crash","09/07/2019 05:45:00 PM","County","ELKIN ST","UNIVERSITY BLVD W",,"N/A","BICYCLIST","STRAIGHT MOVEMENT ANGLE","CLEAR","DRY","DAYLIGHT","NO CONTROLS","NONE DETECTED","ALCOHOL PRESENT","B70E668B-1935-4369-A279-44E3CA96E92A","BICYCLIST","Cross/Enter at Intersection","FAILURE TO YIELD RIGHT OF WAY","ON ROADWAY AT CROSSWALK","Yes","POSSIBLE INJURY","NONE","39.041375","-77.05042333","    (39.041375, -77.05042333)"
"MCP31910015","190042816","Montgomery County Police","Injury Crash","09/06/2019 09:00:00 PM",,,,"16041 FREDERICK RD PRIVATE DRIVEWAY/SIDEWALK",,"BICYCLIST","SINGLE VEHICLE","CLEAR",,"DARK LIGHTS ON","NO CONTROLS","NONE DETECTED","NONE DETECTED","C040F5E4-C1A9-45A2-86D2-6FAA6830CCDC","BICYCLIST","Cross/Enter not at Intersection","NO IMPROPER ACTIONS","SIDEWALK","No","POSSIBLE INJURY","NONE","39.11830333","-77.17052667","    (39.11830333, -77.17052667)"
"MCP2625000D","190042692","Montgomery County Police","Injury Crash","09/06/2019 09:21:00 AM","Maryland (State)","GEORGIA AVE","CAMERON ST",,"N/A","PEDESTRIAN","OTHER","CLOUDY","DRY","DAYLIGHT","NO CONTROLS","N/A","NONE DETECTED","6CD03309-48FC-461F-80DE-83C16C2D7E9D","PEDESTRIAN","Cross/Enter not at Intersection","IN ROADWAY IMPROPERLY","ON ROADWAY NOT AT CROSSWALK","Yes","SUSPECTED SERIOUS INJURY","N/A","39.00551333","-77.03712167","    (39.00551333, -77.03712167)"
"DD56230023","190042665","Rockville Police Departme","Injury Crash","09/05/2019 11:35:00 PM",,,,"PARKING LOT OF 888 ROCKVILLE PIKE",,"PEDESTRIAN","OTHER","CLEAR",,"DARK LIGHTS ON","N/A","UNKNOWN","NONE DETECTED","F9A3DE05-76AE-492E-8C61-62A6981B8BAB","PEDESTRIAN","Standing","NO IMPROPER ACTIONS","OTHER","No","POSSIBLE INJURY","N/A","39.07493983","-77.13598367","    (39.07493983, -77.13598367)"
"MCP2686003P","190042576","Montgomery County Police","Injury Crash","09/05/2019 04:04:00 PM","County","CINNAMON DR","NUTMEG PL",,"N/A","PEDESTRIAN","SINGLE VEHICLE","CLEAR","DRY","DAYLIGHT","NO CONTROLS","N/A","N/A","962B5369-BB2E-4052-9526-564E48890D8B","PEDESTRIAN","Cross/Enter not at Intersection","DART DASH","ON ROADWAY NOT AT CROSSWALK","Yes","SUSPECTED MINOR INJURY","NONE","39.16185667","-77.26421833","    (39.16185667, -77.26421833)"
"MCP30040039","190042919","Montgomery County Police","Injury Crash","09/04/2019 07:00:00 PM",,,,"PARKING LOT OF 2440 ROSS ROAD SILVER SPRING, MD",,"BICYCLIST","UNKNOWN","UNKNOWN",,"DUSK","N/A","UNKNOWN","N/A","1F0BE837-BB04-41BA-8E02-ABA95E8457DE","BICYCLIST","Playing","OTHER","OTHER","No","SUSPECTED MINOR INJURY","UNKNOWN","38.99712759","-77.05232795","    (38.99712759, -77.05232795)"
"MCP2008006M","190042212","Montgomery County Police","Injury Crash","09/03/2019 06:20:00 PM","County","BRICKYARD RD","HACKAMORE DR",,"N/A","BICYCLIST","HEAD ON LEFT TURN","CLEAR","DRY","DAYLIGHT","N/A","NONE DETECTED","NONE DETECTED","37F40DEC-268B-4B14-95FE-C934DC179F93","BICYCLIST","Cross/Enter at Intersection","NO IMPROPER ACTIONS","AT INTERSECTION BUT NO CROSSWALK","No","SUSPECTED MINOR INJURY","MC/BIKE HELMET","38.98569667","-77.21285667","    (38.98569667, -77.21285667)"
"MCP2607004J","190042207","Montgomery County Police","Injury Crash","09/03/2019 06:05:00 PM","Maryland (State)","FREDERICK RD","S WESTLAND DR",,"GAITHERSBURG","PEDESTRIAN","OTHER","CLEAR","DRY","DAYLIGHT","TRAFFIC SIGNAL","NONE DETECTED","NONE DETECTED","830A2223-A087-4F45-88F8-5B2ECA185E4B","PEDESTRIAN","Cross/Enter at Intersection","NO IMPROPER ACTIONS","AT INTERSECTION MARKED CROSSWALK","No","POSSIBLE INJURY","N/A","39.12633333","-77.18285667","    (39.12633333, -77.18285667)"
"MCP3199000D","190042167","Montgomery County Police","Property Damage Crash","09/03/2019 03:20:00 PM","County","PEACH ORCHARD RD","BRIGGS CHANEY RD",,"N/A","OTHER","STRAIGHT MOVEMENT ANGLE","CLEAR","DRY","DAYLIGHT","STOP SIGN","NONE DETECTED","NONE DETECTED","BCFAD8E1-1F6E-4D34-B010-2D06289659EA","OTHER","Other","NO IMPROPER ACTIONS","INSIDE BUILDING","No","NO APPARENT INJURY","N/A","39.09575167","-76.96978833","    (39.09575167, -76.96978833)"
"MCP2016004J","190042095","Montgomery County Police","Injury Crash","09/03/2019 08:48:00 AM","Municipality","BLANDFORD ST","CABIN JOHN PKWY",,"ROCKVILLE","PEDESTRIAN","SINGLE VEHICLE","CLEAR","DRY","DAYLIGHT","STOP SIGN","NONE DETECTED","N/A","F6EA38D5-456B-4B08-9D6A-55A286F540EC","PEDESTRIAN","Cross/Enter at Intersection","NO IMPROPER ACTIONS","AT INTERSECTION MARKED CROSSWALK","No","SUSPECTED MINOR INJURY","NONE","39.07553667","-77.15192333","    (39.07553667, -77.15192333)"
"MCP3196000F","190041996","Montgomery County Police","Injury Crash","09/02/2019 03:16:00 PM","County","WALDORF DR","WYNNFIELD DR",,"N/A","BICYCLIST","STRAIGHT MOVEMENT ANGLE","CLEAR","DRY","DAYLIGHT","NO CONTROLS","N/A","N/A","B504A6D3-ABA0-46F7-81C3-4DD3068A6C03","BICYCLIST","Walking/Riding w/Traffic","NO IMPROPER ACTIONS","ON ROADWAY NOT AT CROSSWALK","No","SUSPECTED MINOR INJURY","MC/BIKE HELMET","39.18594429","-77.27688125","    (39.18594429, -77.27688125)"
"MCP2351003B","190041966","Montgomery County Police","Injury Crash","09/02/2019 12:26:00 PM",,,,"PKNGLT ENTRANCE 12230 ROCKVILLE PIKE",,"PEDESTRIAN","OTHER","CLEAR",,"DAYLIGHT","TRAFFIC SIGNAL","NONE DETECTED","NONE DETECTED","96CFC987-AF43-48A0-8E77-82037E307925","PEDESTRIAN","Cross/Enter not at Intersection","UNKNOWN","OTHER","Unknown","SUSPECTED MINOR INJURY","NONE","39.05607167","-77.11936167","    (39.05607167, -77.11936167)"
"MCP31180029","190041955","Montgomery County Police","Injury Crash","09/02/2019 09:55:00 AM","County","BEL PRE RD","PARKER FARM WAY",,"N/A","PEDESTRIAN","SINGLE VEHICLE","CLOUDY","DRY","DAYLIGHT","TRAFFIC SIGNAL","NONE DETECTED","NONE DETECTED","F7F38AFF-4E75-4464-9FCC-C0029C50D232","PEDESTRIAN","Cross/Enter at Intersection","NO IMPROPER ACTIONS","AT INTERSECTION MARKED CROSSWALK","No","SUSPECTED MINOR INJURY","N/A","39.09036833","-77.04774667","    (39.09036833, -77.04774667)"
"MCP32120009","190041582","Montgomery County Police","Injury Crash","08/30/2019 04:51:00 PM","Maryland (State)","EAST WEST HWY","COLESVILLE RD",,"N/A","PEDESTRIAN","SINGLE VEHICLE","N/A","N/A","DAYLIGHT","TRAFFIC SIGNAL","NONE DETECTED","NONE DETECTED","2323F65E-4083-4DD4-94CE-5386D8AA585C","PEDESTRIAN","Cross/Enter at Intersection","FAILURE TO OBEY TRAFFIC SIGNS SIGNALS OR OFFICER","ON ROADWAY NOT AT CROSSWALK","Yes","SUSPECTED MINOR INJURY","NONE","38.99297393","-77.0317158","    (38.99297393, -77.0317158)"
"DD56040031","190041532","Rockville Police Departme","Injury Crash","08/30/2019 01:30:00 PM","Municipality","REDLAND BLVD","THOMPSON DAIRY WAY",,"ROCKVILLE","PEDESTRIAN","OTHER","CLEAR","DRY","DAYLIGHT","TRAFFIC SIGNAL","NONE DETECTED","NONE DETECTED","869BDEDE-0A68-4B33-ACA7-471A7609E753","PEDESTRIAN","Cross/Enter at Intersection","NO IMPROPER ACTIONS","ON ROADWAY AT CROSSWALK","No","SUSPECTED MINOR INJURY","NONE","39.11275167","-77.17153167","    (39.11275167, -77.17153167)"
"MCP3136002G","190041527","Montgomery County Police","Injury Crash","08/30/2019 12:11:00 PM",,,,"8523 PINEY BRANCH RD (REAR PARKING LOT)",,"PEDESTRIAN","OTHER","CLEAR",,"DAYLIGHT","N/A","NONE DETECTED","ALCOHOL PRESENT","111FAD56-CBF4-451C-B56E-94FDC05D29F4","PEDESTRIAN","Standing","NOT VISIBLE","OTHER","No","SUSPECTED MINOR INJURY","N/A","38.99774447","-77.00260826","    (38.99774447, -77.00260826)"
"MCP2992002M","190041453","Montgomery County Police","Injury Crash","08/29/2019 09:35:00 PM","Maryland (State)","LAYHILL RD","BEL PRE RD",,"N/A","PEDESTRIAN","OTHER","N/A","DRY","DARK NO LIGHTS","NO CONTROLS","N/A","ALCOHOL PRESENT","225036BE-DCA0-4732-A692-FB3669F00C31","PEDESTRIAN","Getting off/on Vehicle","DART DASH","OTHER","Yes","SUSPECTED MINOR INJURY","N/A","39.09172333","-77.04509833","    (39.09172333, -77.04509833)"
"MCP15120024","190041410","Montgomery County Police","Injury Crash","08/29/2019 05:36:00 PM","Maryland (State)","GREAT SENECA HWY","ENT TO BUSINESS",,"N/A","BICYCLIST","STRAIGHT MOVEMENT ANGLE","N/A","DRY","DAYLIGHT","NO CONTROLS","NONE DETECTED","NONE DETECTED","E4CFEE8E-E91C-4834-974B-D997A5D287ED","BICYCLIST","Walking/Cycling on Sidewalk","NO IMPROPER ACTIONS","SIDEWALK","No","SUSPECTED MINOR INJURY","MC/BIKE HELMET","39.12532833","-77.23349167","    (39.12532833, -77.23349167)"
"MCP13010013","190041102","Montgomery County Police","Fatal Crash","08/27/2019 09:09:00 PM","County","RANDOLPH RD","GLENMONT CIR #1",,"N/A","PEDESTRIAN","SINGLE VEHICLE","CLEAR","DRY","DARK LIGHTS ON","TRAFFIC SIGNAL","NONE DETECTED","UNKNOWN","658EB77D-26E3-44E3-BA64-503493C79877","PEDESTRIAN","Cross/Enter at Intersection","DART DASH","ON ROADWAY AT CROSSWALK","Yes","FATAL INJURY","NONE","39.05907449","-77.04770804","    (39.05907449, -77.04770804)"
"MCP2991003W","190040989","Montgomery County Police","Injury Crash","08/26/2019 08:20:00 PM","County","HINES RD","WELLFLEET DR",,"N/A","PEDESTRIAN","SINGLE VEHICLE","CLEAR","DRY","DARK LIGHTS ON","N/A","N/A","N/A","C404D28E-0035-45B1-A0A7-C8CF71E68B88","PEDESTRIAN","Cross/Enter at Intersection","NO IMPROPER ACTIONS","AT INTERSECTION MARKED CROSSWALK","No","POSSIBLE INJURY","NONE","39.14143267","-77.07796833","    (39.14143267, -77.07796833)"
"MCP2357003V","190040668","Montgomery County Police","Injury Crash","08/25/2019 01:51:00 PM",,,,"PARKING LOT OF 8101 FENTON STREET",,"PEDESTRIAN","OTHER","CLEAR",,"DAYLIGHT","N/A","NONE DETECTED","NONE DETECTED","FF6136C3-8528-4BD3-AC0C-DC3EADF9437B","PEDESTRIAN","Other","NO IMPROPER ACTIONS","OTHER","No","POSSIBLE INJURY","N/A","38.99043667","-77.023645","    (38.99043667, -77.023645)"
"MCP1342002N","190040667","Montgomery County Police","Injury Crash","08/25/2019 01:27:00 PM","County","RIVER RD","SENECA RD",,"N/A","BICYCLIST","SAME DIR REAR END","CLEAR","DRY","DAYLIGHT","NO CONTROLS","NONE DETECTED","NONE DETECTED","CEBAFD94-95F3-4537-B164-72EC6B159771","BICYCLIST","Walking/Riding w/Traffic","NO IMPROPER ACTIONS","ON ROADWAY NOT AT CROSSWALK","No","SUSPECTED MINOR INJURY","MC/BIKE HELMET","39.07809333","-77.33474167","    (39.07809333, -77.33474167)"
"DM8386001C","190040588","Takoma Park Police Depart","Injury Crash","08/24/2019 08:30:00 PM","Municipality","ANNE AVE","LOCKNEY AVE",,"TAKOMA PARK","PEDESTRIAN","SINGLE VEHICLE","CLEAR","DRY","DARK LIGHTS ON","STOP SIGN","UNKNOWN","NONE DETECTED","9D3BDBCC-A5C7-4F9B-B49C-D7CD903E7308","PEDESTRIAN","Getting off/on Vehicle","ENTERING EXITING PARKED STANDING VEHICLE","AT INTERSECTION BUT NO CROSSWALK","No","SUSPECTED MINOR INJURY","NONE","38.98956326","-76.99189442","    (38.98956326, -76.99189442)"
"MCP24360087","190040357","Montgomery County Police","Injury Crash","08/23/2019 12:50:00 PM","Maryland (State)","PINEY BRANCH RD","ARLISS ST",,"N/A","PEDESTRIAN","OTHER","RAINING","WET","DAYLIGHT","TRAFFIC SIGNAL","NONE DETECTED","NONE DETECTED","D9B00D3F-CC88-4344-B85C-D319920CDF00","PEDESTRIAN","Cross/Enter at Intersection","NO IMPROPER ACTIONS","ON ROADWAY AT CROSSWALK","No","SUSPECTED MINOR INJURY","N/A","38.99846833","-77.00145667","    (38.99846833, -77.00145667)"
"MCP29140099","190040272","Montgomery County Police","Injury Crash","08/22/2019 09:35:00 PM","Maryland (State)","GEORGIA AVE","FENWICK LA",,"N/A","PEDESTRIAN","OTHER","CLEAR","N/A","DARK LIGHTS ON","OTHER","N/A","N/A","8B80A15D-907A-4FBC-BA29-330B502C97DA","PEDESTRIAN","Cross/Enter at Intersection","N/A","ON ROADWAY AT CROSSWALK","No","POSSIBLE INJURY","NONE","38.99820543","-77.0305782","    (38.99820543, -77.0305782)"
"MCP1210003W","190040257","Montgomery County Police","Injury Crash","08/22/2019 08:07:00 PM","Maryland (State)","MIDCOUNTY HWY","SPUR TO SAYBROOKE OAKS BLVD",,"N/A","OTHER","OTHER","RAINING","WET","N/A","NO CONTROLS","NONE DETECTED, UNKNOWN","NONE DETECTED","2E923A84-7CED-4A47-8D9A-AECE0F6D3291","OTHER","Other","NO IMPROPER ACTIONS","OTHER","No","SUSPECTED SERIOUS INJURY","MC/BIKE HELMET","39.15198","-77.17649","    (39.15198, -77.17649)"
"MCP2683003Y","190040170","Montgomery County Police","Injury Crash","08/22/2019 01:00:00 PM","County","GOSHEN RD","SEVERN RD",,"N/A","OTHER","OTHER","CLEAR","DRY","DAYLIGHT","PERSON","UNKNOWN","NONE DETECTED","FAF84F3B-61D2-4FC9-ACE7-3AE15F74A2B8","OTHER","Other","NO IMPROPER ACTIONS","ON ROADWAY NOT AT CROSSWALK","No","SUSPECTED MINOR INJURY","REFLECTIVE CLOTHING","39.16224747","-77.19190177","    (39.16224747, -77.19190177)"
"DM84800008","190040088","Takoma Park Police Depart","Injury Crash","08/21/2019 10:10:00 PM",,,,"ENTRY TO PARKING LOT OF 8604 FLOWER AVENUE, TAKOMA PARK, MD",,"PEDESTRIAN","OTHER","CLEAR",,"DARK LIGHTS ON","NO CONTROLS","NONE DETECTED","NONE DETECTED","AEFC1D11-B43F-417F-804C-94A3112859B2","PEDESTRIAN","Other","UNKNOWN","OTHER","Unknown","POSSIBLE INJURY","N/A","38.99658667","-77.003225","    (38.99658667, -77.003225)"
"MCP2992002L","190040054","Montgomery County Police","Injury Crash","08/21/2019 06:45:00 PM",,,,"3201 ROSSMOOR BLVD PARKING LOT (LEISURE WORLD)",,"PEDESTRIAN","OTHER","RAINING",,"DAYLIGHT","NO CONTROLS","N/A","N/A","0C3313CA-3076-4002-A5A8-411753AE279F","PEDESTRIAN","Other","NOT VISIBLE","OTHER","No","SUSPECTED MINOR INJURY","N/A","39.10079333","-77.07318667","    (39.10079333, -77.07318667)"
"MCP1174003R","190039979","Montgomery County Police","Injury Crash","08/21/2019 01:13:00 PM",,,,"PUBLIC PARKING LOT #8 OF 4821 ST. ELMO AVE.",,"BICYCLIST","SINGLE VEHICLE","CLEAR",,"DAYLIGHT","NO CONTROLS","NONE DETECTED","NONE DETECTED","27002D3C-C508-4874-94C6-1347917E68BC","BICYCLIST","Walking/Cycling on Sidewalk","NO IMPROPER ACTIONS","SIDEWALK","No","SUSPECTED MINOR INJURY","MC/BIKE HELMET","38.98917806","-77.09713215","    (38.98917806, -77.09713215)"
"MCP3130001R","190039432","Montgomery County Police","Property Damage Crash","08/18/2019 12:00:00 PM","County","CONNECTICUT AVE","GRAND PRE RD",,"N/A","BICYCLIST","STRAIGHT MOVEMENT ANGLE","CLEAR","DRY","DAYLIGHT","NO CONTROLS","NONE DETECTED","NONE DETECTED","C32A4CA5-DFC3-47DB-8D3A-4D7A18C37465","BICYCLIST","Walking/Riding w/Traffic","NO IMPROPER ACTIONS","OTHER","No","NO APPARENT INJURY","MC/BIKE HELMET","39.08485833","-77.07600833","    (39.08485833, -77.07600833)"
"MCP3112002Z","190039192","Montgomery County Police","Injury Crash","08/16/2019 05:54:00 PM","Maryland (State)","WISCONSIN AVE","MIDDLETON LA",,"N/A","PEDESTRIAN","OTHER","N/A","DRY","DAYLIGHT","NO CONTROLS","NONE DETECTED","NONE DETECTED","FA7EDD0F-F3B0-40A1-B656-2E6B78FD6463","PEDESTRIAN","Cross/Enter at Intersection","NO IMPROPER ACTIONS","ON ROADWAY AT CROSSWALK","No","SUSPECTED SERIOUS INJURY","N/A","38.98683767","-77.09462283","    (38.98683767, -77.09462283)"
"MCP3112002Z","190039192","Montgomery County Police","Injury Crash","08/16/2019 05:54:00 PM","Maryland (State)","WISCONSIN AVE","MIDDLETON LA",,"N/A","PEDESTRIAN","OTHER","N/A","DRY","DAYLIGHT","NO CONTROLS","NONE DETECTED","NONE DETECTED","A55F8A16-06A7-4C77-B173-F77CFB00EA3E","PEDESTRIAN","Cross/Enter at Intersection","NO IMPROPER ACTIONS","ON ROADWAY AT CROSSWALK","No","SUSPECTED SERIOUS INJURY","N/A","38.98683767","-77.09462283","    (38.98683767, -77.09462283)"
"MCP1433002K","190039187","Montgomery County Police","Injury Crash","08/16/2019 04:55:00 PM","Maryland (State)","ROCKVILLE PIKE","ENT TO FEDERAL PLAZA S.C.",,"N/A","BICYCLIST","SAME DIRECTION RIGHT TURN","CLEAR","DRY","DAYLIGHT","TRAFFIC SIGNAL","NONE DETECTED","NONE DETECTED","1FA8ED14-9438-4D63-88DF-EAB5EB3C102A","BICYCLIST","Cross/Enter at Intersection","NO IMPROPER ACTIONS","AT INTERSECTION MARKED CROSSWALK","No","SUSPECTED MINOR INJURY","NONE","39.057515","-77.120605","    (39.057515, -77.120605)"
"MCP28130075","190038885","Montgomery County Police","Injury Crash","08/14/2019 07:25:00 PM","County","BRIGHTVIEW ST","DALEWOOD DR",,"N/A","BICYCLIST","SINGLE VEHICLE","CLEAR","DRY","DAYLIGHT","STOP SIGN","N/A","N/A","9A8D8BC1-B7E7-4B1E-89ED-66FA79FB6EC8","BICYCLIST","Cross/Enter at Intersection","NO IMPROPER ACTIONS","ON ROADWAY AT CROSSWALK","No","SUSPECTED MINOR INJURY","NONE","39.052905","-77.07298833","    (39.052905, -77.07298833)"
"MCP28130074","190038870","Montgomery County Police","Injury Crash","08/14/2019 06:25:00 PM","Maryland (State)","UNIVERSITY BLVD W","ELKIN ST",,"N/A","PEDESTRIAN","SINGLE VEHICLE","CLEAR","DRY","DAYLIGHT","NO CONTROLS","N/A","N/A","7B74C51B-C27A-4AD7-988D-E3BE4B0C138E","PEDESTRIAN","Cross/Enter not at Intersection","FAILURE TO YIELD RIGHT OF WAY","ON ROADWAY NOT AT CROSSWALK","Yes","SUSPECTED MINOR INJURY","N/A","39.04166333","-77.05040167","    (39.04166333, -77.05040167)"
"EJ7837003Y","190038861","Gaithersburg Police Depar","Injury Crash","08/14/2019 05:10:00 PM","County","SHADY GROVE RD","RAMP 3 FR SHADY GROVE RD EB TO IS 270 NB",,"N/A","PEDESTRIAN","SINGLE VEHICLE","CLEAR","DRY","DAYLIGHT","NO CONTROLS","N/A","N/A","8C86550E-FA63-4509-9445-D144DE604BAA","PEDESTRIAN","Cross/Enter at Intersection","NO IMPROPER ACTIONS","AT INTERSECTION BUT NO CROSSWALK","No","SUSPECTED MINOR INJURY","NONE","39.11354167","-77.18659","    (39.11354167, -77.18659)"
"MCP2456003Y","190038618","Montgomery County Police","Injury Crash","08/13/2019 01:15:00 PM","County","HAMMONTON PL","RANDOLPH RD",,"N/A","BICYCLIST","STRAIGHT MOVEMENT ANGLE","RAINING","WET","DAYLIGHT","NO CONTROLS","NONE DETECTED","NONE DETECTED","FFBD8D7D-24C5-440B-B72F-FFB08044E9F4","BICYCLIST","Cross/Enter at Intersection","FAILURE TO YIELD RIGHT OF WAY","AT INTERSECTION BUT NO CROSSWALK","Yes","POSSIBLE INJURY","MC/BIKE HELMET","39.06871","-77.014785","    (39.06871, -77.014785)"
"MCP1094000T","190038544","Montgomery County Police","Injury Crash","08/13/2019 12:06:00 AM",,,,"IN PARKING LOT",,"PEDESTRIAN","OTHER","CLEAR",,"DARK LIGHTS ON","N/A","ALCOHOL CONTRIBUTED, N/A","ALCOHOL PRESENT","25AD6D6C-4EC1-405D-80F5-215E3BFD4A5F","PEDESTRIAN","Other","INATTENTIVE","OTHER","Yes","SUSPECTED MINOR INJURY","N/A","39.14189614","-77.22310078","    (39.14189614, -77.22310078)"
"MCP2674001C","190038509","Montgomery County Police","Injury Crash","08/12/2019 07:45:00 PM",,,,"PARKING LOT OF 12155 AMBER RIDGE CIR",,"PEDESTRIAN","OTHER","CLEAR",,"DAYLIGHT","NO CONTROLS","NONE DETECTED","NONE DETECTED","ED6450DB-1C70-4E51-A4C5-98E07DDB9833","PEDESTRIAN","Standing","N/A","OTHER","No","POSSIBLE INJURY","NONE","39.19706648","-77.25143575","    (39.19706648, -77.25143575)"
"HA2396000M","19002151","Maryland-National Capital","Injury Crash","08/12/2019 07:15:00 PM","Government","LITTLE FALLS PKWY","ARLINGTON RD",,"N/A","PEDESTRIAN","STRAIGHT MOVEMENT ANGLE","CLEAR","DRY","DAYLIGHT","OTHER","NONE DETECTED","N/A","82BCA960-E6D2-4F60-97CE-1698FB447DBF","PEDESTRIAN","Cross/Enter at Intersection","NO IMPROPER ACTIONS","ON ROADWAY AT CROSSWALK","Unknown","SUSPECTED MINOR INJURY","N/A","38.9733951","-77.1012186","    (38.9733951, -77.1012186)"
"MCP3076002G","190038283","Montgomery County Police","Injury Crash","08/11/2019 11:16:00 AM","County","WAYNE AVE","DARTMOUTH AVE",,"N/A","BICYCLIST","HEAD ON LEFT TURN","CLEAR","DRY","DAYLIGHT","NO CONTROLS","NONE DETECTED","NONE DETECTED","A2C7CB78-511C-4762-8327-57C9476901D9","BICYCLIST","Cross/Enter at Intersection","NO IMPROPER ACTIONS","ON ROADWAY AT CROSSWALK","No","SUSPECTED MINOR INJURY","MC/BIKE HELMET","38.999279","-77.01825717","    (38.999279, -77.01825717)"
"MCP15950012","190038224","Montgomery County Police","Injury Crash","08/10/2019 09:44:00 PM","Maryland (State)","GEORGIA AVE","WINDHAM LA",,"N/A","PEDESTRIAN","OTHER","CLEAR","DRY","DARK LIGHTS ON","TRAFFIC SIGNAL","NONE DETECTED","ALCOHOL PRESENT","8861AD94-769A-472F-8FA1-4978F87C652F","PEDESTRIAN","Cross/Enter at Intersection","INATTENTIVE","ON ROADWAY AT CROSSWALK","Yes","SUSPECTED SERIOUS INJURY","NONE","39.03193789","-77.04824427","    (39.03193789, -77.04824427)"
"MCP3113001N","190038188","Montgomery County Police","Injury Crash","08/10/2019 05:41:00 PM",,,,"PARKING LOT OF BRIGGS CHANEY SHOPPING CENTER 13800 BLK OUTLET DRIVE",,"PEDESTRIAN","OTHER","N/A",,"DAYLIGHT","NO CONTROLS","N/A","N/A","AFF09474-000A-490A-BCC6-3574FB10015E","PEDESTRIAN","Walking/Riding w/Traffic","NO IMPROPER ACTIONS","OTHER","No","POSSIBLE INJURY","NONE","39.082427","-76.946807","    (39.082427, -76.946807)"
"MCP2753004F","190037980","Montgomery County Police","Injury Crash","08/09/2019 12:38:00 PM",,,,"PARKING LOT OF 13781 CONNECTICUT AVE",,"PEDESTRIAN","OTHER","CLEAR",,"DAYLIGHT","NO CONTROLS","NONE DETECTED","NONE DETECTED","91441E91-F9BF-4938-97A2-E171C9AE16D3","PEDESTRIAN","Standing","NO IMPROPER ACTIONS","OTHER","No","SUSPECTED MINOR INJURY","N/A","39.079755","-77.07929833","    (39.079755, -77.07929833)"
"MCP2411003L","190037883","Montgomery County Police","Injury Crash","08/08/2019 06:00:00 PM","Municipality","TWINBROOK PKWY","MCAULIFFE DR",,"ROCKVILLE","OTHER CONVEYANCE","STRAIGHT MOVEMENT ANGLE","CLEAR","DRY","DAYLIGHT","STOP SIGN","NONE DETECTED","NONE DETECTED","69944254-E773-4E06-8D7D-8AB32C56FA5D","OTHER CONVEYANCE","Cross/Enter at Intersection","NO IMPROPER ACTIONS","AT INTERSECTION BUT NO CROSSWALK","No","SUSPECTED MINOR INJURY","MC/BIKE HELMET","39.07446185","-77.11134739","    (39.07446185, -77.11134739)"
"MCP29390040","190038065","Montgomery County Police","Injury Crash","08/08/2019 05:40:00 PM","Maryland (State)","WOODFIELD RD","MOYER RD",,"N/A","PEDESTRIAN","OTHER","CLEAR","DRY","DAYLIGHT","NO CONTROLS","N/A","N/A","0F0A9BAB-59EE-468E-9539-D922BAEE767E","PEDESTRIAN","Getting off/on Vehicle","NO IMPROPER ACTIONS","OTHER","No","SUSPECTED MINOR INJURY","NONE","39.26709833","-77.20514667","    (39.26709833, -77.20514667)"
"MCP137800RS","190037868","Montgomery County Police","Injury Crash","08/08/2019 04:32:00 PM","Maryland (State)","QUINCE ORCHARD RD","ORCHARD RIDGE DR",,"GAITHERSBURG","PEDESTRIAN","SINGLE VEHICLE","CLOUDY","DRY","DAYLIGHT","TRAFFIC SIGNAL","NONE DETECTED","NONE DETECTED","D87A57A4-751A-4781-A1F2-E324D0912438","PEDESTRIAN","Cross/Enter at Intersection","NO IMPROPER ACTIONS","ON ROADWAY AT CROSSWALK","No","SUSPECTED MINOR INJURY","NONE","39.12906759","-77.23353053","    (39.12906759, -77.23353053)"
"MCP158000BV","190037842","Montgomery County Police","Injury Crash","08/08/2019 02:14:00 PM",,,,"PARKING LOT AREA OF 19110 MONTGOMERY VILLAGE AVE.  (BEHIND CVS STORE)   MOTGOMERY VILLAGE, MD 20886",,"PEDESTRIAN","OTHER","CLEAR",,"DAYLIGHT","N/A","NONE DETECTED","NONE DETECTED","EF3903AC-B579-42A9-937A-6C2128FDED45","PEDESTRIAN","Other","OTHER","OTHER","No","SUSPECTED MINOR INJURY","N/A","39.17058","-77.205095","    (39.17058, -77.205095)"