"Report Number","Local Case Number","Agency Name","ACRS Report Type","Crash Date/Time","Route Type","Road Name","Cross-Street Name","Off-Road Description","Municipality","Related Non-Motorist","Collision Type","Weather","Surface Condition","Light","Traffic Control","Driver Substance Abuse","Non-Motorist Substance Abuse","Person ID","Pedestrian Type","Pedestrian Movement","Pedestrian Actions","Pedestrian Location","At Fault","Injury Severity","Safety Equipment","Latitude","Longitude","Location"
"MCP2941003F","190021371","Montgomery County Police","Injury Crash","05/06/2019 06:22:00 PM","County","SPRING ST","CAMERON ST",,"N/A","BICYCLIST","SAME DIRECTION SIDESWIPE","CLEAR","DRY","DAYLIGHT","NO CONTROLS","N/A","NONE DETECTED","250FF41B-F5D9-46B9-A65F-D80DA7E9FE9B","BICYCLIST","Walking/Cycling on Sidewalk","INATTENTIVE","SHOULDER","Yes","POSSIBLE INJURY","MC/BIKE HELMET","38.99970195","-77.0281017","    (38.99970195, -77.0281017)"
"MCP29860030","190021210","Montgomery County Police","Injury Crash","05/05/2019 10:34:00 PM","US (State)","COLESVILLE RD","UNIVERSITY BLVD E",,"N/A","PEDESTRIAN","SINGLE VEHICLE","CLEAR","DRY","DARK LIGHTS ON","TRAFFIC SIGNAL","NONE DETECTED","NONE DETECTED","A8C85898-390F-435B-A15F-B8E9A6CF0995","PEDESTRIAN","Cross/Enter at Intersection","DART DASH","AT INTERSECTION MARKED CROSSWALK","Yes","SUSPECTED MINOR INJURY","N/A","39.020502","-77.01264583","    (39.020502, -77.01264583)"
"MCP2923005C","190021196","Montgomery County Police","Injury Crash","05/05/2019 07:45:00 PM","Maryland (State)","GEORGIA AVE","SHOREFIELD RD",,"N/A","PEDESTRIAN","OTHER","CLOUDY","WET","DUSK","OTHER","NONE DETECTED","NONE DETECTED","BF91A1E2-A0A9-4F29-A106-DCB4AF344CC8","PEDESTRIAN","Cross/Enter at Intersection","FAILURE TO OBEY TRAFFIC SIGNS SIGNALS OR OFFICER","AT INTERSECTION MARKED CROSSWALK","Yes","SUSPECTED MINOR INJURY","NONE","39.05296059","-77.05090171","    (39.05296059, -77.05090171)"
"MCP2935001V","190021056","Montgomery County Police","Property Damage Crash","05/04/2019 06:44:00 PM",,,,"MONT CO. PARKING LOT 60 921 WAYNE AVENUE LEVEL 2 ROW C",,"PEDESTRIAN","OTHER","N/A",,"DARK LIGHTS ON","NO CONTROLS","NONE DETECTED","NONE DETECTED","A1897E60-FB4A-441D-B9D9-1FFC309AA81D","PEDESTRIAN","Standing","NO IMPROPER ACTIONS","OTHER","No","NO APPARENT INJURY","NONE","38.99517167","-77.02054667","    (38.99517167, -77.02054667)"
"MCP3182000C","190020960","Montgomery County Police","Injury Crash","05/04/2019 02:37:00 AM",,,,"FENTON ST VILLAGE GARAGE 
8110 FENTON ST SILVER SPRING MD 20910",,"PEDESTRIAN","SINGLE VEHICLE","N/A",,"DARK LIGHTS ON","N/A","UNKNOWN","ALCOHOL PRESENT","2B4B0035-8FB3-49F3-AE27-14D42AF50F5B","PEDESTRIAN","Standing","NO IMPROPER ACTIONS","OTHER","No","POSSIBLE INJURY","N/A","38.99098465","-77.02515243","    (38.99098465, -77.02515243)"
"MCP13660095","190020833","Montgomery County Police","Injury Crash","05/03/2019 02:39:00 PM","Maryland (State)","MUNCASTER MILL RD","NEEDWOOD RD",,"N/A","PEDESTRIAN","STRAIGHT MOVEMENT ANGLE","CLEAR","DRY","DAYLIGHT","TRAFFIC SIGNAL","NONE DETECTED","NONE DETECTED","97D1C718-F331-4E65-AD90-9C352326F4E6","PEDESTRIAN","Cross/Enter not at Intersection","DART DASH","ON ROADWAY NOT AT CROSSWALK","Yes","SUSPECTED SERIOUS INJURY","NONE","39.13184","-77.12072833","    (39.13184, -77.12072833)"
"MCP25120042","190021565","Montgomery County Police","Property Damage Crash","05/03/2019 09:10:00 AM",,,,"PARKING LOT OF 825 QUINCE ORCHARD BLVD",,"OTHER","OPPOSITE DIRECTION SIDESWIPE","CLEAR",,"DAYLIGHT","NO CONTROLS","NONE DETECTED","NONE DETECTED","761D8C44-B144-48C2-A922-67566FFDB60E","OTHER","N/A","N/A","N/A","No","NO APPARENT INJURY","N/A","39.14353188","-77.22984226","    (39.14353188, -77.22984226)"
"MCP3170000M","190020480","Montgomery County Police","Property Damage Crash","05/01/2019 05:14:00 PM","Maryland (State)","FREDERICK RD","SHAKESPEARE BLVD",,"N/A","BICYCLIST","SINGLE VEHICLE","CLEAR","DRY","DAYLIGHT","TRAFFIC SIGNAL","UNKNOWN","NONE DETECTED","3B9FA903-8F7C-43BE-973E-A142F6B42DF9","BICYCLIST","Cross/Enter at Intersection","UNKNOWN","AT INTERSECTION MARKED CROSSWALK","No","NO APPARENT INJURY","NONE","39.19820748","-77.24499271","    (39.19820748, -77.24499271)"
"MCP2813006N","190020250","Montgomery County Police","Injury Crash","04/30/2019 01:30:00 PM","County","BLUHILL RD","FLORAL ST",,"N/A","PEDESTRIAN","SINGLE VEHICLE","CLEAR","DRY","DAYLIGHT","N/A","N/A","N/A","87A3151F-A47A-40CE-B4CB-60ABB5827F8D","PEDESTRIAN","Other","NO IMPROPER ACTIONS","OTHER","No","POSSIBLE INJURY","REFLECTIVE CLOTHING","39.05632173","-77.0662837","    (39.05632173, -77.0662837)"
"MCP2931003C","190020167","Montgomery County Police","Injury Crash","04/29/2019 08:22:00 PM","Maryland (State)","FREDERICK RD","CROSSOVER",,"N/A","PEDESTRIAN","SINGLE VEHICLE","N/A","DRY","DARK LIGHTS ON","N/A",,"N/A","4080B128-59FE-43E3-92F0-E29BCE1F4FA1","PEDESTRIAN","Push/Work on Vehicle","DISABLED VEHICLE RELATED","N/A","Unknown","SUSPECTED MINOR INJURY","N/A","39.12138464","-77.1761312","    (39.12138464, -77.1761312)"
"HA2386000G","1900984","Maryland-National Capital","Injury Crash","04/29/2019 02:40:00 PM","Government","BEACH DR","CROSSOVER TO GV 48 - NO NAME",,"N/A","BICYCLIST","HEAD ON LEFT TURN","CLEAR","DRY","DAYLIGHT","STOP SIGN","N/A","N/A","526B3C42-0A3D-40C6-B313-0C37C308F113","BICYCLIST","Cross/Enter at Intersection","NO IMPROPER ACTIONS","AT INTERSECTION BUT NO CROSSWALK","No","POSSIBLE INJURY","MC/BIKE HELMET","39.02197725","-77.10193154","    (39.02197725, -77.10193154)"
"MCP94040025","190020070","Montgomery County Police","Injury Crash","04/29/2019 01:30:00 PM","Maryland (State)","FREDERICK RD","SHADY GROVE RD",,"N/A","PEDESTRIAN","N/A","CLEAR","DRY","DAYLIGHT","N/A","UNKNOWN","NONE DETECTED","2DB89AC2-65C8-43A8-9C92-247ACBC606A1","PEDESTRIAN","Standing","IN ROADWAY IMPROPERLY","ON ROADWAY NOT AT CROSSWALK","Yes","SUSPECTED MINOR INJURY","N/A","39.12147167","-77.17870167","    (39.12147167, -77.17870167)"
"MCP1181000W","19001952","Montgomery County Police","Injury Crash","04/28/2019 07:52:00 PM","County","MEADOW MIST RD","MEADOW MIST RD (BACK)",,"N/A","PEDESTRIAN","OTHER","CLEAR","DRY","DAYLIGHT","NO CONTROLS","NONE DETECTED","NONE DETECTED","48D32FF4-D1BC-43D1-ABD5-D48773652D1D","PEDESTRIAN","Playing","DART DASH","OTHER","Yes","SUSPECTED MINOR INJURY","N/A","39.23093667","-77.243555","    (39.23093667, -77.243555)"
"MCP3068002B","190019941","Montgomery County Police","Injury Crash","04/28/2019 06:05:00 PM","County","BALTIMORE AVE","RIVER RD",,"N/A","PEDESTRIAN","OTHER","CLEAR","DRY","DAYLIGHT","N/A","N/A","N/A","54EFCAC6-F821-4D85-B8EA-53263099EE22","PEDESTRIAN","Cross/Enter not at Intersection","DART DASH","ON ROADWAY NOT AT CROSSWALK","Yes","POSSIBLE INJURY","NONE","38.9588651","-77.0978486","    (38.9588651, -77.0978486)"
"MCP23390048","190019768","Montgomery County Police","Injury Crash","04/27/2019 03:33:00 PM","County","RANDOLPH RD","PARKLAWN DR",,"N/A","OTHER","SINGLE VEHICLE","N/A","DRY","DAYLIGHT","TRAFFIC SIGNAL","NONE DETECTED","N/A","7D20A872-FF93-46B0-B472-17F85956D8D8","OTHER","N/A","N/A","N/A","No","SUSPECTED MINOR INJURY","N/A","39.0535975","-77.10567826","    (39.0535975, -77.10567826)"
"MCP3040003F","190019668","Montgomery County Police","Injury Crash","04/26/2019 10:00:00 PM",,,,"DRIVEWAY OF 23001 HOWARD CHAPEL RD",,"PEDESTRIAN","N/A","CLEAR",,"DARK NO LIGHTS","N/A","N/A","N/A","98711C8C-DD35-4B0E-A47A-75C4C5151DB6","PEDESTRIAN","Other","NO IMPROPER ACTIONS","OTHER","No","POSSIBLE INJURY","N/A","39.23350333","-77.07254667","    (39.23350333, -77.07254667)"
"MCP2892006C","190019593","Montgomery County Police","Injury Crash","04/26/2019 03:16:00 PM","County","SPRING ST","CAMERON ST",,"N/A","PEDESTRIAN","OTHER","RAINING","WET","DAYLIGHT","TRAFFIC SIGNAL","NONE DETECTED","NONE DETECTED","D246FFB4-79BE-4918-A50D-7AE6AD238C87","PEDESTRIAN","Cross/Enter at Intersection","NO IMPROPER ACTIONS","ON ROADWAY AT CROSSWALK","No","POSSIBLE INJURY","NONE","38.99965111","-77.02785858","    (38.99965111, -77.02785858)"
"MCP3164001J","190019146","Montgomery County Police","Injury Crash","04/24/2019 07:00:00 AM","Maryland (State)","VEIRS MILL RD","NEWPORT MILL RD",,"N/A","PEDESTRIAN","HEAD ON LEFT TURN","CLEAR","DRY","DAYLIGHT","TRAFFIC SIGNAL","N/A","N/A","F6A53DF0-C986-433E-99A8-BB5900666264","PEDESTRIAN","Cross/Enter at Intersection","NO IMPROPER ACTIONS","ON ROADWAY AT CROSSWALK","No","SUSPECTED MINOR INJURY","NONE","39.04459667","-77.06430333","    (39.04459667, -77.06430333)"
"MCP2892006B","190019056","Montgomery County Police","Injury Crash","04/23/2019 05:16:00 PM","County","SEMINARY RD","WARREN ST",,"N/A","PEDESTRIAN","OTHER","CLEAR","DRY","DAYLIGHT","OTHER","NONE DETECTED","NONE DETECTED","FF909D17-9457-4564-AAC3-35FF7F091DA8","PEDESTRIAN","Cross/Enter at Intersection","DART DASH","ON ROADWAY AT CROSSWALK","No","POSSIBLE INJURY","NONE","39.01063611","-77.04838361","    (39.01063611, -77.04838361)"
"MCP26800035","190019036","Montgomery County Police","Injury Crash","04/23/2019 04:45:00 PM",,,,"PARKING GARAGE AT 921 WAYNE AVE.",,"PEDESTRIAN","STRAIGHT MOVEMENT ANGLE","CLEAR",,"DAYLIGHT","NO CONTROLS","NONE DETECTED","NONE DETECTED","BDA5B94C-8C48-41BF-9252-1FD957492D25","PEDESTRIAN","Walking/Riding against Traffic","FAILURE TO YIELD RIGHT OF WAY","OTHER","Yes","POSSIBLE INJURY","NONE","38.99089167","-77.02346667","    (38.99089167, -77.02346667)"
"MCP2968002Z","190019026","Montgomery County Police","Injury Crash","04/23/2019 02:43:00 PM","County","DUFIEF MILL RD","AMBERLEA FARM DR",,"N/A","BICYCLIST","OTHER","CLEAR","DRY","DAYLIGHT","N/A","N/A","N/A","33C6D0E0-B8A2-4B95-80B6-5A57CD41F713","BICYCLIST","Walking/Riding w/Traffic","NO IMPROPER ACTIONS","ON ROADWAY NOT AT CROSSWALK","No","SUSPECTED MINOR INJURY","MC/BIKE HELMET","39.08873833","-77.235815","    (39.08873833, -77.235815)"
"MCP3184000J","190019033","Montgomery County Police","Injury Crash","04/23/2019 01:50:00 PM","Maryland (State)","GEORGIA AVE","UNIVERSITY BLVD W",,"N/A","PEDESTRIAN","SINGLE VEHICLE","CLEAR","DRY","DAYLIGHT","N/A","N/A","N/A","45FA0818-B5C4-4B8C-B9DE-665D00994A99","PEDESTRIAN","Cross/Enter not at Intersection","INATTENTIVE","ON ROADWAY NOT AT CROSSWALK","Yes","SUSPECTED MINOR INJURY","NONE","39.04134636","-77.05164483","    (39.04134636, -77.05164483)"
"MCP3190000K","190019001","Montgomery County Police","Injury Crash","04/23/2019 01:30:00 PM","County","EDNOR RD","TWIN RIDGE CT",,"N/A","PEDESTRIAN","SINGLE VEHICLE","N/A","DRY","DAYLIGHT","OTHER","N/A","N/A","494823E1-2A20-4CF2-8BD8-03018BAD3547","PEDESTRIAN","Getting off/on Vehicle","NO IMPROPER ACTIONS","ON ROADWAY NOT AT CROSSWALK","No","SUSPECTED MINOR INJURY","N/A","39.1405835","-76.97369","    (39.1405835, -76.97369)"
"MCP24920014","190018949","Montgomery County Police","Injury Crash","04/23/2019 07:30:00 AM","Maryland (State)","GREAT SENECA HWY","MIDDLEBROOK RD",,"N/A","PEDESTRIAN","OTHER","CLEAR","DRY","DAYLIGHT","TRAFFIC SIGNAL","NONE DETECTED","NONE DETECTED","01BDAC8E-A031-4488-B756-C53AEE4A001F","PEDESTRIAN","Cross/Enter at Intersection","FAILURE TO OBEY TRAFFIC SIGNS SIGNALS OR OFFICER","ON ROADWAY AT CROSSWALK","Yes","POSSIBLE INJURY","NONE","39.17482667","-77.26058","    (39.17482667, -77.26058)"
"DD56250028","190018901","Rockville Police Departme","Injury Crash","04/22/2019 08:50:00 PM","Municipality","MARYLAND AVE","E MIDDLE LA",,"ROCKVILLE","PEDESTRIAN","OTHER","CLEAR","DRY","DARK LIGHTS ON","TRAFFIC SIGNAL","NONE DETECTED","NONE DETECTED","D16D03E7-B62B-48C5-91A4-5D19229405D8","PEDESTRIAN","Cross/Enter at Intersection","FAILURE TO YIELD RIGHT OF WAY","ON ROADWAY AT CROSSWALK","Yes","POSSIBLE INJURY","NONE","39.08512197","-77.15094064","    (39.08512197, -77.15094064)"
"MCP27480016","190018590","Montgomery County Police","Injury Crash","04/20/2019 09:52:00 PM","Maryland (State)","OLD GEORGETOWN RD","ROCKVILLE PIKE",,"N/A","PEDESTRIAN","SINGLE VEHICLE","CLEAR","N/A","DARK LIGHTS ON","N/A","N/A","NONE DETECTED","1B3F0161-4558-4290-8F09-989002CACA9C","PEDESTRIAN","Cross/Enter not at Intersection","IN ROADWAY IMPROPERLY","ON ROADWAY NOT AT CROSSWALK","Yes","SUSPECTED SERIOUS INJURY","N/A","39.04508167","-77.1204155","    (39.04508167, -77.1204155)"
"MCP25520031","190018415","Montgomery County Police","Injury Crash","04/19/2019 08:57:00 PM","Municipality","TWINBROOK PKWY","CHAPMAN AVE",,"ROCKVILLE","OTHER CONVEYANCE","OTHER","RAINING","WET","DARK LIGHTS ON","TRAFFIC SIGNAL","NONE DETECTED","NONE DETECTED","8C2A95AB-E2AD-4A80-85ED-2E358434C5E8","OTHER CONVEYANCE","Cross/Enter at Intersection","IN ROADWAY IMPROPERLY","ON ROADWAY AT CROSSWALK","Yes","SUSPECTED MINOR INJURY","N/A","39.05864667","-77.11864333","    (39.05864667, -77.11864333)"
"MCP2995004L","190018414","Montgomery County Police","Injury Crash","04/19/2019 08:51:00 PM","Maryland (State)","VEIRS MILL RD","RANDOLPH RD",,"N/A","PEDESTRIAN","OTHER","RAINING","WET","DARK LIGHTS ON","TRAFFIC SIGNAL","NONE DETECTED","NONE DETECTED","26F108C1-2696-4529-A3BB-8B81DD5FA232","PEDESTRIAN","Cross/Enter at Intersection","UNKNOWN","ON ROADWAY AT CROSSWALK","Unknown","POSSIBLE INJURY","NONE","39.0573244","-77.0752497","    (39.0573244, -77.0752497)"
"MCP137800QH","190018156","Montgomery County Police","Injury Crash","04/18/2019 01:38:00 PM","County","WASHINGTON GROVE LA","SPUR FR RAILROAD ST",,"N/A","OTHER","SINGLE VEHICLE","CLOUDY","DRY","DAYLIGHT","NO CONTROLS","NONE DETECTED","NONE DETECTED","332F6457-D4BA-4F23-B629-3B44D7B4A262","OTHER","Getting off/on Vehicle","OTHER","SHOULDER","Yes","SUSPECTED MINOR INJURY","NONE","39.13937197","-77.17970036","    (39.13937197, -77.17970036)"
"MCP12050050","190018148","Montgomery County Police","Injury Crash","04/18/2019 01:16:00 PM","County","BETHESDA AVE","ARLINGTON RD",,"N/A","PEDESTRIAN","OTHER","CLOUDY","DRY","DAYLIGHT","NO CONTROLS","NONE DETECTED","NONE DETECTED","7AF1F7CC-3753-41FF-BAA8-947667C96D6F","PEDESTRIAN","Cross/Enter not at Intersection","IN ROADWAY IMPROPERLY","ON ROADWAY NOT AT CROSSWALK","Yes","SUSPECTED MINOR INJURY","NONE","38.98081479","-77.09732498","    (38.98081479, -77.09732498)"
"MCP2818004B","190018118","Montgomery County Police","Injury Crash","04/18/2019 09:53:00 AM","County","GROVE ST","SLIGO AVE",,"N/A","PEDESTRIAN","OTHER","CLOUDY","DRY","DAYLIGHT","STOP SIGN","NONE DETECTED","NONE DETECTED","74A92D26-C72B-4395-A99E-39610AFE2749","PEDESTRIAN","Other","NO IMPROPER ACTIONS","AT INTERSECTION MARKED CROSSWALK","No","SUSPECTED MINOR INJURY","N/A","38.99017264","-77.0218665","    (38.99017264, -77.0218665)"
"MCP271700N6","190017812","Montgomery County Police","Injury Crash","04/16/2019 03:25:00 PM",,,,"4823 RUGBY AVENUE (MCP BETHESDA DISTRICT STATION)",,"OTHER","OTHER","CLEAR",,"DAYLIGHT","NO CONTROLS","NONE DETECTED","NONE DETECTED","14D633F9-5491-4AB8-9E2C-19A1FC8A113C","OTHER","Other","OTHER","SIDEWALK","No","SUSPECTED MINOR INJURY","NONE","38.9910735","-77.09770717","    (38.9910735, -77.09770717)"
"MCP23470022","190017566","Montgomery County Police","Injury Crash","04/16/2019 10:12:00 AM","County","KATHRYN RD","CAPLINGER RD",,"N/A","PEDESTRIAN","OTHER","CLEAR","DRY","DAYLIGHT","PERSON","NONE DETECTED","NONE DETECTED","A29C5FD0-3930-4B1D-A42D-2BB50C85014B","PEDESTRIAN","Other","INATTENTIVE","OTHER","Yes","SUSPECTED MINOR INJURY","REFLECTIVE CLOTHING","39.04894333","-76.99103","    (39.04894333, -76.99103)"
"MCP3188000F","190017640","Montgomery County Police","Injury Crash","04/15/2019 01:00:00 PM","County","PARKLAWN DR","RANDOLPH RD",,"N/A","PEDESTRIAN","OTHER","CLEAR","DRY","DAYLIGHT","UNKNOWN","N/A","N/A","F7EFD876-DCF8-4CE1-A54D-D0F583367855","PEDESTRIAN","Walking/Riding against Traffic","N/A","UNKNOWN","Yes","POSSIBLE INJURY","N/A","39.0535441","-77.1068003","    (39.0535441, -77.1068003)"
"MCP0036009Q","190017542","Montgomery County Police","Injury Crash","04/15/2019 07:27:00 AM","County","FATHER HURLEY BLVD","WATERS LANDING DR",,"N/A","PEDESTRIAN","SINGLE VEHICLE","RAINING","WET","DAWN","TRAFFIC SIGNAL","NONE DETECTED","NONE DETECTED","3C4EA7A0-5A69-444D-AABD-88C98BD51935","PEDESTRIAN","Cross/Enter at Intersection","NO IMPROPER ACTIONS","ON ROADWAY AT CROSSWALK","No","SUSPECTED MINOR INJURY","NONE","39.19164667","-77.272205","    (39.19164667, -77.272205)"
"MCP3058002Q","190017277","Montgomery County Police","Injury Crash","04/13/2019 03:31:00 PM","County","CAVANAUGH DR","DEERBROOK DR",,"N/A","BICYCLIST","HEAD ON LEFT TURN","CLOUDY","DRY","DAYLIGHT","NO CONTROLS","NONE DETECTED","NONE DETECTED","8D835E82-1DDC-4654-91B0-8E955EA5B06C","BICYCLIST","Cross/Enter at Intersection","NO IMPROPER ACTIONS","AT INTERSECTION BUT NO CROSSWALK","No","SUSPECTED MINOR INJURY","MC/BIKE HELMET","39.08053333","-77.21493333","    (39.08053333, -77.21493333)"
"MCP93120011","190017182","Montgomery County Police","Injury Crash","04/12/2019 08:30:00 PM","County","NICHOLSON LA","HUFF CT",,"N/A","PEDESTRIAN","SINGLE VEHICLE","RAINING","WET","DARK LIGHTS ON","TRAFFIC SIGNAL","UNKNOWN","NONE DETECTED","08551A0C-EE70-42F4-A9E4-1F8507E5A52F","PEDESTRIAN","Cross/Enter at Intersection","NO IMPROPER ACTIONS","AT INTERSECTION MARKED CROSSWALK","No","SUSPECTED MINOR INJURY","NONE","39.04486593","-77.10905421","    (39.04486593, -77.10905421)"
"DD55830057","190017084","Rockville Police Departme","Injury Crash","04/12/2019 01:48:00 PM","Municipality","MONROE ST","MONROE PL",,"ROCKVILLE","PEDESTRIAN","STRAIGHT MOVEMENT ANGLE","RAINING","WET","DAYLIGHT","N/A","NONE DETECTED","NONE DETECTED","2278EC43-EA28-4DE5-8151-C5308B200E20","PEDESTRIAN","Cross/Enter at Intersection","NO IMPROPER ACTIONS","ON ROADWAY AT CROSSWALK","No","POSSIBLE INJURY","N/A","39.08307367","-77.14925483","    (39.08307367, -77.14925483)"
"MCP2930001G","190016985","Montgomery County Police","Injury Crash","04/11/2019 10:49:00 PM","County","GLENALLAN AVE","RANDOLPH RD",,"N/A","PEDESTRIAN","OTHER","CLEAR","DRY","DARK NO LIGHTS","TRAFFIC SIGNAL","NONE DETECTED","NONE DETECTED","35D8AE52-F1D9-4D0D-8241-D3DCEEEE0520","PEDESTRIAN","Cross/Enter at Intersection","UNKNOWN","ON ROADWAY AT CROSSWALK","No","SUSPECTED SERIOUS INJURY","N/A","39.06075333","-77.04502833","    (39.06075333, -77.04502833)"
"MCP2756002T","190016961","Montgomery County Police","Injury Crash","04/11/2019 07:50:00 PM","Maryland (State)","GEORGIA AVE","UNIVERSITY BLVD W",,"N/A","PEDESTRIAN","SINGLE VEHICLE","CLEAR","DRY","DARK LIGHTS ON","TRAFFIC SIGNAL","NONE DETECTED","NONE DETECTED","738442F1-4DA8-4D06-9FE6-BA8210DE3220","PEDESTRIAN","Cross/Enter at Intersection","NO IMPROPER ACTIONS","ON ROADWAY AT CROSSWALK","No","POSSIBLE INJURY","NONE","39.04159498","-77.05204488","    (39.04159498, -77.05204488)"
"MCP2871005Y","190017115","Montgomery County Police","Property Damage Crash","04/11/2019 05:15:00 PM","Maryland (State)","ROCKVILLE PIKE","CEDAR LA",,"N/A","BICYCLIST","SINGLE VEHICLE","N/A","DRY","DAYLIGHT","NO CONTROLS","NONE DETECTED","NONE DETECTED","C490DBA4-EF10-4011-B5AB-1CF5D351CDBD","BICYCLIST","Walking/Riding w/Traffic","NO IMPROPER ACTIONS","ON ROADWAY NOT AT CROSSWALK","No","NO APPARENT INJURY","MC/BIKE HELMET","39.00567386","-77.09762297","    (39.00567386, -77.09762297)"
"MCP2351002X","190016886","Montgomery County Police","Fatal Crash","04/11/2019 02:24:00 PM",,,,"AT PARKING LOT EXIT OF 650 HUNGERFORD DR TO ENTER SB HUNGERFORD DR",,"PEDESTRIAN","OTHER","CLOUDY",,"DAYLIGHT","NO CONTROLS","NONE DETECTED","NONE DETECTED","123E44F4-04CC-4238-9487-DEF336F7548B","PEDESTRIAN","Unknown","UNKNOWN","OTHER","Unknown","FATAL INJURY","NONE","39.09278833","-77.153865","    (39.09278833, -77.153865)"
"MCP3168000F","190016766","Montgomery County Police","Injury Crash","04/10/2019 08:19:00 PM","Ramp","RAMP 1 FR MD 355 NB TO IS 270 WB","ROCKVILLE PIKE",,"N/A","PEDESTRIAN","OTHER","CLEAR","DRY","DARK LIGHTS ON","NO CONTROLS","NONE DETECTED","NONE DETECTED","7878AEE4-4A9D-4355-A78F-D8F735C7DDCC","PEDESTRIAN","Standing","DISABLED VEHICLE RELATED","SHOULDER","No","SUSPECTED MINOR INJURY","NONE","39.02104885","-77.10488888","    (39.02104885, -77.10488888)"
"MCP3040003B","190016492","Montgomery County Police","Injury Crash","04/09/2019 03:23:00 PM",,,,"PARKING LOT OF 16800 GEORGIA AVE",,"PEDESTRIAN","OTHER","CLEAR",,"DAYLIGHT","N/A","N/A","N/A","1F756549-2C86-4435-A690-D824C4EF5743","PEDESTRIAN","Other","ENTERING EXITING PARKED STANDING VEHICLE","OTHER","No","SUSPECTED SERIOUS INJURY","N/A","39.13253102","-77.07068139","    (39.13253102, -77.07068139)"
"MCP3169000J","190016473","Montgomery County Police","Injury Crash","04/09/2019 12:17:00 PM","Maryland (State)","UNIVERSITY BLVD E","COLESVILLE RD",,"N/A","PEDESTRIAN","SINGLE VEHICLE","CLEAR","DRY","DAYLIGHT","TRAFFIC SIGNAL","UNKNOWN","N/A","F9A5EE51-C7C8-4FBD-A84D-934F5606644D","PEDESTRIAN","Walking/Riding w/Traffic","NO IMPROPER ACTIONS","SIDEWALK","No","SUSPECTED MINOR INJURY","N/A","39.02037833","-77.01315167","    (39.02037833, -77.01315167)"
"MCP2756002S","190016394","Montgomery County Police","Injury Crash","04/08/2019 09:05:00 PM",,,,"PARKING LOT OF 11301 GEORGIA AVE.",,"PEDESTRIAN","OTHER","CLOUDY",,"DARK LIGHTS ON","NO CONTROLS","NONE DETECTED","ALCOHOL PRESENT","41B7608E-E79B-4C90-87FD-F5245806088D","PEDESTRIAN","Other","NOT VISIBLE","OTHER","Yes","SUSPECTED MINOR INJURY","N/A","39.04024333","-77.05111333","    (39.04024333, -77.05111333)"
"DD5620003V","190016276","Rockville Police Departme","Injury Crash","04/08/2019 10:00:00 AM","Municipality","MARTHA CT","MARTHA TERR",,"ROCKVILLE","PEDESTRIAN","OTHER","CLEAR","DRY","DAYLIGHT","NO CONTROLS","NONE DETECTED","NONE DETECTED","C0E47B4D-AF82-41A3-AD29-CF13A87BE7EA","PEDESTRIAN","Getting off/on Vehicle","INATTENTIVE","OTHER","No","POSSIBLE INJURY","NONE","39.058306","-77.13367133","    (39.058306, -77.13367133)"
"MCP1148002W","190016242","Montgomery County Police","Injury Crash","04/08/2019 07:23:00 AM","County","BETHESDA AVE","WISCONSIN AVE",,"N/A","PEDESTRIAN","SINGLE VEHICLE","CLEAR","WET","DAYLIGHT","TRAFFIC SIGNAL","NONE DETECTED","NONE DETECTED","7B4E485A-B4EC-4699-AAE4-7808CF43DD43","PEDESTRIAN","Cross/Enter at Intersection","NO IMPROPER ACTIONS","ON ROADWAY AT CROSSWALK","No","POSSIBLE INJURY","NONE","38.98089667","-77.09268667","    (38.98089667, -77.09268667)"
"MCP2813006L","190016184","Montgomery County Police","Injury Crash","04/07/2019 08:30:00 PM","Other Public Roadway","GLENMONT CIR #2","GEORGIA AVE",,"N/A","PEDESTRIAN","SINGLE VEHICLE","CLOUDY","DRY","DARK LIGHTS ON","TRAFFIC SIGNAL","N/A","N/A","44D01E05-3B4E-40D3-9752-4CE1279E23E9","PEDESTRIAN","Cross/Enter at Intersection","NO IMPROPER ACTIONS","ON ROADWAY AT CROSSWALK","No","SUSPECTED MINOR INJURY","N/A","39.05994167","-77.04713333","    (39.05994167, -77.04713333)"
"MCP1342002H","190016146","Montgomery County Police","Injury Crash","04/07/2019 01:00:00 PM","County","EDWARDS FERRY RD","WHITES FERRY RD",,"N/A","PEDESTRIAN","OTHER","CLOUDY","DRY","DAYLIGHT","NO CONTROLS","UNKNOWN","NONE DETECTED","8C25019A-0F8B-4E68-905E-3FD050FB7996","PEDESTRIAN","Standing","OTHER","ON ROADWAY NOT AT CROSSWALK","Unknown","SUSPECTED SERIOUS INJURY","N/A","39.15886","-77.45217","    (39.15886, -77.45217)"
"DD56230020","190016062","Rockville Police Departme","Injury Crash","04/06/2019 09:26:00 PM","Municipality","BEALL AVE #2","MARYLAND AVE",,"N/A","PEDESTRIAN","SINGLE VEHICLE","CLEAR","DRY","DARK LIGHTS ON","WARNING SIGN","NONE DETECTED","NONE DETECTED","6DFF71B6-2561-42ED-BED7-AF83F7E8693E","PEDESTRIAN","Cross/Enter at Intersection","NO IMPROPER ACTIONS","AT INTERSECTION MARKED CROSSWALK","No","POSSIBLE INJURY","NONE","39.08691583","-77.151425","    (39.08691583, -77.151425)"
"MCP2891007S","190015784","Montgomery County Police","Injury Crash","04/05/2019 06:20:00 AM","Maryland (State)","BURLINGTON AVE","GEORGIA AVE",,"N/A","PEDESTRIAN","SINGLE VEHICLE","RAINING","WET","DARK LIGHTS ON","TRAFFIC SIGNAL","NONE DETECTED","NONE DETECTED","5FFC6858-3C3B-487D-A302-77D45DFCD950","PEDESTRIAN","Cross/Enter at Intersection","NO IMPROPER ACTIONS","ON ROADWAY AT CROSSWALK","No","POSSIBLE INJURY","NONE","38.98728667","-77.02627833","    (38.98728667, -77.02627833)"
"MCP9422001P","190015766","Montgomery County Police","Injury Crash","04/04/2019 11:27:00 PM","Maryland (State)","NEW HAMPSHIRE AVE","THOMAS DR",,"N/A","OTHER CONVEYANCE","SINGLE VEHICLE","CLEAR","DRY","DARK NO LIGHTS","NO CONTROLS","NONE DETECTED","NONE DETECTED","546B6DF9-4924-4D3A-A878-BED81F927D7A","OTHER CONVEYANCE","Walking/Riding w/Traffic","IN ROADWAY IMPROPERLY","ON ROADWAY NOT AT CROSSWALK","Yes","SUSPECTED SERIOUS INJURY","NONE","39.066735","-77.00138667","    (39.066735, -77.00138667)"