"Report Number","Local Case Number","Agency Name","ACRS Report Type","Crash Date/Time","Route Type","Road Name","Cross-Street Name","Off-Road Description","Municipality","Related Non-Motorist","Collision Type","Weather","Surface Condition","Light","Traffic Control","Driver Substance Abuse","Non-Motorist Substance Abuse","Person ID","Pedestrian Type","Pedestrian Movement","Pedestrian Actions","Pedestrian Location","At Fault","Injury Severity","Safety Equipment","Latitude","Longitude","Location"
"MCP2788001P","180065156","Montgomery County Police","Injury Crash","12/30/2018 01:00:00 AM","Maryland (State)","VEIRS MILL RD","ENNALLS AVE",,"N/A","PEDESTRIAN","OTHER","CLEAR","DRY","DARK LIGHTS ON","NO CONTROLS","UNKNOWN","NONE DETECTED","1DDC6E3B-04BC-409A-98DA-29FB9A3D7843","PEDESTRIAN","Cross/Enter at Intersection","NO IMPROPER ACTIONS","ON ROADWAY AT CROSSWALK","No","SUSPECTED MINOR INJURY","NONE","39.03937833","-77.054055","    (39.03937833, -77.054055)"
"MCP3005004D","180065076","Montgomery County Police","Injury Crash","12/29/2018 02:30:00 PM","County","GRANDVIEW AVE","ENNALLS AVE",,"N/A","PEDESTRIAN","ANGLE MEETS LEFT TURN","CLEAR","N/A","DAYLIGHT","NO CONTROLS","NONE DETECTED","NONE DETECTED","C7743276-ADA8-4064-AA9D-5FA0768D98D1","PEDESTRIAN","Cross/Enter not at Intersection","DART DASH","ON ROADWAY NOT AT CROSSWALK","Yes","POSSIBLE INJURY","NONE","39.03958333","-77.052515","    (39.03958333, -77.052515)"
"DM84370022","180064994","Takoma Park Police Depart","Injury Crash","12/29/2018 12:07:00 AM","Municipality","KIRKLYNN AVE","HAMMOND AVE",,"TAKOMA PARK","PEDESTRIAN","OTHER","CLEAR","WET","DARK LIGHTS ON","NO CONTROLS","UNKNOWN","NONE DETECTED","C5FE9C28-B8E4-47DA-B94D-8228A41888D5","PEDESTRIAN","Cross/Enter at Intersection","NO IMPROPER ACTIONS","ON ROADWAY NOT AT CROSSWALK","No","POSSIBLE INJURY","NONE","38.97810685","-77.01635761","    (38.97810685, -77.01635761)"
"MCP28690032","180064933","Montgomery County Police","Injury Crash","12/28/2018 05:15:00 PM","County","REEDIE DR","FERN ST",,"N/A","PEDESTRIAN","OTHER","N/A","WET","DARK LIGHTS ON","TRAFFIC SIGNAL","N/A","N/A","B3520C2A-38E7-4745-8FFA-2186DE1DC3D4","PEDESTRIAN","Cross/Enter not at Intersection","IN ROADWAY IMPROPERLY","ON ROADWAY NOT AT CROSSWALK","Yes","POSSIBLE INJURY","N/A","39.03874","-77.04916167","    (39.03874, -77.04916167)"
"MCP2617006Q","180064692","Montgomery County Police","Injury Crash","12/27/2018 10:40:00 AM","County","BRIGHTVIEW ST","CONNECTICUT AVE SERVICE RD",,"N/A","PEDESTRIAN","OTHER","N/A","DRY","DAYLIGHT","NO CONTROLS","NONE DETECTED","NONE DETECTED","BCF8E6C3-7BA5-49F9-9641-B06AAE450499","PEDESTRIAN","Cross/Enter not at Intersection","UNKNOWN","ON ROADWAY NOT AT CROSSWALK","No","SUSPECTED MINOR INJURY","NONE","39.12640667","-77.072385","    (39.12640667, -77.072385)"
"DD5634000Z","180064599","Rockville Police Departme","Injury Crash","12/26/2018 06:00:00 PM","Maryland (State)","HUNGERFORD DR","N WASHINGTON ST",,"ROCKVILLE","PEDESTRIAN","OTHER","CLOUDY","DRY","DARK LIGHTS ON","TRAFFIC SIGNAL","NONE DETECTED","NONE DETECTED","FF9E8929-DF92-4282-8917-E26E3B421787","PEDESTRIAN","Cross/Enter at Intersection","NO IMPROPER ACTIONS","ON ROADWAY AT CROSSWALK","No","POSSIBLE INJURY","NONE","39.0920635","-77.15303667","    (39.0920635, -77.15303667)"
"DD5634000Z","180064599","Rockville Police Departme","Injury Crash","12/26/2018 06:00:00 PM","Maryland (State)","HUNGERFORD DR","N WASHINGTON ST",,"ROCKVILLE","PEDESTRIAN","OTHER","CLOUDY","DRY","DARK LIGHTS ON","TRAFFIC SIGNAL","NONE DETECTED","NONE DETECTED","30FD3B1A-7979-486C-9098-FB27FA26910A","PEDESTRIAN","Cross/Enter at Intersection","NO IMPROPER ACTIONS","ON ROADWAY AT CROSSWALK","No","POSSIBLE INJURY","NONE","39.0920635","-77.15303667","    (39.0920635, -77.15303667)"
"MCP27080043","180064590","Montgomery County Police","Injury Crash","12/26/2018 05:00:00 PM","Maryland (State)","PINEY BRANCH RD","FLOWER AVE",,"N/A","PEDESTRIAN","HEAD ON LEFT TURN","CLEAR","DRY","DUSK","TRAFFIC SIGNAL","NONE DETECTED","NONE DETECTED","0F06F111-E7C9-4CA0-B271-2EC1F5E2BAC5","PEDESTRIAN","Cross/Enter at Intersection","N/A","AT INTERSECTION MARKED CROSSWALK","No","SUSPECTED MINOR INJURY","NONE","38.99819333","-77.00348","    (38.99819333, -77.00348)"
"MCP3075001Y","180064588","Montgomery County Police","Injury Crash","12/26/2018 04:31:00 PM",,,,"11606 MIDDLEBROOK RD (SUNOCO PARKING LOT)",,"OTHER","OTHER","CLEAR",,"DAYLIGHT","N/A","NONE DETECTED","NONE DETECTED","F6A3B5C7-0083-45E3-A158-2C5A94A9B05C","OTHER","Other","NO IMPROPER ACTIONS","OTHER","No","POSSIBLE INJURY","N/A","39.17893833","-77.23947167","    (39.17893833, -77.23947167)"
"MCP2290001S","180064498","Montgomery County Police","Injury Crash","12/26/2018 08:32:00 AM",,,,"IFO 16567 S FREDERICK AVE (WEIS MARKET)",,"PEDESTRIAN","SINGLE VEHICLE","CLEAR",,"DAYLIGHT","N/A",,"UNKNOWN","D489AF8F-178B-404B-9524-58F54E821A47","PEDESTRIAN","Other","UNKNOWN","OTHER","Unknown","POSSIBLE INJURY","NONE","39.12602355","-77.1819099","    (39.12602355, -77.1819099)"
"MCP2291003D","180064385","Montgomery County Police","Injury Crash","12/24/2018 06:15:00 PM","County","BETHESDA AVE","WOODMONT AVE",,"N/A","BICYCLIST","SINGLE VEHICLE","CLEAR","DRY","DARK LIGHTS ON","NO CONTROLS","UNKNOWN","UNKNOWN","1FF44DE5-22A9-44AD-9BA8-E7D5589EEF10","BICYCLIST","Cross/Enter at Intersection","NO IMPROPER ACTIONS","SIDEWALK","No","SUSPECTED MINOR INJURY","UNKNOWN","38.99124433","-77.097848","    (38.99124433, -77.097848)"
"MCP3079001M","180064250","Montgomery County Police","Injury Crash","12/23/2018 08:44:00 PM","County","MIDDLEBROOK RD","ENT TO BUSINESS",,"N/A","PEDESTRIAN","OTHER","CLEAR","DRY","DARK LIGHTS ON","N/A","NONE DETECTED","ALCOHOL PRESENT","21EAB453-8059-4334-B847-5EE35D8F26B4","PEDESTRIAN","Cross/Enter not at Intersection","IN ROADWAY IMPROPERLY","ON ROADWAY NOT AT CROSSWALK","Yes","SUSPECTED MINOR INJURY","NONE","39.17553667","-77.25554167","    (39.17553667, -77.25554167)"
"MCP3073002T","180064023","Montgomery County Police","Injury Crash","12/22/2018 03:45:00 PM","County","ASPEN HILL RD","CONNECTICUT AVE",,"N/A","PEDESTRIAN","OTHER","N/A","N/A","DAYLIGHT","TRAFFIC SIGNAL","N/A","N/A","B9B4CFA6-5AE9-41CE-96A9-13FC5AD551CE","PEDESTRIAN","Cross/Enter at Intersection","N/A","ON ROADWAY AT CROSSWALK","No","SUSPECTED MINOR INJURY","N/A","39.07981","-77.08098167","    (39.07981, -77.08098167)"
"EJ7854002Q","180064002","Gaithersburg Police Depar","Injury Crash","12/22/2018 12:27:00 PM",,,,"880 RUSSELL AVE GAITHERSBURG MD PARKING LOT( COSTCO)",,"PEDESTRIAN","OTHER","N/A",,"DAYLIGHT","NO CONTROLS","N/A","NONE DETECTED","E515D529-A666-4209-BF16-A6CCBF55D7F8","PEDESTRIAN","Getting off/on Vehicle","NO IMPROPER ACTIONS","OTHER","No","SUSPECTED MINOR INJURY","N/A","39.15531","-77.21383667","    (39.15531, -77.21383667)"
"MCP3059003G","180063871","Montgomery County Police","Injury Crash","12/21/2018 07:00:00 PM",,,,"PARKING LOT OF 13615 GEORGIA AVE",,"PEDESTRIAN","OTHER","CLEAR",,"DUSK","N/A","UNKNOWN","NONE DETECTED","F683236B-C907-44F5-AAC6-A26AF23F65AB","PEDESTRIAN","Walking/Cycling on Sidewalk","NO IMPROPER ACTIONS","SIDEWALK","No","POSSIBLE INJURY","N/A","39.07891152","-77.07230682","    (39.07891152, -77.07230682)"
"MCP3059003G","180063871","Montgomery County Police","Injury Crash","12/21/2018 07:00:00 PM",,,,"PARKING LOT OF 13615 GEORGIA AVE",,"PEDESTRIAN","OTHER","CLEAR",,"DUSK","N/A","UNKNOWN","NONE DETECTED","59981897-F4E5-4159-8077-39D87DDEC1BD","PEDESTRIAN","Walking/Cycling on Sidewalk","NO IMPROPER ACTIONS","SIDEWALK","No","POSSIBLE INJURY","N/A","39.07891152","-77.07230682","    (39.07891152, -77.07230682)"
"MCP1554003T","180063880","Montgomery County Police","Injury Crash","12/21/2018 06:26:00 PM","County","E GUDE DR","CALHOUN DR",,"N/A","PEDESTRIAN","STRAIGHT MOVEMENT ANGLE","CLEAR","WET","DARK LIGHTS ON","FLASHING TRAFFIC SIGNAL","N/A","ALCOHOL PRESENT","0828B403-962B-4147-A100-7A4411B9EEFD","PEDESTRIAN","Cross/Enter not at Intersection","DART DASH","ON ROADWAY NOT AT CROSSWALK","Yes","SUSPECTED SERIOUS INJURY","N/A","39.10570667","-77.14493167","    (39.10570667, -77.14493167)"
"MCP00360092","180063858","Montgomery County Police","Injury Crash","12/21/2018 06:04:00 PM","Maryland (State)","WOODFIELD RD","VALLEY PARK DR",,"N/A","PEDESTRIAN","SINGLE VEHICLE","RAINING","WET","DARK NO LIGHTS","NO CONTROLS","NONE DETECTED","NONE DETECTED","62DBAD2A-D3D5-4DC1-8394-ADFEC8E2DF48","PEDESTRIAN","Cross/Enter not at Intersection","DART DASH","ON ROADWAY NOT AT CROSSWALK","Yes","POSSIBLE INJURY","NONE","39.27831167","-77.203655","    (39.27831167, -77.203655)"
"MCP2108000N","180063847","Montgomery County Police","Injury Crash","12/21/2018 04:15:00 PM","County","VICTORY LA","GAINSBOROUGH RD",,"N/A","PEDESTRIAN","SINGLE VEHICLE","CLOUDY","WET","DAYLIGHT","STOP SIGN",,"NONE DETECTED","CCDE8A05-8D11-4EBB-B534-86B0DF4E4750","PEDESTRIAN","Cross/Enter at Intersection","NO IMPROPER ACTIONS","ON ROADWAY AT CROSSWALK","No","SUSPECTED MINOR INJURY","NONE","39.0445","-77.17115833","    (39.0445, -77.17115833)"
"MCP1580009X","180063772","Montgomery County Police","Injury Crash","12/21/2018 12:02:00 PM","Maryland (State)","MIDCOUNTY HWY","SPUR TO SAYBROOKE OAKS BLVD",,"N/A","OTHER","HEAD ON LEFT TURN","CLOUDY","DRY","DAYLIGHT","TRAFFIC SIGNAL","NONE DETECTED","NONE DETECTED","8543F13E-F9DE-4D74-B3EA-35C25AE98C60","OTHER","Other Working","NO IMPROPER ACTIONS","OTHER","No","SUSPECTED SERIOUS INJURY","N/A","39.15054","-77.17428333","    (39.15054, -77.17428333)"
"MCP30890020","180063667","Montgomery County Police","Injury Crash","12/20/2018 08:33:00 PM","County","BROADBIRCH DR","CALVERTON BLVD (AHEAD)",,"N/A","PEDESTRIAN","SINGLE VEHICLE","RAINING","WET","DARK LIGHTS ON","TRAFFIC SIGNAL","UNKNOWN","N/A","1B7528F8-1F65-4815-91F3-A832818DC315","PEDESTRIAN","Cross/Enter at Intersection","N/A","AT INTERSECTION MARKED CROSSWALK","No","SUSPECTED MINOR INJURY","N/A","39.05601667","-76.95441167","    (39.05601667, -76.95441167)"
"MCP3109001T","180063578","Montgomery County Police","Injury Crash","12/20/2018 12:05:00 PM","County","WAYNE AVE","FENTON ST",,"N/A","PEDESTRIAN","SINGLE VEHICLE","CLOUDY","WET","DAYLIGHT","TRAFFIC SIGNAL","NONE DETECTED","NONE DETECTED","11F93A90-257F-414D-A0EC-3DCCB589FCAD","PEDESTRIAN","Cross/Enter at Intersection","UNKNOWN","ON ROADWAY AT CROSSWALK","Unknown","SUSPECTED MINOR INJURY","NONE","38.99513617","-77.02476733","    (38.99513617, -77.02476733)"
"MCP2546002M","180063485","Montgomery County Police","Fatal Crash","12/19/2018 08:17:00 PM","County","MIDDLEBROOK RD","RIDGECREST DR",,"N/A","PEDESTRIAN","OTHER","CLEAR","DRY","DARK LIGHTS ON","NO CONTROLS","NONE DETECTED","UNKNOWN","7D7FE669-3494-423D-A2EF-6F7501078ECF","PEDESTRIAN","Unknown","UNKNOWN","ON ROADWAY NOT AT CROSSWALK","Unknown","FATAL INJURY","NONE","39.175225","-77.257108","    (39.175225, -77.257108)"
"MCP3109001S","180063350","Montgomery County Police","Injury Crash","12/19/2018 11:45:00 AM","Maryland (State)","EAST WEST HWY","16TH ST",,"N/A","PEDESTRIAN","SAME DIR REAR END","CLEAR","DRY","DAYLIGHT","TRAFFIC SIGNAL","NONE DETECTED","NONE DETECTED","9C9CB870-5BB6-4277-B76C-AF4DD0EBFA2C","PEDESTRIAN","Cross/Enter at Intersection","IN ROADWAY IMPROPERLY","ON ROADWAY AT CROSSWALK","No","POSSIBLE INJURY","N/A","38.994154","-77.03639133","    (38.994154, -77.03639133)"
"DD5527001Z","180063320","Rockville Police Departme","Injury Crash","12/19/2018 08:33:00 AM","Municipality","SUNRISE DR","CRESTVIEW DR",,"ROCKVILLE","PEDESTRIAN","OTHER","CLEAR","DRY","DAYLIGHT","NO CONTROLS","NONE DETECTED","NONE DETECTED","12D266AE-AB8D-4CC4-84F5-5ECCFAEEA46D","PEDESTRIAN","Cross/Enter at Intersection","NO IMPROPER ACTIONS","AT INTERSECTION BUT NO CROSSWALK","No","SUSPECTED MINOR INJURY","NONE","39.09916","-77.15928333","    (39.09916, -77.15928333)"
"DD5527001Z","180063320","Rockville Police Departme","Injury Crash","12/19/2018 08:33:00 AM","Municipality","SUNRISE DR","CRESTVIEW DR",,"ROCKVILLE","PEDESTRIAN","OTHER","CLEAR","DRY","DAYLIGHT","NO CONTROLS","NONE DETECTED","NONE DETECTED","6C6F4640-E1F0-4ADE-8DA7-62E1B15F315C","PEDESTRIAN","Cross/Enter at Intersection","NO IMPROPER ACTIONS","N/A","No","SUSPECTED MINOR INJURY","NONE","39.09916","-77.15928333","    (39.09916, -77.15928333)"
"MCP209400CY","180063133","Montgomery County Police","Injury Crash","12/18/2018 10:43:00 AM","County","WOODMONT AVE","CORDELL AVE",,"N/A","PEDESTRIAN","OTHER","CLEAR","WET","DAYLIGHT","NO CONTROLS","NONE DETECTED","NONE DETECTED","C9A46963-A192-46C1-A99D-D7CA391736DE","PEDESTRIAN","Cross/Enter not at Intersection","IN ROADWAY IMPROPERLY","ON ROADWAY NOT AT CROSSWALK","Yes","SUSPECTED MINOR INJURY","N/A","38.99025","-77.0967","    (38.99025, -77.0967)"
"MCP1151008S","180063102","Montgomery County Police","Injury Crash","12/18/2018 07:50:00 AM","County","SENECA MEADOWS PKWY","CROSSOVER",,"N/A","PEDESTRIAN","OTHER","CLEAR","DRY","DAYLIGHT","N/A","NONE DETECTED","NONE DETECTED","0B940B8E-DBEB-44DB-9C93-9C15DC1C16E4","PEDESTRIAN","Cross/Enter at Intersection","NO IMPROPER ACTIONS","AT INTERSECTION BUT NO CROSSWALK","No","SUSPECTED MINOR INJURY","N/A","39.1967555","-77.25795483","    (39.1967555, -77.25795483)"
"MCP28660054","180063057","Montgomery County Police","Injury Crash","12/17/2018 07:56:00 PM","County","CEDAR LA","SAUL RD",,"N/A","PEDESTRIAN","OTHER","CLEAR","DRY","DARK LIGHTS ON","TRAFFIC SIGNAL","UNKNOWN","NONE DETECTED","18FF8A9B-CC47-4E6E-A8E3-E89F1D975197","PEDESTRIAN","Cross/Enter at Intersection","NO IMPROPER ACTIONS","AT INTERSECTION MARKED CROSSWALK","No","SUSPECTED MINOR INJURY","NONE","39.01665342","-77.08789371","    (39.01665342, -77.08789371)"
"DM8388002P","180062956","Takoma Park Police Depart","Injury Crash","12/17/2018 01:37:00 PM",,,,"PARKING LOT 1100 UNIVERSITY BLVD",,"PEDESTRIAN","N/A","CLEAR",,"DAYLIGHT","NO CONTROLS","NONE DETECTED","NONE DETECTED","BF1CB116-39F2-4829-BA8B-7C69246CBD4D","PEDESTRIAN","Cross/Enter not at Intersection","NO IMPROPER ACTIONS","OTHER","No","SUSPECTED MINOR INJURY","N/A","39.07586847","-77.11114121","    (39.07586847, -77.11114121)"
"MCP3122001Q","180063065","Montgomery County Police","Injury Crash","12/17/2018 09:08:00 AM","County","RANDOLPH RD","GEORGIA AVE",,"N/A","PEDESTRIAN","SINGLE VEHICLE","CLEAR","DRY","DARK LIGHTS ON","TRAFFIC SIGNAL","NONE DETECTED","NONE DETECTED","A62C3D06-157D-47A7-B3C4-75ED4A4CBD1B","PEDESTRIAN","Cross/Enter at Intersection","NO IMPROPER ACTIONS","ON ROADWAY AT CROSSWALK","No","POSSIBLE INJURY","N/A","39.05863167","-77.04986333","    (39.05863167, -77.04986333)"
"MCP2707001D","180062919","Montgomery County Police","Injury Crash","12/17/2018 08:00:00 AM","Maryland (State)","FREDERICK RD","RAMP 8 FR MD 355 SB TO IS 370 WB",,"N/A","PEDESTRIAN","SAME DIRECTION RIGHT TURN","CLEAR","DRY","DAYLIGHT","N/A","UNKNOWN","NONE DETECTED","0A3109EA-795A-49B6-94DB-8F54EA8E1C55","PEDESTRIAN","Cross/Enter at Intersection","INATTENTIVE","AT INTERSECTION MARKED CROSSWALK","No","SUSPECTED MINOR INJURY","NONE","39.12366524","-77.17905555","    (39.12366524, -77.17905555)"
"MCP2450002C","180062847","Montgomery County Police","Injury Crash","12/16/2018 08:55:00 PM","Maryland (State)","UNIVERSITY BLVD E","LANGLEY DR",,"N/A","PEDESTRIAN","OTHER","N/A","DRY","DARK NO LIGHTS","NO CONTROLS","NONE DETECTED","UNKNOWN","2072C8A0-98F5-4A8D-86F4-D650291DA5AE","PEDESTRIAN","Cross/Enter not at Intersection","IN ROADWAY IMPROPERLY","MEDIAN","Yes","POSSIBLE INJURY","N/A","39.00148167","-76.99569333","    (39.00148167, -76.99569333)"
"MCP30710013","180062823","Montgomery County Police","Property Damage Crash","12/16/2018 06:01:00 PM",,,,"IN FRONT OF 11408 BROOK RUN DR",,"PEDESTRIAN","OTHER","CLEAR",,"DARK LIGHTS ON","NO CONTROLS",,"NONE DETECTED","309B8CEE-3CB5-4976-8A54-C72814BFAEAF","PEDESTRIAN","Other","NO IMPROPER ACTIONS","SIDEWALK","Yes","NO APPARENT INJURY","NONE","39.19364333","-77.23738333","    (39.19364333, -77.23738333)"
"MCP2777004Z","180062705","Montgomery County Police","Injury Crash","12/15/2018 05:40:00 PM","County","WOODMONT AVE","HAMPDEN LA",,"N/A","PEDESTRIAN","OTHER","RAINING","WET","DARK LIGHTS ON","TRAFFIC SIGNAL","NONE DETECTED","NONE DETECTED","127ED9F2-9A58-4C6E-BA9D-83C78C196CDE","PEDESTRIAN","Cross/Enter at Intersection","NO IMPROPER ACTIONS","ON ROADWAY AT CROSSWALK","No","POSSIBLE INJURY","NONE","38.98231333","-77.09590833","    (38.98231333, -77.09590833)"
"MCP3139000X","180062701","Montgomery County Police","Injury Crash","12/15/2018 05:25:00 PM","County","LOCKWOOD DR","OAK LEAF DR",,"N/A","PEDESTRIAN","OTHER","RAINING","WET","DARK NO LIGHTS","N/A","N/A","N/A","30DAEC1F-6F35-4074-93BE-D7AB459DC2D3","PEDESTRIAN","Other","NOT VISIBLE","ON ROADWAY AT CROSSWALK","No","SUSPECTED MINOR INJURY","N/A","39.03799833","-76.99427167","    (39.03799833, -76.99427167)"
"MCP2563000V","180062526","Montgomery County Police","Fatal Crash","12/14/2018 05:19:00 PM","Maryland (State)","DARNESTOWN RD","ANCIENT OAK DR",,"N/A","PEDESTRIAN","SINGLE VEHICLE","RAINING","WET","DARK LIGHTS ON","NO CONTROLS","NONE DETECTED","UNKNOWN","400F46B5-4A53-4CCD-92B2-573C9E113736","PEDESTRIAN","Cross/Enter not at Intersection","UNKNOWN","ON ROADWAY NOT AT CROSSWALK","Unknown","FATAL INJURY","NONE","39.113173","-77.269542","    (39.113173, -77.269542)"
"MCP2603002G","180062405","Montgomery County Police","Injury Crash","12/14/2018 08:36:00 AM","County","SNOUFFERS SCHOOL RD","LEWISBERRY DR",,"N/A","PEDESTRIAN","OTHER","CLOUDY","N/A","DAYLIGHT","TRAFFIC SIGNAL","N/A","N/A","6052B498-AA78-4427-8C77-340E0E65C52F","PEDESTRIAN","Unknown","NO IMPROPER ACTIONS","ON ROADWAY AT CROSSWALK","No","SUSPECTED MINOR INJURY","N/A","39.18288","-77.182245","    (39.18288, -77.182245)"
"MCP1453006R","180062394","Montgomery County Police","Injury Crash","12/14/2018 07:19:00 AM","Maryland (State)","FREDERICK RD","PLUMMER DR",,"N/A","PEDESTRIAN","SINGLE VEHICLE","FOGGY","DRY","DAWN","TRAFFIC SIGNAL","NONE DETECTED","NONE DETECTED","D4D616B4-CB3C-48AB-9715-BD00A592214D","PEDESTRIAN","Cross/Enter at Intersection","NO IMPROPER ACTIONS","OTHER","No","SUSPECTED MINOR INJURY","N/A","39.18781821","-77.09425684","    (39.18781821, -77.09425684)"
"MCP29390030","180062302","Montgomery County Police","Injury Crash","12/13/2018 02:24:00 PM",,,,"PARKING LOT OF 18701 LIBERTY MILL RD, GERMANTOWN, MD",,"OTHER","OTHER","CLEAR",,"DAYLIGHT","NO CONTROLS","N/A","NONE DETECTED","6963145D-B034-4AB9-952E-F40F2E189EAA","OTHER","Other","INATTENTIVE","OTHER","Yes","POSSIBLE INJURY","NONE","39.16296572","-77.28218631","    (39.16296572, -77.28218631)"
"MCP2799004L","180061322","Montgomery County Police","Injury Crash","12/13/2018 12:00:00 AM","County","CHERRY HILL RD","BROADBIRCH DR",,"N/A","PEDESTRIAN","SINGLE VEHICLE","CLEAR","DRY","DARK LIGHTS ON","NO CONTROLS","ILLEGAL DRUG CONTRIBUTED","NONE DETECTED","A7BDDB32-BD6D-4D15-A8C4-EDF60BBCBD15","PEDESTRIAN","Other","OTHER","SHOULDER","No","SUSPECTED MINOR INJURY","NONE","39.09495667","-76.92988833","    (39.09495667, -76.92988833)"
"MCP2305001K","180062132","Montgomery County Police","Injury Crash","12/12/2018 10:23:00 PM","Maryland (State)","GERMANTOWN RD","CRYSTAL ROCK DR",,"N/A","PEDESTRIAN","STRAIGHT MOVEMENT ANGLE","N/A","DRY","DARK LIGHTS ON","TRAFFIC SIGNAL","N/A","NONE DETECTED","573B6997-8571-4C18-8E0B-539C89AA4516","PEDESTRIAN","Cross/Enter at Intersection","DART DASH","ON ROADWAY NOT AT CROSSWALK","Yes","SUSPECTED MINOR INJURY","NONE","39.18122333","-77.262205","    (39.18122333, -77.262205)"
"MCP2756002D","180061932","Montgomery County Police","Injury Crash","12/11/2018 06:45:00 PM",,,,"DRIVEWAY LEAVING 2119 UNIVERSITY BLVD. W. SILVER SPRING, MD 20902.",,"PEDESTRIAN","STRAIGHT MOVEMENT ANGLE","CLEAR",,"DARK LIGHTS ON","NO CONTROLS","NONE DETECTED","NONE DETECTED","F5D9628F-9B39-4D10-A20B-73DE6792A5D9","PEDESTRIAN","Walking/Cycling on Sidewalk","NO IMPROPER ACTIONS","SIDEWALK","No","POSSIBLE INJURY","NONE","39.04126333","-77.04747833","    (39.04126333, -77.04747833)"
"MCP25880055","180061797","Montgomery County Police","Injury Crash","12/11/2018 05:53:00 AM","County","PARKLAND DR","VEIRS MILL RD",,"N/A","PEDESTRIAN","OTHER","CLEAR","DRY","DARK NO LIGHTS","TRAFFIC SIGNAL","NONE DETECTED","NONE DETECTED","52D77901-A0C1-44A1-81CD-28BA35AF8178","PEDESTRIAN","Cross/Enter at Intersection","NO IMPROPER ACTIONS","ON ROADWAY AT CROSSWALK","No","SUSPECTED MINOR INJURY","N/A","39.06169333","-77.09196833","    (39.06169333, -77.09196833)"
"MCP30020030","180061734","Montgomery County Police","Injury Crash","12/10/2018 05:20:00 PM","Government","LITTLE FALLS PKWY","ARLINGTON RD",,"N/A","PEDESTRIAN","OTHER","CLEAR","DRY","DARK LIGHTS ON","NO CONTROLS","NONE DETECTED","NONE DETECTED","EF4FEA7C-2502-40EA-8234-FE6B876B3F19","PEDESTRIAN","Cross/Enter not at Intersection","FAILURE TO YIELD RIGHT OF WAY","ON ROADWAY AT CROSSWALK","Yes","SUSPECTED MINOR INJURY","NONE","38.97350833","-77.10131167","    (38.97350833, -77.10131167)"
"MCP30020030","180061734","Montgomery County Police","Injury Crash","12/10/2018 05:20:00 PM","Government","LITTLE FALLS PKWY","ARLINGTON RD",,"N/A","PEDESTRIAN","OTHER","CLEAR","DRY","DARK LIGHTS ON","NO CONTROLS","NONE DETECTED","NONE DETECTED","215681E4-2F01-48F5-A310-E076407527B4","PEDESTRIAN","Cross/Enter not at Intersection","FAILURE TO YIELD RIGHT OF WAY","ON ROADWAY AT CROSSWALK","Yes","NO APPARENT INJURY","NONE","38.97350833","-77.10131167","    (38.97350833, -77.10131167)"
"MCP2995003V","180061595","Montgomery County Police","Injury Crash","12/09/2018 09:45:00 PM","Maryland (State)","GEORGIA AVE","WENDY LA",,"N/A","PEDESTRIAN","OTHER","CLEAR","DRY","DARK NO LIGHTS","NO CONTROLS","NONE DETECTED","N/A","09CC9F14-A5A8-4503-A90C-E06B77C00D15","PEDESTRIAN","Getting off/on Vehicle","DART DASH","ON ROADWAY NOT AT CROSSWALK","Yes","SUSPECTED SERIOUS INJURY","N/A","39.07944667","-77.0737","    (39.07944667, -77.0737)"
"MCP29310036","180061594","Montgomery County Police","Injury Crash","12/09/2018 08:24:00 PM",,,,"PARKING LOT OF 2210 VEIRS MILL RD",,"PEDESTRIAN","N/A","CLEAR",,"DARK NO LIGHTS","N/A","UNKNOWN","N/A","D8C135A1-3072-400F-BC4D-3375C2CE11F1","PEDESTRIAN","Other","IN ROADWAY IMPROPERLY","OTHER","Yes","POSSIBLE INJURY","N/A","39.07514162","-77.11436649","    (39.07514162, -77.11436649)"
"MCP3078002L","180061491","Montgomery County Police","Injury Crash","12/09/2018 02:23:00 AM",,,,"14400 TAOS COURT",,"PEDESTRIAN","OTHER","CLEAR",,"DARK LIGHTS ON","N/A","UNKNOWN","NONE DETECTED","D456826E-F980-45C2-880C-0ACE34EE5999","PEDESTRIAN","Standing","NO IMPROPER ACTIONS","OTHER","No","SUSPECTED MINOR INJURY","N/A","39.03722","-77.04036","    (39.03722, -77.04036)"
"MCP3078002K","180061458","Montgomery County Police","Injury Crash","12/08/2018 09:35:00 PM","Maryland (State)","GEORGIA AVE","CONNECTICUT AVE",,"N/A","PEDESTRIAN","SINGLE VEHICLE","CLEAR","DRY","DARK LIGHTS ON","TRAFFIC SIGNAL","NONE DETECTED","NONE DETECTED","D6B33432-EC18-4174-B174-97DAD4F10B26","PEDESTRIAN","Cross/Enter at Intersection","NO IMPROPER ACTIONS","ON ROADWAY AT CROSSWALK","No","SUSPECTED MINOR INJURY","N/A","39.08388","-77.077535","    (39.08388, -77.077535)"
"MCP3074002W","180061167","Montgomery County Police","Injury Crash","12/07/2018 08:04:00 AM","County","TIMBERWOOD AVE","COLESVILLE RD",,"N/A","PEDESTRIAN","SINGLE VEHICLE","CLEAR","DRY","DAYLIGHT","NO CONTROLS","UNKNOWN","N/A","E20863AE-0C17-4DCA-8A6B-4458C1719819","PEDESTRIAN","Cross/Enter at Intersection","NO IMPROPER ACTIONS","ON ROADWAY NOT AT CROSSWALK","No","POSSIBLE INJURY","NONE","39.02100667","-77.011585","    (39.02100667, -77.011585)"
"MCP28590065","180061198","Montgomery County Police","Injury Crash","12/07/2018 07:10:00 AM","Municipality","STORY DR","SCHOOL DR",,"GAITHERSBURG","PEDESTRIAN","OTHER","CLEAR","DRY","DARK LIGHTS ON","STOP SIGN","NONE DETECTED","NONE DETECTED","41BCD5DD-7889-41B6-8C04-69576DA1463E","PEDESTRIAN","Cross/Enter at Intersection","NO IMPROPER ACTIONS","ON ROADWAY AT CROSSWALK","No","POSSIBLE INJURY","NONE","39.1191131","-77.21297291","    (39.1191131, -77.21297291)"
"MCP2586004H","180061120","Montgomery County Police","Injury Crash","12/06/2018 09:27:00 PM","Maryland (State)","GEORGIA AVE","BLUERIDGE AVE",,"N/A","PEDESTRIAN","OTHER","CLEAR","DRY","DARK NO LIGHTS","NO CONTROLS","NONE DETECTED","ALCOHOL PRESENT","2826741D-75E8-489C-B228-8A776C35FEED","PEDESTRIAN","Cross/Enter not at Intersection","IN ROADWAY IMPROPERLY","ON ROADWAY NOT AT CROSSWALK","Yes","SUSPECTED SERIOUS INJURY","NONE","39.04464048","-77.05215579","    (39.04464048, -77.05215579)"