"Report Number","Local Case Number","Agency Name","ACRS Report Type","Crash Date/Time","Route Type","Road Name","Cross-Street Name","Off-Road Description","Municipality","Related Non-Motorist","Collision Type","Weather","Surface Condition","Light","Traffic Control","Driver Substance Abuse","Non-Motorist Substance Abuse","Person ID","Pedestrian Type","Pedestrian Movement","Pedestrian Actions","Pedestrian Location","At Fault","Injury Severity","Safety Equipment","Latitude","Longitude","Location"
"MCP229800LW","180061068","Montgomery County Police","Injury Crash","12/06/2018 05:43:00 PM","Maryland (State)","FREDERICK RD","ENT TO FOX CHAPEL CENTER",,"N/A","PEDESTRIAN","OTHER","CLOUDY","DRY","DARK LIGHTS ON","TRAFFIC SIGNAL","NONE DETECTED","NONE DETECTED","270C43B8-0A84-498E-AE61-5B51B0C51963","PEDESTRIAN","Cross/Enter at Intersection","NO IMPROPER ACTIONS","ON ROADWAY AT CROSSWALK","No","POSSIBLE INJURY","NONE","39.17849817","-77.238437","    (39.17849817, -77.238437)"
"MCP1554003P","180061055","Montgomery County Police","Injury Crash","12/06/2018 05:03:00 PM","County","CRABBS BRANCH WAY","INDIANOLA DR",,"N/A","BICYCLIST","HEAD ON LEFT TURN","CLEAR","DRY","DARK LIGHTS ON","TRAFFIC SIGNAL","NONE DETECTED","NONE DETECTED","5D49E806-A1EA-4A51-AE22-DC4C02421D9E","BICYCLIST","Cross/Enter at Intersection","DART DASH","ON ROADWAY AT CROSSWALK","Yes","SUSPECTED MINOR INJURY","NONE","39.11475343","-77.15695297","    (39.11475343, -77.15695297)"
"MCP2039004Q","180060959","Montgomery County Police","Injury Crash","12/06/2018 09:10:00 AM","County","MAGELLAN AVE","IRIS ST",,"N/A","PEDESTRIAN","STRAIGHT MOVEMENT ANGLE","CLOUDY","DRY","DAYLIGHT","NO CONTROLS","N/A","N/A","B21C6AC3-9595-46CC-B83F-30757FA93CD4","PEDESTRIAN","Cross/Enter not at Intersection","DART DASH","ON ROADWAY NOT AT CROSSWALK","Yes","POSSIBLE INJURY","N/A","39.074915","-77.092645","    (39.074915, -77.092645)"
"MCP29660058","180060893","Montgomery County Police","Injury Crash","12/05/2018 07:50:00 PM","Maryland (State)","VEIRS MILL RD","ROBINDALE DR",,"N/A","PEDESTRIAN","OTHER","CLEAR","DRY","DARK -- UNKNOWN LIGHTING","TRAFFIC SIGNAL","NONE DETECTED","NONE DETECTED","35C148D5-9818-4A2C-A989-138B125E1193","PEDESTRIAN","Cross/Enter at Intersection","FAILURE TO OBEY TRAFFIC SIGNS SIGNALS OR OFFICER","ON ROADWAY AT CROSSWALK","No","SUSPECTED MINOR INJURY","NONE","39.06327","-77.09502333","    (39.06327, -77.09502333)"
"MCP3063001B","180060695","Montgomery County Police","Injury Crash","12/04/2018 07:52:00 PM","County","MCKNEW RD","CEDAR TREE DR",,"N/A","PEDESTRIAN","N/A","CLEAR","N/A","DARK NO LIGHTS","STOP SIGN","N/A","N/A","EDBB1CEB-E55A-4CBA-8346-DB861FBE1859","PEDESTRIAN","Cross/Enter at Intersection","INATTENTIVE","ON ROADWAY AT CROSSWALK","No","SUSPECTED MINOR INJURY","N/A","39.10219698","-76.92280968","    (39.10219698, -76.92280968)"
"MCP3145000R","180060674","Montgomery County Police","Injury Crash","12/04/2018 05:15:00 PM",,,,"H-MART PARKING LOT.  12015 GEORGIA AVE WHEATON, MD",,"PEDESTRIAN","SINGLE VEHICLE","CLEAR",,"DUSK","NO CONTROLS","N/A","N/A","A3A9BCB4-65AA-47C0-8F43-CE97B2B8A400","PEDESTRIAN","Cross/Enter at Intersection","NO IMPROPER ACTIONS","AT INTERSECTION MARKED CROSSWALK","No","POSSIBLE INJURY","NONE","39.0521579","-77.04933537","    (39.0521579, -77.04933537)"
"MCP2965003K","180060606","Montgomery County Police","Injury Crash","12/04/2018 12:36:00 PM","County","HEURICH RD","RANDOLPH RD",,"N/A","BICYCLIST","OTHER","CLOUDY","DRY","DAYLIGHT","STOP SIGN","NONE DETECTED","NONE DETECTED","6B352B03-824C-4945-B667-51D181E602CB","BICYCLIST","Cross/Enter at Intersection","NO IMPROPER ACTIONS","ON ROADWAY AT CROSSWALK","No","POSSIBLE INJURY","MC/BIKE HELMET","39.062445","-77.04177667","    (39.062445, -77.04177667)"
"MCP2231004D","180060385","Montgomery County Police","Injury Crash","12/03/2018 11:09:00 AM","Maryland (State)","QUINCE ORCHARD RD","RAMP 7 FR MD 124 WB TO IS 270 SB",,"N/A","PEDESTRIAN","SINGLE VEHICLE","CLEAR","DRY","DAYLIGHT","NO CONTROLS","NONE DETECTED","NONE DETECTED","5B22DE0A-8C19-4443-B842-3B968343E6BE","PEDESTRIAN","Cross/Enter not at Intersection","IN ROADWAY IMPROPERLY","ON ROADWAY NOT AT CROSSWALK","Yes","POSSIBLE INJURY","N/A","39.14846667","-77.217555","    (39.14846667, -77.217555)"
"MCP3020002Y","180060374","Montgomery County Police","Injury Crash","12/03/2018 10:30:00 AM",,,,"REAR PARKING LOT OF 3305 N LEISURE WORLD BLVD",,"PEDESTRIAN","SINGLE VEHICLE","CLEAR",,"DAYLIGHT","NO CONTROLS","NONE DETECTED","NONE DETECTED","C2C0530A-795B-4D30-B6CE-C48875D5AC1E","PEDESTRIAN","Other","NO IMPROPER ACTIONS","OTHER","No","POSSIBLE INJURY","N/A","39.10924304","-77.06466036","    (39.10924304, -77.06466036)"
"MCP2919005L","180060267","Montgomery County Police","Injury Crash","12/02/2018 05:29:00 PM","Maryland (State)","UNIVERSITY BLVD E","PATTON DR",,"N/A","PEDESTRIAN","OTHER","CLEAR","DRY","DARK LIGHTS ON","N/A","NONE DETECTED","NONE DETECTED","FE7F5EAE-B949-413D-B117-696B3473A989","PEDESTRIAN","Cross/Enter not at Intersection","IN ROADWAY IMPROPERLY","ON ROADWAY NOT AT CROSSWALK","Yes","SUSPECTED SERIOUS INJURY","N/A","39.00212667","-76.99577667","    (39.00212667, -76.99577667)"
"MCP9130006K","180060238","Montgomery County Police","Injury Crash","12/02/2018 02:28:00 PM",,,,"PARKING LOT OF 807 DALEVIEW DRIVE
MONTGOMERY KNOLLS ELEMENTARY SCHOOL",,"PEDESTRIAN","OTHER","CLOUDY",,"DAYLIGHT","N/A","NONE DETECTED","NONE DETECTED","F1E3C5A3-21D1-4AED-AABD-4FDFAC07B2DF","PEDESTRIAN","Other","OTHER","OTHER","No","POSSIBLE INJURY","NONE","39.0056","-76.99393333","    (39.0056, -76.99393333)"
"MCP20460098","180059937","Montgomery County Police","Injury Crash","11/30/2018 05:32:00 PM","County","BRIGGS CHANEY RD","ASTON MANOR DR",,"N/A","PEDESTRIAN","OTHER","CLEAR","DRY","DARK LIGHTS ON","NO CONTROLS","NONE DETECTED","NONE DETECTED","9A37E85E-CAB4-48ED-841F-E9862B93C8D0","PEDESTRIAN","Cross/Enter at Intersection","NO IMPROPER ACTIONS","AT INTERSECTION BUT NO CROSSWALK","No","POSSIBLE INJURY","N/A","39.07589015","-76.94114938","    (39.07589015, -76.94114938)"
"MCP20460098","180059937","Montgomery County Police","Injury Crash","11/30/2018 05:32:00 PM","County","BRIGGS CHANEY RD","ASTON MANOR DR",,"N/A","PEDESTRIAN","OTHER","CLEAR","DRY","DARK LIGHTS ON","NO CONTROLS","NONE DETECTED","NONE DETECTED","7179F634-96B1-4A6B-9C35-DB20847FDD6B","PEDESTRIAN","Cross/Enter at Intersection","NO IMPROPER ACTIONS","AT INTERSECTION BUT NO CROSSWALK","No","POSSIBLE INJURY","N/A","39.07589015","-76.94114938","    (39.07589015, -76.94114938)"
"MCP229800LT","180059934","Montgomery County Police","Injury Crash","11/30/2018 03:48:00 PM",,,,"PARKING LOT OF 26004 BRIGADIER PLACE",,"OTHER","SINGLE VEHICLE","CLEAR",,"N/A","NO CONTROLS","NONE DETECTED","NONE DETECTED","505860F5-9186-4191-A5B6-F8DAE1A9723E","OTHER","N/A","NO IMPROPER ACTIONS","N/A","No","SUSPECTED SERIOUS INJURY","N/A","39.28291042","-77.20547411","    (39.28291042, -77.20547411)"
"MCP229800LT","180059934","Montgomery County Police","Injury Crash","11/30/2018 03:48:00 PM",,,,"PARKING LOT OF 26004 BRIGADIER PLACE",,"OTHER","SINGLE VEHICLE","CLEAR",,"N/A","NO CONTROLS","NONE DETECTED","NONE DETECTED","DD154773-661B-4877-A002-E165358086F9","OTHER","N/A","NO IMPROPER ACTIONS","N/A","No","SUSPECTED MINOR INJURY","N/A","39.28291042","-77.20547411","    (39.28291042, -77.20547411)"
"MCP229800LT","180059934","Montgomery County Police","Injury Crash","11/30/2018 03:48:00 PM",,,,"PARKING LOT OF 26004 BRIGADIER PLACE",,"OTHER","SINGLE VEHICLE","CLEAR",,"N/A","NO CONTROLS","NONE DETECTED","NONE DETECTED","943F09FD-0C99-47CC-967E-F39EB5F66996","OTHER","N/A","NO IMPROPER ACTIONS","N/A","No","NO APPARENT INJURY","N/A","39.28291042","-77.20547411","    (39.28291042, -77.20547411)"
"MCP229800LT","180059934","Montgomery County Police","Injury Crash","11/30/2018 03:48:00 PM",,,,"PARKING LOT OF 26004 BRIGADIER PLACE",,"OTHER","SINGLE VEHICLE","CLEAR",,"N/A","NO CONTROLS","NONE DETECTED","NONE DETECTED","C085A63B-4CAF-4A45-A67B-9EEC1752DA87","OTHER","N/A","NO IMPROPER ACTIONS","N/A","No","NO APPARENT INJURY","N/A","39.28291042","-77.20547411","    (39.28291042, -77.20547411)"
"MCP2290001Q","180059883","Montgomery County Police","Injury Crash","11/30/2018 01:02:00 PM",,,,"PARKING LOT IFO 625 HUNGERFORD DR (GIANT)",,"PEDESTRIAN","SINGLE VEHICLE","CLEAR",,"DAYLIGHT","N/A","NONE DETECTED","NONE DETECTED","FFD03A9E-D5FA-431B-857C-ACCD6DFD39EE","PEDESTRIAN","Other","N/A","OTHER","No","SUSPECTED MINOR INJURY","N/A","39.09270667","-77.15239667","    (39.09270667, -77.15239667)"
"EJ7851003T","180059995","Gaithersburg Police Depar","Injury Crash","11/30/2018 07:30:00 AM","County","WARING STATION RD","FOREST BROOK RD",,"N/A","PEDESTRIAN","N/A","CLEAR","DRY","DAWN","UNKNOWN","UNKNOWN","NONE DETECTED","E23A7912-F81F-4EAF-86E8-8ABA67C95F39","PEDESTRIAN","Unknown","NO IMPROPER ACTIONS","SIDEWALK","No","POSSIBLE INJURY","NONE","39.16903935","-77.24741924","    (39.16903935, -77.24741924)"
"MCP30950018","180059724","Montgomery County Police","Injury Crash","11/29/2018 05:37:00 PM","County","FAIRLAND RD","COLUMBIA PIKE",,"N/A","PEDESTRIAN","OTHER","CLEAR","N/A","DARK -- UNKNOWN LIGHTING","N/A","N/A","N/A","E26296C9-75FA-46FA-885E-5C18C5DF650E","PEDESTRIAN","Cross/Enter at Intersection","UNKNOWN","ON ROADWAY NOT AT CROSSWALK","Yes","SUSPECTED MINOR INJURY","N/A","39.07361833","-76.95545833","    (39.07361833, -76.95545833)"
"MCP2001000Z","180059739","Montgomery County Police","Fatal Crash","11/29/2018 05:25:00 PM","County","OLD GEORGETOWN RD","KINGSWOOD RD",,"N/A","PEDESTRIAN","SINGLE VEHICLE","CLEAR","DRY","DARK NO LIGHTS","NO CONTROLS","NONE DETECTED","N/A","D3246F17-B64E-42AA-93E3-C81E3CB85EDE","PEDESTRIAN","Cross/Enter not at Intersection","UNKNOWN","ON ROADWAY NOT AT CROSSWALK","Unknown","FATAL INJURY","N/A","39.01835167","-77.12049","    (39.01835167, -77.12049)"
"MCP2637002W","180059668","Montgomery County Police","Injury Crash","11/29/2018 10:46:00 AM","County","GLEN RD","THREE SISTERS RD",,"N/A","BICYCLIST","OTHER","CLEAR","DRY","DAYLIGHT","NO CONTROLS","N/A","NONE DETECTED","61360C87-1F16-4459-9CB9-74D57F9203A2","BICYCLIST","Walking/Riding w/Traffic","OTHER","OTHER","No","POSSIBLE INJURY","MC/BIKE HELMET","39.06331013","-77.25126765","    (39.06331013, -77.25126765)"
"MCP24370030","180059552","Montgomery County Police","Injury Crash","11/28/2018 06:08:00 PM","County","CONNECTICUT AVE","GRAND PRE RD",,"N/A","PEDESTRIAN","SINGLE VEHICLE","CLEAR","DRY","DARK LIGHTS ON","NO CONTROLS","NONE DETECTED","NONE DETECTED","4592C5C6-2E33-411C-A41A-F93FB41C8E5A","PEDESTRIAN","Cross/Enter at Intersection","NO IMPROPER ACTIONS","AT INTERSECTION BUT NO CROSSWALK","No","POSSIBLE INJURY","NONE","39.08919762","-77.07198089","    (39.08919762, -77.07198089)"
"MCP2905004D","180059538","Montgomery County Police","Injury Crash","11/28/2018 05:16:00 PM","County","WOODMONT AVE","BATTERY LA",,"N/A","PEDESTRIAN","SINGLE VEHICLE","CLEAR","DRY","DARK LIGHTS ON","TRAFFIC SIGNAL","N/A","N/A","941D0C60-61F0-4A6D-9122-083CF7ADAF13","PEDESTRIAN","Cross/Enter not at Intersection","NOT VISIBLE","ON ROADWAY NOT AT CROSSWALK","Yes","POSSIBLE INJURY","NONE","38.9927614","-77.09704548","    (38.9927614, -77.09704548)"
"DD5631001H","180059461","Rockville Police Departme","Injury Crash","11/28/2018 12:30:00 PM","Municipality","E MIDDLE LA","MARYLAND AVE",,"ROCKVILLE","PEDESTRIAN","OTHER","CLEAR","DRY","DAYLIGHT","STOP SIGN","NONE DETECTED","NONE DETECTED","DA0BEF07-CF36-42F7-8289-9B531FC4987D","PEDESTRIAN","Cross/Enter at Intersection","NO IMPROPER ACTIONS","ON ROADWAY AT CROSSWALK","No","SUSPECTED MINOR INJURY","NONE","39.08479667","-77.15058","    (39.08479667, -77.15058)"
"MCP2617006J","180059336","Montgomery County Police","Property Damage Crash","11/27/2018 06:20:00 PM","Maryland (State)","OLNEY LAYTONSVILLE RD","SPUR FR MD 97",,"N/A","PEDESTRIAN","OTHER","CLEAR","DRY","DARK LIGHTS ON","NO CONTROLS","NONE DETECTED","ALCOHOL PRESENT","93BF5695-ABF6-4243-91E9-E7D826E624E9","PEDESTRIAN","Cross/Enter not at Intersection","DART DASH","MEDIAN","Yes","NO APPARENT INJURY","NONE","39.15363833","-77.06758333","    (39.15363833, -77.06758333)"
"HA23050005","18001634","Maryland-National Capital","Injury Crash","11/26/2018 05:13:00 PM","Government","BEACH DR","NO NAME",,"N/A","PEDESTRIAN","HEAD ON LEFT TURN","CLEAR","DRY","DARK NO LIGHTS","STOP SIGN","UNKNOWN","NONE DETECTED","1D76FD69-5316-4A8A-9E07-D39E45AF31B5","PEDESTRIAN","Cross/Enter at Intersection","NO IMPROPER ACTIONS","ON ROADWAY AT CROSSWALK","No","POSSIBLE INJURY","N/A","39.05922167","-77.06507833","    (39.05922167, -77.06507833)"
"MCP3079001H","180059127","Montgomery County Police","Injury Crash","11/26/2018 04:18:00 PM","County","MIDDLEBROOK RD","CRYSTAL ROCK DR",,"N/A","PEDESTRIAN","OTHER","RAINING","WET","DAYLIGHT","TRAFFIC SIGNAL","NONE DETECTED","NONE DETECTED","65CEA0DD-B4B3-4BE4-9F62-00420AFB42A0","PEDESTRIAN","Cross/Enter at Intersection","FAILURE TO YIELD RIGHT OF WAY","ON ROADWAY AT CROSSWALK","Yes","SUSPECTED MINOR INJURY","NONE","39.17686311","-77.2643746","    (39.17686311, -77.2643746)"
"MCP3048004B","180059044","Montgomery County Police","Injury Crash","11/26/2018 08:07:00 AM","County","FRIENDSHIP BLVD","WILLARD AVE",,"N/A","PEDESTRIAN","HEAD ON LEFT TURN","RAINING","WET","DAYLIGHT","TRAFFIC SIGNAL","N/A","N/A","37DF3148-B683-44AC-8DC8-AC750E6E90BA","PEDESTRIAN","Cross/Enter at Intersection","DART DASH","ON ROADWAY AT CROSSWALK","No","SUSPECTED MINOR INJURY","NONE","38.961945","-77.08896667","    (38.961945, -77.08896667)"
"MCP2789005B","180058992","Montgomery County Police","Injury Crash","11/25/2018 06:39:00 PM","Maryland (State)","COLESVILLE RD","EAST WEST HWY",,"N/A","PEDESTRIAN","SINGLE VEHICLE","CLEAR","DRY","DARK LIGHTS ON","TRAFFIC SIGNAL","N/A","N/A","68DFD821-06C2-4A9D-89CD-275920E6A41D","PEDESTRIAN","Cross/Enter at Intersection","INATTENTIVE","AT INTERSECTION MARKED CROSSWALK","Yes","POSSIBLE INJURY","NONE","38.99607833","-77.02777333","    (38.99607833, -77.02777333)"
"MCP25980022","180058978","Montgomery County Police","Injury Crash","11/25/2018 05:01:00 PM","County","BONIFANT ST","GEORGIA AVE",,"N/A","PEDESTRIAN","STRAIGHT MOVEMENT ANGLE","CLEAR","DRY","DARK LIGHTS ON","NO CONTROLS","NONE DETECTED","NONE DETECTED","05032B3E-FEC6-4EC7-B089-C4375E9BA1D4","PEDESTRIAN","Cross/Enter not at Intersection","INATTENTIVE","ON ROADWAY NOT AT CROSSWALK","Yes","POSSIBLE INJURY","NONE","38.99346635","-77.0261458","    (38.99346635, -77.0261458)"
"MCP2889003H","180058839","Montgomery County Police","Injury Crash","11/24/2018 05:42:00 PM","Maryland (State)","GEORGIA AVE","BLUERIDGE AVE",,"N/A","PEDESTRIAN","OTHER","RAINING","WET","DARK LIGHTS ON","TRAFFIC SIGNAL","NONE DETECTED","NONE DETECTED","C1B9F296-8C35-433C-A46A-355371852554","PEDESTRIAN","Cross/Enter at Intersection","NO IMPROPER ACTIONS","ON ROADWAY AT CROSSWALK","No","POSSIBLE INJURY","NONE","39.04306621","-77.05194301","    (39.04306621, -77.05194301)"
"MCP3124001J","180058705","Montgomery County Police","Injury Crash","11/23/2018 06:00:00 PM","Maryland (State)","CONNECTICUT AVE","ASPEN HILL RD",,"N/A","PEDESTRIAN","OTHER","CLEAR","DRY","DARK -- UNKNOWN LIGHTING","TRAFFIC SIGNAL","NONE DETECTED","N/A","02786320-BBD7-45D4-AF83-1E709E4A80A2","PEDESTRIAN","Cross/Enter at Intersection","DART DASH","ON ROADWAY AT CROSSWALK","Unknown","SUSPECTED MINOR INJURY","NONE","39.08024052","-77.08069878","    (39.08024052, -77.08069878)"
"DD56350005","180058434","Rockville Police Departme","Injury Crash","11/21/2018 03:42:00 PM","Maryland (State)","E JEFFERSON ST","MONROE ST",,"ROCKVILLE","BICYCLIST","STRAIGHT MOVEMENT ANGLE","CLEAR","DRY","DAYLIGHT","TRAFFIC SIGNAL","NONE DETECTED","NONE DETECTED","DB5B991B-1B75-4542-B550-5A0C6933C4CC","BICYCLIST","Cross/Enter at Intersection","FAILURE TO YIELD RIGHT OF WAY","ON ROADWAY NOT AT CROSSWALK","Yes","POSSIBLE INJURY","NONE","39.082399","-77.14948783","    (39.082399, -77.14948783)"
"MCP3148000T","180058375","Montgomery County Police","Injury Crash","11/21/2018 07:10:00 AM","County","BANGOR DR","WAYCROSS WAY",,"N/A","PEDESTRIAN","HEAD ON","CLEAR","N/A","DAYLIGHT","N/A","UNKNOWN","N/A","E8E679AC-4B45-4214-9C0C-CD11D33728E4","PEDESTRIAN","Standing","NO IMPROPER ACTIONS","ON ROADWAY NOT AT CROSSWALK","No","SUSPECTED MINOR INJURY","N/A","38.99745167","-77.1098","    (38.99745167, -77.1098)"
"MCP27660049","180058256","Montgomery County Police","Injury Crash","11/20/2018 05:35:00 PM","County","RIPPLING BROOK DR","BEL PRE RD",,"N/A","PEDESTRIAN","SINGLE VEHICLE","CLEAR","DRY","DARK LIGHTS ON","STOP SIGN","NONE DETECTED","NONE DETECTED","912997DA-3E49-4395-AA76-714DAE36AC70","PEDESTRIAN","Cross/Enter at Intersection","NO IMPROPER ACTIONS","ON ROADWAY AT CROSSWALK","No","POSSIBLE INJURY","NONE","39.09036167","-77.053115","    (39.09036167, -77.053115)"
"MCP3148000S","180058223","Montgomery County Police","Injury Crash","11/20/2018 02:08:00 PM","County","EXECUTIVE BLVD","MARINELLI RD",,"N/A","PEDESTRIAN","HEAD ON","CLEAR","DRY","DAYLIGHT","TRAFFIC SIGNAL","N/A","N/A","2F07F928-FDA2-4527-8D86-2CC04FC215D4","PEDESTRIAN","Cross/Enter at Intersection","NO IMPROPER ACTIONS","ON ROADWAY AT CROSSWALK","No","POSSIBLE INJURY","N/A","39.04627333","-77.11695833","    (39.04627333, -77.11695833)"
"MCP2723003W","180058224","Montgomery County Police","Injury Crash","11/20/2018 02:00:00 PM",,,,"PARKING LOT, 18010 GEORGIA AVENUE (MCDONALDS)",,"PEDESTRIAN","SINGLE VEHICLE","CLEAR",,"DAYLIGHT","NO CONTROLS","UNKNOWN","N/A","94576445-CB65-400D-B044-E161CD5BAF37","PEDESTRIAN","Other","ENTERING EXITING PARKED STANDING VEHICLE","OTHER","No","SUSPECTED MINOR INJURY","N/A","39.15215516","-77.06707679","    (39.15215516, -77.06707679)"
"MCP2134001R","180058159","Montgomery County Police","Fatal Crash","11/20/2018 06:44:00 AM","Municipality","S SUMMIT AVE","WELLS AVE",,"GAITHERSBURG","PEDESTRIAN","OTHER","CLEAR","N/A","DAWN","OTHER","N/A","UNKNOWN","3472140D-AE30-4C4F-AE41-2212B1289F04","PEDESTRIAN","Cross/Enter at Intersection","UNKNOWN","ON ROADWAY AT CROSSWALK","Unknown","FATAL INJURY","NONE","39.14136392","-77.19350721","    (39.14136392, -77.19350721)"
"MCP229800LQ","180058089","Montgomery County Police","Injury Crash","11/19/2018 06:44:00 PM","County","SHAKESPEARE BLVD","FREDERICK RD",,"N/A","BICYCLIST","HEAD ON LEFT TURN","CLEAR","DRY","DARK LIGHTS ON","TRAFFIC SIGNAL","NONE DETECTED","NONE DETECTED","A06F47B0-DCAF-4EDF-91B3-7DB285D1982F","BICYCLIST","Walking/Riding w/Traffic","FAILURE TO YIELD RIGHT OF WAY","OTHER","Yes","POSSIBLE INJURY","MC/BIKE HELMET","39.19835709","-77.24493044","    (39.19835709, -77.24493044)"
"EJ7826003P","180058026","Gaithersburg Police Depar","Injury Crash","11/19/2018 01:45:00 PM","Maryland (State)","FREDERICK RD","END BRIDGE",,"N/A","BICYCLIST","OTHER","CLEAR","DRY","DAYLIGHT","N/A","N/A","N/A","4AF736C9-2DBB-4F07-87A9-2514333019E7","BICYCLIST","N/A","FAILURE TO YIELD RIGHT OF WAY","DRIVEWAY ACCESS MARKED CROSSWALK","Yes","POSSIBLE INJURY","NONE","39.143355","-77.20066667","    (39.143355, -77.20066667)"
"MCP3130000W","180057950","Montgomery County Police","Injury Crash","11/19/2018 06:15:00 AM",,,,"PARKING LOT LOCATED AT 3740 BEL PRE ROAD",,"PEDESTRIAN","OTHER","CLEAR",,"DARK NO LIGHTS","N/A","NONE DETECTED","NONE DETECTED","9CFFFC15-01E9-4238-A99E-67FE45135041","PEDESTRIAN","Cross/Enter at Intersection","NO IMPROPER ACTIONS","OTHER","No","SUSPECTED MINOR INJURY","NONE","39.092615","-77.07494","    (39.092615, -77.07494)"
"DM83360021","180057890","Takoma Park Police Depart","Injury Crash","11/18/2018 06:22:00 PM","Maryland (State)","CARROLL AVE","FLOWER AVE",,"N/A","PEDESTRIAN","OTHER","CLOUDY","DRY","DARK LIGHTS ON","TRAFFIC SIGNAL","N/A","N/A","60F5E416-85D4-4B11-8B48-5821C492F648","PEDESTRIAN","Cross/Enter at Intersection","NO IMPROPER ACTIONS","ON ROADWAY AT CROSSWALK","No","POSSIBLE INJURY","N/A","38.98479211","-76.99848412","    (38.98479211, -76.99848412)"
"DD5633000X","180057777","Rockville Police Departme","Injury Crash","11/17/2018 09:20:00 PM","Municipality","E MIDDLE LA","HUNGERFORD DR",,"N/A","PEDESTRIAN","SINGLE VEHICLE","CLEAR","DRY","DARK NO LIGHTS","TRAFFIC SIGNAL","NONE DETECTED","NONE DETECTED","F4F142FB-8B4D-41E1-B1DD-883916745819","PEDESTRIAN","Cross/Enter at Intersection","NO IMPROPER ACTIONS","ON ROADWAY AT CROSSWALK","No","NO APPARENT INJURY","NONE","39.0853325","-77.14850933","    (39.0853325, -77.14850933)"
"DD5633000X","180057777","Rockville Police Departme","Injury Crash","11/17/2018 09:20:00 PM","Municipality","E MIDDLE LA","HUNGERFORD DR",,"N/A","PEDESTRIAN","SINGLE VEHICLE","CLEAR","DRY","DARK NO LIGHTS","TRAFFIC SIGNAL","NONE DETECTED","NONE DETECTED","58A8B64B-6424-4B1B-83FC-2724B7B19CF3","PEDESTRIAN","Cross/Enter at Intersection","NO IMPROPER ACTIONS","ON ROADWAY AT CROSSWALK","No","POSSIBLE INJURY","NONE","39.0853325","-77.14850933","    (39.0853325, -77.14850933)"
"MCP3075001W","180057739","Montgomery County Police","Injury Crash","11/17/2018 04:07:00 PM","County","SHAKESPEARE BLVD","OBSERVATION DR",,"N/A","PEDESTRIAN","OTHER","CLEAR","DRY","DAYLIGHT","NO CONTROLS","NONE DETECTED","NONE DETECTED","2E71615D-B61E-4F19-AE02-E54A05D6234A","PEDESTRIAN","Cross/Enter at Intersection","NO IMPROPER ACTIONS","ON ROADWAY AT CROSSWALK","No","SUSPECTED MINOR INJURY","N/A","39.19745366","-77.25231727","    (39.19745366, -77.25231727)"
"MCP1227000T","180057601","Montgomery County Police","Injury Crash","11/16/2018 11:10:00 PM","Maryland (State)","CONNECTICUT AVE","JONES BRIDGE RD",,"N/A","BICYCLIST","OTHER","CLEAR","DRY","DARK LIGHTS ON","TRAFFIC SIGNAL","NONE DETECTED","NONE DETECTED","C0A77A8E-CECE-46BB-B89E-81ABE51EB0FF","BICYCLIST","Cross/Enter at Intersection","FAILURE TO OBEY TRAFFIC SIGNS SIGNALS OR OFFICER","ON ROADWAY NOT AT CROSSWALK","Unknown","SUSPECTED SERIOUS INJURY","NONE","38.99987864","-77.0770297","    (38.99987864, -77.0770297)"
"EJ7871000M","180057539","Gaithersburg Police Depar","Injury Crash","11/16/2018 04:44:00 PM","Municipality","MAIN ST","MARKET ST E",,"GAITHERSBURG","BICYCLIST","SINGLE VEHICLE","CLEAR","DRY","DAYLIGHT","STOP SIGN","NONE DETECTED","NONE DETECTED","62A9631E-50B4-440A-A585-A948F33C4872","BICYCLIST","Cross/Enter at Intersection","N/A","SIDEWALK","No","POSSIBLE INJURY","NONE","39.12098333","-77.23647167","    (39.12098333, -77.23647167)"
"MCP2617006G","180057456","Montgomery County Police","Property Damage Crash","11/16/2018 09:35:00 AM","Maryland (State)","NORBECK RD","GEORGIA AVE",,"N/A","PEDESTRIAN","OTHER","CLEAR","WET","DAYLIGHT","TRAFFIC SIGNAL","NONE DETECTED","ALCOHOL CONTRIBUTED","B44B9881-D99F-4D22-B420-7A7A4ACB9ED9","PEDESTRIAN","Cross/Enter at Intersection","DART DASH","ON ROADWAY NOT AT CROSSWALK","Yes","NO APPARENT INJURY","NONE","39.10963667","-77.07645833","    (39.10963667, -77.07645833)"
"MCP23530066","180057453","Montgomery County Police","Injury Crash","11/16/2018 08:53:00 AM","County","MAYFIELD DR","LONE OAK DR",,"N/A","PEDESTRIAN","SINGLE VEHICLE","CLOUDY","WET","DAYLIGHT","NO CONTROLS","UNKNOWN","NONE DETECTED","C5A1B403-4593-4DDB-9C4B-70FFC0959BB5","PEDESTRIAN","Cross/Enter at Intersection","NO IMPROPER ACTIONS","AT INTERSECTION MARKED CROSSWALK","No","SUSPECTED MINOR INJURY","NONE","39.02067018","-77.13102063","    (39.02067018, -77.13102063)"
"MCP3105001G","180057342","Montgomery County Police","Injury Crash","11/15/2018 02:17:00 PM","Maryland (State)","CLOPPER RD","ALLSPICE RD",,"N/A","PEDESTRIAN","SINGLE VEHICLE","WINTRY MIX","SNOW","DAYLIGHT","N/A","NONE DETECTED","NONE DETECTED","AC6D9279-9996-4CAD-AF5B-C07A3327D87B","PEDESTRIAN","Standing","DISABLED VEHICLE RELATED","SHOULDER","No","SUSPECTED MINOR INJURY","N/A","39.15485383","-77.25850067","    (39.15485383, -77.25850067)"
"MCP2861003P","180057193","Montgomery County Police","Injury Crash","11/14/2018 07:28:00 PM","County","SEVEN LOCKS RD","SCOTLAND DR",,"N/A","PEDESTRIAN","OTHER","CLEAR","DRY","DARK LIGHTS ON","NO CONTROLS","NONE DETECTED","NONE DETECTED","42B2018B-3972-433A-BAE7-8ED881C6CDA5","PEDESTRIAN","Cross/Enter not at Intersection","NO IMPROPER ACTIONS","ON ROADWAY AT CROSSWALK","No","SUSPECTED MINOR INJURY","N/A","39.03123833","-77.161505","    (39.03123833, -77.161505)"
"MCP2931002Z","180057149","Montgomery County Police","Injury Crash","11/14/2018 03:49:00 PM","Maryland (State)","ROCKVILLE PIKE","ENT TO TOWNE PLAZA",,"N/A","PEDESTRIAN","N/A","CLEAR","DRY","DAYLIGHT","TRAFFIC SIGNAL","UNKNOWN","N/A","505F4779-54F8-4D38-89D4-B18631185AD2","PEDESTRIAN","Cross/Enter at Intersection","NO IMPROPER ACTIONS","AT INTERSECTION MARKED CROSSWALK","No","SUSPECTED MINOR INJURY","N/A","39.05614739","-77.11919663","    (39.05614739, -77.11919663)"