"Report Number","Local Case Number","Agency Name","ACRS Report Type","Crash Date/Time","Route Type","Road Name","Cross-Street Name","Off-Road Description","Municipality","Related Non-Motorist","Collision Type","Weather","Surface Condition","Light","Traffic Control","Driver Substance Abuse","Non-Motorist Substance Abuse","Person ID","Pedestrian Type","Pedestrian Movement","Pedestrian Actions","Pedestrian Location","At Fault","Injury Severity","Safety Equipment","Latitude","Longitude","Location"
"MCP30580025","180053097","Montgomery County Police","Injury Crash","10/23/2018 04:09:00 PM","County","GLEN RD","AMBLESIDE DR",,"N/A","BICYCLIST","SINGLE VEHICLE","CLEAR","DRY","DAYLIGHT","STOP SIGN","NONE DETECTED","NONE DETECTED","D3093462-50B1-42F6-A7D6-A777AC4537AE","BICYCLIST","Walking/Riding w/Traffic","NO IMPROPER ACTIONS","SHOULDER","No","POSSIBLE INJURY","MC/BIKE HELMET","39.04696833","-77.19927","    (39.04696833, -77.19927)"
"MCP2396002Z","180053035","Montgomery County Police","Property Damage Crash","10/23/2018 10:20:00 AM","County","NORTH GATE DR","NORTH GATE TERR",,"N/A","OTHER","SINGLE VEHICLE","CLEAR","DRY","DAYLIGHT","NO CONTROLS","NONE DETECTED","N/A","126DD776-73EA-4E43-9D09-20EEA2BAF6FD","OTHER","N/A","N/A","N/A","No","NO APPARENT INJURY","N/A","39.08437333","-77.049025","    (39.08437333, -77.049025)"
"MCP29040062","180052929","Montgomery County Police","Injury Crash","10/22/2018 05:45:00 PM","County","CARROLL AVE","PINEY BRANCH RD",,"N/A","PEDESTRIAN","SINGLE VEHICLE","CLEAR","DRY","DAYLIGHT","NO CONTROLS","NONE DETECTED","NONE DETECTED","61936A01-DFC9-454F-8F8F-3F98E6C12768","PEDESTRIAN","Other","IN ROADWAY IMPROPERLY","ON ROADWAY NOT AT CROSSWALK","Yes","POSSIBLE INJURY","NONE","38.99960112","-76.99062974","    (38.99960112, -76.99062974)"
"MCP2311004P","180052861","Montgomery County Police","Property Damage Crash","10/22/2018 11:01:00 AM","Maryland (State)","CLOPPER RD","FIRSTFIELD RD",,"GAITHERSBURG","BICYCLIST","SINGLE VEHICLE","CLEAR","DRY","DAYLIGHT","TRAFFIC SIGNAL","N/A","N/A","B688E8F5-63FE-459B-844A-FEBD8D21738F","BICYCLIST","Cross/Enter at Intersection","WRONG WAY RIDING OR WALKING","ON ROADWAY NOT AT CROSSWALK","Yes","NO APPARENT INJURY","MC/BIKE HELMET","39.14388333","-77.22395667","    (39.14388333, -77.22395667)"
"MCP3084002D","180052716","Montgomery County Police","Injury Crash","10/21/2018 10:35:00 AM","Municipality","DORSET AVE","WISCONSIN AVE",,"N/A","BICYCLIST","OTHER","CLEAR","DRY","DAYLIGHT","TRAFFIC SIGNAL","NONE DETECTED","NONE DETECTED","B19460AD-26EC-46D2-B40D-F393D6B08236","BICYCLIST","Cross/Enter at Intersection","IN ROADWAY IMPROPERLY","ON ROADWAY AT CROSSWALK","Yes","POSSIBLE INJURY","MC/BIKE HELMET","38.96733","-77.08852667","    (38.96733, -77.08852667)"
"MCP30930016","180052828","Montgomery County Police","Injury Crash","10/20/2018 07:19:00 PM","County","GLENBROOK RD","OLD GEORGETOWN RD",,"N/A","BICYCLIST","N/A","N/A","DRY","DARK LIGHTS ON","OTHER","N/A","N/A","C71E0BCF-E0EC-45B9-964B-A613D70356F9","BICYCLIST","Cross/Enter at Intersection","NO IMPROPER ACTIONS","ON ROADWAY AT CROSSWALK","No","POSSIBLE INJURY","MC/BIKE HELMET","38.98917","-77.10144","    (38.98917, -77.10144)"
"DD56140045","180052503","Rockville Police Departme","Injury Crash","10/20/2018 04:53:00 PM","Municipality","N WASHINGTON ST","BEALL AVE #2",,"ROCKVILLE","PEDESTRIAN","HEAD ON LEFT TURN","CLEAR","DRY","DAYLIGHT","TRAFFIC SIGNAL","NONE DETECTED","NONE DETECTED","057C41B7-57D0-4A8D-A5DA-0440DF1B6F74","PEDESTRIAN","Cross/Enter at Intersection","NO IMPROPER ACTIONS","ON ROADWAY AT CROSSWALK","No","POSSIBLE INJURY","NONE","39.08719883","-77.15308633","    (39.08719883, -77.15308633)"
"DD56140045","180052503","Rockville Police Departme","Injury Crash","10/20/2018 04:53:00 PM","Municipality","N WASHINGTON ST","BEALL AVE #2",,"ROCKVILLE","PEDESTRIAN","HEAD ON LEFT TURN","CLEAR","DRY","DAYLIGHT","TRAFFIC SIGNAL","NONE DETECTED","NONE DETECTED","360CADDB-89C9-4087-A098-CBBFAC7D6EF7","PEDESTRIAN","Cross/Enter at Intersection","NO IMPROPER ACTIONS","ON ROADWAY AT CROSSWALK","No","SUSPECTED MINOR INJURY","NONE","39.08719883","-77.15308633","    (39.08719883, -77.15308633)"
"MCP3018002Y","180052587","Montgomery County Police","Injury Crash","10/20/2018 04:05:00 PM",,,,"DRIVEWAY OF 2827 ABBEY MANOR CR",,"PEDESTRIAN","SINGLE VEHICLE","CLEAR",,"DAYLIGHT","NO CONTROLS","NONE DETECTED","NONE DETECTED","EC4F9345-7DF5-4E97-9E23-903F0BABBB91","PEDESTRIAN","Other","INATTENTIVE","OTHER","No","SUSPECTED MINOR INJURY","NONE","39.16578068","-77.0593187","    (39.16578068, -77.0593187)"
"DD56280015","180052350","Rockville Police Departme","Injury Crash","10/19/2018 10:45:00 AM","Maryland (State)","FREDERICK RD","RIDGEMONT AVE",,"ROCKVILLE","OTHER","ANGLE MEETS LEFT TURN","CLEAR","DRY","DAYLIGHT","TRAFFIC SIGNAL","NONE DETECTED","N/A","DE5CB616-5780-488F-AA94-F70828E3A67F","OTHER","N/A","NO IMPROPER ACTIONS","N/A","No","NO APPARENT INJURY","N/A","39.11906755","-77.17191204","    (39.11906755, -77.17191204)"
"MCP3161000J","180052192","Montgomery County Police","Injury Crash","10/18/2018 01:28:00 PM","Maryland (State)","OLD GEORGETOWN RD","TILDEN LA",,"N/A","BICYCLIST","STRAIGHT MOVEMENT ANGLE","CLEAR","DRY","DAYLIGHT","TRAFFIC SIGNAL","NONE DETECTED","NONE DETECTED","6AA9F48C-CE12-41F9-B8D9-B523045B4C05","BICYCLIST","Unknown","UNKNOWN","ON ROADWAY AT CROSSWALK","Yes","SUSPECTED MINOR INJURY","NONE","39.04475341","-77.12065004","    (39.04475341, -77.12065004)"
"DD5590002G","180052133","Rockville Police Departme","Injury Crash","10/18/2018 06:25:00 AM","Municipality","TWINBROOK PKWY","CHAPMAN AVE",,"ROCKVILLE","PEDESTRIAN","STRAIGHT MOVEMENT ANGLE","CLEAR","DRY","DARK LIGHTS ON","TRAFFIC SIGNAL","NONE DETECTED","NONE DETECTED","0DA0050C-49A2-40C6-ABD2-8B5A042D7E4F","PEDESTRIAN","Cross/Enter at Intersection","NO IMPROPER ACTIONS","ON ROADWAY AT CROSSWALK","No","POSSIBLE INJURY","NONE","39.08359167","-77.153705","    (39.08359167, -77.153705)"
"MCP2134001N","180052132","Montgomery County Police","Fatal Crash","10/18/2018 06:15:00 AM","Maryland (State)","HUNGERFORD DR","FREDERICK AVE #2",,"ROCKVILLE","PEDESTRIAN","OTHER","N/A","DRY","DARK LIGHTS ON","TRAFFIC SIGNAL","N/A","UNKNOWN","5B6DD398-2787-4441-A467-BF7A10FD3E8B","PEDESTRIAN","Unknown","UNKNOWN","UNKNOWN","Unknown","FATAL INJURY","NONE","39.09418231","-77.15344652","    (39.09418231, -77.15344652)"
"MCP21070021","180051958","Montgomery County Police","Injury Crash","10/17/2018 08:24:00 AM","County","CENTURY BLVD","CRYSTAL ROCK DR",,"N/A","PEDESTRIAN","OTHER","CLEAR","DRY","DAYLIGHT","N/A","NONE DETECTED","NONE DETECTED","BC9EEE4B-4E99-4C3D-BD2F-7DA9A6A23B04","PEDESTRIAN","Cross/Enter not at Intersection","DART DASH","ON ROADWAY NOT AT CROSSWALK","Yes","SUSPECTED MINOR INJURY","NONE","39.18287388","-77.26386979","    (39.18287388, -77.26386979)"
"MCP2372000Z","180051937","Montgomery County Police","Injury Crash","10/17/2018 06:38:00 AM","County","SANGAMORE RD","BROOKES LA",,"N/A","PEDESTRIAN","STRAIGHT MOVEMENT ANGLE","CLEAR","DRY","DARK LIGHTS ON","STOP SIGN","NONE DETECTED","NONE DETECTED","05DE2142-1360-4ABF-97A6-E9BEC15E6325","PEDESTRIAN","Cross/Enter at Intersection","IN ROADWAY IMPROPERLY","ON ROADWAY NOT AT CROSSWALK","Yes","SUSPECTED MINOR INJURY","NONE","38.94876833","-77.12023167","    (38.94876833, -77.12023167)"
"MCP2814001Y","180051933","Montgomery County Police","Injury Crash","10/17/2018 05:33:00 AM","Maryland (State)","MUNCASTER MILL RD","MUNCASTER RD",,"N/A","PEDESTRIAN","OTHER","CLEAR","DRY","DARK LIGHTS ON","N/A","NONE DETECTED","NONE DETECTED","7F96AB2B-6AEC-4244-B5C4-E93D4043DFAE","PEDESTRIAN","Other","IN ROADWAY IMPROPERLY","ON ROADWAY NOT AT CROSSWALK","Yes","SUSPECTED MINOR INJURY","NONE","39.14601367","-77.14469017","    (39.14601367, -77.14469017)"
"DM84580027","180051834","Takoma Park Police Depart","Injury Crash","10/16/2018 04:20:00 PM","Municipality","MAPLE AVE","SLIGO CREEK PKWY",,"N/A","BICYCLIST","OTHER","CLEAR","DRY","DAYLIGHT","STOP SIGN","NONE DETECTED","NONE DETECTED","D33465FA-EE2D-4C16-A0DC-57D5164A5897","BICYCLIST","Cross/Enter at Intersection","NO IMPROPER ACTIONS","ON ROADWAY AT CROSSWALK","No","SUSPECTED MINOR INJURY","MC/BIKE HELMET","38.98616333","-77.00342667","    (38.98616333, -77.00342667)"
"MCP2935001M","180051509","Montgomery County Police","Injury Crash","10/15/2018 08:32:00 PM","County","BONIFANT ST","GEORGIA AVE",,"N/A","PEDESTRIAN","OTHER","CLEAR","N/A","DARK LIGHTS ON","TRAFFIC SIGNAL","N/A","UNKNOWN","5A761500-B070-4217-80EF-C14683DDD724","PEDESTRIAN","Cross/Enter not at Intersection","IN ROADWAY IMPROPERLY","ON ROADWAY NOT AT CROSSWALK","Yes","SUSPECTED MINOR INJURY","N/A","39.00640167","-77.03782667","    (39.00640167, -77.03782667)"
"MCP30160021","180051626","Montgomery County Police","Injury Crash","10/15/2018 02:30:00 PM","Maryland (State)","GREAT SENECA HWY","RICHTER FARM RD",,"N/A","PEDESTRIAN","SINGLE VEHICLE","RAINING","WET","DAYLIGHT","TRAFFIC SIGNAL","N/A","N/A","939400A7-F843-4A58-9D2B-B5FBF733A79C","PEDESTRIAN","Cross/Enter at Intersection","DART DASH","AT INTERSECTION MARKED CROSSWALK","Yes","POSSIBLE INJURY","NONE","39.148822","-77.27670067","    (39.148822, -77.27670067)"
"MCP30160021","180051626","Montgomery County Police","Injury Crash","10/15/2018 02:30:00 PM","Maryland (State)","GREAT SENECA HWY","RICHTER FARM RD",,"N/A","PEDESTRIAN","SINGLE VEHICLE","RAINING","WET","DAYLIGHT","TRAFFIC SIGNAL","N/A","N/A","FCC458A9-A600-4209-B76A-3CC4C622EE00","PEDESTRIAN","Cross/Enter at Intersection","DART DASH","ON ROADWAY AT CROSSWALK","Yes","POSSIBLE INJURY","NONE","39.148822","-77.27670067","    (39.148822, -77.27670067)"
"MCP2885002V","180051502","Montgomery County Police","Injury Crash","10/14/2018 09:40:00 PM",,,,"1121 UNIVERSITY BLVD W SILVER SPRING MD
IN PARKING LOT IN FRONT OF MAIN ENTRANCE",,"PEDESTRIAN","OTHER","CLEAR",,"DARK LIGHTS ON","NO CONTROLS","UNKNOWN","NONE DETECTED","179740E6-13A5-4005-8B47-99AC86A46E0E","PEDESTRIAN","Standing","NO IMPROPER ACTIONS","OTHER","No","SUSPECTED MINOR INJURY","NONE","39.03841","-77.02874","    (39.03841, -77.02874)"
"MCP3132000H","180051293","Montgomery County Police","Injury Crash","10/13/2018 02:18:00 PM","County","FRANKLIN ST","EDGEFIELD RD",,"N/A","BICYCLIST","OTHER","CLEAR","DRY","DAYLIGHT","NO CONTROLS","N/A","N/A","C17D2FB4-4F86-4DD8-A3DE-D512293ACC72","BICYCLIST","Cross/Enter at Intersection","NO IMPROPER ACTIONS","ON ROADWAY AT CROSSWALK","No","SUSPECTED MINOR INJURY","NONE","39.01996167","-77.09558667","    (39.01996167, -77.09558667)"
"MCP2559002Q","180051278","Montgomery County Police","Injury Crash","10/13/2018 12:54:00 PM","County","LOST KNIFE RD","CONTOUR RD",,"N/A","OTHER, PEDESTRIAN","OTHER","CLOUDY","DRY","DAYLIGHT","STOP SIGN","N/A","N/A","2912DDEE-4378-4FB8-9842-A45BD319507E","OTHER","Other","NO IMPROPER ACTIONS","AT INTERSECTION BUT NO CROSSWALK","No","POSSIBLE INJURY","NONE","39.15385667","-77.19975833","    (39.15385667, -77.19975833)"
"MCP2559002Q","180051278","Montgomery County Police","Injury Crash","10/13/2018 12:54:00 PM","County","LOST KNIFE RD","CONTOUR RD",,"N/A","OTHER, PEDESTRIAN","OTHER","CLOUDY","DRY","DAYLIGHT","STOP SIGN","N/A","N/A","44980057-FAE6-4F7C-861F-6768E06CEFDB","PEDESTRIAN","Cross/Enter at Intersection","OTHER","AT INTERSECTION BUT NO CROSSWALK","Yes","NO APPARENT INJURY","NONE","39.15385667","-77.19975833","    (39.15385667, -77.19975833)"
"DD5634000F","180051149","Rockville Police Departme","Injury Crash","10/12/2018 07:09:00 PM","Municipality","N WASHINGTON ST","MARTINS LA",,"ROCKVILLE","PEDESTRIAN","OTHER","CLEAR","DRY","DARK LIGHTS ON","TRAFFIC SIGNAL","NONE DETECTED","NONE DETECTED","85C3E3E3-2EA9-45A5-8411-CF4BABA4096D","PEDESTRIAN","Cross/Enter at Intersection","NO IMPROPER ACTIONS","ON ROADWAY AT CROSSWALK","No","SUSPECTED SERIOUS INJURY","NONE","39.09084161","-77.15363057","    (39.09084161, -77.15363057)"
"EJ7826003M","180051046","Gaithersburg Police Depar","Injury Crash","10/12/2018 10:00:00 AM","Municipality","TWIN LAKES DR","QUINCE ORCHARD RD",,"N/A","PEDESTRIAN","OTHER","CLOUDY","DRY","DAYLIGHT","TRAFFIC SIGNAL","N/A","N/A","F0E0C0A0-E094-4A12-9654-EE5AE6F3CE29","PEDESTRIAN","Cross/Enter at Intersection","NO IMPROPER ACTIONS","ON ROADWAY AT CROSSWALK","No","SUSPECTED SERIOUS INJURY","NONE","39.12894833","-77.23054167","    (39.12894833, -77.23054167)"
"MCP12130043","180050967","Montgomery County Police","Injury Crash","10/11/2018 07:00:00 PM","County","RANDOLPH RD","HAWKESBURY LA",,"N/A","PEDESTRIAN","STRAIGHT MOVEMENT ANGLE","RAINING","WET","DARK LIGHTS ON","NO CONTROLS","NONE DETECTED","ALCOHOL PRESENT","32D0CD83-9BF5-41D8-9438-D779B5A10086","PEDESTRIAN","Cross/Enter not at Intersection","DART DASH","ON ROADWAY NOT AT CROSSWALK","Yes","SUSPECTED SERIOUS INJURY","NONE","39.06613333","-77.02119","    (39.06613333, -77.02119)"
"MCP15640036","180050860","Montgomery County Police","Injury Crash","10/11/2018 09:41:00 AM","Maryland (State)","GEORGIA AVE","NORTH HIGH ST",,"N/A","BICYCLIST","OTHER","CLOUDY","DRY","DAYLIGHT","NO CONTROLS","NONE DETECTED","NONE DETECTED","9D2A732E-688C-49D3-A406-AA7732BFEBA5","BICYCLIST","Walking/Cycling on Sidewalk","NO IMPROPER ACTIONS","SIDEWALK","No","SUSPECTED MINOR INJURY","NONE","39.151095","-77.067115","    (39.151095, -77.067115)"
"MCP209400CG","180050856","Montgomery County Police","Injury Crash","10/11/2018 09:14:00 AM",,,,"PARKING LOT OF 7736 WOODMONT AVE",,"OTHER","OTHER","N/A",,"DAYLIGHT","N/A","NONE DETECTED","NONE DETECTED","8F459B94-5FBE-4A09-8E88-26D438AF707B","OTHER","Other","NO IMPROPER ACTIONS","OTHER","No","SUSPECTED MINOR INJURY","N/A","38.98870667","-77.09558167","    (38.98870667, -77.09558167)"
"MCP30510029","180050769","Montgomery County Police","Injury Crash","10/10/2018 07:50:00 PM","Other Public Roadway","MONTROSE PKWY","E JEFFERSON ST",,"N/A","PEDESTRIAN","OTHER","CLEAR","DRY","DARK LIGHTS ON","TRAFFIC SIGNAL","NONE DETECTED","NONE DETECTED","A967266F-B6F0-46F7-BD88-6E3C68FCAA40","PEDESTRIAN","Cross/Enter at Intersection","NO IMPROPER ACTIONS","ON ROADWAY AT CROSSWALK","No","POSSIBLE INJURY","REFLECTIVE CLOTHING","39.05093961","-77.12610848","    (39.05093961, -77.12610848)"
"MCP3143000H","180050750","Montgomery County Police","Injury Crash","10/10/2018 04:51:00 PM","Maryland (State)","ROCKVILLE PIKE","WILSON DR",,"N/A","BICYCLIST","STRAIGHT MOVEMENT ANGLE","CLEAR","N/A","DAYLIGHT","TRAFFIC SIGNAL","NONE DETECTED","NONE DETECTED","2D98DA36-0581-49C7-A9F6-78BFD6B0CD35","BICYCLIST","Walking/Cycling on Sidewalk","NO IMPROPER ACTIONS","AT INTERSECTION MARKED CROSSWALK","No","SUSPECTED MINOR INJURY","MC/BIKE HELMET","39.002625","-77.097675","    (39.002625, -77.097675)"
"MCP2311004N","180050637","Montgomery County Police","Injury Crash","10/10/2018 08:33:00 AM","County","QUAIL VALLEY BLVD","GROSBEAK TERR",,"N/A","PEDESTRIAN","SINGLE VEHICLE","CLEAR","DRY","DAYLIGHT","STOP SIGN","N/A","N/A","2BF0FA6B-679D-4704-AE7C-5FE61A823456","PEDESTRIAN","Cross/Enter at Intersection","NO IMPROPER ACTIONS","ON ROADWAY AT CROSSWALK","No","POSSIBLE INJURY","NONE","39.161745","-77.18564833","    (39.161745, -77.18564833)"
"DD56250014","180050617","Rockville Police Departme","Injury Crash","10/10/2018 06:40:00 AM",,,,"PARKING LOT",,"PEDESTRIAN","OTHER","CLEAR",,"DAWN","N/A","N/A","NONE DETECTED","76387981-D25B-4637-85C8-310AA930DD8B","PEDESTRIAN","Standing","INATTENTIVE","OTHER","Unknown","POSSIBLE INJURY","NONE","39.09424","-77.13044833","    (39.09424, -77.13044833)"
"MCP137800N0","180050552","Montgomery County Police","Injury Crash","10/09/2018 07:02:00 PM",,,,"PARKING LOT OF 422 GIRARD ST",,"BICYCLIST","STRAIGHT MOVEMENT ANGLE","CLOUDY",,"DUSK","STOP SIGN","NONE DETECTED","NONE DETECTED","A2D70306-CC28-4FEA-B632-30843D4EC9F5","BICYCLIST","Walking/Riding w/Traffic","FAILURE TO OBEY TRAFFIC SIGNS SIGNALS OR OFFICER","ON ROADWAY NOT AT CROSSWALK","Yes","SUSPECTED MINOR INJURY","NONE","39.14838833","-77.186675","    (39.14838833, -77.186675)"
"MCP2546002K","180050432","Montgomery County Police","Injury Crash","10/09/2018 06:56:00 AM","Maryland (State)","GEORGIA AVE","WENDY LA",,"N/A","PEDESTRIAN","ANGLE MEETS RIGHT TURN","CLEAR","DRY","DAWN","NO CONTROLS","NONE DETECTED","NONE DETECTED","FB6D6D1B-BB93-45B8-B6FB-829294B67442","PEDESTRIAN","Standing","NO IMPROPER ACTIONS","SIDEWALK","No","POSSIBLE INJURY","N/A","39.078979","-77.07256","    (39.078979, -77.07256)"
"MCP2546002K","180050432","Montgomery County Police","Injury Crash","10/09/2018 06:56:00 AM","Maryland (State)","GEORGIA AVE","WENDY LA",,"N/A","PEDESTRIAN","ANGLE MEETS RIGHT TURN","CLEAR","DRY","DAWN","NO CONTROLS","NONE DETECTED","NONE DETECTED","289867B4-07A3-4948-9FCE-51F48A573E2D","PEDESTRIAN","Standing","NO IMPROPER ACTIONS","SIDEWALK","No","SUSPECTED SERIOUS INJURY","N/A","39.078979","-77.07256","    (39.078979, -77.07256)"
"MCP2546002K","180050432","Montgomery County Police","Injury Crash","10/09/2018 06:56:00 AM","Maryland (State)","GEORGIA AVE","WENDY LA",,"N/A","PEDESTRIAN","ANGLE MEETS RIGHT TURN","CLEAR","DRY","DAWN","NO CONTROLS","NONE DETECTED","NONE DETECTED","EF09384E-517A-4BA0-9ACA-FC1CF80671BF","PEDESTRIAN","Standing","NO IMPROPER ACTIONS","SIDEWALK","No","POSSIBLE INJURY","N/A","39.078979","-77.07256","    (39.078979, -77.07256)"
"MCP2546002K","180050432","Montgomery County Police","Injury Crash","10/09/2018 06:56:00 AM","Maryland (State)","GEORGIA AVE","WENDY LA",,"N/A","PEDESTRIAN","ANGLE MEETS RIGHT TURN","CLEAR","DRY","DAWN","NO CONTROLS","NONE DETECTED","NONE DETECTED","95A880DD-055C-46DD-8FA2-4A964917702C","PEDESTRIAN","Standing","NO IMPROPER ACTIONS","SIDEWALK","No","POSSIBLE INJURY","N/A","39.078979","-77.07256","    (39.078979, -77.07256)"
"MCP29660050","180050359","Montgomery County Police","Injury Crash","10/08/2018 07:20:00 PM","County","ASPEN HILL RD","ARCTIC AVE",,"N/A","BICYCLIST","OTHER","CLEAR","DRY","DARK LIGHTS ON","TRAFFIC SIGNAL","NONE DETECTED","NONE DETECTED","C2AD26FA-941C-4D06-8C48-AF4BA3B8A8F5","BICYCLIST","Cross/Enter at Intersection","NO IMPROPER ACTIONS","ON ROADWAY AT CROSSWALK","No","SUSPECTED MINOR INJURY","N/A","39.07151","-77.09904167","    (39.07151, -77.09904167)"
"MCP1389001Z","180050324","Montgomery County Police","Injury Crash","10/08/2018 04:27:00 PM","Maryland (State)","MIDCOUNTY HWY","MONTGOMERY VILLAGE AVE",,"N/A","PEDESTRIAN","SINGLE VEHICLE","CLEAR","DRY","DAYLIGHT","TRAFFIC SIGNAL","NONE DETECTED","NONE DETECTED","A8C5A7B7-4A22-43DB-A1BB-A54BD22ABF9A","PEDESTRIAN","Cross/Enter not at Intersection","DART DASH","ON ROADWAY NOT AT CROSSWALK","Yes","SUSPECTED MINOR INJURY","NONE","39.16002667","-77.201465","    (39.16002667, -77.201465)"
"MCP27660043","180050320","Montgomery County Police","Injury Crash","10/08/2018 03:51:00 PM","Maryland (State)","GEORGIA AVE","HATHAWAY DR",,"N/A","PEDESTRIAN","OTHER","CLEAR","DRY","DAYLIGHT","TRAFFIC SIGNAL","NONE DETECTED","NONE DETECTED","012706DC-9C8E-438D-A50E-6FF2ACFCB8E7","PEDESTRIAN","Cross/Enter at Intersection","NO IMPROPER ACTIONS","ON ROADWAY AT CROSSWALK","No","POSSIBLE INJURY","NONE","39.06807833","-77.06098667","    (39.06807833, -77.06098667)"
"MCP2962002Y","180050267","Montgomery County Police","Injury Crash","10/08/2018 10:17:00 AM",,,,"INTERSECTION OF CHATTERLY WAY AND CHATTERLY CT.",,"PEDESTRIAN","OTHER","CLOUDY",,"DAYLIGHT","N/A","UNKNOWN","NONE DETECTED","9F70A6C6-FBE8-4545-9005-60CA87542C6C","PEDESTRIAN","Getting off/on Vehicle","NO IMPROPER ACTIONS","OTHER","No","POSSIBLE INJURY","N/A","39.15249377","-77.28965524","    (39.15249377, -77.28965524)"
"MCP2968002P","180050155","Montgomery County Police","Property Damage Crash","10/07/2018 02:55:00 PM","County","GAINSBOROUGH RD","TUCKERMAN LA",,"N/A","BICYCLIST","SINGLE VEHICLE","CLEAR","DRY","DAYLIGHT","N/A","N/A","N/A","72DF500A-C0EC-4FC9-9CAE-F4564049797F","BICYCLIST","Hitchhiking","NO IMPROPER ACTIONS","AT INTERSECTION BUT NO CROSSWALK","No","NO APPARENT INJURY","MC/BIKE HELMET","39.042665","-77.173025","    (39.042665, -77.173025)"
"MCP2039004K","180049991","Montgomery County Police","Injury Crash","10/06/2018 11:55:00 AM","County","MAY ST","GEORGIA AVE",,"N/A","PEDESTRIAN","STRAIGHT MOVEMENT ANGLE","CLOUDY","DRY","DAYLIGHT","STOP SIGN","N/A","N/A","54AB4F04-2C4B-407A-9FC3-6844E80AA6DF","PEDESTRIAN","Other","NO IMPROPER ACTIONS","AT INTERSECTION BUT NO CROSSWALK","Unknown","POSSIBLE INJURY","N/A","39.072175","-77.06617167","    (39.072175, -77.06617167)"
"MCP13340075","180049792","Montgomery County Police","Injury Crash","10/05/2018 11:11:00 AM","County","STEDWICK RD","MONTGOMERY VILLAGE AVE",,"N/A","BICYCLIST","SINGLE VEHICLE","CLOUDY","DRY","DAYLIGHT","TRAFFIC SIGNAL","NONE DETECTED","NONE DETECTED","5CE199AA-6D9C-4B92-A5C1-3A80A48CB731","BICYCLIST","Cross/Enter at Intersection","NO IMPROPER ACTIONS","ON ROADWAY AT CROSSWALK","No","SUSPECTED SERIOUS INJURY","NONE","39.16972231","-77.20449633","    (39.16972231, -77.20449633)"
"MCP3138000F","180050688","Montgomery County Police","Injury Crash","10/04/2018 05:00:00 PM",,,,"MACY'S PARKING LOT @ WHEATON PLAZA",,"PEDESTRIAN","OTHER","UNKNOWN",,"UNKNOWN","N/A","UNKNOWN","UNKNOWN","9819D366-266D-426C-8B54-227D1B8AD523","PEDESTRIAN","Other","NO IMPROPER ACTIONS","OTHER","No","POSSIBLE INJURY","UNKNOWN","39.03756997","-77.05633537","    (39.03756997, -77.05633537)"
"MCP23920008","180049412","Montgomery County Police","Injury Crash","10/03/2018 11:45:00 AM","Maryland (State)","WISCONSIN AVE","WOODMONT AVE",,"N/A","PEDESTRIAN","N/A","CLEAR","DRY","DAYLIGHT","NO CONTROLS","NONE DETECTED","NONE DETECTED","9B2639CE-1760-44AA-9260-7DFE6E5F1A9F","PEDESTRIAN","Cross/Enter not at Intersection","DART DASH","ON ROADWAY NOT AT CROSSWALK","Unknown","SUSPECTED MINOR INJURY","N/A","38.99066784","-77.09399903","    (38.99066784, -77.09399903)"
"MCP23480047","180049336","Montgomery County Police","Injury Crash","10/02/2018 10:11:00 PM",,,,"PARKING LOT OF KNIGHTS OF PYTHIAS LODGE AT 11011 GAME PRESERVE RD",,"PEDESTRIAN","SINGLE VEHICLE","CLEAR",,"DARK LIGHTS ON","NO CONTROLS","NONE DETECTED","NONE DETECTED","CF1B4D4E-FB75-47FF-AB81-8933E6390E9F","PEDESTRIAN","Other","OTHER","OTHER","No","SUSPECTED MINOR INJURY","N/A","39.16405734","-77.2294604","    (39.16405734, -77.2294604)"
"MCP23480047","180049336","Montgomery County Police","Injury Crash","10/02/2018 10:11:00 PM",,,,"PARKING LOT OF KNIGHTS OF PYTHIAS LODGE AT 11011 GAME PRESERVE RD",,"PEDESTRIAN","SINGLE VEHICLE","CLEAR",,"DARK LIGHTS ON","NO CONTROLS","NONE DETECTED","NONE DETECTED","DDE9CE68-F148-4F5B-8D70-78D88BFA60EB","PEDESTRIAN","Other","NO IMPROPER ACTIONS","OTHER","No","SUSPECTED SERIOUS INJURY","N/A","39.16405734","-77.2294604","    (39.16405734, -77.2294604)"
"MCP30930013","180049326","Montgomery County Police","Injury Crash","10/02/2018 07:03:00 PM","Municipality","DORSET AVE","SURREY ST",,"SOMERSET","PEDESTRIAN","N/A","N/A","DRY","DUSK","STOP SIGN","N/A","N/A","F3FF5CC8-4504-4B4C-B2F0-055B80E356B3","PEDESTRIAN","Cross/Enter at Intersection","NO IMPROPER ACTIONS","ON ROADWAY NOT AT CROSSWALK","No","POSSIBLE INJURY","NONE","38.97400645","-77.08780796","    (38.97400645, -77.08780796)"
"EJ78370031","180049248","Gaithersburg Police Depar","Injury Crash","10/02/2018 02:39:00 PM","Municipality","FIRSTFIELD RD","FIRSTFIELD RD (AHEAD)",,"N/A","PEDESTRIAN","SINGLE VEHICLE","CLEAR","N/A","DAYLIGHT","NO CONTROLS","N/A","N/A","6C1B01B9-BB08-4EE8-A421-D3ED6FEA8CC5","PEDESTRIAN","Cross/Enter at Intersection","NO IMPROPER ACTIONS","AT INTERSECTION BUT NO CROSSWALK","No","POSSIBLE INJURY","NONE","39.144765","-77.21921667","    (39.144765, -77.21921667)"
"MCP2639004K","180049160","Montgomery County Police","Injury Crash","10/02/2018 06:53:00 AM","County","JONES MILL RD","COQUELIN TERR",,"N/A","PEDESTRIAN","STRAIGHT MOVEMENT ANGLE","CLEAR","DRY","DAWN","NO CONTROLS","NONE DETECTED","NONE DETECTED","E864C5A1-8F0B-4320-A018-D7C3838E2F77","PEDESTRIAN","Cross/Enter at Intersection","DART DASH","ON ROADWAY NOT AT CROSSWALK","Yes","SUSPECTED MINOR INJURY","NONE","38.99734333","-77.06558833","    (38.99734333, -77.06558833)"
"EJ7858002M","180049018","Gaithersburg Police Depar","Injury Crash","10/01/2018 12:17:00 PM",,,,"PARKING LOT 655 WATKINS MILL RD",,"PEDESTRIAN","OTHER","CLEAR",,"DAYLIGHT","NO CONTROLS","NONE DETECTED","NONE DETECTED","BF0782C9-F8B9-44DB-93A0-A4DCE4C8D3AC","PEDESTRIAN","Walking/Riding against Traffic","NO IMPROPER ACTIONS","OTHER","No","POSSIBLE INJURY","N/A","39.15561667","-77.22110667","    (39.15561667, -77.22110667)"