"Report Number","Local Case Number","Agency Name","ACRS Report Type","Crash Date/Time","Route Type","Road Name","Cross-Street Name","Off-Road Description","Municipality","Related Non-Motorist","Collision Type","Weather","Surface Condition","Light","Traffic Control","Driver Substance Abuse","Non-Motorist Substance Abuse","Person ID","Pedestrian Type","Pedestrian Movement","Pedestrian Actions","Pedestrian Location","At Fault","Injury Severity","Safety Equipment","Latitude","Longitude","Location"
"MCP24280019","180043908","Montgomery County Police","Injury Crash","09/03/2018 09:35:00 AM","County","FISHER AVE","W WILLARD RD",,"N/A","BICYCLIST","SAME DIR REAR END","CLEAR","DRY","DAYLIGHT","NO CONTROLS","UNKNOWN","NONE DETECTED","7563ABA2-8ECC-439C-B0C9-C21D5660EA86","BICYCLIST","Walking/Riding w/Traffic","NO IMPROPER ACTIONS","ON ROADWAY NOT AT CROSSWALK","No","SUSPECTED MINOR INJURY","MC/BIKE HELMET","39.1469928","-77.42542769","    (39.1469928, -77.42542769)"
"MCP2598001W","180043808","Montgomery County Police","Injury Crash","09/02/2018 03:05:00 PM","Maryland (State)","16TH ST","EAST WEST HWY",,"N/A","PEDESTRIAN","STRAIGHT MOVEMENT ANGLE","CLEAR","DRY","DAYLIGHT","NO CONTROLS","N/A","NONE DETECTED","DFE9418D-48C7-4EA3-8443-0B87D4E299FF","PEDESTRIAN","Cross/Enter at Intersection","NO IMPROPER ACTIONS","AT INTERSECTION MARKED CROSSWALK","No","POSSIBLE INJURY","NONE","38.99486875","-77.03643854","    (38.99486875, -77.03643854)"
"MCP27890050","180043679","Montgomery County Police","Injury Crash","09/01/2018 05:35:00 PM","Maryland (State)","GEORGIA AVE","COLESVILLE RD",,"N/A","PEDESTRIAN","SINGLE VEHICLE","CLEAR","DRY","DAYLIGHT","TRAFFIC SIGNAL","N/A","N/A","6A1362BB-6808-49D1-8357-AD17D4029552","PEDESTRIAN","Cross/Enter at Intersection","NO IMPROPER ACTIONS","AT INTERSECTION MARKED CROSSWALK","No","POSSIBLE INJURY","N/A","38.99581667","-77.02813","    (38.99581667, -77.02813)"
"MCP2923004F","180043454","Montgomery County Police","Injury Crash","08/31/2018 01:17:00 PM","Maryland (State)","VEIRS MILL RD","GALT AVE",,"N/A","PEDESTRIAN","OTHER","RAINING","WET","DAYLIGHT","NO CONTROLS","NONE DETECTED","UNKNOWN","1F050FE1-BA39-4FC4-AF2A-720229A62BEA","PEDESTRIAN","Cross/Enter not at Intersection","IN ROADWAY IMPROPERLY","ON ROADWAY NOT AT CROSSWALK","Yes","SUSPECTED SERIOUS INJURY","NONE","39.04122534","-77.05762066","    (39.04122534, -77.05762066)"
"MCP9419001S","180043414","Montgomery County Police","Injury Crash","08/31/2018 09:55:00 AM","County","SEVEN LOCKS RD","MONTROSE RD",,"N/A","PEDESTRIAN","OTHER","CLEAR","DRY","DAYLIGHT","TRAFFIC SIGNAL","NONE DETECTED","NONE DETECTED","09EB4AAA-A314-4699-BFBD-FDD705EA7696","PEDESTRIAN","Other Working","N/A","ON ROADWAY NOT AT CROSSWALK","Yes","SUSPECTED MINOR INJURY","REFLECTIVE CLOTHING","39.05682167","-77.16154333","    (39.05682167, -77.16154333)"
"EJ7829004Z","180043349","Gaithersburg Police Depar","Property Damage Crash","08/30/2018 08:30:00 PM","Municipality","GIRARD ST","N SUMMIT AVE",,"N/A","BICYCLIST","OTHER","CLEAR","DRY","DARK LIGHTS ON","NO CONTROLS","NONE DETECTED","NONE DETECTED","D51138C1-0D93-4BDE-A0DA-A14D31B7A788","BICYCLIST","Cross/Enter not at Intersection","NO IMPROPER ACTIONS","OTHER","Unknown","NO APPARENT INJURY","NONE","39.147655","-77.19084167","    (39.147655, -77.19084167)"
"DM83860014","180043329","Takoma Park Police Depart","Injury Crash","08/30/2018 07:15:00 PM","Municipality","MAPLE AVE","LINCOLN AVE",,"TAKOMA PARK","BICYCLIST","SAME DIRECTION LEFT TURN","CLEAR","DRY","DAWN","NO CONTROLS","NONE DETECTED","NONE DETECTED","A63D5700-F3DD-42B8-B9A8-4CF8C1086878","BICYCLIST","Cross/Enter not at Intersection","NOT VISIBLE","SIDEWALK","No","SUSPECTED SERIOUS INJURY","NONE","38.98424833","-77.004625","    (38.98424833, -77.004625)"
"MCP3112000T","180043077","Montgomery County Police","Injury Crash","08/29/2018 03:58:00 PM",,,,"PARKING LOT OF 4111 HOWARD AVE, KENSINGTON MD 20895",,"PEDESTRIAN","OTHER","CLEAR",,"DAYLIGHT","NO CONTROLS","N/A","NONE DETECTED","06BAB8F8-F1BD-49C4-A11C-1318C97F0006","PEDESTRIAN","Standing","NO IMPROPER ACTIONS","N/A","No","SUSPECTED MINOR INJURY","NONE","39.03049","-77.080705","    (39.03049, -77.080705)"
"MCP3003002C","180043072","Montgomery County Police","Injury Crash","08/29/2018 03:20:00 PM","Maryland (State)","OLD GEORGETOWN RD","SOUTH DR",,"N/A","BICYCLIST","STRAIGHT MOVEMENT ANGLE","CLEAR","DRY","DAYLIGHT","TRAFFIC SIGNAL","NONE DETECTED","NONE DETECTED","95F9BC01-F4A0-4BAA-BFC2-6C3177DBEF56","BICYCLIST","Cross/Enter at Intersection","FAILURE TO YIELD RIGHT OF WAY","AT INTERSECTION MARKED CROSSWALK","Yes","SUSPECTED MINOR INJURY","NONE","39.00013192","-77.10936389","    (39.00013192, -77.10936389)"
"MCP3137000B","180042854","Montgomery County Police","Injury Crash","08/28/2018 03:28:00 PM","County","BALLARD ST","WOODLAND DR",,"N/A","MACHINE OPERATOR/RIDER","HEAD ON LEFT TURN","CLEAR","DRY","DAYLIGHT","STOP SIGN","NONE DETECTED","NONE DETECTED","00FC3A38-1C56-454D-A9E3-7B7DA58916CE","MACHINE OPERATOR/RIDER","Walking/Riding w/Traffic","NO IMPROPER ACTIONS","ON ROADWAY NOT AT CROSSWALK","No","POSSIBLE INJURY","MC/BIKE HELMET","39.00139802","-77.0324746","    (39.00139802, -77.0324746)"
"MCP2812003Q","180042390","Montgomery County Police","Injury Crash","08/25/2018 04:19:00 PM","Maryland (State)","GEORGIA AVE","BELVEDERE BLVD",,"N/A","PEDESTRIAN","OTHER","CLEAR","DRY","DAYLIGHT","NO CONTROLS","N/A","N/A","80D1D118-1746-45D5-AE21-69B80C7BDE14","PEDESTRIAN","Cross/Enter not at Intersection","NOT VISIBLE","ON ROADWAY NOT AT CROSSWALK","Yes","SUSPECTED MINOR INJURY","NONE","39.01948095","-77.04400051","    (39.01948095, -77.04400051)"
"MCP3042001Z","180042346","Montgomery County Police","Injury Crash","08/25/2018 10:30:00 AM","Maryland (State)","GEORGIA AVE","VEIRS MILL RD",,"N/A","PEDESTRIAN","SINGLE VEHICLE","CLOUDY","DRY","DAYLIGHT","NO CONTROLS","NONE DETECTED","NONE DETECTED","D23EB759-6AD6-4165-8CC9-8F46C470B055","PEDESTRIAN","Cross/Enter at Intersection","NO IMPROPER ACTIONS","ON ROADWAY NOT AT CROSSWALK","Unknown","SUSPECTED MINOR INJURY","NONE","39.03540246","-77.04973724","    (39.03540246, -77.04973724)"
"MCP2728005R","180042255","Montgomery County Police","Injury Crash","08/24/2018 07:50:00 PM","County","WAYNE AVE","DALE DR",,"N/A","BICYCLIST","STRAIGHT MOVEMENT ANGLE","CLEAR","DRY","DUSK","NO CONTROLS","NONE DETECTED","NONE DETECTED","6EC811B7-CF93-4332-B595-065CE3BBCE51","BICYCLIST","Walking/Riding w/Traffic","NO IMPROPER ACTIONS","OTHER","No","SUSPECTED MINOR INJURY","MC/BIKE HELMET","38.99924167","-77.01722","    (38.99924167, -77.01722)"
"DD56330008","180042427","Rockville Police Departme","Injury Crash","08/24/2018 06:30:00 PM","Maryland (State)","ROCKVILLE PIKE","EDMONSTON DR",,"ROCKVILLE","BICYCLIST","SINGLE VEHICLE","CLEAR","DRY","DAYLIGHT","N/A","NONE DETECTED","NONE DETECTED","C3854796-FCC9-4E06-A737-2D9A7F59B62F","BICYCLIST","Walking/Cycling on Sidewalk","NO IMPROPER ACTIONS","SIDEWALK","No","SUSPECTED MINOR INJURY","NONE","39.0739245","-77.134849","    (39.0739245, -77.134849)"
"MCP1022009Q","180042151","Montgomery County Police","Injury Crash","08/24/2018 08:43:00 AM","County","WANEGARDEN DR","WISTERIA DR",,"N/A","BICYCLIST","SINGLE VEHICLE","CLEAR","DRY","DAYLIGHT","STOP SIGN","NONE DETECTED","NONE DETECTED","24B81EAA-0874-4A36-95CC-D71BD10DF8C5","BICYCLIST","Walking/Riding w/Traffic","NO IMPROPER ACTIONS","ON ROADWAY NOT AT CROSSWALK","No","SUSPECTED MINOR INJURY","NONE","39.18197833","-77.28993667","    (39.18197833, -77.28993667)"
"DD56110054","180042145","Rockville Police Departme","Property Damage Crash","08/24/2018 07:55:00 AM","Municipality","W GUDE DR","GAITHER RD",,"ROCKVILLE","PEDESTRIAN","SINGLE VEHICLE","CLEAR","DRY","DAYLIGHT","NO CONTROLS","N/A","UNKNOWN","9D173C4C-118D-4F5B-8CB5-AFA2A189FFBB","PEDESTRIAN","Standing","IN ROADWAY IMPROPERLY","ON ROADWAY NOT AT CROSSWALK","Yes","NO APPARENT INJURY","N/A","39.10669833","-77.16453833","    (39.10669833, -77.16453833)"
"MCP2563000S","180042134","Montgomery County Police","Fatal Crash","08/24/2018 04:05:00 AM","Maryland (State)","GEORGIA AVE","REEDIE DR",,"N/A","PEDESTRIAN","SINGLE VEHICLE","CLEAR","DRY","DARK LIGHTS ON","NO CONTROLS","NONE DETECTED","UNKNOWN","5573539D-F220-48D3-B518-F685AE9FECFE","PEDESTRIAN","Cross/Enter not at Intersection","DART DASH","ON ROADWAY NOT AT CROSSWALK","Unknown","FATAL INJURY","NONE","39.03912635","-77.05113669","    (39.03912635, -77.05113669)"
"DM8388002B","180042044","Takoma Park Police Depart","Injury Crash","08/23/2018 04:40:00 PM",,,,"SIDEWALK IN FRONT OF 7419 MAPLE AVE.",,"BICYCLIST","SAME DIRECTION RIGHT TURN","CLEAR",,"DAYLIGHT","NO CONTROLS","NONE DETECTED","NONE DETECTED","1EA67743-1D55-48D5-92C9-3F13D4C44741","BICYCLIST","Walking/Cycling on Sidewalk","OTHER","SIDEWALK","Yes","POSSIBLE INJURY","NONE","38.98045138","-77.01085419","    (38.98045138, -77.01085419)"
"MCP20870028","180041953","Montgomery County Police","Injury Crash","08/23/2018 09:09:00 AM","County","RANDOLPH RD","JUDSON RD",,"N/A","OTHER","SINGLE VEHICLE","CLEAR","DRY","DAYLIGHT","STOP SIGN","NONE DETECTED","NONE DETECTED","53EC57BF-0314-4B6A-8A09-77474858A9CC","OTHER","Standing","NO IMPROPER ACTIONS","AT INTERSECTION BUT NO CROSSWALK","No","SUSPECTED SERIOUS INJURY","REFLECTIVE CLOTHING","39.05770833","-77.05182833","    (39.05770833, -77.05182833)"
"MCP3163000D","180041756","Montgomery County Police","Injury Crash","08/22/2018 09:37:00 AM","Maryland (State)","KNOWLES AVE","SUMMIT AVE",,"N/A","BICYCLIST","HEAD ON LEFT TURN","N/A","DRY","DAYLIGHT","TRAFFIC SIGNAL","NONE DETECTED","NONE DETECTED","917749C1-EC78-4CE5-842D-61B06539DE37","BICYCLIST","Cross/Enter at Intersection","FAILURE TO YIELD RIGHT OF WAY","ON ROADWAY AT CROSSWALK","No","SUSPECTED MINOR INJURY","NONE","39.02812255","-77.07969537","    (39.02812255, -77.07969537)"
"MCP3089001P","180041729","Montgomery County Police","Injury Crash","08/22/2018 08:00:00 AM","County","THAYER AVE","FENTON ST",,"N/A","BICYCLIST","OTHER","N/A","DRY","DAYLIGHT","TRAFFIC SIGNAL","N/A","N/A","9AECDAB3-4C7B-4385-9509-F4CDF0168527","BICYCLIST","Walking/Riding w/Traffic","NO IMPROPER ACTIONS","SHOULDER","No","SUSPECTED MINOR INJURY","N/A","38.99449667","-77.03050833","    (38.99449667, -77.03050833)"
"MCP3156000C","180041721","Montgomery County Police","Injury Crash","08/22/2018 05:39:00 AM","Maryland (State)","PINEY BRANCH RD","DALE DR",,"N/A","PEDESTRIAN","OTHER","CLEAR","DRY","DAWN","TRAFFIC SIGNAL","NONE DETECTED","NONE DETECTED","9C0E9226-04D0-4B42-95CA-FFB7B70E04A3","PEDESTRIAN","Cross/Enter at Intersection","DART DASH","ON ROADWAY AT CROSSWALK","Yes","SUSPECTED SERIOUS INJURY","N/A","38.99367","-77.009205","    (38.99367, -77.009205)"
"MCP271700K4","180041691","Montgomery County Police","Injury Crash","08/21/2018 09:40:00 PM","County","SOUTHAMPTON DR","BEACON RD",,"N/A","PEDESTRIAN","OTHER","CLEAR","WET","DARK LIGHTS ON","NO CONTROLS","UNKNOWN","NONE DETECTED","A31B1A79-C237-4CB6-88B4-DCFF2517D0BE","PEDESTRIAN","Cross/Enter not at Intersection","IN ROADWAY IMPROPERLY","ON ROADWAY NOT AT CROSSWALK","No","SUSPECTED MINOR INJURY","NONE","39.00533483","-76.98210633","    (39.00533483, -76.98210633)"
"MCP271700K4","180041691","Montgomery County Police","Injury Crash","08/21/2018 09:40:00 PM","County","SOUTHAMPTON DR","BEACON RD",,"N/A","PEDESTRIAN","OTHER","CLEAR","WET","DARK LIGHTS ON","NO CONTROLS","UNKNOWN","NONE DETECTED","2D1AC938-0AD1-4A2D-A06C-21E120626FB5","PEDESTRIAN","Cross/Enter not at Intersection","IN ROADWAY IMPROPERLY","ON ROADWAY NOT AT CROSSWALK","No","SUSPECTED MINOR INJURY","NONE","39.00533483","-76.98210633","    (39.00533483, -76.98210633)"
"MCP271700K4","180041691","Montgomery County Police","Injury Crash","08/21/2018 09:40:00 PM","County","SOUTHAMPTON DR","BEACON RD",,"N/A","PEDESTRIAN","OTHER","CLEAR","WET","DARK LIGHTS ON","NO CONTROLS","UNKNOWN","NONE DETECTED","E4A9914F-97A3-40A2-A110-516C9E1071FF","PEDESTRIAN","Cross/Enter not at Intersection","IN ROADWAY IMPROPERLY","ON ROADWAY NOT AT CROSSWALK","No","SUSPECTED MINOR INJURY","NONE","39.00533483","-76.98210633","    (39.00533483, -76.98210633)"
"MCP2708003N","180041484","Montgomery County Police","Injury Crash","08/20/2018 08:41:00 PM","Maryland (State)","NEW HAMPSHIRE AVE","POWDER MILL RD",,"N/A","PEDESTRIAN","STRAIGHT MOVEMENT ANGLE","CLEAR","DRY","DARK LIGHTS ON","TRAFFIC SIGNAL","NONE DETECTED","UNKNOWN","9446DC28-CC34-4E46-A636-D2A1970F61DE","PEDESTRIAN","Cross/Enter at Intersection","IN ROADWAY IMPROPERLY","ON ROADWAY AT CROSSWALK","Yes","POSSIBLE INJURY","NONE","39.02223164","-76.97753594","    (39.02223164, -76.97753594)"
"MCP1301000Y","180041500","Montgomery County Police","Fatal Crash","08/20/2018 08:26:00 PM","Maryland (State)","GEORGIA AVE","GLENALLAN AVE",,"N/A","PEDESTRIAN","SINGLE VEHICLE","CLOUDY","DRY","DUSK","N/A","NONE DETECTED","UNKNOWN","20D5B51E-5331-47A7-9E92-BBB69042FCFC","PEDESTRIAN","Cross/Enter not at Intersection","DART DASH","N/A","Yes","FATAL INJURY","N/A","39.06200287","-77.05351985","    (39.06200287, -77.05351985)"
"MCP9422001K","180041354","Montgomery County Police","Injury Crash","08/20/2018 10:15:00 AM","County","ELLSWORTH DR","FENTON ST",,"N/A","PEDESTRIAN","SINGLE VEHICLE","CLOUDY","DRY","DAYLIGHT","TRAFFIC SIGNAL","NONE DETECTED","NONE DETECTED","7E55D17C-71E7-4520-BA6A-9BD31CEB1EAD","PEDESTRIAN","Other","IN ROADWAY IMPROPERLY","CURB","Yes","POSSIBLE INJURY","N/A","38.99702167","-77.0253","    (38.99702167, -77.0253)"
"MCP29290034","180041210","Montgomery County Police","Injury Crash","08/19/2018 05:46:00 AM","Maryland (State)","OLNEY SANDY SPRING RD","SPARTAN RD",,"N/A","PEDESTRIAN","OTHER","N/A","DRY","DAWN","TRAFFIC SIGNAL","NONE DETECTED","NONE DETECTED","06D6A75B-FE09-499A-9CEE-4B20B96C439A","PEDESTRIAN","Walking/Riding w/Traffic","NO IMPROPER ACTIONS","ON ROADWAY AT CROSSWALK","No","SUSPECTED MINOR INJURY","NONE","39.15072667","-77.06254667","    (39.15072667, -77.06254667)"
"MCP30650022","180041130","Montgomery County Police","Injury Crash","08/18/2018 02:57:00 PM",,,,"PARKING LOT OF 11311 LOCKWOOD DR",,"BICYCLIST","OTHER","CLEAR",,"DAYLIGHT","N/A","NONE DETECTED","NONE DETECTED","589983C1-734D-44F2-ADD3-4BA347FD4910","BICYCLIST","Walking/Cycling on Sidewalk","NO IMPROPER ACTIONS","SIDEWALK","No","POSSIBLE INJURY","NONE","39.04015667","-76.98933","    (39.04015667, -76.98933)"
"MCP27800042","180040949","Montgomery County Police","Injury Crash","08/17/2018 02:43:00 PM","Maryland (State)","CLOPPER RD","KINGSVIEW VILLAGE AVE",,"N/A","BICYCLIST","OTHER","N/A","DRY","DAYLIGHT","TRAFFIC SIGNAL","N/A","NONE DETECTED","A7A87082-6B23-4493-A978-F50BDD417792","BICYCLIST","Walking/Cycling on Sidewalk","IN ROADWAY IMPROPERLY","AT INTERSECTION MARKED CROSSWALK","Yes","SUSPECTED MINOR INJURY","MC/BIKE HELMET","39.16089167","-77.27955","    (39.16089167, -77.27955)"
"MCP1227000R","180040809","Montgomery County Police","Fatal Crash","08/16/2018 04:01:00 PM","Maryland (State)","NORBECK RD","E GUDE DR",,"ROCKVILLE","PEDESTRIAN","SINGLE VEHICLE","CLEAR","DRY","DAYLIGHT","TRAFFIC SIGNAL","NONE DETECTED","NONE DETECTED","8887AF4A-37F4-45BA-98C6-0DD00EF89BDE","PEDESTRIAN","Cross/Enter at Intersection","UNKNOWN","ON ROADWAY AT CROSSWALK","Unknown","FATAL INJURY","NONE","39.09007553","-77.12899195","    (39.09007553, -77.12899195)"
"MCP2243000J","180040556","Montgomery County Police","Injury Crash","08/15/2018 08:23:00 AM","County","DELCRIS DR","IVYBRIDGE CT",,"N/A","PEDESTRIAN","SINGLE VEHICLE","CLOUDY","DRY","DAYLIGHT","NO CONTROLS","UNKNOWN","NONE DETECTED","B648E2E6-B2D5-40EE-8F45-7BA3C0AAE732","PEDESTRIAN","Walking/Riding against Traffic","UNKNOWN","ON ROADWAY NOT AT CROSSWALK","Unknown","POSSIBLE INJURY","NONE","39.18848433","-77.17804819","    (39.18848433, -77.17804819)"
"MCP229800K3","180040231","Montgomery County Police","Injury Crash","08/13/2018 02:45:00 PM","County","WARING STATION RD","WINDING CREEK WAY",,"N/A","PEDESTRIAN","OTHER","CLOUDY","DRY","DAYLIGHT","N/A","NONE DETECTED","NONE DETECTED","75231928-DCAD-406F-8F18-71751E3975D9","PEDESTRIAN","Other","DART DASH","OUTSIDE RIGHT OF WAY","Yes","POSSIBLE INJURY","N/A","39.16323667","-77.24913167","    (39.16323667, -77.24913167)"
"EJ7829004T","180040228","Gaithersburg Police Depar","Injury Crash","08/13/2018 02:00:00 PM",,,,"PARKING LOT OF 15750 SHADY GROVE ROAD",,"PEDESTRIAN","OTHER","CLEAR",,"DAYLIGHT","NO CONTROLS","N/A","N/A","095774F6-C282-4372-9EFF-B483ABE1F734","PEDESTRIAN","Standing","OTHER","OTHER","Yes","POSSIBLE INJURY","N/A","39.11958973","-77.24573135","    (39.11958973, -77.24573135)"
"HA2372000X","18001064","Maryland-National Capital","Injury Crash","08/13/2018 11:19:00 AM","Government","LITTLE FALLS PKWY","ARLINGTON RD",,"N/A","PEDESTRIAN","OTHER","CLEAR","DRY","DAYLIGHT","STOP SIGN","NONE DETECTED","UNKNOWN","8710EFF5-E9A4-4944-AE39-A9333039E9F4","PEDESTRIAN","Cross/Enter at Intersection","DART DASH","ON ROADWAY AT CROSSWALK","Yes","SUSPECTED MINOR INJURY","UNKNOWN","38.97334695","-77.10107312","    (38.97334695, -77.10107312)"
"MCP2546002H","180040021","Montgomery County Police","Fatal Crash","08/11/2018 11:30:00 PM","Maryland (State)","GEORGIA AVE","VEIRS MILL RD",,"N/A","PEDESTRIAN","SINGLE VEHICLE","CLEAR","DRY","DARK LIGHTS ON","NO CONTROLS","NONE DETECTED","UNKNOWN","09BA6EF6-0D38-47E2-B63D-7E73FDF55718","PEDESTRIAN","Cross/Enter not at Intersection","UNKNOWN","ON ROADWAY NOT AT CROSSWALK","Unknown","FATAL INJURY","NONE","39.03765","-77.05047333","    (39.03765, -77.05047333)"
"MCP2254001W","180039943","Montgomery County Police","Property Damage Crash","08/11/2018 02:30:00 AM","Maryland (State)","RIDGE RD","KEMPTOWN RD",,"N/A","OTHER","SINGLE VEHICLE","N/A","DRY","N/A","NO CONTROLS","NONE DETECTED","N/A","4DFE3B14-494D-44AB-9E0A-750C49343FF7","OTHER","N/A","N/A","OTHER","No","NO APPARENT INJURY","N/A","39.31343333","-77.19807333","    (39.31343333, -77.19807333)"
"MCP9318000N","180039836","Montgomery County Police","Property Damage Crash","08/10/2018 08:45:00 PM",,,,"VEH CRASH INTO 3952 ANGELTON CT, BURTONSVILLE MD",,"OTHER","SINGLE VEHICLE","CLEAR",,"DARK LIGHTS ON","N/A","NONE DETECTED","NONE DETECTED","152CEA60-DC49-4E53-A996-A84107E8899E","OTHER","N/A","N/A","OTHER","No","NO APPARENT INJURY","N/A","39.08890333","-76.93335","    (39.08890333, -76.93335)"
"MCP9318000N","180039836","Montgomery County Police","Property Damage Crash","08/10/2018 08:45:00 PM",,,,"VEH CRASH INTO 3952 ANGELTON CT, BURTONSVILLE MD",,"OTHER","SINGLE VEHICLE","CLEAR",,"DARK LIGHTS ON","N/A","NONE DETECTED","N/A","9323A20D-F2CC-42FC-A235-302D1FDF0FC2","OTHER","N/A","NO IMPROPER ACTIONS","N/A","No","NO APPARENT INJURY","N/A","39.08890333","-76.93335","    (39.08890333, -76.93335)"
"MCP1202003F","180039760","Montgomery County Police","Injury Crash","08/10/2018 12:28:00 PM","Maryland (State)","BRADLEY LA","WISCONSIN AVE",,"N/A","BICYCLIST","SAME DIRECTION SIDESWIPE","CLEAR","DRY","DAYLIGHT","NO CONTROLS","UNKNOWN","NONE DETECTED","F5BF5B4A-D9DD-470A-B492-DAA08152B257","BICYCLIST","Walking/Riding w/Traffic","NO IMPROPER ACTIONS","IN BIKEWAY","No","SUSPECTED SERIOUS INJURY","MC/BIKE HELMET","38.97709667","-77.08568667","    (38.97709667, -77.08568667)"
"MCP2191002D","180039753","Montgomery County Police","Injury Crash","08/10/2018 12:13:00 PM",,,,"PARKING LOT OF 11919 ROCKVILLE PIKE",,"OTHER","SINGLE VEHICLE","UNKNOWN",,"DAYLIGHT","N/A","NONE DETECTED","NONE DETECTED","741FC81D-5CF9-4AD7-9704-263E0D91F3A4","OTHER","N/A","N/A","INSIDE BUILDING","No","POSSIBLE INJURY","N/A","39.05156233","-77.11470283","    (39.05156233, -77.11470283)"
"MCP2351002B","180039734","Montgomery County Police","Injury Crash","08/10/2018 10:47:00 AM","County","BOU AVE","SPUR TO CHAPMAN AVE",,"N/A","BICYCLIST","OTHER","CLEAR","DRY","DAYLIGHT","YIELD SIGN","UNKNOWN","NONE DETECTED","268A5B02-7AB2-4A12-8CAF-A5EB4500125D","BICYCLIST","Walking/Riding w/Traffic","NO IMPROPER ACTIONS","ON ROADWAY AT CROSSWALK","No","SUSPECTED MINOR INJURY","UNKNOWN","39.05727446","-77.11769342","    (39.05727446, -77.11769342)"
"MCP2934003D","180039605","Montgomery County Police","Injury Crash","08/09/2018 05:48:00 PM",,,,"PARKING LOT OF MACY'S LOCATED AT 7101 DEMOCRACY BLVD",,"PEDESTRIAN","OTHER","N/A",,"DAYLIGHT","NO CONTROLS","NONE DETECTED","N/A","FDD2C115-1EAC-40B4-A966-85FFB7AB110D","PEDESTRIAN","Other","INATTENTIVE","OTHER","Yes","POSSIBLE INJURY","N/A","39.0230263","-77.14618921","    (39.0230263, -77.14618921)"
"MCP31090013","180039559","Montgomery County Police","Injury Crash","08/09/2018 02:15:00 PM","Maryland (State)","GEORGIA AVE","THE MD NATIONAL CAPITAL PARK & PLANNING",,"N/A","PEDESTRIAN","SINGLE VEHICLE","CLEAR","DRY","DAYLIGHT","NO CONTROLS","NONE DETECTED","NONE DETECTED","4F1C357E-EBF4-4A18-8951-3EC1C6209001","PEDESTRIAN","Cross/Enter not at Intersection","IN ROADWAY IMPROPERLY","ON ROADWAY NOT AT CROSSWALK","Yes","POSSIBLE INJURY","NONE","38.99909202","-77.03131557","    (38.99909202, -77.03131557)"
"MCP2859005F","180039488","Montgomery County Police","Injury Crash","08/09/2018 05:40:00 AM","Maryland (State)","GREAT SENECA HWY","QUINCE ORCHARD RD",,"N/A","PEDESTRIAN","SAME DIR REAR END","CLEAR","DRY","DARK NO LIGHTS","NO CONTROLS","NONE DETECTED","NONE DETECTED","2259B21D-B6CB-4793-B41C-5D8234EAC9EA","PEDESTRIAN","Standing","NO IMPROPER ACTIONS","OTHER","No","POSSIBLE INJURY","NONE","39.13033333","-77.23971833","    (39.13033333, -77.23971833)"
"MCP3093000S","180039443","Montgomery County Police","Injury Crash","08/08/2018 09:15:00 PM",,,,"PARKING LOT IN FRONT OF 10911 BREWER HOUSE RD",,"PEDESTRIAN","N/A","N/A",,"DARK LIGHTS ON","NO CONTROLS","N/A","N/A","C82748B4-44EA-499A-B04F-B56CF0CF2E16","PEDESTRIAN","Cross/Enter not at Intersection","NOT VISIBLE","ON ROADWAY NOT AT CROSSWALK","Yes","POSSIBLE INJURY","N/A","39.03500833","-77.11345167","    (39.03500833, -77.11345167)"
"MCP271700K1","180039391","Montgomery County Police","Injury Crash","08/08/2018 04:45:00 PM","Maryland (State)","UNIVERSITY BLVD E","COLESVILLE RD",,"N/A","PEDESTRIAN","OTHER","CLEAR","DRY","DAYLIGHT","TRAFFIC SIGNAL","NONE DETECTED","NONE DETECTED","96341BFC-4BFE-484A-A32A-F95DF70D3094","PEDESTRIAN","Cross/Enter not at Intersection","DART DASH","ON ROADWAY NOT AT CROSSWALK","Yes","SUSPECTED MINOR INJURY","NONE","39.020385","-77.014245","    (39.020385, -77.014245)"
"MCP2031001J","180039341","Montgomery County Police","Property Damage Crash","08/08/2018 12:21:00 PM","Maryland (State)","RIDGE RD","SUNSET DR",,"N/A","OTHER","SAME DIR REAR END","N/A","DRY","DAYLIGHT","NO CONTROLS","NONE DETECTED","NONE DETECTED","28D3746F-FBE2-4780-819E-49935BE99492","OTHER","Other Working","NO IMPROPER ACTIONS","OTHER","No","NO APPARENT INJURY","NONE","39.277808","-77.21266783","    (39.277808, -77.21266783)"
"MCP23580058","180038830","Montgomery County Police","Injury Crash","08/05/2018 08:30:00 AM","County","MACARTHUR BLVD","WILSON LA",,"N/A","BICYCLIST","STRAIGHT MOVEMENT ANGLE","CLEAR","DRY","DAYLIGHT","NO CONTROLS","NONE DETECTED","NONE DETECTED","1C61FEC9-B644-42B6-BF0D-1BD68A69FE14","BICYCLIST","Walking/Riding w/Traffic","NO IMPROPER ACTIONS","OTHER","No","SUSPECTED MINOR INJURY","MC/BIKE HELMET","38.97292667","-77.14644667","    (38.97292667, -77.14644667)"
"MCP28130057","180038702","Montgomery County Police","Injury Crash","08/04/2018 05:50:00 PM",,,,"PARKING LOT OF 4301 RANDOLPH RD",,"PEDESTRIAN","OTHER","CLEAR",,"DAYLIGHT","N/A","N/A","N/A","11A24798-D25B-49EC-B6F5-0FD018CADEB9","PEDESTRIAN","Other","N/A","OTHER","No","SUSPECTED MINOR INJURY","N/A","39.05566333","-77.08368333","    (39.05566333, -77.08368333)"
"MCP28130057","180038702","Montgomery County Police","Injury Crash","08/04/2018 05:50:00 PM",,,,"PARKING LOT OF 4301 RANDOLPH RD",,"PEDESTRIAN","OTHER","CLEAR",,"DAYLIGHT","N/A","N/A","N/A","E7428D8F-B3F9-401C-A2A1-1BB16F5065FA","PEDESTRIAN","Other","N/A","OTHER","No","SUSPECTED MINOR INJURY","N/A","39.05566333","-77.08368333","    (39.05566333, -77.08368333)"
"MCP2950001L","180038639","Montgomery County Police","Injury Crash","08/04/2018 05:00:00 AM","County","STRINGTOWN RD","ST CLAIR RD",,"N/A","BICYCLIST","SAME DIR REAR END","CLOUDY","WET","DARK LIGHTS ON","NO CONTROLS","UNKNOWN","NONE DETECTED","B9890DD4-4327-4034-8A78-CF39133F4F71","BICYCLIST","Walking/Riding w/Traffic","NO IMPROPER ACTIONS","SHOULDER","No","SUSPECTED SERIOUS INJURY","MC/BIKE HELMET","39.240335","-77.270135","    (39.240335, -77.270135)"
"MCP2339003M","180038573","Montgomery County Police","Injury Crash","08/03/2018 07:32:00 PM","County","RANDOLPH RD","PARKLAWN DR",,"N/A","BICYCLIST","OTHER","RAINING","WET","DAYLIGHT","TRAFFIC SIGNAL","NONE DETECTED","NONE DETECTED","2AFD2FE0-A041-4D97-8EF7-76D59E45F9A7","BICYCLIST","Cross/Enter at Intersection","NO IMPROPER ACTIONS","ON ROADWAY AT CROSSWALK","No","SUSPECTED MINOR INJURY","NONE","39.05342667","-77.10708","    (39.05342667, -77.10708)"