"Report Number","Local Case Number","Agency Name","ACRS Report Type","Crash Date/Time","Route Type","Road Name","Cross-Street Name","Off-Road Description","Municipality","Related Non-Motorist","Collision Type","Weather","Surface Condition","Light","Traffic Control","Driver Substance Abuse","Non-Motorist Substance Abuse","Person ID","Pedestrian Type","Pedestrian Movement","Pedestrian Actions","Pedestrian Location","At Fault","Injury Severity","Safety Equipment","Latitude","Longitude","Location"
"MCP3021000F","17011682","Montgomery County Police","Injury Crash","03/05/2017 05:13:00 PM","County","SILVER SPRING AVE","GEORGIA AVE",,"N/A","PEDESTRIAN","SINGLE VEHICLE","CLEAR","DRY","DAYLIGHT","NO CONTROLS","NONE DETECTED","NONE DETECTED","4D224526-10CF-46A3-886B-969487044F9E","PEDESTRIAN","Cross/Enter not at Intersection","IN ROADWAY IMPROPERLY","ON ROADWAY NOT AT CROSSWALK","No","SUSPECTED MINOR INJURY","NONE","38.99167708","-77.02522025","    (38.99167708, -77.02522025)"
"MCP1064005H","17011626","Montgomery County Police","Property Damage Crash","03/05/2017 10:46:00 AM",,,,"SIDE WALK
8600 BLOCK COLESVILLE RD

SILVER SPRING, MD 20910",,"BICYCLIST","OTHER","CLEAR",,"DAYLIGHT","STOP SIGN","N/A","N/A","39BDEA4F-FE2F-4FF7-B5B8-107DEF8E47C1","BICYCLIST","Walking/Cycling on Sidewalk","N/A","SIDEWALK","No","NO APPARENT INJURY","MC/BIKE HELMET","38.99643167","-77.02789667","    (38.99643167, -77.02789667)"
"MCP2720002P","17011450","Montgomery County Police","Injury Crash","03/05/2017 02:48:00 AM","County","WINDMILL LA","ROSSITER CT",,"N/A","PEDESTRIAN","SINGLE VEHICLE","CLEAR","DRY","DARK -- UNKNOWN LIGHTING","NO CONTROLS","UNKNOWN","NONE DETECTED","7D14A6BC-F8DA-4650-A86B-09BCFF7DEC8B","PEDESTRIAN","Other","NO IMPROPER ACTIONS","SHOULDER","No","SUSPECTED MINOR INJURY","NONE","39.09209167","-77.06885333","    (39.09209167, -77.06885333)"
"MCP2720002P","17011450","Montgomery County Police","Injury Crash","03/05/2017 02:48:00 AM","County","WINDMILL LA","ROSSITER CT",,"N/A","PEDESTRIAN","SINGLE VEHICLE","CLEAR","DRY","DARK -- UNKNOWN LIGHTING","NO CONTROLS","UNKNOWN","NONE DETECTED","1EB10340-F9FC-42DA-B2A2-F4AC99F81092","PEDESTRIAN","Other","NO IMPROPER ACTIONS","CURB","No","SUSPECTED MINOR INJURY","NONE","39.09209167","-77.06885333","    (39.09209167, -77.06885333)"
"MCP2492000S","17011443","Montgomery County Police","Fatal Crash","03/04/2017 02:27:00 AM","US (State)","COLESVILLE RD","FENTON ST",,"N/A","PEDESTRIAN","OTHER","CLEAR","DRY","DARK LIGHTS ON","FLASHING TRAFFIC SIGNAL","UNKNOWN","UNKNOWN","AD9DA68A-22D8-4DF7-A599-43E66AD9D28F","PEDESTRIAN","Cross/Enter at Intersection","UNKNOWN","ON ROADWAY AT CROSSWALK","Unknown","FATAL INJURY","NONE","38.99764432","-77.02704012","    (38.99764432, -77.02704012)"
"DM8338000T","17011376","Takoma Park Police Depart","Injury Crash","03/03/2017 07:58:00 PM","Maryland (State)","PINEY BRANCH RD","TAKOMA AVE",,"TAKOMA PARK","PEDESTRIAN","OTHER","N/A","DRY","DARK LIGHTS ON","NO CONTROLS","N/A","UNKNOWN","690A19BD-6171-4AD8-9200-C4272D6C45A2","PEDESTRIAN","Other","OTHER","ON ROADWAY NOT AT CROSSWALK","Yes","SUSPECTED SERIOUS INJURY","N/A","38.98000694","-77.01715887","    (38.98000694, -77.01715887)"
"MCP2239000M","17011246","Montgomery County Police","Injury Crash","03/03/2017 07:47:00 AM",,,,"PARKING LOT OF DUFIEF ELEMENTARY SCHOOL LOCATED AT 15001 DUFIEF DR",,"PEDESTRIAN","OTHER","CLEAR",,"DAYLIGHT","N/A","N/A","NONE DETECTED","FCBB1F14-429A-4C00-BE0F-3E430D32D1D3","PEDESTRIAN","Cross/Enter not at Intersection","IN ROADWAY IMPROPERLY","ON ROADWAY NOT AT CROSSWALK","Yes","SUSPECTED MINOR INJURY","NONE","39.10109983","-77.23770967","    (39.10109983, -77.23770967)"
"MCP3018000H","17011232","Montgomery County Police","Injury Crash","03/03/2017 05:35:00 AM",,"BEL PRE RD","SUN VALLEY CIR",,"N/A","PEDESTRIAN","OTHER","OTHER","WET","DARK LIGHTS ON","NO CONTROLS","NONE DETECTED","NONE DETECTED","1B61A7D2-5C01-461C-B792-5E59362BC11F","PEDESTRIAN","Cross/Enter not at Intersection","FAILURE TO YIELD RIGHT OF WAY","ON ROADWAY NOT AT CROSSWALK","Yes","SUSPECTED MINOR INJURY","NONE","39.09050051","-77.04785943","    (39.09050051, -77.04785943)"
"MCP3018000H","17011232","Montgomery County Police","Injury Crash","03/03/2017 05:35:00 AM",,"BEL PRE RD","SUN VALLEY CIR",,"N/A","PEDESTRIAN","OTHER","OTHER","WET","DARK LIGHTS ON","NO CONTROLS","NONE DETECTED","NONE DETECTED","5F454389-13C8-4CE6-8DED-A3601D644F72","PEDESTRIAN","Cross/Enter not at Intersection","FAILURE TO YIELD RIGHT OF WAY","ON ROADWAY NOT AT CROSSWALK","Yes","POSSIBLE INJURY","NONE","39.09050051","-77.04785943","    (39.09050051, -77.04785943)"
"MCP91060017","17011090","Montgomery County Police","Injury Crash","03/02/2017 12:53:00 PM","County","WATERS RD","WISTERIA DR",,"N/A","PEDESTRIAN","SINGLE VEHICLE","N/A","DRY","DAYLIGHT","YIELD SIGN","UNKNOWN","NONE DETECTED","708AB888-21A4-438D-9347-EBD93806BB62","PEDESTRIAN","Cross/Enter at Intersection","NO IMPROPER ACTIONS","ON ROADWAY AT CROSSWALK","No","POSSIBLE INJURY","NONE","39.17818","-77.27308167","    (39.17818, -77.27308167)"
"MCP1417006T","17011079","Montgomery County Police","Injury Crash","03/02/2017 12:18:00 PM","County","LOST KNIFE RD","ODENDHAL AVE",,"N/A","PEDESTRIAN","STRAIGHT MOVEMENT ANGLE","N/A","DRY","DAYLIGHT","N/A","NONE DETECTED","NONE DETECTED","E28BDDB1-8A5E-4935-B13E-3E2ABB9366AB","PEDESTRIAN","Cross/Enter at Intersection","NO IMPROPER ACTIONS","ON ROADWAY AT CROSSWALK","No","SUSPECTED MINOR INJURY","N/A","39.15303706","-77.19908103","    (39.15303706, -77.19908103)"
"MCP2425008X","17010849","Montgomery County Police","Injury Crash","03/01/2017 08:36:00 AM","Maryland (State)","GEORGIA AVE","FENWICK LA",,"N/A","PEDESTRIAN","SINGLE VEHICLE","CLOUDY","WET","DAYLIGHT","STOP SIGN","NONE DETECTED","NONE DETECTED","4B4D0B3C-AEC0-48C5-9CEE-1A676F58A582","PEDESTRIAN","Cross/Enter at Intersection","DART DASH","ON ROADWAY AT CROSSWALK","No","SUSPECTED SERIOUS INJURY","NONE","38.99837333","-77.03082167","    (38.99837333, -77.03082167)"
"EJ78530026","17010779","Gaithersburg Police Depar","Injury Crash","02/28/2017 07:19:00 PM","Maryland (State)","W DIAMOND AVE","PERRY PKWY",,"GAITHERSBURG","PEDESTRIAN","STRAIGHT MOVEMENT ANGLE","RAINING","WET","DARK LIGHTS ON","TRAFFIC SIGNAL","NONE DETECTED","NONE DETECTED","BDFA4C49-E52D-468A-A492-6C3E0C72C4A0","PEDESTRIAN","Cross/Enter at Intersection","FAILURE TO OBEY TRAFFIC SIGNS SIGNALS OR OFFICER","ON ROADWAY AT CROSSWALK","Yes","SUSPECTED MINOR INJURY","NONE","39.14040854","-77.20941827","    (39.14040854, -77.20941827)"
"DD5502002Y","17010773","Rockville Police Departme","Injury Crash","02/28/2017 07:00:00 PM","Municipality","MARTINS LA","N WASHINGTON ST",,"ROCKVILLE","PEDESTRIAN","OTHER","RAINING","WET","DARK LIGHTS ON","TRAFFIC SIGNAL","NONE DETECTED","NONE DETECTED","59A22041-284C-44D8-B65A-6CB86CC12FCB","PEDESTRIAN","Cross/Enter at Intersection","NO IMPROPER ACTIONS","ON ROADWAY AT CROSSWALK","No","SUSPECTED MINOR INJURY","N/A","39.09098167","-77.15364333","    (39.09098167, -77.15364333)"
"MCP2665001Y","17010766","Montgomery County Police","Injury Crash","02/28/2017 06:39:00 PM","County","GROSVENOR LA","BEGIN BRIDGE",,"N/A","BICYCLIST","SAME DIR REAR END","RAINING","WET","DARK LIGHTS ON","NO CONTROLS","N/A","N/A","A273D197-92B5-4361-B8D8-D322647CB970","BICYCLIST","Walking/Riding w/Traffic","NOT VISIBLE","OTHER","No","SUSPECTED MINOR INJURY","MC/BIKE HELMET","39.02257","-77.10677167","    (39.02257, -77.10677167)"
"DD5508003C","17010759","Rockville Police Departme","Property Damage Crash","02/28/2017 06:09:00 PM","Municipality","S STONESTREET AVE","READING TERR",,"ROCKVILLE","PEDESTRIAN","OTHER","RAINING","WET","DARK LIGHTS ON","NO CONTROLS","NONE DETECTED","NONE DETECTED","21642818-EC97-40B2-978D-A3005646DBD8","PEDESTRIAN","Cross/Enter at Intersection","IN ROADWAY IMPROPERLY","ON ROADWAY NOT AT CROSSWALK","Yes","NO APPARENT INJURY","N/A","39.08540333","-77.14475333","    (39.08540333, -77.14475333)"
"HA24350002","17000229","Maryland-National Capital","Injury Crash","02/28/2017 01:47:00 PM","County","WAYNE AVE","SLIGO CREEK PKWY",,"N/A","PEDESTRIAN","SINGLE VEHICLE","CLOUDY","DRY","DAYLIGHT","TRAFFIC SIGNAL","NONE DETECTED","NONE DETECTED","30359EC8-7F50-4C63-B828-816965A34540","PEDESTRIAN","Cross/Enter at Intersection","NO IMPROPER ACTIONS","AT INTERSECTION MARKED CROSSWALK","No","SUSPECTED SERIOUS INJURY","N/A","38.999865","-77.01059833","    (38.999865, -77.01059833)"
"MCP29540032","17010663","Montgomery County Police","Injury Crash","02/28/2017 09:31:00 AM","US (State)","COLESVILLE RD","UNIVERSITY BLVD E",,"N/A","PEDESTRIAN","SINGLE VEHICLE","CLEAR","DRY","DAYLIGHT","TRAFFIC SIGNAL","UNKNOWN","NONE DETECTED","F8689B85-1B5E-49F6-B20C-1A45D7D0BED1","PEDESTRIAN","Cross/Enter at Intersection","NO IMPROPER ACTIONS","ON ROADWAY AT CROSSWALK","No","POSSIBLE INJURY","N/A","39.01980052","-77.01337695","    (39.01980052, -77.01337695)"
"MCP2659001H","17010628","Montgomery County Police","Injury Crash","02/28/2017 05:13:00 AM","County","BELVEDERE BLVD","FOREST GROVE DR",,"N/A","PEDESTRIAN","OTHER","CLEAR","DRY","DARK LIGHTS ON","NO CONTROLS","ALCOHOL PRESENT","NONE DETECTED","20D0B011-BB19-4AB3-B53D-2735AE7EF83E","PEDESTRIAN","Cross/Enter at Intersection","NO IMPROPER ACTIONS","ON ROADWAY AT CROSSWALK","No","SUSPECTED MINOR INJURY","REFLECTIVE CLOTHING","39.01979","-77.03893833","    (39.01979, -77.03893833)"
"MCP2094007Z","17010504","Montgomery County Police","Injury Crash","02/27/2017 02:11:00 PM",,,,"PARKING LOT OF 

10100 RIVER RD",,"PEDESTRIAN","OTHER","CLOUDY",,"DAYLIGHT","N/A","NONE DETECTED","NONE DETECTED","6BD704BD-F065-44EB-8F8E-FA33E5FF54FD","PEDESTRIAN","Other","NO IMPROPER ACTIONS","OTHER","No","SUSPECTED SERIOUS INJURY","N/A","39.01692","-77.20789333","    (39.01692, -77.20789333)"
"MCP2565003V","17010234","Montgomery County Police","Injury Crash","02/25/2017 06:07:00 PM","Maryland (State)","ROCKVILLE PIKE","TUCKERMAN LA",,"N/A","BICYCLIST","SAME DIR REAR END","CLEAR","DRY","DARK LIGHTS ON","NO CONTROLS","NONE DETECTED","NONE DETECTED","DEF8D76B-3DEB-4AAF-9A37-3F05701EBEB5","BICYCLIST","Walking/Riding w/Traffic","N/A","ON ROADWAY NOT AT CROSSWALK","No","POSSIBLE INJURY","NONE","39.02486626","-77.10308746","    (39.02486626, -77.10308746)"
"EJ78530025","17010105","Gaithersburg Police Depar","Injury Crash","02/24/2017 09:24:00 PM",,"GIRARD ST.","GLORIA WAY",,"N/A","BICYCLIST","STRAIGHT MOVEMENT ANGLE","CLEAR","DRY","DARK LIGHTS ON","STOP SIGN","NONE DETECTED","NONE DETECTED","376C0364-B1D5-4316-93C4-3B0B66F4FD9B","BICYCLIST","Walking/Riding w/Traffic","NO IMPROPER ACTIONS","OTHER","No","SUSPECTED MINOR INJURY","NONE","39.14461483","-77.18357921","    (39.14461483, -77.18357921)"
"MCP2717009T","17010018","Montgomery County Police","Property Damage Crash","02/24/2017 03:00:00 PM",,,,"10201 OLD GEORGETOWN ROAD (WILDWOOD SHOPPING CENTER PARKING-LOT)",,"PEDESTRIAN","SINGLE VEHICLE","CLEAR",,"DAYLIGHT","NO CONTROLS","UNKNOWN","NONE DETECTED","2A278E7E-53D4-404A-88FA-459CA0EB0D09","PEDESTRIAN","Cross/Enter at Intersection","NO IMPROPER ACTIONS","ON ROADWAY AT CROSSWALK","No","NO APPARENT INJURY","NONE","39.02411833","-77.12386717","    (39.02411833, -77.12386717)"
"MCP2875002K","17009918","Montgomery County Police","Injury Crash","02/24/2017 12:56:00 AM","Maryland (State)","GERMANTOWN RD","RICHTER FARM RD",,"N/A","PEDESTRIAN","OTHER","CLEAR","DRY","DARK NO LIGHTS","NO CONTROLS","NONE DETECTED","ALCOHOL PRESENT","93D36B4E-6474-435D-8601-5772ACEAC78C","PEDESTRIAN","Cross/Enter not at Intersection","FAILURE TO YIELD RIGHT OF WAY","ON ROADWAY NOT AT CROSSWALK","Yes","SUSPECTED MINOR INJURY","NONE","39.15264395","-77.28839993","    (39.15264395, -77.28839993)"
"MCP25040021","17009821","Montgomery County Police","Injury Crash","02/23/2017 04:26:00 PM","Municipality","WOOTTON PKWY","GREENPLACE TERR",,"ROCKVILLE","PEDESTRIAN","STRAIGHT MOVEMENT ANGLE","CLEAR","DRY","DAYLIGHT","TRAFFIC SIGNAL","NONE DETECTED","NONE DETECTED","C08AE31C-7880-423F-BACF-016E9DB09C7E","PEDESTRIAN","Cross/Enter at Intersection","NO IMPROPER ACTIONS","ON ROADWAY AT CROSSWALK","No","SUSPECTED MINOR INJURY","NONE","39.07463833","-77.18233667","    (39.07463833, -77.18233667)"
"MCP2975001H","17009667","Montgomery County Police","Injury Crash","02/22/2017 11:12:00 PM","Maryland (State)","GEORGIA AVE","VERONA DR",,"N/A","BICYCLIST","SAME DIR REAR END","N/A","DRY","DARK LIGHTS ON","NO CONTROLS","ALCOHOL PRESENT","NONE DETECTED","B445C9D4-AF8A-487F-A58B-FA7E2A6A3F6C","BICYCLIST","Walking/Riding w/Traffic","NO IMPROPER ACTIONS","OTHER","No","SUSPECTED MINOR INJURY","MC/BIKE HELMET","39.07427333","-77.067235","    (39.07427333, -77.067235)"
"MCP2094007Y","17009536","Montgomery County Police","Injury Crash","02/22/2017 12:44:00 PM",,,,"PARKING LOT OF
2015 EAST WEST HWY",,"PEDESTRIAN","OTHER","CLEAR",,"DAYLIGHT","N/A","NONE DETECTED","NONE DETECTED","4138826F-3B96-441F-A3E4-65EF5DA2A065","PEDESTRIAN","Standing","NO IMPROPER ACTIONS","OTHER","No","SUSPECTED SERIOUS INJURY","N/A","38.99501333","-77.04428","    (38.99501333, -77.04428)"
"MCP21950009","15035166","Montgomery County Police","Injury Crash","02/22/2017 12:10:00 PM","County","E GUDE DR","FREDERICK RD",,"N/A","BICYCLIST","OTHER","CLEAR","DRY","DAYLIGHT","NO CONTROLS","NONE DETECTED","NONE DETECTED","0382707F-A1D8-41D5-B842-59380286DA85","BICYCLIST","Walking/Cycling on Sidewalk","NO IMPROPER ACTIONS","SIDEWALK","No","POSSIBLE INJURY","NONE","39.10954983","-77.18127283","    (39.10954983, -77.18127283)"
"MCP2987001K","17009316","Montgomery County Police","Injury Crash","02/21/2017 10:40:00 AM","Maryland (State)","PINEY BRANCH RD","ARLISS ST",,"N/A","PEDESTRIAN","STRAIGHT MOVEMENT ANGLE","CLEAR","DRY","DAYLIGHT","TRAFFIC SIGNAL","NONE DETECTED","NONE DETECTED","FFBFAEFF-90EC-44BD-9556-3EDA9AA47C56","PEDESTRIAN","Cross/Enter at Intersection","NO IMPROPER ACTIONS","ON ROADWAY AT CROSSWALK","No","SUSPECTED MINOR INJURY","NONE","38.99820667","-77.00123167","    (38.99820667, -77.00123167)"
"MCP2286001K","17009248","Montgomery County Police","Injury Crash","02/20/2017 06:38:00 PM",,,,"SAM'S CLUM PARKING LOT, 610 N FREDERICK AVE, GAITHERSBURG, MD 20877",,"PEDESTRIAN","STRAIGHT MOVEMENT ANGLE","CLEAR",,"DUSK","OTHER","N/A","NONE DETECTED","4FA5573B-7839-48C0-9F5E-CF8DD6987928","PEDESTRIAN","Other","NO IMPROPER ACTIONS","ON ROADWAY AT CROSSWALK","No","SUSPECTED MINOR INJURY","NONE","39.15127012","-77.21286625","    (39.15127012, -77.21286625)"
"MCP2765003N","17009224","Montgomery County Police","Injury Crash","02/20/2017 05:00:00 PM",,,,"7949 TUCKERMAN LA - CABIN JOHN SHOPPING CENTER",,"PEDESTRIAN","SINGLE VEHICLE","CLEAR",,"DAYLIGHT","NO CONTROLS","NONE DETECTED","NONE DETECTED","E6B20618-6054-4990-8F42-2AA3CA303C8D","PEDESTRIAN","Cross/Enter not at Intersection","UNKNOWN","ON ROADWAY NOT AT CROSSWALK","Yes","POSSIBLE INJURY","NONE","39.04094333","-77.15739333","    (39.04094333, -77.15739333)"
"MCP2689002T","17009131","Montgomery County Police","Injury Crash","02/20/2017 07:47:00 AM","County","TWINBROOK PKWY","PARKLAWN DR",,"N/A","PEDESTRIAN","SINGLE VEHICLE","CLEAR","DRY","DAYLIGHT","TRAFFIC SIGNAL","NONE DETECTED","NONE DETECTED","164A863C-A1FB-4CD9-A5B9-F4D54B17273A","PEDESTRIAN","Cross/Enter at Intersection","NO IMPROPER ACTIONS","AT INTERSECTION MARKED CROSSWALK","No","SUSPECTED MINOR INJURY","REFLECTIVE CLOTHING","39.06148051","-77.11623296","    (39.06148051, -77.11623296)"
"MCP2134000Y","17008899","Montgomery County Police","Injury Crash","02/18/2017 04:35:00 PM",,,,"PARKING LOT OF 8208 ROANOKE AVE",,"PEDESTRIAN","OTHER","CLEAR",,"DAYLIGHT","N/A","N/A","N/A","5393FDD0-75B2-46DD-A153-1577C1E8015B","PEDESTRIAN","Playing","UNKNOWN","OTHER","Unknown","SUSPECTED SERIOUS INJURY","NONE","38.99135186","-77.00431913","    (38.99135186, -77.00431913)"
"MCP2954002Y","17008657","Montgomery County Police","Injury Crash","02/17/2017 03:12:00 PM",,,,"10801 LOCKWOOD DR IN THE PARKING LOT TO THE REAR NEAR THE ENTRANCE",,"PEDESTRIAN","SINGLE VEHICLE","CLEAR",,"DAYLIGHT","NO CONTROLS","UNKNOWN","NONE DETECTED","8B95DAC6-2678-4587-A9F8-C0BBD10C7A6C","PEDESTRIAN","Other","N/A","ON ROADWAY AT CROSSWALK","No","POSSIBLE INJURY","N/A","39.03250899","-77.00229138","    (39.03250899, -77.00229138)"
"MCP2586002L","17008486","Montgomery County Police","Injury Crash","02/16/2017 06:36:00 PM","Maryland (State)","SANDY SPRING RD","MCKNEW RD",,"N/A","PEDESTRIAN","OTHER","CLEAR","DRY","DARK LIGHTS ON","TRAFFIC SIGNAL","NONE DETECTED","NONE DETECTED","568D25D5-E0FB-4958-975A-E3D980599D07","PEDESTRIAN","Unknown","IN ROADWAY IMPROPERLY","ON ROADWAY NOT AT CROSSWALK","Yes","SUSPECTED MINOR INJURY","N/A","39.10613667","-76.918495","    (39.10613667, -76.918495)"
"MCP3048000B","17008480","Montgomery County Police","Injury Crash","02/16/2017 06:00:00 PM",,,,"DRIVEWAY OF 11810 PARKLAWN DRIVE",,"PEDESTRIAN","OTHER","CLEAR",,"DARK LIGHTS ON","NO CONTROLS","UNKNOWN","NONE DETECTED","A99F7BE4-7782-435F-9E36-63ADB213D84B","PEDESTRIAN","Walking/Cycling on Sidewalk","NO IMPROPER ACTIONS","SIDEWALK","No","POSSIBLE INJURY","N/A","39.04966565","-77.10281119","    (39.04966565, -77.10281119)"
"DD56050038","17008304","Rockville Police Departme","Injury Crash","02/15/2017 07:49:00 PM","County","SHADY GROVE RD","FALLSGROVE BLVD",,"ROCKVILLE","PEDESTRIAN","OTHER","CLEAR","DRY","DARK LIGHTS ON","OTHER","NONE DETECTED","NONE DETECTED","804CEEDC-D86B-4747-B706-CBD6751AB020","PEDESTRIAN","Cross/Enter not at Intersection","FAILURE TO YIELD RIGHT OF WAY","OUTSIDE RIGHT OF WAY","Yes","POSSIBLE INJURY","N/A","39.09768883","-77.19250517","    (39.09768883, -77.19250517)"
"MCP3031000C","17008136","Montgomery County Police","Injury Crash","02/14/2017 09:36:00 PM","County","HEWITT AVE","GEORGIA AVE",,"N/A","PEDESTRIAN","SINGLE VEHICLE","CLEAR","DRY","N/A","N/A","NONE DETECTED","NONE DETECTED","99EC0EDB-7520-4EAB-A853-AFC6C99AD818","PEDESTRIAN","Cross/Enter at Intersection","NO IMPROPER ACTIONS","ON ROADWAY AT CROSSWALK","No","POSSIBLE INJURY","NONE","39.07932869","-77.06799611","    (39.07932869, -77.06799611)"
"MCP2675001D","17007959","Montgomery County Police","Injury Crash","02/13/2017 09:49:00 PM","County","REEDIE DR","GEORGIA AVE",,"N/A","PEDESTRIAN","SINGLE VEHICLE","CLEAR","DRY","DARK LIGHTS ON","TRAFFIC SIGNAL","NONE DETECTED","NONE DETECTED","24F2D624-4838-4284-8D49-6E15F8AAD356","PEDESTRIAN","Cross/Enter at Intersection","NO IMPROPER ACTIONS","AT INTERSECTION MARKED CROSSWALK","No","SUSPECTED MINOR INJURY","N/A","39.03864883","-77.05099359","    (39.03864883, -77.05099359)"
"MCP3050000C","17007929","Montgomery County Police","Injury Crash","02/13/2017 07:00:00 PM","Other Public Roadway","GLENMONT CIR #1","GLENMONT CIR #2",,"N/A","PEDESTRIAN","SINGLE VEHICLE","OTHER","DRY","DARK LIGHTS ON","NO CONTROLS","NONE DETECTED","NONE DETECTED","F7531DBE-B5E8-4670-85B6-3417AA1C3E26","PEDESTRIAN","Other","NO IMPROPER ACTIONS","OTHER","No","NO APPARENT INJURY","N/A","39.05893754","-77.04736322","    (39.05893754, -77.04736322)"
"MCP3050000C","17007929","Montgomery County Police","Injury Crash","02/13/2017 07:00:00 PM","Other Public Roadway","GLENMONT CIR #1","GLENMONT CIR #2",,"N/A","PEDESTRIAN","SINGLE VEHICLE","OTHER","DRY","DARK LIGHTS ON","NO CONTROLS","NONE DETECTED","NONE DETECTED","82C88819-8BAF-4971-9F79-19D468324430","PEDESTRIAN","Other","NO IMPROPER ACTIONS","OTHER","No","SUSPECTED SERIOUS INJURY","N/A","39.05893754","-77.04736322","    (39.05893754, -77.04736322)"
"MCP2658001M","17007893","Montgomery County Police","Injury Crash","02/13/2017 04:45:00 PM","County","APRIL LA","CUL DE SAC",,"N/A","PEDESTRIAN","STRAIGHT MOVEMENT ANGLE","N/A","N/A","DAYLIGHT","N/A",,"N/A","8305E55A-8674-42BD-B609-679E27D320F9","PEDESTRIAN","Playing","IN ROADWAY IMPROPERLY","AT INTERSECTION BUT NO CROSSWALK","Unknown","SUSPECTED SERIOUS INJURY","N/A","39.04603593","-76.97854042","    (39.04603593, -76.97854042)"
"MCP3010001V","17007867","Montgomery County Police","Injury Crash","02/13/2017 03:03:00 PM",,,,"11790 PARKLAWN DR PARKING LOT",,"PEDESTRIAN","OTHER","CLEAR",,"DAYLIGHT","NO CONTROLS","N/A","N/A","2A706F29-852B-4FC8-AE3B-7EC141DAE009","PEDESTRIAN","Standing","NO IMPROPER ACTIONS","OTHER","Unknown","SUSPECTED MINOR INJURY","NONE","39.048465","-77.102195","    (39.048465, -77.102195)"
"DD56120006","17007723","Rockville Police Departme","Injury Crash","02/12/2017 06:21:00 PM","Maryland (State)","E JEFFERSON ST","MONROE ST",,"ROCKVILLE","PEDESTRIAN","SINGLE VEHICLE","CLEAR","DRY","DARK LIGHTS ON","TRAFFIC SIGNAL","NONE DETECTED","UNKNOWN","BB91F50E-3442-4584-ABAD-87AEE51CB93F","PEDESTRIAN","Cross/Enter at Intersection","FAILURE TO OBEY TRAFFIC SIGNS SIGNALS OR OFFICER","AT INTERSECTION MARKED CROSSWALK","Yes","SUSPECTED MINOR INJURY","NONE","39.08196045","-77.14913964","    (39.08196045, -77.14913964)"
"EJ78530024","17007184","Gaithersburg Police Depar","Injury Crash","02/12/2017 06:30:00 AM",,,,"408 N. FREDERICK AVE. GAITHERSBURG, MARYLAND 20877",,"PEDESTRIAN","OTHER","N/A",,"N/A","NO CONTROLS","N/A","NONE DETECTED","666DEC13-F939-4F91-B1C1-7F1C5B0701F3","PEDESTRIAN","Standing","OTHER","OTHER","No","POSSIBLE INJURY","NONE","39.139945","-77.19556833","    (39.139945, -77.19556833)"
"EJ7809000W","17007620","Gaithersburg Police Depar","Injury Crash","02/12/2017 03:34:00 AM",,,,"117 E. DIAMOND AVE. GAITHERSBURG, MD. 20877 (CANCUN RESTAURANT / REAR PARKING LOT)",,"PEDESTRIAN","SINGLE VEHICLE","CLEAR",,"DARK LIGHTS ON","NO CONTROLS","ALCOHOL CONTRIBUTED","ALCOHOL PRESENT","353155E3-6333-4DF5-B57F-8F3113FA76F2","PEDESTRIAN","Unknown","UNKNOWN","OTHER","No","SUSPECTED MINOR INJURY","N/A","39.14187307","-77.19475061","    (39.14187307, -77.19475061)"
"EJ7809000W","17007620","Gaithersburg Police Depar","Injury Crash","02/12/2017 03:34:00 AM",,,,"117 E. DIAMOND AVE. GAITHERSBURG, MD. 20877 (CANCUN RESTAURANT / REAR PARKING LOT)",,"PEDESTRIAN","SINGLE VEHICLE","CLEAR",,"DARK LIGHTS ON","NO CONTROLS","ALCOHOL CONTRIBUTED","ALCOHOL PRESENT","5C03597E-91BA-46E1-92EB-24EA8930EF08","PEDESTRIAN","Unknown","UNKNOWN","OTHER","No","SUSPECTED MINOR INJURY","N/A","39.14187307","-77.19475061","    (39.14187307, -77.19475061)"
"EJ7809000W","17007620","Gaithersburg Police Depar","Injury Crash","02/12/2017 03:34:00 AM",,,,"117 E. DIAMOND AVE. GAITHERSBURG, MD. 20877 (CANCUN RESTAURANT / REAR PARKING LOT)",,"PEDESTRIAN","SINGLE VEHICLE","CLEAR",,"DARK LIGHTS ON","NO CONTROLS","ALCOHOL CONTRIBUTED","ALCOHOL PRESENT","238B93E8-B145-4560-8329-BA6A820EA1F8","PEDESTRIAN","Unknown","N/A","OTHER","No","SUSPECTED MINOR INJURY","N/A","39.14187307","-77.19475061","    (39.14187307, -77.19475061)"
"MCP25460029","17007535","Montgomery County Police","Property Damage Crash","02/11/2017 04:19:00 PM","County","ATHERTON DR","ISBELL ST",,"N/A","BICYCLIST","SINGLE VEHICLE","CLOUDY","DRY","DAYLIGHT","NO CONTROLS","NONE DETECTED","NONE DETECTED","F7624F05-DF97-475B-8248-155A5E23844D","BICYCLIST","Playing","DART DASH","ON ROADWAY NOT AT CROSSWALK","Yes","NO APPARENT INJURY","NONE","39.06413333","-77.07593167","    (39.06413333, -77.07593167)"
"HA22880009","17000154","Maryland-National Capital","Property Damage Crash","02/11/2017 12:10:00 PM",,"BEACH DRIVE","CONNECTICUT AVENUE",,"N/A","BICYCLIST","SAME DIR REAR END","CLOUDY","DRY","DAYLIGHT","N/A","N/A","N/A","127BCEEC-06C3-43C5-AC67-C066A362F756","BICYCLIST","N/A","INATTENTIVE","N/A","Yes","NO APPARENT INJURY","N/A","39.0080777","-77.0801197","    (39.0080777, -77.0801197)"
"MCP30040014","17007352","Montgomery County Police","Injury Crash","02/10/2017 03:20:00 PM",,,,"11325 SEVEN LOCKS RD POTOMAC, MD 20854, CABIN JOHN SHOPPING CENTER REAR PARKING LOT BEHIND GIANT",,"PEDESTRIAN","OTHER","CLEAR",,"DAYLIGHT","N/A","UNKNOWN","N/A","3168BDBD-0193-49E7-9FEC-70EEA6A905C5","PEDESTRIAN","Approach/Leaving Schoolbus","N/A","OTHER","No","SUSPECTED MINOR INJURY","N/A","39.04146439","-77.15633333","    (39.04146439, -77.15633333)"
"MCP1334004Q","17007266","Montgomery County Police","Injury Crash","02/10/2017 09:22:00 AM","Municipality","QUINCE ORCHARD BLVD","RABBITT RD",,"GAITHERSBURG","PEDESTRIAN","SINGLE VEHICLE","CLEAR","DRY","DAYLIGHT","N/A","NONE DETECTED","NONE DETECTED","DB908F9F-B715-4AA5-8136-B3894606A373","PEDESTRIAN","Cross/Enter not at Intersection","DART DASH","ON ROADWAY NOT AT CROSSWALK","Yes","SUSPECTED SERIOUS INJURY","NONE","39.14060305","-77.22857192","    (39.14060305, -77.22857192)"