"Report Number","Local Case Number","Agency Name","ACRS Report Type","Crash Date/Time","Route Type","Road Name","Cross-Street Name","Off-Road Description","Municipality","Related Non-Motorist","Collision Type","Weather","Surface Condition","Light","Traffic Control","Driver Substance Abuse","Non-Motorist Substance Abuse","Person ID","Pedestrian Type","Pedestrian Movement","Pedestrian Actions","Pedestrian Location","At Fault","Injury Severity","Safety Equipment","Latitude","Longitude","Location"
"MCP2929001Q","16041572","Montgomery County Police","Injury Crash","08/16/2016 10:30:00 AM","County","PRINCE PHILIP DR","OLNEY SANDY SPRING RD",,"N/A","OTHER","OTHER","N/A","DRY","DAYLIGHT","NO CONTROLS","NONE DETECTED","NONE DETECTED","381161B4-3118-4BA5-A6F6-1C4D7613FD84","OTHER","Getting off/on Vehicle","N/A","SHOULDER","No","SUSPECTED MINOR INJURY","N/A","39.15071372","-77.05721498","    (39.15071372, -77.05721498)"
"MCP28180022","16041124","Montgomery County Police","Injury Crash","08/13/2016 05:37:00 PM","County","FENTON ST","COLESVILLE RD",,"N/A","PEDESTRIAN","OTHER","CLEAR","DRY","N/A","TRAFFIC SIGNAL","NONE DETECTED","NONE DETECTED","726029E9-22E4-401B-BF8F-47182A4389B4","PEDESTRIAN","Cross/Enter at Intersection","NO IMPROPER ACTIONS","AT INTERSECTION MARKED CROSSWALK","No","SUSPECTED MINOR INJURY","N/A","38.99752833","-77.02718167","    (38.99752833, -77.02718167)"
"MCP28180022","16041124","Montgomery County Police","Injury Crash","08/13/2016 05:37:00 PM","County","FENTON ST","COLESVILLE RD",,"N/A","PEDESTRIAN","OTHER","CLEAR","DRY","N/A","TRAFFIC SIGNAL","NONE DETECTED","NONE DETECTED","DAE2F9D7-3E9E-4983-AA6B-FEB3A35895BE","PEDESTRIAN","Cross/Enter at Intersection","NO IMPROPER ACTIONS","AT INTERSECTION MARKED CROSSWALK","No","SUSPECTED MINOR INJURY","N/A","38.99752833","-77.02718167","    (38.99752833, -77.02718167)"
"MCP2730000V","16041084","Montgomery County Police","Injury Crash","08/13/2016 12:45:00 PM","County","WATERS LANDING DR","FATHER HURLEY BLVD",,"N/A","PEDESTRIAN","OTHER","CLEAR","DRY","DAYLIGHT","TRAFFIC SIGNAL","NONE DETECTED","NONE DETECTED","2A35316D-4EC1-4D22-98EA-0B90FFD4BA23","PEDESTRIAN","Cross/Enter at Intersection","NO IMPROPER ACTIONS","SIDEWALK","No","SUSPECTED MINOR INJURY","N/A","39.19165325","-77.2718668","    (39.19165325, -77.2718668)"
"MCP2986000Z","16040906","Montgomery County Police","Injury Crash","08/12/2016 12:20:00 PM","County","CAMERON ST","FENTON ST",,"N/A","PEDESTRIAN","SINGLE VEHICLE","CLEAR","DRY","DAYLIGHT","TRAFFIC SIGNAL","NONE DETECTED","NONE DETECTED","12313B9D-C120-4EEE-83AC-AFBDEF3E170A","PEDESTRIAN","Cross/Enter at Intersection","UNKNOWN","AT INTERSECTION MARKED CROSSWALK","Unknown","SUSPECTED MINOR INJURY","NONE","38.99834667","-77.02863167","    (38.99834667, -77.02863167)"
"MCP1595000G","16040812","Montgomery County Police","Injury Crash","08/11/2016 04:22:00 PM",,,,"PARKING LOT OF 4816 BOILING BROOK PARKWAY",,"PEDESTRIAN","SINGLE VEHICLE","CLEAR",,"DAYLIGHT","NO CONTROLS","UNKNOWN","UNKNOWN","40DA36B9-CA65-404B-9EBA-337275035094","PEDESTRIAN","Standing","NO IMPROPER ACTIONS","OTHER","No","POSSIBLE INJURY","N/A","39.03954833","-77.05194833","    (39.03954833, -77.05194833)"
"MCP1020001N","16040706","Montgomery County Police","Injury Crash","08/11/2016 12:28:00 PM",,,,"PARKING LOT OF 20938 FREDERICK RD",,"PEDESTRIAN","OTHER","CLEAR",,"DAYLIGHT","NO CONTROLS","NONE DETECTED","NONE DETECTED","43E937B6-DEC5-43E1-82BB-D32F0B9DD022","PEDESTRIAN","Other","NO IMPROPER ACTIONS","OTHER","No","SUSPECTED MINOR INJURY","N/A","39.20270667","-77.24945167","    (39.20270667, -77.24945167)"
"MCP137800BN","16040533","Montgomery County Police","Injury Crash","08/10/2016 01:50:00 PM","County","SNOUFFERS SCHOOL RD","BONANZA WAY",,"N/A","PEDESTRIAN","SINGLE VEHICLE","CLOUDY","DRY","DAYLIGHT","N/A","NONE DETECTED","UNKNOWN","FFF76577-61B8-4AD0-9045-6A02DA98E246","PEDESTRIAN","Standing","OTHER","ON ROADWAY NOT AT CROSSWALK","No","SUSPECTED SERIOUS INJURY","REFLECTIVE CLOTHING","39.16663333","-77.17156333","    (39.16663333, -77.17156333)"
"HA22880002","16001012","Maryland-National Capital","Injury Crash","08/10/2016 10:30:00 AM",,,,"CAPITAL CRESENT TRAIL@LITTLE FALLS PKWY",,"BICYCLIST","STRAIGHT MOVEMENT ANGLE","CLEAR",,"DAYLIGHT","STOP SIGN","N/A","NONE DETECTED","178C3CAC-140D-4BD1-BC89-12699E1E0904","BICYCLIST","Cross/Enter at Intersection","NO IMPROPER ACTIONS","AT INTERSECTION MARKED CROSSWALK","No","SUSPECTED MINOR INJURY","N/A","38.97379945","-77.10178927","    (38.97379945, -77.10178927)"
"MCP2820002C","16040495","Montgomery County Police","Injury Crash","08/10/2016 08:54:00 AM","Maryland (State)","GEORGIA AVE","ASPEN HILL RD",,"N/A","BICYCLIST","STRAIGHT MOVEMENT ANGLE","CLEAR","N/A","DAYLIGHT","NO CONTROLS","UNKNOWN","NONE DETECTED","90485684-4F65-44C9-9AF3-A1F1E080ABCE","BICYCLIST","Walking/Riding w/Traffic","NO IMPROPER ACTIONS","ON ROADWAY NOT AT CROSSWALK","No","POSSIBLE INJURY","MC/BIKE HELMET","39.07884147","-77.07236409","    (39.07884147, -77.07236409)"
"MCP2932000Y","16040458","Montgomery County Police","Injury Crash","08/10/2016 12:08:00 AM","County","WAYNE AVE","GEORGIA AVE",,"N/A","PEDESTRIAN","OTHER","CLEAR","N/A","DARK LIGHTS ON","TRAFFIC SIGNAL","NONE DETECTED","UNKNOWN","D1FCCBF7-4C80-4A4B-9FA3-F0BC77E59055","PEDESTRIAN","Cross/Enter at Intersection","FAILURE TO OBEY TRAFFIC SIGNS SIGNALS OR OFFICER","AT INTERSECTION MARKED CROSSWALK","Yes","POSSIBLE INJURY","NONE","38.99447262","-77.02666461","    (38.99447262, -77.02666461)"
"EJ78470021","16040457","Gaithersburg Police Depar","Injury Crash","08/10/2016 12:05:00 AM","Municipality","S SUMMIT AVE","E DIAMOND AVE",,"GAITHERSBURG","PEDESTRIAN","SINGLE VEHICLE","CLEAR","DRY","DARK LIGHTS ON","TRAFFIC SIGNAL","NONE DETECTED","NONE DETECTED","62637BD7-7EA1-403E-B9FB-FCAB354F8A76","PEDESTRIAN","Cross/Enter at Intersection","DART DASH","AT INTERSECTION MARKED CROSSWALK","Unknown","SUSPECTED MINOR INJURY","NONE","39.14178833","-77.19426","    (39.14178833, -77.19426)"
"MCP2008002J","16040174","Montgomery County Police","Injury Crash","08/08/2016 03:07:00 PM","County","CORDELL AVE","WOODMONT AVE",,"N/A","PEDESTRIAN","OTHER","N/A","DRY","DAYLIGHT","N/A","UNKNOWN","NONE DETECTED","653E79CC-6353-4AEC-A084-9E499EB5CBB7","PEDESTRIAN","Cross/Enter not at Intersection","IN ROADWAY IMPROPERLY","ON ROADWAY NOT AT CROSSWALK","No","SUSPECTED MINOR INJURY","N/A","38.99047667","-77.09696167","    (38.99047667, -77.09696167)"
"MCP0685002G","16040164","Montgomery County Police","Injury Crash","08/08/2016 01:41:00 PM","Maryland (State)","FREDERICK RD","ENT TO MONT CO WASTE TRANSFER STATION",,"N/A","BICYCLIST","SINGLE VEHICLE","N/A","DRY","DAYLIGHT","TRAFFIC SIGNAL","NONE DETECTED","NONE DETECTED","56BA49E0-E6F8-43E6-9EFC-7B9B5B0FDA47","BICYCLIST","Cross/Enter at Intersection","NO IMPROPER ACTIONS","ON ROADWAY AT CROSSWALK","No","SUSPECTED MINOR INJURY","NONE","39.11931","-77.17144167","    (39.11931, -77.17144167)"
"HA22800009","16001004","Maryland-National Capital","Injury Crash","08/08/2016 01:26:00 PM","Government","BEACH DR","KNOWLES AVE",,"N/A","BICYCLIST","SAME DIR REAR END","CLEAR","DRY","DAYLIGHT","NO CONTROLS","NONE DETECTED","NONE DETECTED","08C4C122-5F8D-47FB-9556-F4A9ADD7F958","BICYCLIST","Walking/Riding w/Traffic","NO IMPROPER ACTIONS","ON ROADWAY NOT AT CROSSWALK","No","SUSPECTED MINOR INJURY","MC/BIKE HELMET","39.03010333","-77.08701833","    (39.03010333, -77.08701833)"
"MCP2967001J","16040037","Montgomery County Police","Injury Crash","08/07/2016 04:46:00 PM","County","GROSVENOR LA","ROCKVILLE PIKE",,"N/A","BICYCLIST","HEAD ON","CLEAR","DRY","DAYLIGHT","TRAFFIC SIGNAL","N/A","N/A","F733B27E-F2AD-41D6-88C4-B4285CD43513","BICYCLIST","Walking/Riding against Traffic","IN ROADWAY IMPROPERLY","ON ROADWAY NOT AT CROSSWALK","Yes","POSSIBLE INJURY","MC/BIKE HELMET","39.022385","-77.10254167","    (39.022385, -77.10254167)"
"MCP28460026","16039995","Montgomery County Police","Injury Crash","08/07/2016 09:45:00 AM","County","RANDOLPH RD","GEORGIA AVE",,"N/A","PEDESTRIAN","SINGLE VEHICLE","CLEAR","DRY","DAYLIGHT","TRAFFIC SIGNAL","NONE DETECTED","NONE DETECTED","7F67E126-A3FD-4CAA-ADD8-CEF13C77ED51","PEDESTRIAN","Cross/Enter at Intersection","NO IMPROPER ACTIONS","ON ROADWAY AT CROSSWALK","No","SUSPECTED MINOR INJURY","NONE","39.05859333","-77.04772833","    (39.05859333, -77.04772833)"
"MCP1182001C","16039810","Montgomery County Police","Injury Crash","08/06/2016 09:37:00 AM","County","BEECH AVE","OLD GEORGETOWN RD",,"N/A","PEDESTRIAN","OTHER","CLEAR","DRY","DAYLIGHT","TRAFFIC SIGNAL","NONE DETECTED","NONE DETECTED","25457A34-F52F-4989-A32C-74475A44C9BE","PEDESTRIAN","Cross/Enter not at Intersection","NO IMPROPER ACTIONS","AT INTERSECTION BUT NO CROSSWALK","No","SUSPECTED MINOR INJURY","NONE","39.00998833","-77.11470833","    (39.00998833, -77.11470833)"
"MCP2867002L","16039800","Montgomery County Police","Injury Crash","08/06/2016 08:17:00 AM","US (State)","COLESVILLE RD","UNIVERSITY BLVD E",,"N/A","BICYCLIST","OTHER","CLEAR","DRY","DAYLIGHT","N/A","NONE DETECTED","NONE DETECTED","0088FE1A-AD33-4D5F-973F-60D132A9E711","BICYCLIST","Walking/Cycling on Sidewalk","N/A","SIDEWALK","Yes","SUSPECTED MINOR INJURY","NONE","39.02016624","-77.0127064","    (39.02016624, -77.0127064)"
"MCP137800BL","16039644","Montgomery County Police","Injury Crash","08/05/2016 01:12:00 PM","Ramp","RAMP 6 FR MD 117 EB TO IS 270 SB","W DIAMOND AVE",,"N/A","BICYCLIST","STRAIGHT MOVEMENT ANGLE","CLOUDY","DRY","DAYLIGHT","NO CONTROLS","NONE DETECTED","NONE DETECTED","44DCEDE5-EBA1-4D3B-B023-870AB4E2F811","BICYCLIST","Cross/Enter at Intersection","OTHER","ON ROADWAY AT CROSSWALK","Yes","POSSIBLE INJURY","NONE","39.14056456","-77.21473575","    (39.14056456, -77.21473575)"
"MCP30060014","16039639","Montgomery County Police","Injury Crash","08/05/2016 01:00:00 PM","Maryland (State)","UNIVERSITY BLVD W","DENNIS AVE",,"N/A","BICYCLIST","HEAD ON LEFT TURN","N/A","DRY","DAYLIGHT","TRAFFIC SIGNAL","NONE DETECTED","NONE DETECTED","85CF0FC2-EAA6-4C20-A0B0-1738413B790E","BICYCLIST","Walking/Riding w/Traffic","NO IMPROPER ACTIONS","AT INTERSECTION BUT NO CROSSWALK","No","SUSPECTED MINOR INJURY","MC/BIKE HELMET","39.02615667","-77.02019333","    (39.02615667, -77.02019333)"
"MCP2001000J","16039546","Montgomery County Police","Fatal Crash","08/04/2016 09:20:00 PM","Maryland (State)","LAYHILL RD","ENT TO LAYHILL SHOPPING CENTER",,"N/A","PEDESTRIAN","SINGLE VEHICLE","CLEAR","DRY","DARK NO LIGHTS","NO CONTROLS","UNKNOWN","UNKNOWN","07F64B53-C239-459E-B8B4-0FBC327C182A","PEDESTRIAN","Unknown","UNKNOWN","ON ROADWAY NOT AT CROSSWALK","Unknown","FATAL INJURY","UNKNOWN","39.09240845","-77.04520404","    (39.09240845, -77.04520404)"
"MCP20770016","16039435","Montgomery County Police","Injury Crash","08/04/2016 12:40:00 PM","County","RANDOLPH RD","VEIRS MILL RD",,"N/A","BICYCLIST","SAME DIR REAR END","CLOUDY","DRY","DAYLIGHT","NO CONTROLS","NONE DETECTED","NONE DETECTED","E966D925-2154-43DD-8D58-5C3F18698209","BICYCLIST","Walking/Riding w/Traffic","NO IMPROPER ACTIONS","OTHER","No","POSSIBLE INJURY","NONE","39.05607","-77.08310167","    (39.05607, -77.08310167)"
"MCP05390027","16039408","Montgomery County Police","Injury Crash","08/04/2016 08:26:00 AM","County","OREBAUGH AVE","ARCOLA AVE",,"N/A","BICYCLIST","HEAD ON LEFT TURN","CLEAR","DRY","DAYLIGHT","NO CONTROLS","NONE DETECTED","NONE DETECTED","B41EA458-8ED1-4E6C-A6C7-623B30EB172E","BICYCLIST","Cross/Enter at Intersection","OTHER","ON ROADWAY AT CROSSWALK","No","SUSPECTED SERIOUS INJURY","MC/BIKE HELMET","39.12033667","-77.09731833","    (39.12033667, -77.09731833)"
"MCP9130002L","16039257","Montgomery County Police","Property Damage Crash","08/03/2016 01:53:00 PM","Maryland (State)","UNIVERSITY BLVD E","CARROLL AVE",,"N/A","OTHER","SINGLE VEHICLE","CLEAR","DRY","DAYLIGHT","PERSON","NONE DETECTED","NONE DETECTED","633CAA4E-3116-480E-8F37-8529F74F9083","OTHER","Standing","NO IMPROPER ACTIONS","OTHER","No","NO APPARENT INJURY","OTHER","38.99418","-76.99272","    (38.99418, -76.99272)"
"MCP1015000Q","16039202","Montgomery County Police","Injury Crash","08/03/2016 08:08:00 AM","Maryland (State)","FREDERICK RD","MIDDLEBROOK RD",,"N/A","PEDESTRIAN","SINGLE VEHICLE","CLOUDY","DRY","DAYLIGHT","TRAFFIC SIGNAL","NONE DETECTED","NONE DETECTED","93D9CD44-22D6-4E2C-AFD6-611DFB10BC2D","PEDESTRIAN","Cross/Enter at Intersection","NO IMPROPER ACTIONS","AT INTERSECTION MARKED CROSSWALK","No","POSSIBLE INJURY","NONE","39.181275","-77.237905","    (39.181275, -77.237905)"
"MCP27530018","16039020","Montgomery County Police","Injury Crash","08/02/2016 09:15:00 AM",,,,"PARKING LOT OF 3876 INTERNATIONAL DRIVE, SILVER SPRING MD 20906",,"OTHER","OTHER","CLEAR",,"DAYLIGHT","NO CONTROLS","NONE DETECTED","NONE DETECTED","E0EDD0A5-0C05-43CB-B008-55D4469CEED6","OTHER","N/A","N/A","OTHER","No","NO APPARENT INJURY","N/A","39.103295","-77.07598","    (39.103295, -77.07598)"
"MCP2878001V","16038757","Montgomery County Police","Injury Crash","07/31/2016 04:44:00 PM","Maryland (State)","FREDERICK RD","GUNNERS BRANCH RD",,"N/A","PEDESTRIAN","OTHER","CLOUDY","DRY","DAYLIGHT","TRAFFIC SIGNAL","UNKNOWN","NONE DETECTED","7A522873-5F89-43A2-9824-E7E5ACD0EE2E","PEDESTRIAN","Cross/Enter at Intersection","NO IMPROPER ACTIONS","AT INTERSECTION MARKED CROSSWALK","No","SUSPECTED MINOR INJURY","N/A","39.17842245","-77.23861814","    (39.17842245, -77.23861814)"
"MCP2881001H","16038682","Montgomery County Police","Injury Crash","07/31/2016 06:20:00 AM",,,,"IFO 27 PICKERING CT, GERMANTOWN MD",,"PEDESTRIAN","OTHER","N/A",,"DAYLIGHT","NO CONTROLS","N/A","N/A","26793BCC-D4C5-46E8-8DC7-29BD2BD01196","PEDESTRIAN","Other","NO IMPROPER ACTIONS","OTHER","No","POSSIBLE INJURY","NONE","39.18234833","-77.24242333","    (39.18234833, -77.24242333)"
"MCP2796003K","16038638","Montgomery County Police","Injury Crash","07/30/2016 10:40:00 PM","Maryland (State)","GEORGIA AVE","DAMASCUS RD",,"N/A","OTHER","SINGLE VEHICLE","RAINING","WET","DARK LIGHTS ON","PERSON","NONE DETECTED","NONE DETECTED","8E9025D8-F296-4C06-B5A0-494878065737","OTHER","Standing","NO IMPROPER ACTIONS","ON ROADWAY NOT AT CROSSWALK","No","POSSIBLE INJURY","REFLECTIVE CLOTHING","39.22143","-77.05992167","    (39.22143, -77.05992167)"
"MCP3011000Y","16038625","Montgomery County Police","Injury Crash","07/30/2016 09:19:00 PM",,,,"7101 DEMOCRACY BLVD PARKING LOT OF MALL IN FRONT OF SEARS AUTO CENTER",,"PEDESTRIAN","SINGLE VEHICLE","RAINING",,"DARK LIGHTS ON","N/A","NONE DETECTED","NONE DETECTED","E453A5FA-B357-47D6-895E-8DC9631BF758","PEDESTRIAN","Cross/Enter at Intersection","IN ROADWAY IMPROPERLY","AT INTERSECTION BUT NO CROSSWALK","No","SUSPECTED MINOR INJURY","NONE","39.02570167","-77.14429","    (39.02570167, -77.14429)"
"MCP2966002C","16038619","Montgomery County Police","Property Damage Crash","07/30/2016 08:54:00 PM","Maryland (State)","GEORGIA AVE","CONNECTICUT AVE",,"N/A","PEDESTRIAN","SINGLE VEHICLE","RAINING","WET","DARK LIGHTS ON","NO CONTROLS","NONE DETECTED","NONE DETECTED","46E15E94-9B72-4C35-AE75-157C1E4DB080","PEDESTRIAN","Cross/Enter not at Intersection","DART DASH","ON ROADWAY NOT AT CROSSWALK","Yes","NO APPARENT INJURY","NONE","39.08308","-77.078195","    (39.08308, -77.078195)"
"MCP2940000R","16038562","Montgomery County Police","Injury Crash","07/30/2016 12:49:00 PM","Maryland (State)","CONNECTICUT AVE","PLYERS MILL RD",,"N/A","BICYCLIST","OTHER","CLOUDY","DRY","DAYLIGHT","TRAFFIC SIGNAL","NONE DETECTED","NONE DETECTED","E90327B9-193B-44B5-9C0B-D6540A58EE4B","BICYCLIST","Cross/Enter at Intersection","NO IMPROPER ACTIONS","AT INTERSECTION MARKED CROSSWALK","No","SUSPECTED MINOR INJURY","NONE","39.029875","-77.07635833","    (39.029875, -77.07635833)"
"DD5574000K","16038539","Rockville Police Departme","Property Damage Crash","07/29/2016 12:45:00 PM","Municipality","VINSON ST","S WASHINGTON ST",,"ROCKVILLE","OTHER CONVEYANCE","STRAIGHT MOVEMENT ANGLE","CLEAR","DRY","DAYLIGHT","NO CONTROLS","N/A","N/A","B01EEC2B-A167-41DF-BDE8-56F30F0303ED","OTHER CONVEYANCE","Cross/Enter at Intersection","N/A","ON ROADWAY AT CROSSWALK","No","NO APPARENT INJURY","MC/BIKE HELMET","39.08208333","-77.15273333","    (39.08208333, -77.15273333)"
"MCP2422001F","16038233","Montgomery County Police","Injury Crash","07/28/2016 05:42:00 PM","Maryland (State)","WOODFIELD RD","AIRPARK RD",,"N/A","BICYCLIST","OTHER","RAINING","WET","DAYLIGHT","YIELD SIGN","N/A","NONE DETECTED","C9E7C8D3-5EB2-4F34-9AD8-789DBFF3176D","BICYCLIST","Cross/Enter at Intersection","NO IMPROPER ACTIONS","AT INTERSECTION MARKED CROSSWALK","No","SUSPECTED MINOR INJURY","N/A","39.168425","-77.155045","    (39.168425, -77.155045)"
"MCP27530017","16037782","Montgomery County Police","Injury Crash","07/26/2016 10:40:00 AM","Maryland (State)","GEORGIA AVE","LOTTE PLAZA",,"N/A","BICYCLIST","STRAIGHT MOVEMENT ANGLE","CLEAR","DRY","DAYLIGHT","STOP SIGN","NONE DETECTED","NONE DETECTED","F2EB426A-6ECD-4A43-A625-C2A8AF898A27","BICYCLIST","Walking/Riding against Traffic","IMPROPER PASSING","ON ROADWAY NOT AT CROSSWALK","Yes","SUSPECTED MINOR INJURY","MC/BIKE HELMET","39.07914963","-77.07280397","    (39.07914963, -77.07280397)"
"MCP26590014","16037735","Montgomery County Police","Property Damage Crash","07/25/2016 11:18:00 PM","County","SEMINARY RD","GEORGIA AVE",,"N/A","BICYCLIST","OTHER","CLOUDY","DRY","DARK LIGHTS ON","TRAFFIC SIGNAL","N/A","NONE DETECTED","1AA1402C-9D9D-47B2-B829-521E032B9D8A","BICYCLIST","Cross/Enter at Intersection","NO IMPROPER ACTIONS","ON ROADWAY AT CROSSWALK","No","NO APPARENT INJURY","NONE","39.00939","-77.040715","    (39.00939, -77.040715)"
"MCP2831001B","16037694","Montgomery County Police","Injury Crash","07/25/2016 02:10:00 PM","County","RICKENBACKER DR","WOODFIELD RD",,"N/A","PEDESTRIAN","N/A","CLEAR","DRY","DAYLIGHT","TRAFFIC SIGNAL","UNKNOWN","N/A","F056BD6E-90E2-44E9-AB6A-5D02F47444F3","PEDESTRIAN","Cross/Enter at Intersection","NO IMPROPER ACTIONS","ON ROADWAY AT CROSSWALK","No","SUSPECTED MINOR INJURY","NONE","39.17230934","-77.15269089","    (39.17230934, -77.15269089)"
"MCP2695000S","16037465","Montgomery County Police","Injury Crash","07/25/2016 12:02:00 PM","County","CALVERTON BLVD","PALERMO DR",,"N/A","BICYCLIST","STRAIGHT MOVEMENT ANGLE","CLEAR","DRY","DAYLIGHT","OTHER","N/A","N/A","7D52E0F4-03FA-4D03-9499-0DEB2A96A805","BICYCLIST","Cross/Enter at Intersection","INATTENTIVE","ON ROADWAY AT CROSSWALK","Yes","SUSPECTED MINOR INJURY","NONE","39.05640073","-76.94581747","    (39.05640073, -76.94581747)"
"MCP25590019","16042271","Montgomery County Police","Injury Crash","07/24/2016 07:00:00 PM","Maryland (State)","QUINCE ORCHARD RD","GREAT SENECA HWY",,"N/A","BICYCLIST","STRAIGHT MOVEMENT ANGLE","CLEAR","DRY","DARK LIGHTS ON","TRAFFIC SIGNAL","UNKNOWN","N/A","60A3565A-F5A1-4B1F-A274-C14BCFABB6BF","BICYCLIST","Walking/Cycling on Sidewalk","NO IMPROPER ACTIONS","AT INTERSECTION MARKED CROSSWALK","No","SUSPECTED MINOR INJURY","OTHER","39.1287099","-77.23744467","    (39.1287099, -77.23744467)"
"MCP1251000W","16037313","Montgomery County Police","Injury Crash","07/23/2016 02:01:00 PM","County","FALLS RD","RIVER RD",,"N/A","PEDESTRIAN","OTHER","CLEAR","DRY","DAYLIGHT","TRAFFIC SIGNAL","NONE DETECTED","NONE DETECTED","A1E873E0-59B9-4653-9A30-9A913AE5767E","PEDESTRIAN","Cross/Enter at Intersection","N/A","ON ROADWAY AT CROSSWALK","No","SUSPECTED MINOR INJURY","NONE","39.01707667","-77.21024","    (39.01707667, -77.21024)"
"MCP2897000X","16036981","Montgomery County Police","Injury Crash","07/21/2016 05:43:00 PM","Other Public Roadway","HENDERSON CORNER RD","FREDERICK RD",,"N/A","BICYCLIST","SINGLE VEHICLE","CLEAR","DRY","DAYLIGHT","NO CONTROLS","NONE DETECTED","NONE DETECTED","B518730B-B05D-4208-8B7D-FE08A53CE64A","BICYCLIST","Cross/Enter at Intersection","FAILURE TO YIELD RIGHT OF WAY","ON ROADWAY AT CROSSWALK","Yes","POSSIBLE INJURY","NONE","39.2015799","-77.25025222","    (39.2015799, -77.25025222)"
"DM8437000Y","16036778","Takoma Park Police Depart","Injury Crash","07/20/2016 06:20:00 PM","Maryland (State)","UNIVERSITY BLVD E","MERRIMAC DR",,"TAKOMA PARK","PEDESTRIAN","OTHER","CLEAR","DRY","DAYLIGHT","TRAFFIC SIGNAL","NONE DETECTED","NONE DETECTED","07B1EC1C-4308-4B65-8B3E-83EACE51D570","PEDESTRIAN","Cross/Enter at Intersection","DART DASH","ON ROADWAY AT CROSSWALK","Yes","SUSPECTED SERIOUS INJURY","NONE","38.98154833","-77.0095","    (38.98154833, -77.0095)"
"MCP0942000T","16036684","Montgomery County Police","Injury Crash","07/20/2016 09:48:00 AM","Government","CENTER DR","ROCKVILLE PIKE",,"N/A","BICYCLIST","SINGLE VEHICLE","CLEAR","DRY","DAYLIGHT","TRAFFIC SIGNAL","NONE DETECTED","NONE DETECTED","D3823BF6-9827-4C54-AA46-998866E62264","BICYCLIST","Cross/Enter at Intersection","NO IMPROPER ACTIONS","ON ROADWAY AT CROSSWALK","No","SUSPECTED MINOR INJURY","MC/BIKE HELMET","38.996685","-77.096815","    (38.996685, -77.096815)"
"MCP20160014","16036660","Montgomery County Police","Injury Crash","07/20/2016 07:39:00 AM","County","MONTROSE RD","E JEFFERSON ST",,"N/A","PEDESTRIAN","OTHER","CLEAR","DRY","DAYLIGHT","TRAFFIC SIGNAL","NONE DETECTED","N/A","0AFEB629-C149-4FD1-90EF-F2E944C57014","PEDESTRIAN","Cross/Enter at Intersection","NO IMPROPER ACTIONS","AT INTERSECTION BUT NO CROSSWALK","No","SUSPECTED MINOR INJURY","N/A","39.05497333","-77.12605833","    (39.05497333, -77.12605833)"
"MCP25490051","16036515","Montgomery County Police","Injury Crash","07/19/2016 11:50:00 AM","County","MACARTHUR BLVD","WILSON LA",,"N/A","BICYCLIST","SAME DIRECTION SIDESWIPE","CLEAR","DRY","DAYLIGHT","NO CONTROLS","NONE DETECTED","NONE DETECTED","1503840F-C64E-45D2-9156-365BDDFADFF9","BICYCLIST","Walking/Riding w/Traffic","IN ROADWAY IMPROPERLY","OUTSIDE RIGHT OF WAY","Yes","SUSPECTED MINOR INJURY","MC/BIKE HELMET","38.97283085","-77.1460712","    (38.97283085, -77.1460712)"
"MCP15800060","16036385","Montgomery County Police","Injury Crash","07/18/2016 04:12:00 PM","Municipality","GIRARD ST","GOSHEN RD",,"N/A","PEDESTRIAN","SINGLE VEHICLE","RAINING","WET","DAYLIGHT","TRAFFIC SIGNAL","NONE DETECTED","ALCOHOL PRESENT","8FB7DCF4-D219-4DED-A0ED-975BB76EA2E1","PEDESTRIAN","Cross/Enter at Intersection","FAILURE TO OBEY TRAFFIC SIGNS SIGNALS OR OFFICER","AT INTERSECTION MARKED CROSSWALK","Yes","POSSIBLE INJURY","N/A","39.15249833","-77.19217167","    (39.15249833, -77.19217167)"
"MCP2867002J","16036336","Montgomery County Police","Injury Crash","07/18/2016 11:40:00 AM",,,,"PARKING LOT OF 10100 COLESVILLE RD",,"PEDESTRIAN","OTHER","CLEAR",,"DAYLIGHT","N/A","NONE DETECTED","NONE DETECTED","AF4B924A-15C8-4065-8146-7237125695F5","PEDESTRIAN","Other","NO IMPROPER ACTIONS","OTHER","No","POSSIBLE INJURY","NONE","39.02063407","-77.01280832","    (39.02063407, -77.01280832)"
"MCP1366004S","16036294","Montgomery County Police","Injury Crash","07/18/2016 07:02:00 AM","County","SHADY GROVE RD","GUDELSKY WAY",,"N/A","BICYCLIST","SINGLE VEHICLE","CLEAR","DRY","DAYLIGHT","NO CONTROLS","NONE DETECTED","NONE DETECTED","9D961B7B-A7CC-49A7-B8DF-4381E0BDC124","BICYCLIST","Walking/Riding w/Traffic","NO IMPROPER ACTIONS","SHOULDER","No","SUSPECTED SERIOUS INJURY","MC/BIKE HELMET","39.09094833","-77.19852667","    (39.09094833, -77.19852667)"
"MCP1174001J","16036199","Montgomery County Police","Injury Crash","07/17/2016 01:25:00 PM",,,,"PARKING GARAGE DRIVEWAY/ SIDEWALK",,"BICYCLIST","SINGLE VEHICLE","N/A",,"DAYLIGHT","STOP SIGN","NONE DETECTED","NONE DETECTED","BFC35E7E-C6BC-48E7-9D23-CD4658C4011C","BICYCLIST","Walking/Cycling on Sidewalk","NO IMPROPER ACTIONS","SIDEWALK","No","POSSIBLE INJURY","MC/BIKE HELMET","38.98091289","-77.09471226","    (38.98091289, -77.09471226)"
"MCP1301000N","16036204","Montgomery County Police","Fatal Crash","07/17/2016 01:23:00 PM","Maryland (State)","VEIRS MILL RD","TURKEY BRANCH PKWY",,"N/A","BICYCLIST","SINGLE VEHICLE","CLEAR","DRY","DAYLIGHT","OTHER","NONE DETECTED","UNKNOWN","DD07E95B-EF89-4715-A848-564A11BE6CF9","BICYCLIST","Cross/Enter at Intersection","FAILURE TO OBEY TRAFFIC SIGNS SIGNALS OR OFFICER","ON ROADWAY AT CROSSWALK","Yes","FATAL INJURY","MC/BIKE HELMET","39.05998514","-77.08942294","    (39.05998514, -77.08942294)"
"MCP27490019","16036191","Montgomery County Police","Injury Crash","07/17/2016 12:15:00 PM",,,,"IFO 13428 NEW HAMPSHIRE AVE",,"OTHER","SAME DIR REAR END","CLEAR",,"DAYLIGHT","NO CONTROLS","NONE DETECTED","N/A","A71D1F0C-8CA1-40CB-9417-85D39D3E8799","OTHER","Other","NO IMPROPER ACTIONS","INSIDE BUILDING","No","POSSIBLE INJURY","N/A","39.111685","-76.99486167","    (39.111685, -76.99486167)"