"Report Number","Local Case Number","Agency Name","ACRS Report Type","Crash Date/Time","Route Type","Road Name","Cross-Street Name","Off-Road Description","Municipality","Related Non-Motorist","Collision Type","Weather","Surface Condition","Light","Traffic Control","Driver Substance Abuse","Non-Motorist Substance Abuse","Person ID","Pedestrian Type","Pedestrian Movement","Pedestrian Actions","Pedestrian Location","At Fault","Injury Severity","Safety Equipment","Latitude","Longitude","Location"
"DD5583001K","16035940","Rockville Police Departme","Injury Crash","07/15/2016 07:13:00 PM","Municipality","TEMPLETON PL","CUL DE SAC",,"N/A","PEDESTRIAN","SINGLE VEHICLE","CLEAR","DRY","DAYLIGHT","N/A","NONE DETECTED","NONE DETECTED","6486D483-3508-4664-B27D-ABE4457270A8","PEDESTRIAN","Standing","NO IMPROPER ACTIONS","SIDEWALK","No","POSSIBLE INJURY","NONE","39.06651619","-77.12910488","    (39.06651619, -77.12910488)"
"MCP2504001J","16035727","Montgomery County Police","Injury Crash","07/14/2016 07:25:00 PM",,,,"PARKING LOT OF 9745 TRAVILLE GATEWAY DRIVE",,"PEDESTRIAN","STRAIGHT MOVEMENT ANGLE","CLEAR",,"DAYLIGHT","N/A","NONE DETECTED","NONE DETECTED","3FF60469-D052-4FE7-B62D-DE7C1C84103F","PEDESTRIAN","Other","NO IMPROPER ACTIONS","OTHER","No","POSSIBLE INJURY","N/A","39.091765","-77.20330833","    (39.091765, -77.20330833)"
"MCP25590013","16035610","Montgomery County Police","Injury Crash","07/14/2016 09:34:00 AM","County","DECOVERLY DR","GREAT SENECA HWY",,"N/A","BICYCLIST","HEAD ON LEFT TURN","CLEAR","DRY","DAYLIGHT","STOP SIGN","N/A","N/A","EB8FD3E7-22EA-4B85-9E23-4AA67E5D035F","BICYCLIST","Cross/Enter at Intersection","NO IMPROPER ACTIONS","ON ROADWAY AT CROSSWALK","No","SUSPECTED SERIOUS INJURY","UNKNOWN","39.10608105","-77.20796987","    (39.10608105, -77.20796987)"
"MCP2693001J","16035531","Montgomery County Police","Injury Crash","07/13/2016 07:24:00 PM","Maryland (State)","VEIRS MILL RD","TURKEY BRANCH PKWY",,"N/A","BICYCLIST","SINGLE VEHICLE","CLEAR","DRY","DAYLIGHT","FLASHING TRAFFIC SIGNAL","NONE DETECTED","NONE DETECTED","DEE2087C-DE6F-4929-9659-1807B648A159","BICYCLIST","Cross/Enter at Intersection","N/A","ON ROADWAY AT CROSSWALK","No","POSSIBLE INJURY","NONE","39.06003","-77.08921167","    (39.06003, -77.08921167)"
"MCP20550016","16035477","Montgomery County Police","Injury Crash","07/13/2016 01:25:00 PM","County","QUINCE ORCHARD RD","DARNESTOWN RD",,"N/A","BICYCLIST","OTHER","CLEAR","DRY","DAYLIGHT","NO CONTROLS","NONE DETECTED","NONE DETECTED","E943405D-12C9-4679-BA6F-2587F4AC1512","BICYCLIST","Cross/Enter at Intersection","WRONG WAY RIDING OR WALKING","IN BIKEWAY","Yes","POSSIBLE INJURY","NONE","39.11794161","-77.25238323","    (39.11794161, -77.25238323)"
"MCP2639001F","16035359","Montgomery County Police","Injury Crash","07/12/2016 09:35:00 PM","Maryland (State)","UNIVERSITY BLVD W","DRUMM AVE",,"N/A","PEDESTRIAN","STRAIGHT MOVEMENT ANGLE","CLEAR","DRY","DARK LIGHTS ON","NO CONTROLS","NONE DETECTED","NONE DETECTED","ED69502E-E9D2-40A3-90CE-719AD1AC6D34","PEDESTRIAN","Other","IN ROADWAY IMPROPERLY","ON ROADWAY NOT AT CROSSWALK","Yes","POSSIBLE INJURY","N/A","39.036605","-77.06172","    (39.036605, -77.06172)"
"DM8266000D","16035251","Takoma Park Police Depart","Injury Crash","07/12/2016 11:45:00 AM","Municipality","CHICAGO AVE","PHILADELPHIA AVE",,"N/A","PEDESTRIAN","OTHER","CLEAR","DRY","DAYLIGHT","N/A","N/A","NONE DETECTED","20DB5C92-002B-40D4-BB00-40B870456DB5","PEDESTRIAN","Cross/Enter not at Intersection","ENTERING EXITING PARKED STANDING VEHICLE","OTHER","Yes","SUSPECTED MINOR INJURY","N/A","38.98627167","-77.02176667","    (38.98627167, -77.02176667)"
"MCP2967001F","16034961","Montgomery County Police","Injury Crash","07/10/2016 05:20:00 PM","County","RANDOLPH RD","NEBEL ST",,"N/A","PEDESTRIAN","OTHER","CLEAR","DRY","DAYLIGHT","TRAFFIC SIGNAL","N/A","N/A","E6970159-E408-407C-AE5D-F83FBA8ADA72","PEDESTRIAN","Cross/Enter at Intersection","INATTENTIVE","SIDEWALK","Unknown","SUSPECTED MINOR INJURY","NONE","39.05333667","-77.11066333","    (39.05333667, -77.11066333)"
"MCP1283000M","16024770","Montgomery County Police","Injury Crash","07/09/2016 11:25:00 AM","County","BARNESVILLE RD","PEACH TREE RD",,"N/A","BICYCLIST","STRAIGHT MOVEMENT ANGLE","CLEAR","DRY","DAYLIGHT","STOP SIGN","NONE DETECTED","N/A","3274E582-B874-4D6A-8985-97D932A619FA","BICYCLIST","Cross/Enter at Intersection","FAILURE TO OBEY TRAFFIC SIGNS SIGNALS OR OFFICER","AT INTERSECTION BUT NO CROSSWALK","Yes","SUSPECTED MINOR INJURY","MC/BIKE HELMET","39.21560167","-77.35641667","    (39.21560167, -77.35641667)"
"MCP2881001G","16034746","Montgomery County Police","Injury Crash","07/09/2016 07:39:00 AM","County","FATHER HURLEY BLVD","WYNNFIELD DR",,"N/A","PEDESTRIAN","OTHER","N/A","N/A","DAYLIGHT","TRAFFIC SIGNAL","NONE DETECTED","NONE DETECTED","454D8605-BCE1-4C74-81E7-BCC0DA875C93","PEDESTRIAN","Cross/Enter at Intersection","NO IMPROPER ACTIONS","AT INTERSECTION MARKED CROSSWALK","No","POSSIBLE INJURY","NONE","39.18527","-77.24493667","    (39.18527, -77.24493667)"
"MCP2043000K","16034690","Montgomery County Police","Injury Crash","07/08/2016 10:08:00 PM","County","WATKINS MILL RD","CLUB LAKE RD",,"N/A","BICYCLIST","STRAIGHT MOVEMENT ANGLE","CLEAR","DRY","DARK LIGHTS ON","N/A","NONE DETECTED","NONE DETECTED","1E11571E-9967-4AC7-9F98-9ADF527550BC","BICYCLIST","Cross/Enter at Intersection","OTHER","AT INTERSECTION BUT NO CROSSWALK","No","POSSIBLE INJURY","NONE","39.176935","-77.209675","    (39.176935, -77.209675)"
"MCP2534001D","16034448","Montgomery County Police","Injury Crash","07/07/2016 06:32:00 PM",,,,"PARKING LOT OF 13468 NEW HAMPSHIRE AVE",,"PEDESTRIAN","SINGLE VEHICLE","CLEAR",,"DAYLIGHT","N/A","NONE DETECTED","NONE DETECTED","9D410AAF-FD99-43AE-9E3B-FCD35B75495E","PEDESTRIAN","Other Working","INATTENTIVE","OTHER","Yes","SUSPECTED MINOR INJURY","NONE","39.07723","-77.00289","    (39.07723, -77.00289)"
"MCP1417005K","16034135","Montgomery County Police","Injury Crash","07/06/2016 06:39:00 AM",,,,"DRIVEWAY OF
20211 GOSHEN ROAD",,"PEDESTRIAN","SINGLE VEHICLE","CLEAR",,"DAYLIGHT","NO CONTROLS","NONE DETECTED","NONE DETECTED","399630BF-45EE-4B79-8F2F-C4327491C8AF","PEDESTRIAN","Other","DART DASH","OTHER","Yes","SUSPECTED MINOR INJURY","NONE","39.18907963","-77.18577325","    (39.18907963, -77.18577325)"
"MCP2745001J","16034127","Montgomery County Police","Injury Crash","07/06/2016 04:27:00 AM","County","BATTLERIDGE PL","ENTERPRISE WAY",,"N/A","PEDESTRIAN","OTHER","CLEAR","DRY","DARK LIGHTS ON","N/A","NONE DETECTED","NONE DETECTED","F027EF4F-0E4E-4832-A086-13F95B7B333E","PEDESTRIAN","Cross/Enter not at Intersection","FAILURE TO YIELD RIGHT OF WAY","ON ROADWAY NOT AT CROSSWALK","Yes","SUSPECTED MINOR INJURY","N/A","39.17606667","-77.21332333","    (39.17606667, -77.21332333)"
"DD5606003J","16033858","Rockville Police Departme","Property Damage Crash","07/04/2016 07:21:00 PM","Municipality","BRADLEY AVE","BRADLEY CT",,"ROCKVILLE","OTHER","OTHER","RAINING","WET","DUSK","NO CONTROLS","NONE DETECTED","N/A","0803FF75-B862-44F4-A455-F90D349CE0EB","OTHER","N/A","NO IMPROPER ACTIONS","N/A","No","NO APPARENT INJURY","N/A","39.07888311","-77.11747885","    (39.07888311, -77.11747885)"
"EJ77470022","16033848","Gaithersburg Police Depar","Injury Crash","07/04/2016 07:02:00 PM","Municipality","WASHINGTONIAN BLVD","BOARDWALK PL",,"N/A","PEDESTRIAN","SAME DIR REAR END","RAINING","WET","DAYLIGHT","OTHER","NONE DETECTED","NONE DETECTED","51FC4F60-C974-4690-B6F6-3EF2771CCB42","PEDESTRIAN","Cross/Enter at Intersection","NO IMPROPER ACTIONS","AT INTERSECTION MARKED CROSSWALK","No","NO APPARENT INJURY","N/A","39.116595","-77.19954","    (39.116595, -77.19954)"
"MCP2997000H","16033735","Montgomery County Police","Injury Crash","07/03/2016 10:40:00 PM","County","BEL PRE RD","GRAND PRE RD",,"N/A","PEDESTRIAN","OTHER","CLEAR","DRY","DARK LIGHTS ON","STOP SIGN","NONE DETECTED","NONE DETECTED","D337CBFA-E5F8-493B-9869-54EFC9B267DC","PEDESTRIAN","Cross/Enter at Intersection","NO IMPROPER ACTIONS","AT INTERSECTION BUT NO CROSSWALK","No","SUSPECTED SERIOUS INJURY","NONE","39.09353987","-77.07777679","    (39.09353987, -77.07777679)"
"MCP2687001M","16033547","Montgomery County Police","Injury Crash","07/02/2016 04:33:00 PM","Maryland (State)","WILSON LA","CORDELL AVE",,"N/A","PEDESTRIAN","OTHER","N/A","DRY","DAYLIGHT","NO CONTROLS","NONE DETECTED","NONE DETECTED","DA1C00DD-B9D8-4E50-990C-605EB5B98465","PEDESTRIAN","Cross/Enter not at Intersection","IN ROADWAY IMPROPERLY","ON ROADWAY NOT AT CROSSWALK","Yes","POSSIBLE INJURY","NONE","38.98731781","-77.0994705","    (38.98731781, -77.0994705)"
"MCP28480033","16033490","Montgomery County Police","Injury Crash","07/02/2016 07:57:00 AM","County","MACARTHUR BLVD","TOMLINSON AVE",,"N/A","BICYCLIST","HEAD ON LEFT TURN","CLEAR","N/A","DAYLIGHT","NO CONTROLS","NONE DETECTED","NONE DETECTED","39692AC2-1098-4AC4-91B8-188A7EE2F353","BICYCLIST","Cross/Enter not at Intersection","NO IMPROPER ACTIONS","ON ROADWAY NOT AT CROSSWALK","No","SUSPECTED MINOR INJURY","MC/BIKE HELMET","38.97353333","-77.15563","    (38.97353333, -77.15563)"
"MCP10220054","16033362","Montgomery County Police","Injury Crash","07/01/2016 05:24:00 PM","County","LEAMAN FARM RD","ENT TO SHOPPING CTR",,"N/A","PEDESTRIAN","SINGLE VEHICLE","CLEAR","DRY","DAYLIGHT","NO CONTROLS","NONE DETECTED","NONE DETECTED","5EB759FB-DD38-486B-BC09-844912E1B459","PEDESTRIAN","Cross/Enter not at Intersection","DART DASH","ON ROADWAY NOT AT CROSSWALK","Yes","SUSPECTED MINOR INJURY","N/A","39.15874667","-77.27947333","    (39.15874667, -77.27947333)"
"MCP2859002B","16033271","Montgomery County Police","Injury Crash","07/01/2016 09:35:00 AM",,,,"PARKING SPACE OUTSIDE 23 FIRSTFIELD RD, GAITHERSBURG, MD, 20878",,"PEDESTRIAN","OTHER","CLEAR",,"DAYLIGHT","NO CONTROLS","UNKNOWN","NONE DETECTED","DF8850BB-139F-4262-A1C3-45B91219B950","PEDESTRIAN","Standing","OTHER","OTHER","No","SUSPECTED MINOR INJURY","NONE","39.13616871","-77.22656965","    (39.13616871, -77.22656965)"
"MCP20550014","16033258","Montgomery County Police","Injury Crash","06/30/2016 10:00:00 PM","County","SHADY GROVE RD","GAITHER RD",,"ROCKVILLE","PEDESTRIAN","OTHER","CLEAR","DRY","DARK NO LIGHTS","UNKNOWN","UNKNOWN","N/A","55684B05-2FF8-4920-8884-75F762BD3969","PEDESTRIAN","Unknown","UNKNOWN","UNKNOWN","Unknown","SUSPECTED MINOR INJURY","NONE","39.11741719","-77.18395472","    (39.11741719, -77.18395472)"
"MCP2970001Q","16033110","Montgomery County Police","Injury Crash","06/30/2016 01:34:00 PM","Maryland (State)","UNIVERSITY BLVD W","DRUMM AVE",,"N/A","PEDESTRIAN","SINGLE VEHICLE","CLEAR","DRY","DAYLIGHT","YIELD SIGN","N/A","N/A","27E55E3F-BAFE-410B-B967-D5CD24AC1A1A","PEDESTRIAN","Cross/Enter at Intersection","NO IMPROPER ACTIONS","ON ROADWAY AT CROSSWALK","No","NO APPARENT INJURY","N/A","39.03668","-77.06152","    (39.03668, -77.06152)"
"MCP2970001Q","16033110","Montgomery County Police","Injury Crash","06/30/2016 01:34:00 PM","Maryland (State)","UNIVERSITY BLVD W","DRUMM AVE",,"N/A","PEDESTRIAN","SINGLE VEHICLE","CLEAR","DRY","DAYLIGHT","YIELD SIGN","N/A","N/A","CAD841F5-42D1-4E1C-9829-753D952D7EE8","PEDESTRIAN","Cross/Enter at Intersection","NO IMPROPER ACTIONS","ON ROADWAY AT CROSSWALK","No","SUSPECTED SERIOUS INJURY","N/A","39.03668","-77.06152","    (39.03668, -77.06152)"
"MCP1438002S","16033074","Montgomery County Police","Injury Crash","06/30/2016 10:49:00 AM","County","EPSILON DR","EPSILON PL",,"N/A","PEDESTRIAN","SAME DIR REAR END","CLEAR","DRY","DAYLIGHT","NO CONTROLS","NONE DETECTED","NONE DETECTED","F4D27521-A7FE-4B9B-B197-A1ECA33DE342","PEDESTRIAN","Standing","NO IMPROPER ACTIONS","OTHER","No","NO APPARENT INJURY","N/A","39.13841333","-77.16330667","    (39.13841333, -77.16330667)"
"MCP1438002S","16033074","Montgomery County Police","Injury Crash","06/30/2016 10:49:00 AM","County","EPSILON DR","EPSILON PL",,"N/A","PEDESTRIAN","SAME DIR REAR END","CLEAR","DRY","DAYLIGHT","NO CONTROLS","NONE DETECTED","NONE DETECTED","A64D706D-54E3-4455-B144-AC1BD0306A35","PEDESTRIAN","Standing","NO IMPROPER ACTIONS","OTHER","No","NO APPARENT INJURY","N/A","39.13841333","-77.16330667","    (39.13841333, -77.16330667)"
"MCP1438002S","16033074","Montgomery County Police","Injury Crash","06/30/2016 10:49:00 AM","County","EPSILON DR","EPSILON PL",,"N/A","PEDESTRIAN","SAME DIR REAR END","CLEAR","DRY","DAYLIGHT","NO CONTROLS","NONE DETECTED","NONE DETECTED","AC0672E8-9703-45E4-ABE0-720582A93649","PEDESTRIAN","Standing","NO IMPROPER ACTIONS","OTHER","No","SUSPECTED SERIOUS INJURY","N/A","39.13841333","-77.16330667","    (39.13841333, -77.16330667)"
"MCP28180020","16032995","Montgomery County Police","Injury Crash","06/29/2016 08:46:00 PM","US (State)","COLESVILLE RD","FENTON ST",,"N/A","PEDESTRIAN","OTHER","CLEAR","DRY","DARK NO LIGHTS","TRAFFIC SIGNAL","NONE DETECTED","NONE DETECTED","2196A792-F43D-4210-97E2-46AFE870D4A1","PEDESTRIAN","Cross/Enter at Intersection","NO IMPROPER ACTIONS","AT INTERSECTION MARKED CROSSWALK","No","POSSIBLE INJURY","N/A","38.997555","-77.02683333","    (38.997555, -77.02683333)"
"MCP28590029","16032842","Montgomery County Police","Injury Crash","06/29/2016 06:48:00 AM",,,,"PARKING SPACE OUTSIDE 1088 WEST SIDE DR, GAITHERSBURG, MD.",,"PEDESTRIAN","OTHER","N/A",,"DAYLIGHT","NO CONTROLS","N/A","NONE DETECTED","73E4C9E2-F31C-4EDD-9E17-81711C5649AA","PEDESTRIAN","Standing","OTHER","OTHER","Yes","SUSPECTED MINOR INJURY","NONE","39.12388466","-77.20288038","    (39.12388466, -77.20288038)"
"MCP28460021","16032703","Montgomery County Police","Injury Crash","06/28/2016 01:15:00 PM","County","SHOREFIELD RD","GEORGIA AVE",,"N/A","PEDESTRIAN","OTHER","CLOUDY","DRY","DAYLIGHT","TRAFFIC SIGNAL","NONE DETECTED","NONE DETECTED","4D09E15D-701D-4E8D-BFBD-C14CB95B356D","PEDESTRIAN","Cross/Enter at Intersection","NO IMPROPER ACTIONS","ON ROADWAY AT CROSSWALK","No","NO APPARENT INJURY","NONE","39.05316667","-77.050735","    (39.05316667, -77.050735)"
"MCP28460021","16032703","Montgomery County Police","Injury Crash","06/28/2016 01:15:00 PM","County","SHOREFIELD RD","GEORGIA AVE",,"N/A","PEDESTRIAN","OTHER","CLOUDY","DRY","DAYLIGHT","TRAFFIC SIGNAL","NONE DETECTED","NONE DETECTED","EF0287D7-31AE-4DE3-9285-A09478AD074E","PEDESTRIAN","Cross/Enter at Intersection","NO IMPROPER ACTIONS","ON ROADWAY AT CROSSWALK","No","NO APPARENT INJURY","NONE","39.05316667","-77.050735","    (39.05316667, -77.050735)"
"MCP28460021","16032703","Montgomery County Police","Injury Crash","06/28/2016 01:15:00 PM","County","SHOREFIELD RD","GEORGIA AVE",,"N/A","PEDESTRIAN","OTHER","CLOUDY","DRY","DAYLIGHT","TRAFFIC SIGNAL","NONE DETECTED","NONE DETECTED","AE9A8913-1B4B-4010-A12A-E3F88D9A0C46","PEDESTRIAN","Cross/Enter at Intersection","NO IMPROPER ACTIONS","ON ROADWAY AT CROSSWALK","No","POSSIBLE INJURY","NONE","39.05316667","-77.050735","    (39.05316667, -77.050735)"
"MCP2954001X","16032701","Montgomery County Police","Injury Crash","06/28/2016 12:57:00 PM",,,,"IN PARKING LOT IN FRONT OF 8709 FLOWER AVE.",,"PEDESTRIAN","SAME DIRECTION SIDESWIPE","CLOUDY",,"DAYLIGHT","NO CONTROLS","NONE DETECTED","NONE DETECTED","AA7AC73D-3374-45EE-80D7-F49BA747ED38","PEDESTRIAN","Other","NO IMPROPER ACTIONS","OTHER","No","POSSIBLE INJURY","N/A","38.99868345","-77.0034796","    (38.99868345, -77.0034796)"
"MCP2954001X","16032701","Montgomery County Police","Injury Crash","06/28/2016 12:57:00 PM",,,,"IN PARKING LOT IN FRONT OF 8709 FLOWER AVE.",,"PEDESTRIAN","SAME DIRECTION SIDESWIPE","CLOUDY",,"DAYLIGHT","NO CONTROLS","NONE DETECTED","NONE DETECTED","7A9AD378-9679-41A1-9561-2F18425CF515","PEDESTRIAN","Other","NO IMPROPER ACTIONS","OTHER","No","POSSIBLE INJURY","N/A","38.99868345","-77.0034796","    (38.99868345, -77.0034796)"
"DD5611001G","16032513","Rockville Police Departme","Injury Crash","06/27/2016 01:00:00 PM","Municipality","ARDENNES AVE","WAINWRIGHT AVE",,"ROCKVILLE","BICYCLIST","STRAIGHT MOVEMENT ANGLE","CLEAR","DRY","DAYLIGHT","N/A","NONE DETECTED","NONE DETECTED","492551E1-BB68-4A6D-9039-31924A4A6FBC","BICYCLIST","Walking/Riding against Traffic","IN ROADWAY IMPROPERLY","SHOULDER","Yes","SUSPECTED MINOR INJURY","NONE","39.068064","-77.1184605","    (39.068064, -77.1184605)"
"MCP27120011","16032514","Montgomery County Police","Injury Crash","06/27/2016 12:49:00 PM","US (State)","COLUMBIA PIKE","END BRIDGE",,"N/A","PEDESTRIAN","OTHER","CLEAR","DRY","DAYLIGHT","N/A","NONE DETECTED","NONE DETECTED","29DE9B31-84EB-4E28-B120-BEADAED637B9","PEDESTRIAN","Standing","NO IMPROPER ACTIONS","SHOULDER","No","POSSIBLE INJURY","REFLECTIVE CLOTHING","39.05207833","-76.978015","    (39.05207833, -76.978015)"
"MCP2107000R","16032330","Montgomery County Police","Injury Crash","06/26/2016 09:12:00 AM","County","CLOPPER RD","WHITE GROUNDS RD",,"N/A","BICYCLIST","STRAIGHT MOVEMENT ANGLE","CLEAR","N/A","DAYLIGHT","N/A","NONE DETECTED","NONE DETECTED","0A53504A-BEA4-4924-ADC4-E285D1A4A901","BICYCLIST","Walking/Riding w/Traffic","IN ROADWAY IMPROPERLY","OTHER","Yes","SUSPECTED SERIOUS INJURY","MC/BIKE HELMET","39.183985","-77.31440167","    (39.183985, -77.31440167)"
"MCP3014000P","16032310","Montgomery County Police","Injury Crash","06/26/2016 03:14:00 AM","Maryland (State)","GEORGIA AVE","CONNECTICUT AVE",,"N/A","PEDESTRIAN","STRAIGHT MOVEMENT ANGLE","CLEAR","DRY","DARK LIGHTS ON","NO CONTROLS","UNKNOWN","ALCOHOL CONTRIBUTED","EB750F75-5C93-472D-A218-D7F9307C26AE","PEDESTRIAN","Cross/Enter not at Intersection","IN ROADWAY IMPROPERLY","ON ROADWAY NOT AT CROSSWALK","Yes","SUSPECTED MINOR INJURY","NONE","39.08314096","-77.07761317","    (39.08314096, -77.07761317)"
"MCP2689001Y","16032179","Montgomery County Police","Injury Crash","06/25/2016 01:17:00 PM",,,,"IN PARKING LOT TO THE NORTH OF 12216 PARKLAWN DR",,"PEDESTRIAN","SINGLE VEHICLE","CLEAR",,"DAYLIGHT","NO CONTROLS","NONE DETECTED","NONE DETECTED","EF8E26EF-505B-46B7-B316-B9B2D3344893","PEDESTRIAN","Other","INATTENTIVE","OTHER","Yes","POSSIBLE INJURY","NONE","39.05756292","-77.11069152","    (39.05756292, -77.11069152)"
"DD5611001F","16032163","Rockville Police Departme","Injury Crash","06/25/2016 11:35:00 AM","Municipality","CHAPMAN AVE","HALPINE RD",,"ROCKVILLE","PEDESTRIAN","HEAD ON LEFT TURN","CLEAR","DRY","DAYLIGHT","NO CONTROLS","NONE DETECTED","NONE DETECTED","52D95BB0-1FEA-4384-BAEE-5F5938176AEE","PEDESTRIAN","Cross/Enter at Intersection","NO IMPROPER ACTIONS","ON ROADWAY AT CROSSWALK","No","POSSIBLE INJURY","NONE","39.062616","-77.12277367","    (39.062616, -77.12277367)"
"MCP3000000W","16032017","Montgomery County Police","Property Damage Crash","06/24/2016 04:33:00 PM","Maryland (State)","GERMANTOWN RD","MIDDLEBROOK RD",,"N/A","PEDESTRIAN","OTHER","CLEAR","DRY","DAYLIGHT","TRAFFIC SIGNAL","NONE DETECTED","NONE DETECTED","CF49303B-7DF1-4CFF-B299-E1B0DCB918D0","PEDESTRIAN","Cross/Enter at Intersection","INATTENTIVE","ON ROADWAY AT CROSSWALK","Yes","NO APPARENT INJURY","NONE","39.17876167","-77.26707333","    (39.17876167, -77.26707333)"
"MCP0936001M","16031943","Montgomery County Police","Injury Crash","06/24/2016 10:40:00 AM",,,,"10550 CONNECTICUT AVENUE",,"PEDESTRIAN","SINGLE VEHICLE","CLOUDY",,"DAYLIGHT","N/A","NONE DETECTED","NONE DETECTED","FB5E7D7B-C056-487A-9808-72D516CF3656","PEDESTRIAN","Other","NO IMPROPER ACTIONS","OTHER","No","POSSIBLE INJURY","N/A","39.02775843","-77.07669318","    (39.02775843, -77.07669318)"
"MCP28710034","16031610","Montgomery County Police","Injury Crash","06/22/2016 06:13:00 PM","County","WESTLAKE DR","WESTLAKE TERR",,"N/A","BICYCLIST","OTHER","CLEAR","DRY","DAYLIGHT","STOP SIGN","NONE DETECTED","NONE DETECTED","0C80022B-DBBE-4944-B706-83F0F81E2A7F","BICYCLIST","Walking/Cycling on Sidewalk","NO IMPROPER ACTIONS","SIDEWALK","No","SUSPECTED MINOR INJURY","NONE","39.02851","-77.14758667","    (39.02851, -77.14758667)"
"EJ7777000K","16031565","Gaithersburg Police Depar","Property Damage Crash","06/22/2016 01:56:00 PM","Municipality","RUSSELL AVE","MONTGOMERY VILLAGE AVE",,"N/A","BICYCLIST","STRAIGHT MOVEMENT ANGLE","CLEAR","DRY","DAYLIGHT","TRAFFIC SIGNAL","NONE DETECTED","UNKNOWN","19215AB0-1765-4A91-ADB7-81B8954EA091","BICYCLIST","Cross/Enter at Intersection","FAILURE TO OBEY TRAFFIC SIGNS SIGNALS OR OFFICER","ON ROADWAY AT CROSSWALK","Yes","NO APPARENT INJURY","UNKNOWN","39.15436833","-77.20923833","    (39.15436833, -77.20923833)"
"MCP22860015","16031224","Montgomery County Police","Injury Crash","06/20/2016 07:06:00 PM",,,,"16501 SHADY GROVE RD, ROCKVILLE, MD 20850, US POST OFFICE",,"PEDESTRIAN","OTHER","N/A",,"DAYLIGHT","OTHER","NONE DETECTED","NONE DETECTED","1A5F2681-DEF2-4023-B3E7-715590856EF0","PEDESTRIAN","Cross/Enter not at Intersection","NO IMPROPER ACTIONS","OTHER","No","POSSIBLE INJURY","N/A","39.12679833","-77.17284833","    (39.12679833, -77.17284833)"
"MCP2934001P","16030855","Montgomery County Police","Injury Crash","06/18/2016 01:05:00 PM","County","SANGAMORE RD","SENTINEL RD",,"N/A","PEDESTRIAN","OTHER","CLEAR","DRY","DAYLIGHT","STOP SIGN","NONE DETECTED","NONE DETECTED","DF869967-4F30-4159-A165-8B5B8D02C13E","PEDESTRIAN","Cross/Enter at Intersection","NO IMPROPER ACTIONS","AT INTERSECTION MARKED CROSSWALK","No","POSSIBLE INJURY","NONE","38.95043049","-77.12047085","    (38.95043049, -77.12047085)"
"EJ7781000P","16030830","Gaithersburg Police Depar","Injury Crash","06/18/2016 10:30:00 AM","County","QUINCE ORCHARD RD","DARNESTOWN RD",,"N/A","PEDESTRIAN","OTHER","CLEAR","DRY","DAYLIGHT","TRAFFIC SIGNAL","N/A","NONE DETECTED","9D769455-1D36-4F8A-A48B-E8743CAC27A4","PEDESTRIAN","Cross/Enter at Intersection","FAILURE TO OBEY TRAFFIC SIGNS SIGNALS OR OFFICER","ON ROADWAY AT CROSSWALK","Yes","SUSPECTED SERIOUS INJURY","NONE","39.11792704","-77.25259647","    (39.11792704, -77.25259647)"
"MCP2662000V","16030737","Montgomery County Police","Property Damage Crash","06/17/2016 09:02:00 PM","Maryland (State)","WOODFIELD RD","ENT TO SHOPPING CENTER",,"N/A","BICYCLIST","SINGLE VEHICLE","CLEAR","DRY","DARK LIGHTS ON","STOP SIGN","NONE DETECTED","NONE DETECTED","C94F8F19-F916-4EF0-A1CB-9BA8BCBC11BD","BICYCLIST","Cross/Enter at Intersection","NO IMPROPER ACTIONS","DRIVEWAY ACCESS MARKED CROSSWALK","No","NO APPARENT INJURY","NONE","39.155295","-77.167535","    (39.155295, -77.167535)"
"MCP29600014","16030402","Montgomery County Police","Injury Crash","06/16/2016 09:11:00 AM","County","BEAVERWOOD LA","BIRCHTREE LA",,"N/A","PEDESTRIAN","OTHER","CLOUDY","N/A","DAYLIGHT","N/A","N/A","N/A","EF2D065F-B15B-4854-A6F1-85CF843D3AB2","PEDESTRIAN","Walking to/from school","INATTENTIVE","ON ROADWAY NOT AT CROSSWALK","Yes","POSSIBLE INJURY","N/A","39.086325","-77.06504833","    (39.086325, -77.06504833)"
"MCP26710014","16030090","Montgomery County Police","Injury Crash","06/14/2016 06:25:00 PM","Maryland (State)","GEORGIA AVE","FENWICK LA",,"N/A","PEDESTRIAN","SINGLE VEHICLE","CLEAR","DRY","DAYLIGHT","NO CONTROLS","NONE DETECTED","NONE DETECTED","59371504-8DDA-4A7B-9CBF-F2B60B8CA4F3","PEDESTRIAN","Cross/Enter at Intersection","IN ROADWAY IMPROPERLY","ON ROADWAY NOT AT CROSSWALK","Yes","SUSPECTED MINOR INJURY","NONE","38.99830824","-77.0306021","    (38.99830824, -77.0306021)"
"MCP2929001H","16029790","Montgomery County Police","Injury Crash","06/13/2016 02:36:00 PM",,,,"DRIVEWAY OF 17605 CASHELL RD",,"PEDESTRIAN","SINGLE VEHICLE","CLEAR",,"DAYLIGHT","N/A",,"NONE DETECTED","F7B0EB46-8584-475E-9135-E6BE82671C16","PEDESTRIAN","Other","INATTENTIVE","OTHER","Yes","SUSPECTED MINOR INJURY","N/A","39.14527217","-77.09332019","    (39.14527217, -77.09332019)"
"MCP2594001M","16029781","Montgomery County Police","Injury Crash","06/13/2016 02:01:00 PM","Maryland (State)","OLNEY SANDY SPRING RD","VILLAGE CENTER DR",,"N/A","BICYCLIST","OTHER","CLEAR","DRY","DAYLIGHT","TRAFFIC SIGNAL","NONE DETECTED","NONE DETECTED","AE41D62D-86BB-400A-8AF0-10C8889B07AF","BICYCLIST","Cross/Enter at Intersection","NO IMPROPER ACTIONS","ON ROADWAY AT CROSSWALK","No","SUSPECTED MINOR INJURY","NONE","39.15214892","-77.06449851","    (39.15214892, -77.06449851)"
"MCP2971001G","16029634","Montgomery County Police","Injury Crash","06/12/2016 05:50:00 PM",,,,"PARKING LOT CUT THROUGH OUTSIDE OF 11558 LOCKWOOD DRIVE, SILVER SPRING, MD 20904.",,"PEDESTRIAN","OTHER","CLEAR",,"DAYLIGHT","NO CONTROLS","ALCOHOL PRESENT, NONE DETECTED","NONE DETECTED","E9A3ED80-C52B-41F7-8309-AB3ACC68F95A","PEDESTRIAN","Other","NO IMPROPER ACTIONS","SIDEWALK","No","SUSPECTED SERIOUS INJURY","NONE","39.04321117","-76.98358297","    (39.04321117, -76.98358297)"