"Report Number","Local Case Number","Agency Name","ACRS Report Type","Crash Date/Time","Route Type","Road Name","Cross-Street Name","Off-Road Description","Municipality","Related Non-Motorist","Collision Type","Weather","Surface Condition","Light","Traffic Control","Driver Substance Abuse","Non-Motorist Substance Abuse","Person ID","Pedestrian Type","Pedestrian Movement","Pedestrian Actions","Pedestrian Location","At Fault","Injury Severity","Safety Equipment","Latitude","Longitude","Location"
"DD5606003H","16029574","Rockville Police Departme","Property Damage Crash","06/12/2016 01:00:00 PM","County","TWINBROOK PKWY","VEIRS MILL RD",,"N/A","BICYCLIST","STRAIGHT MOVEMENT ANGLE","CLEAR","N/A","DAYLIGHT","NO CONTROLS","NONE DETECTED","NONE DETECTED","E1754D16-104A-4DCA-B082-21D21818BD90","BICYCLIST","Cross/Enter not at Intersection","IN ROADWAY IMPROPERLY","ON ROADWAY NOT AT CROSSWALK","Yes","NO APPARENT INJURY","NONE","39.07387","-77.11153667","    (39.07387, -77.11153667)"
"MCP2853001V","16029275","Montgomery County Police","Injury Crash","06/10/2016 03:50:00 PM","County","LANGLEY DR","GLENVILLE RD",,"N/A","PEDESTRIAN","SINGLE VEHICLE","CLEAR","DRY","DAYLIGHT","NO CONTROLS","UNKNOWN","N/A","CDCBC5E3-F7A9-49AA-917D-8BD1DDECCC99","PEDESTRIAN","Walking to/from school","NO IMPROPER ACTIONS","N/A","No","SUSPECTED MINOR INJURY","N/A","39.00149957","-76.99610353","    (39.00149957, -76.99610353)"
"MCP24750011","16029229","Montgomery County Police","Injury Crash","06/10/2016 03:50:00 PM","US (State)","COLESVILLE RD","TIMBERWOOD AVE",,"N/A","BICYCLIST","STRAIGHT MOVEMENT ANGLE","CLEAR","DRY","DAYLIGHT","STOP SIGN","N/A","N/A","AB616E78-5F3C-416C-B0C0-77821EC272EC","BICYCLIST","Cross/Enter at Intersection","FAILURE TO YIELD RIGHT OF WAY","OUTSIDE RIGHT OF WAY","Yes","SUSPECTED MINOR INJURY","MC/BIKE HELMET","39.02163432","-77.01216459","    (39.02163432, -77.01216459)"
"MCP2723001P","16029171","Montgomery County Police","Injury Crash","06/10/2016 10:09:00 AM","Maryland (State)","NEW HAMPSHIRE AVE","EDNOR RD",,"N/A","BICYCLIST","STRAIGHT MOVEMENT ANGLE","CLEAR","DRY","DAYLIGHT","NO CONTROLS","N/A","N/A","F2A18E84-4B32-4C3C-AA4D-E6AC0ADBF4CC","BICYCLIST","Walking/Riding w/Traffic","NO IMPROPER ACTIONS","ON ROADWAY NOT AT CROSSWALK","No","SUSPECTED SERIOUS INJURY","MC/BIKE HELMET","39.20948333","-77.24713","    (39.20948333, -77.24713)"
"MCP2987000T","16029146","Montgomery County Police","Injury Crash","06/10/2016 07:40:00 AM",,,,"PARKING LOT OF WOODMOOR SHOPPING CENTER",,"PEDESTRIAN","SINGLE VEHICLE","CLEAR",,"DAYLIGHT","NO CONTROLS","NONE DETECTED","NONE DETECTED","5328943C-C08E-4D7B-B456-80665CA62899","PEDESTRIAN","Cross/Enter not at Intersection","N/A","OTHER","No","SUSPECTED MINOR INJURY","NONE","39.02061115","-77.0120278","    (39.02061115, -77.0120278)"
"MCP2765002J","16029071","Montgomery County Police","Injury Crash","06/09/2016 07:30:00 PM","Municipality","WATTS BRANCH PKWY","HURLEY AVE",,"ROCKVILLE","BICYCLIST","OPPOSITE DIRECTION SIDESWIPE","CLEAR","DRY","DAYLIGHT","NO CONTROLS","NONE DETECTED","NONE DETECTED","CD9A1CDA-D731-4115-AF21-B304B3733F76","BICYCLIST","Walking/Riding against Traffic","DART DASH","ON ROADWAY NOT AT CROSSWALK","Yes","SUSPECTED MINOR INJURY","MC/BIKE HELMET","39.088305","-77.17797167","    (39.088305, -77.17797167)"
"MCP2892001N","16029031","Montgomery County Police","Injury Crash","06/09/2016 04:43:00 PM",,,,"PARKING LOT OF ST. JOHN THE EVANGELIST CATHOLIC CHURCH


10201 GEORGIA AVENUE",,"PEDESTRIAN","OTHER","N/A",,"DAYLIGHT","NO CONTROLS","NONE DETECTED","NONE DETECTED","FC5571ED-38EE-4671-B3BE-E26CF66C860F","PEDESTRIAN","Walking/Riding against Traffic","NO IMPROPER ACTIONS","SIDEWALK","No","POSSIBLE INJURY","NONE","39.02362833","-77.0453","    (39.02362833, -77.0453)"
"MCP2552000X","16029030","Montgomery County Police","Injury Crash","06/09/2016 04:42:00 PM",,,,"PARKING LOT OF 12321 PARKLAWN DRIVE, ROCKVILLE, MD 20852",,"PEDESTRIAN","OTHER","CLEAR",,"DAYLIGHT","N/A","UNKNOWN","N/A","1AFCEF25-F233-4C41-975B-6E1AF1A3DC91","PEDESTRIAN","Other Working","NO IMPROPER ACTIONS","OTHER","No","SUSPECTED MINOR INJURY","N/A","39.059955","-77.11130667","    (39.059955, -77.11130667)"
"EJ7847001T","16028832","Gaithersburg Police Depar","Injury Crash","06/08/2016 05:59:00 PM","Maryland (State)","DARNESTOWN RD","TREWORTHY RD",,"GAITHERSBURG","BICYCLIST","SAME DIR REAR END","CLEAR","DRY","DAYLIGHT","N/A","NONE DETECTED","NONE DETECTED","DFA08DFA-C8DC-46CA-8994-01397D1F2751","BICYCLIST","Walking/Riding w/Traffic","NO IMPROPER ACTIONS","IN BIKEWAY","No","SUSPECTED MINOR INJURY","MC/BIKE HELMET","39.103445","-77.2243","    (39.103445, -77.2243)"
"MCP2818001W","16028823","Montgomery County Police","Injury Crash","06/08/2016 05:00:00 PM","Maryland (State)","GEORGIA AVE","CAMERON ST",,"N/A","PEDESTRIAN","OTHER","CLEAR","DRY","DAYLIGHT","TRAFFIC SIGNAL","NONE DETECTED","NONE DETECTED","4FE83547-1427-491C-8EE2-43C3D39EDAEE","PEDESTRIAN","Cross/Enter at Intersection","NO IMPROPER ACTIONS","AT INTERSECTION MARKED CROSSWALK","No","POSSIBLE INJURY","N/A","38.99769833","-77.02968333","    (38.99769833, -77.02968333)"
"MCP2608001G","16028022","Montgomery County Police","Injury Crash","06/07/2016 02:21:00 PM","County","EASTWOOD AVE","MOUNTAIN QUAIL RD",,"N/A","BICYCLIST","HEAD ON","CLEAR","DRY","DAYLIGHT","NO CONTROLS","N/A","NONE DETECTED","BA2ACCF5-539A-443B-BB0A-7D19F8B1CDA4","BICYCLIST","Playing","UNKNOWN","CURB","No","POSSIBLE INJURY","N/A","39.02641863","-77.01171398","    (39.02641863, -77.01171398)"
"MCP26170020","16028374","Montgomery County Police","Injury Crash","06/06/2016 04:07:00 PM","County","GROSVENOR LA","KING CHARLES WAY",,"N/A","BICYCLIST","OTHER","CLEAR","DRY","DAYLIGHT","NO CONTROLS","NONE DETECTED","NONE DETECTED","AC028C1A-C329-4D99-A71B-0456AD4D8354","BICYCLIST","Cross/Enter at Intersection","NO IMPROPER ACTIONS","ON ROADWAY AT CROSSWALK","No","SUSPECTED MINOR INJURY","MC/BIKE HELMET","39.02274","-77.105055","    (39.02274, -77.105055)"
"MCP0113000W","16028269","Montgomery County Police","Property Damage Crash","06/06/2016 07:03:00 AM","Maryland (State)","WISCONSIN AVE","CHELTENHAM DR",,"N/A","PEDESTRIAN","SAME DIR REAR END","CLEAR","DRY","DAYLIGHT","TRAFFIC SIGNAL","NONE DETECTED","NONE DETECTED","54156241-9F04-4F2B-AFA2-00A5268C0822","PEDESTRIAN","Cross/Enter at Intersection","NO IMPROPER ACTIONS","ON ROADWAY AT CROSSWALK","No","NO APPARENT INJURY","NONE","38.988125","-77.09497","    (38.988125, -77.09497)"
"MCP29900005","16028058","Montgomery County Police","Injury Crash","06/05/2016 09:30:00 PM",,,,"DRIVE WAY OF 18604 RELIANT DR",,"OTHER","OTHER","N/A",,"DARK LIGHTS ON","N/A","NONE DETECTED","N/A","09CBDA3B-52CD-4E37-B517-DC1E411A07A3","OTHER","N/A","OTHER","OTHER","Unknown","POSSIBLE INJURY","N/A","39.149935","-77.23389667","    (39.149935, -77.23389667)"
"EJ7846001D","16028029","Gaithersburg Police Depar","Injury Crash","06/04/2016 05:32:00 PM","Maryland (State)","FREDERICK RD","BROOKS AVE",,"GAITHERSBURG","PEDESTRIAN","SINGLE VEHICLE","CLEAR","DRY","DAYLIGHT","NO CONTROLS","NONE DETECTED","ALCOHOL CONTRIBUTED","623A7310-7290-44A9-A78C-EF21FC1E27CC","PEDESTRIAN","Cross/Enter not at Intersection","DART DASH","SIDEWALK","Yes","POSSIBLE INJURY","N/A","39.158985","-77.21714333","    (39.158985, -77.21714333)"
"DD5582000Z","16027886","Rockville Police Departme","Property Damage Crash","06/03/2016 09:35:00 PM",,,,"ENTRANCE/EXIT FROM CONGRESSIONAL NORTH PLAZA",,"PEDESTRIAN","OTHER","CLOUDY",,"DARK LIGHTS ON","NO CONTROLS","N/A","N/A","A5638D90-0743-4421-9C20-15D55FA39A87","PEDESTRIAN","Cross/Enter at Intersection","NO IMPROPER ACTIONS","DRIVEWAY ACCESS MARKED CROSSWALK","No","NO APPARENT INJURY","NONE","39.06377","-77.12707167","    (39.06377, -77.12707167)"
"MCP1378009X","16027832","Montgomery County Police","Injury Crash","06/03/2016 05:15:00 PM","Maryland (State)","QUINCE ORCHARD RD","QUINCE ORCHARD BLVD",,"GAITHERSBURG","BICYCLIST","SINGLE VEHICLE","CLOUDY","WET","DAYLIGHT","TRAFFIC SIGNAL","NONE DETECTED","NONE DETECTED","35BA241B-CE94-4081-8208-8D1865D6A656","BICYCLIST","Cross/Enter at Intersection","FAILURE TO YIELD RIGHT OF WAY","ON ROADWAY AT CROSSWALK","Yes","POSSIBLE INJURY","NONE","39.13464333","-77.223795","    (39.13464333, -77.223795)"
"MCP28480032","16027760","Montgomery County Police","Injury Crash","06/03/2016 12:03:00 PM","County","EXECUTIVE BLVD","OLD GEORGETOWN RD",,"N/A","BICYCLIST","STRAIGHT MOVEMENT ANGLE","CLOUDY","DRY","DAYLIGHT","NO CONTROLS","NONE DETECTED","NONE DETECTED","F6BECD71-9C52-4DD4-B4BB-1A0C26208BB0","BICYCLIST","Cross/Enter at Intersection","NO IMPROPER ACTIONS","SIDEWALK","No","SUSPECTED MINOR INJURY","MC/BIKE HELMET","39.04729","-77.11769","    (39.04729, -77.11769)"
"MCP1064004G","16027759","Montgomery County Police","Injury Crash","06/03/2016 11:54:00 AM","Maryland (State)","NEW HAMPSHIRE AVE","ADELPHI RD",,"N/A","PEDESTRIAN","OTHER","CLOUDY","DRY","DAYLIGHT","TRAFFIC SIGNAL","N/A","N/A","E3D38397-C5B2-470B-A663-73FF13713661","PEDESTRIAN","Cross/Enter at Intersection","NO IMPROPER ACTIONS","ON ROADWAY AT CROSSWALK","No","SUSPECTED SERIOUS INJURY","N/A","39.01147833","-76.97918","    (39.01147833, -76.97918)"
"DM8374000R","16027657","Takoma Park Police Depart","Injury Crash","06/02/2016 06:25:00 PM","Maryland (State)","ETHAN ALLEN AVE","ELM AVE",,"TAKOMA PARK","BICYCLIST","HEAD ON LEFT TURN","CLEAR","DRY","DAYLIGHT","NO CONTROLS","N/A","N/A","493B6BD6-349A-4D8E-B10B-FB9C56F1C5A3","BICYCLIST","Walking/Riding w/Traffic","NO IMPROPER ACTIONS","ON ROADWAY NOT AT CROSSWALK","No","SUSPECTED MINOR INJURY","NONE","38.97596","-76.99699833","    (38.97596, -76.99699833)"
"MCP29520022","16027591","Montgomery County Police","Injury Crash","06/02/2016 02:53:00 PM",,,,"ALLEY BEHIND LA FITNESS CONNECTING GEORGIA AVE AND DRIVEWAY TO PARKING GARAGE.",,"OTHER CONVEYANCE","OTHER","CLEAR",,"DAYLIGHT","NO CONTROLS","NONE DETECTED","NONE DETECTED","F9D18D7B-0CEB-4EAA-8F77-A79E76EFBDA7","OTHER CONVEYANCE","Other","NO IMPROPER ACTIONS","OTHER","No","POSSIBLE INJURY","NONE","38.99858667","-77.02928","    (38.99858667, -77.02928)"
"MCP2492000M","16027601","Montgomery County Police","Fatal Crash","06/02/2016 02:34:00 PM","Maryland (State)","S FREDERICK RD","CEDAR AVE",,"GAITHERSBURG","BICYCLIST","OTHER","CLEAR","DRY","DAYLIGHT","N/A","NONE DETECTED","NONE DETECTED","3F1F9428-760A-415F-8919-D5DCFF5B63A2","BICYCLIST","Other","OTHER","ON ROADWAY NOT AT CROSSWALK","Unknown","FATAL INJURY","NONE","39.13928333","-77.196055","    (39.13928333, -77.196055)"
"MCP14530036","16027529","Montgomery County Police","Injury Crash","06/02/2016 08:30:00 AM","County","RIMFIRE CT","RICHTER FARM RD",,"N/A","OTHER","OTHER","CLEAR","DRY","DAYLIGHT","N/A",,"NONE DETECTED","741D6EF6-370B-427F-9F84-0C8A02586270","OTHER","Other","OTHER","ON ROADWAY NOT AT CROSSWALK","No","POSSIBLE INJURY","N/A","39.15750167","-77.29715167","    (39.15750167, -77.29715167)"
"MCP2046005K","16027508","Montgomery County Police","Injury Crash","06/02/2016 08:13:00 AM","County","OLD COLUMBIA PIKE","FAIRLAND RD",,"N/A","PEDESTRIAN","STRAIGHT MOVEMENT ANGLE","CLOUDY","DRY","DAYLIGHT","TRAFFIC SIGNAL","NONE DETECTED","NONE DETECTED","52AB336F-A15E-4FC2-885D-35A3E8052A5D","PEDESTRIAN","Cross/Enter at Intersection","DART DASH","ON ROADWAY NOT AT CROSSWALK","Yes","SUSPECTED MINOR INJURY","NONE","39.07626165","-76.95760176","    (39.07626165, -76.95760176)"
"MCP29660020","16027461","Montgomery County Police","Injury Crash","06/01/2016 10:35:00 PM","County","CONNECTICUT AVE","BEL PRE RD",,"N/A","PEDESTRIAN","OTHER","CLEAR","DRY","DARK -- UNKNOWN LIGHTING","NO CONTROLS","NONE DETECTED","NONE DETECTED","CF438DC8-13D0-48D0-8E9B-FA3951C5E0EF","PEDESTRIAN","Cross/Enter at Intersection","NO IMPROPER ACTIONS","ON ROADWAY AT CROSSWALK","No","NO APPARENT INJURY","NONE","39.09195775","-77.07031488","    (39.09195775, -77.07031488)"
"MCP1378009T","16027391","Montgomery County Police","Injury Crash","06/01/2016 05:10:00 PM","County","BLACKWELL RD","GREAT SENECA HWY",,"N/A","BICYCLIST","STRAIGHT MOVEMENT ANGLE","CLEAR","DRY","DAYLIGHT","STOP SIGN","NONE DETECTED","NONE DETECTED","3D94E185-8F4F-4F4D-8B60-6E3BC1A9A58C","BICYCLIST","Cross/Enter at Intersection","NO IMPROPER ACTIONS","ON ROADWAY NOT AT CROSSWALK","Yes","POSSIBLE INJURY","MC/BIKE HELMET","39.10165667","-77.20517","    (39.10165667, -77.20517)"
"MCP2777002R","16029053","Montgomery County Police","Injury Crash","06/01/2016 04:00:00 PM","Municipality","ROKEBY AVE","ARGYLE AVE",,"GARRETT PARK","BICYCLIST","SAME DIRECTION SIDESWIPE","N/A","UNKNOWN","DAYLIGHT","NO CONTROLS","UNKNOWN","UNKNOWN","2677C0C8-F5D6-4ABC-99B1-1AAF0FAEB404","BICYCLIST","Cross/Enter at Intersection","NO IMPROPER ACTIONS","AT INTERSECTION BUT NO CROSSWALK","No","SUSPECTED MINOR INJURY","MC/BIKE HELMET","39.03929","-77.095469","    (39.03929, -77.095469)"
"MCP1417005F","16027322","Montgomery County Police","Injury Crash","06/01/2016 10:30:00 AM",,,,"PARKING LOT OF
18206 CONTOUR ROAD",,"PEDESTRIAN","SINGLE VEHICLE","CLEAR",,"DAYLIGHT","NO CONTROLS","NONE DETECTED","NONE DETECTED","EE60808D-FFAE-4A9A-9E32-417D1F15A7A6","PEDESTRIAN","Other","DART DASH","OTHER","Yes","SUSPECTED MINOR INJURY","NONE","39.1551877","-77.19924331","    (39.1551877, -77.19924331)"
"MCP2892001M","16027202","Montgomery County Police","Injury Crash","05/31/2016 06:04:00 PM","Maryland (State)","GEORGIA AVE","AUGUST DR",,"N/A","PEDESTRIAN","OTHER","CLEAR","DRY","DAYLIGHT","NO CONTROLS","NONE DETECTED","NONE DETECTED","338F7DC1-0D5E-4472-BAD1-64AD6CDDF10F","PEDESTRIAN","Cross/Enter not at Intersection","DART DASH","ON ROADWAY NOT AT CROSSWALK","Yes","POSSIBLE INJURY","NONE","39.02116754","-77.0445013","    (39.02116754, -77.0445013)"
"EJ7818000B","16027164","Gaithersburg Police Depar","Injury Crash","05/31/2016 04:05:00 PM","County","MUDDY BRANCH RD","DIAMONDBACK DR",,"N/A","PEDESTRIAN","N/A","N/A","DRY","DAYLIGHT","TRAFFIC SIGNAL","NONE DETECTED","NONE DETECTED","C24AFF9B-3EE9-4305-9449-79A413BD9ED6","PEDESTRIAN","Cross/Enter at Intersection","NO IMPROPER ACTIONS","ON ROADWAY AT CROSSWALK","No","SUSPECTED SERIOUS INJURY","N/A","39.11528667","-77.21586333","    (39.11528667, -77.21586333)"
"MCP2942001L","16026975","Montgomery County Police","Injury Crash","05/30/2016 06:15:00 PM",,,,"PARKING LOT IN FRONT OF 4978 SENTINEL DRIVE",,"PEDESTRIAN","OTHER","CLEAR",,"DAYLIGHT","NO CONTROLS","UNKNOWN","NONE DETECTED","6FEDB32A-6306-4C91-B71A-92A984153177","PEDESTRIAN","Getting off/on Vehicle","NO IMPROPER ACTIONS","ON ROADWAY NOT AT CROSSWALK","No","SUSPECTED MINOR INJURY","REFLECTIVE CLOTHING","38.95066","-77.11489","    (38.95066, -77.11489)"
"MCP2886001L","16026787","Montgomery County Police","Injury Crash","05/29/2016 03:03:00 PM","Maryland (State)","CONNECTICUT AVE","WELLER RD",,"N/A","PEDESTRIAN","SINGLE VEHICLE","CLEAR","DRY","DAYLIGHT","N/A","NONE DETECTED","NONE DETECTED","E47CB9B1-F806-471B-8FD6-FABD055329E7","PEDESTRIAN","Cross/Enter at Intersection","NO IMPROPER ACTIONS","ON ROADWAY AT CROSSWALK","No","POSSIBLE INJURY","NONE","39.063535","-77.07347167","    (39.063535, -77.07347167)"
"MCP29270010","16026289","Montgomery County Police","Property Damage Crash","05/26/2016 08:02:00 PM","County","WAYNE AVE","SLIGO CREEK PKWY",,"N/A","BICYCLIST","HEAD ON LEFT TURN","CLEAR","DRY","DAYLIGHT","TRAFFIC SIGNAL","NONE DETECTED","NONE DETECTED","EFC21E43-6AA4-4479-B31D-D841A71EB42F","BICYCLIST","Cross/Enter at Intersection","NO IMPROPER ACTIONS","ON ROADWAY AT CROSSWALK","No","NO APPARENT INJURY","MC/BIKE HELMET","38.99964857","-77.01058343","    (38.99964857, -77.01058343)"
"MCP2773001T","16026276","Montgomery County Police","Injury Crash","05/26/2016 07:08:00 PM",,,,"SIDE WALK IN FRONT OF PARKING LOT OF 420 UNIVERSITY BLVD E",,"PEDESTRIAN","OTHER","CLEAR",,"DAYLIGHT","NO CONTROLS","NONE DETECTED","NONE DETECTED","ED64C75A-46C4-474D-A408-A784AA5D1B25","PEDESTRIAN","Walking/Cycling on Sidewalk","NO IMPROPER ACTIONS","SIDEWALK","No","POSSIBLE INJURY","NONE","39.008748","-76.99865","    (39.008748, -76.99865)"
"MCP2773001T","16026276","Montgomery County Police","Injury Crash","05/26/2016 07:08:00 PM",,,,"SIDE WALK IN FRONT OF PARKING LOT OF 420 UNIVERSITY BLVD E",,"PEDESTRIAN","OTHER","CLEAR",,"DAYLIGHT","NO CONTROLS","NONE DETECTED","N/A","8C3617C0-C5A6-483D-A450-A2A72F006B40","PEDESTRIAN","Other","NO IMPROPER ACTIONS","SIDEWALK","No","POSSIBLE INJURY","OTHER","39.008748","-76.99865","    (39.008748, -76.99865)"
"MCP0617000L","16025109","Montgomery County Police","Injury Crash","05/26/2016 02:06:00 PM",,,,"PARKING LOT OF 18207 VILLAGE CENTER DR",,"PEDESTRIAN","OTHER","CLOUDY",,"DAYLIGHT","NO CONTROLS","N/A","ALCOHOL PRESENT","52D5C223-AF1C-492D-86BB-C70A6121E333","PEDESTRIAN","Other","INATTENTIVE","OTHER","Yes","SUSPECTED MINOR INJURY","N/A","39.12148667","-77.00988333","    (39.12148667, -77.00988333)"
"MCP2274000R","16026160","Montgomery County Police","Injury Crash","05/26/2016 08:35:00 AM","Municipality","BANK ST","QUINCE ORCHARD RD",,"N/A","BICYCLIST","HEAD ON LEFT TURN","CLEAR","DRY","DAYLIGHT","NO CONTROLS","NONE DETECTED","NONE DETECTED","AC598001-1D24-4EAF-8F5A-D6216B0D8047","BICYCLIST","Cross/Enter at Intersection","FAILURE TO YIELD RIGHT OF WAY","UNKNOWN","Yes","SUSPECTED SERIOUS INJURY","UNKNOWN","39.14035833","-77.22306833","    (39.14035833, -77.22306833)"
"MCP2311002B","16026138","Montgomery County Police","Injury Crash","05/26/2016 01:46:00 AM","County","MONTGOMERY VILLAGE AVE","WALKERS CHOICE RD",,"N/A","BICYCLIST","SAME DIR REAR END","CLEAR","DRY","DARK NO LIGHTS","N/A","N/A","N/A","C2C964E2-0C7D-4B2C-8FBB-42D9302E3F2D","BICYCLIST","Walking/Riding w/Traffic","NOT VISIBLE","ON ROADWAY NOT AT CROSSWALK","No","SUSPECTED MINOR INJURY","N/A","39.16437333","-77.20392167","    (39.16437333, -77.20392167)"
"MCP2971001B","16025851","Montgomery County Police","Injury Crash","05/24/2016 05:54:00 PM",,,,"PARKING LOT IN FRONT OF 11507 FEBRUARY CIRCLE, SILVER SPRING, MARYLAND",,"BICYCLIST","HEAD ON","CLEAR",,"DAYLIGHT","NO CONTROLS","NONE DETECTED","NONE DETECTED","F4CC3E12-5FAA-4C2F-B969-F678B45DB89E","BICYCLIST","Cross/Enter not at Intersection","FAILURE TO YIELD RIGHT OF WAY","ON ROADWAY NOT AT CROSSWALK","Yes","POSSIBLE INJURY","NONE","39.04771489","-76.97713494","    (39.04771489, -76.97713494)"
"MCP2740001X","16024977","Montgomery County Police","Injury Crash","05/19/2016 09:40:00 PM","Maryland (State)","PINEY BRANCH RD","UNIVERSITY BLVD E",,"N/A","PEDESTRIAN","SINGLE VEHICLE","CLEAR","DRY","DARK LIGHTS ON","TRAFFIC SIGNAL","NONE DETECTED","NONE DETECTED","501AE1CA-F78D-4753-91DE-50893635737E","PEDESTRIAN","Cross/Enter at Intersection","NO IMPROPER ACTIONS","ON ROADWAY AT CROSSWALK","No","SUSPECTED MINOR INJURY","N/A","38.9996788","-76.99525595","    (38.9996788, -76.99525595)"
"MCP2740001X","16024977","Montgomery County Police","Injury Crash","05/19/2016 09:40:00 PM","Maryland (State)","PINEY BRANCH RD","UNIVERSITY BLVD E",,"N/A","PEDESTRIAN","SINGLE VEHICLE","CLEAR","DRY","DARK LIGHTS ON","TRAFFIC SIGNAL","NONE DETECTED","NONE DETECTED","D2BBFF7A-E4D2-4DC4-ABB8-743E73D93BEF","PEDESTRIAN","Cross/Enter at Intersection","NO IMPROPER ACTIONS","ON ROADWAY AT CROSSWALK","No","SUSPECTED MINOR INJURY","N/A","38.9996788","-76.99525595","    (38.9996788, -76.99525595)"
"MCP2617001W","16024882","Montgomery County Police","Property Damage Crash","05/19/2016 02:45:00 PM","County","HIGHLAND AVE","ALLEY",,"N/A","PEDESTRIAN","SINGLE VEHICLE","CLEAR","DRY","DAYLIGHT","NO CONTROLS","NONE DETECTED","NONE DETECTED","332E4387-B2CE-4CD4-9713-0E029707E415","PEDESTRIAN","Other","NOT VISIBLE","OTHER","No","NO APPARENT INJURY","NONE","38.99093333","-77.09504167","    (38.99093333, -77.09504167)"
"DD5614000N","16024847","Rockville Police Departme","Injury Crash","05/19/2016 11:16:00 AM","Maryland (State)","E JEFFERSON ST","MONROE ST",,"ROCKVILLE","PEDESTRIAN","SAME DIRECTION SIDESWIPE","CLOUDY","DRY","DAYLIGHT","TRAFFIC SIGNAL","NONE DETECTED","NONE DETECTED","B2AEEA5B-821B-4F9A-B201-14433270D67F","PEDESTRIAN","Cross/Enter at Intersection","NO IMPROPER ACTIONS","AT INTERSECTION MARKED CROSSWALK","No","SUSPECTED MINOR INJURY","NONE","39.08122167","-77.14769","    (39.08122167, -77.14769)"
"MCP2695000J","16024315","Montgomery County Police","Injury Crash","05/16/2016 02:43:00 PM","US (State)","COLUMBIA PIKE","MUSGROVE RD",,"N/A","PEDESTRIAN","SINGLE VEHICLE","CLEAR","DRY","DAYLIGHT","NO CONTROLS","UNKNOWN","N/A","301C1A61-5816-46F8-A25B-EE83F8A967C8","PEDESTRIAN","Standing","OTHER","DRIVEWAY ACCESS MARKED CROSSWALK","No","SUSPECTED MINOR INJURY","NONE","39.06766051","-76.95820525","    (39.06766051, -76.95820525)"
"MCP2952001X","16024236","Montgomery County Police","Injury Crash","05/16/2016 07:36:00 AM","Maryland (State)","16TH ST","EAST WEST HWY",,"N/A","BICYCLIST","HEAD ON LEFT TURN","CLEAR","DRY","DAYLIGHT","TRAFFIC SIGNAL","NONE DETECTED","NONE DETECTED","9A1BC954-DCA3-4202-A7D6-830D9F402958","BICYCLIST","Other","NO IMPROPER ACTIONS","SIDEWALK","No","SUSPECTED MINOR INJURY","NONE","38.99429","-77.03634833","    (38.99429, -77.03634833)"
"MCP15310006","16024201","Montgomery County Police","Injury Crash","05/15/2016 09:02:00 PM","Maryland (State)","WILSON LA","RIVER RD",,"N/A","PEDESTRIAN","SINGLE VEHICLE","CLEAR","DRY","DARK LIGHTS ON","TRAFFIC SIGNAL",,"NONE DETECTED","D334EEB5-0D56-4A95-9592-47E2492F5A8E","PEDESTRIAN","Standing","OTHER","ON ROADWAY NOT AT CROSSWALK","Yes","SUSPECTED MINOR INJURY","N/A","39.37427667","-77.29101333","    (39.37427667, -77.29101333)"
"MCP2559000S","16023994","Montgomery County Police","Injury Crash","05/14/2016 02:16:00 PM","Municipality","W DEER PARK RD","BUTTRY RD",,"GAITHERSBURG","PEDESTRIAN","OTHER","CLOUDY","DRY","DAYLIGHT","NO CONTROLS","NONE DETECTED","NONE DETECTED","0B3CF2D7-F72C-4C2E-9A9E-F8C876448D2A","PEDESTRIAN","Walking/Riding w/Traffic","IN ROADWAY IMPROPERLY","CURB","No","POSSIBLE INJURY","NONE","39.13469365","-77.20471635","    (39.13469365, -77.20471635)"
"MCP2298008T","16023783","Montgomery County Police","Injury Crash","05/13/2016 01:07:00 PM",,,,"PARKING LOT OF 13069 WISTERIA DR",,"PEDESTRIAN","SINGLE VEHICLE","RAINING",,"DAYLIGHT","NO CONTROLS","NONE DETECTED","NONE DETECTED","282D4AD0-6C7E-4607-AE8E-B916BB2D0920","PEDESTRIAN","Other","NO IMPROPER ACTIONS","ON ROADWAY NOT AT CROSSWALK","No","SUSPECTED MINOR INJURY","N/A","39.17852","-77.271585","    (39.17852, -77.271585)"
"MCP1575003Z","16023555","Montgomery County Police","Injury Crash","05/12/2016 10:09:00 AM",,,,"PK LOT 14939 SHADY GROVE RD.",,"PEDESTRIAN","SINGLE VEHICLE","CLOUDY",,"DAYLIGHT","NO CONTROLS","NONE DETECTED","NONE DETECTED","40C9AEBC-4C73-4FA5-BBE5-0F89A0760720","PEDESTRIAN","Other","NO IMPROPER ACTIONS","OTHER","No","POSSIBLE INJURY","NONE","39.09776167","-77.19276","    (39.09776167, -77.19276)"
"MCP94280013","16023526","Montgomery County Police","Property Damage Crash","05/12/2016 05:35:00 AM","Maryland (State)","DAMASCUS RD","CHROME MINE RD",,"N/A","IN ANIMAL-DRAWN VEH","STRAIGHT MOVEMENT ANGLE","FOGGY","N/A","DAWN","NO CONTROLS","N/A","N/A","A8C041DC-35A9-405B-8DF4-3B1CC356ABB4","IN ANIMAL-DRAWN VEH","Other","DART DASH","SHOULDER","No","NO APPARENT INJURY","N/A","39.26200167","-77.14981667","    (39.26200167, -77.14981667)"
"DM8374000Q","16023271","Takoma Park Police Depart","Injury Crash","05/10/2016 08:19:00 PM","Municipality","MAPLE AVE","PHILADELPHIA AVE",,"N/A","PEDESTRIAN","OTHER","CLOUDY","DRY","DARK LIGHTS ON","TRAFFIC SIGNAL","N/A","N/A","36CD0868-4E7C-4A49-B677-0957FDFDC313","PEDESTRIAN","Cross/Enter at Intersection","UNKNOWN","ON ROADWAY AT CROSSWALK","No","SUSPECTED MINOR INJURY","N/A","38.981335","-77.01154","    (38.981335, -77.01154)"
"MCP27650028","16023211","Montgomery County Police","Injury Crash","05/10/2016 04:18:00 PM","County","GAITHER RD","SHADY GROVE RD",,"N/A","PEDESTRIAN","SINGLE VEHICLE","CLEAR","DRY","DAYLIGHT","TRAFFIC SIGNAL","NONE DETECTED","NONE DETECTED","7E883F1D-BB67-44B2-822C-B3F722888199","PEDESTRIAN","Cross/Enter at Intersection","DART DASH","ON ROADWAY AT CROSSWALK","No","POSSIBLE INJURY","NONE","39.11387","-77.18640833","    (39.11387, -77.18640833)"
"MCP2987000Q","16023118","Montgomery County Police","Injury Crash","05/10/2016 07:30:00 AM",,,,"IN DRIVEWAY OF 509 HARDING DR, SILVER SPRING MD 20901",,"PEDESTRIAN","SINGLE VEHICLE","CLEAR",,"DAYLIGHT","NO CONTROLS","NONE DETECTED","NONE DETECTED","05240AE3-201B-43C4-8CD8-8092A6BD84F2","PEDESTRIAN","Standing","NOT VISIBLE","OTHER","Yes","SUSPECTED MINOR INJURY","NONE","39.01157833","-76.98385667","    (39.01157833, -76.98385667)"