"Report Number","Local Case Number","Agency Name","ACRS Report Type","Crash Date/Time","Route Type","Road Name","Cross-Street Name","Off-Road Description","Municipality","Related Non-Motorist","Collision Type","Weather","Surface Condition","Light","Traffic Control","Driver Substance Abuse","Non-Motorist Substance Abuse","Person ID","Pedestrian Type","Pedestrian Movement","Pedestrian Actions","Pedestrian Location","At Fault","Injury Severity","Safety Equipment","Latitude","Longitude","Location"
"MCP2973001C","16017657","Montgomery County Police","Injury Crash","04/11/2016 10:41:00 AM","Maryland (State)","VEIRS MILL RD","GRIDLEY RD",,"N/A","PEDESTRIAN","SAME DIR REND RIGHT TURN","CLOUDY","DRY","DAYLIGHT","PERSON","NONE DETECTED","NONE DETECTED","1CFE73BD-E13E-45CF-9590-9EA9E9AAD0FC","PEDESTRIAN","Cross/Enter at Intersection","NO IMPROPER ACTIONS","ON ROADWAY AT CROSSWALK","No","POSSIBLE INJURY","NONE","39.05712241","-77.08442867","    (39.05712241, -77.08442867)"
"MCP2837000X","16017506","Montgomery County Police","Injury Crash","04/10/2016 12:10:00 PM","Maryland (State)","DARNESTOWN RD","SENECA RD",,"N/A","BICYCLIST","HEAD ON LEFT TURN","N/A","DRY","DAYLIGHT","NO CONTROLS","NONE DETECTED","NONE DETECTED","AD3701A4-C2C2-46FA-8607-49DEC5037B98","BICYCLIST","Cross/Enter not at Intersection","NO IMPROPER ACTIONS","ON ROADWAY NOT AT CROSSWALK","No","POSSIBLE INJURY","MC/BIKE HELMET","39.103765","-77.292745","    (39.103765, -77.292745)"
"MCP2837000W","16017365","Montgomery County Police","Injury Crash","04/09/2016 02:13:00 PM",,,,"PARKING LOT IN FRONT OF CICI'S PIZZA AT 12111 ROCKVILLE PIKE",,"PEDESTRIAN","OTHER","CLOUDY",,"DAYLIGHT","NO CONTROLS","NONE DETECTED","NONE DETECTED","9D703D64-815F-4497-87A6-5233D66A6EF1","PEDESTRIAN","Other","OTHER","OTHER","No","POSSIBLE INJURY","N/A","39.05717667","-77.11872","    (39.05717667, -77.11872)"
"MCP22600017","16017022","Montgomery County Police","Injury Crash","04/07/2016 06:11:00 PM",,,,"PARKING LOT OF 1776 EAST JEFFERSON STREET",,"PEDESTRIAN","SINGLE VEHICLE","N/A",,"DAYLIGHT","N/A","N/A","N/A","C2A5315E-EFD2-4147-AF84-B9FE5C3CFAAC","PEDESTRIAN","Other","NO IMPROPER ACTIONS","OTHER","No","SUSPECTED MINOR INJURY","N/A","39.057725","-77.124665","    (39.057725, -77.124665)"
"DM83700009","16017058","Takoma Park Police Depart","Injury Crash","04/07/2016 09:47:00 AM",,,,"SCHOOL PARKING LOT",,"PEDESTRIAN","OTHER","RAINING",,"DARK LIGHTS ON","NO CONTROLS",,"NONE DETECTED","66DB8A63-A1C6-4394-B2B3-11ED61E99D6B","PEDESTRIAN","Other","DART DASH","N/A","Unknown","SUSPECTED MINOR INJURY","N/A","38.98521833","-77.01335667","    (38.98521833, -77.01335667)"
"MCP3012000S","16016902","Montgomery County Police","Injury Crash","04/07/2016 07:42:00 AM",,,,"ASPEN HILL SHOPPING CENTER PARKING LOT",,"PEDESTRIAN","N/A","RAINING",,"DAYLIGHT","NO CONTROLS","NONE DETECTED","NONE DETECTED","EB0FE60D-7D1D-481E-B9D6-F74CC581B516","PEDESTRIAN","Walking/Cycling on Sidewalk","NO IMPROPER ACTIONS","ON ROADWAY AT CROSSWALK","No","SUSPECTED MINOR INJURY","NONE","39.07721738","-77.0799011","    (39.07721738, -77.0799011)"
"MCP2877002D","16016900","Montgomery County Police","Injury Crash","04/07/2016 07:30:00 AM","County","GRACE CHURCH RD","GEORGIA AVE",,"N/A","PEDESTRIAN","STRAIGHT MOVEMENT ANGLE","RAINING","WET","DAWN","NO CONTROLS","NONE DETECTED","NONE DETECTED","4F633922-8438-4AE7-9370-764EDEFCF9D4","PEDESTRIAN","Cross/Enter at Intersection","OTHER","AT INTERSECTION BUT NO CROSSWALK","No","SUSPECTED MINOR INJURY","NONE","39.00518682","-77.03779578","    (39.00518682, -77.03779578)"
"MCP2637000X","16016717","Montgomery County Police","Injury Crash","04/06/2016 05:59:00 AM","Maryland (State)","FALLS RD","WOOTTON PKWY",,"ROCKVILLE","PEDESTRIAN","OTHER","CLEAR","DRY","DARK NO LIGHTS","TRAFFIC SIGNAL","NONE DETECTED","NONE DETECTED","64F14083-39C8-4506-9AB7-0C68AE597AA3","PEDESTRIAN","Cross/Enter at Intersection","FAILURE TO OBEY TRAFFIC SIGNS SIGNALS OR OFFICER","ON ROADWAY NOT AT CROSSWALK","Yes","POSSIBLE INJURY","NONE","39.06994599","-77.16995358","    (39.06994599, -77.16995358)"
"MCP27080012","16016278","Montgomery County Police","Injury Crash","04/03/2016 03:58:00 PM","Maryland (State)","PINEY BRANCH RD","ENT TO APTS",,"N/A","BICYCLIST","STRAIGHT MOVEMENT ANGLE","CLEAR","DRY","DAYLIGHT","NO CONTROLS","NONE DETECTED","NONE DETECTED","1FA2E4C8-2AB7-4D6E-8C76-C13BC2CC7EF3","BICYCLIST","Walking/Riding against Traffic","WRONG WAY RIDING OR WALKING","ON ROADWAY NOT AT CROSSWALK","Yes","POSSIBLE INJURY","NONE","38.99974863","-76.99305989","    (38.99974863, -76.99305989)"
"MCP2881001D","16016087","Montgomery County Police","Injury Crash","04/02/2016 12:53:00 PM","County","CRYSTAL ROCK DR","GERMANTOWN RD",,"N/A","PEDESTRIAN","OTHER","CLEAR","N/A","DAYLIGHT","TRAFFIC SIGNAL","N/A","N/A","9D260BB3-19D3-4DC4-B54C-A73097E68DC2","PEDESTRIAN","Cross/Enter at Intersection","NO IMPROPER ACTIONS","AT INTERSECTION MARKED CROSSWALK","No","POSSIBLE INJURY","NONE","39.17998167","-77.26487667","    (39.17998167, -77.26487667)"
"MCP2464000J","16015960","Montgomery County Police","Injury Crash","04/01/2016 05:24:00 PM","County","DEMOCRACY BLVD","FERNWOOD RD",,"N/A","BICYCLIST","STRAIGHT MOVEMENT ANGLE","CLEAR","DRY","DAYLIGHT","TRAFFIC SIGNAL","NONE DETECTED","NONE DETECTED","3878E335-34FC-4D8D-BACD-3EC374E7784D","BICYCLIST","Cross/Enter at Intersection","FAILURE TO YIELD RIGHT OF WAY","ON ROADWAY AT CROSSWALK","Yes","SUSPECTED MINOR INJURY","NONE","39.02188167","-77.1351","    (39.02188167, -77.1351)"
"MCP20940064","16015934","Montgomery County Police","Injury Crash","04/01/2016 03:28:00 PM","County","WESTLAKE DR","LAKEVIEW DR",,"N/A","PEDESTRIAN","OTHER","CLEAR","DRY","DAYLIGHT","OTHER","N/A","NONE DETECTED","83B01788-4F40-442E-9EB4-65FA6570F22D","PEDESTRIAN","Other","NO IMPROPER ACTIONS","ON ROADWAY AT CROSSWALK","No","SUSPECTED MINOR INJURY","NONE","39.02545833","-77.14909333","    (39.02545833, -77.14909333)"
"MCP29730017","16015925","Montgomery County Police","Injury Crash","04/01/2016 02:47:00 PM","Maryland (State)","VEIRS MILL RD","UNIVERSITY BLVD W",,"N/A","PEDESTRIAN","SINGLE VEHICLE","CLEAR","DRY","DAYLIGHT","NO CONTROLS","NONE DETECTED","NONE DETECTED","ADDBFD5E-AABA-4B00-8E4A-AD3474884ACC","PEDESTRIAN","Cross/Enter not at Intersection","FAILURE TO YIELD RIGHT OF WAY","ON ROADWAY NOT AT CROSSWALK","Yes","POSSIBLE INJURY","NONE","39.04029881","-77.05611527","    (39.04029881, -77.05611527)"
"MCP2195000P","16015880","Montgomery County Police","Injury Crash","04/01/2016 09:50:00 AM","County","SOUTHLAWN LA","E GUDE DR",,"N/A","PEDESTRIAN","STRAIGHT MOVEMENT ANGLE","RAINING","WET","DAYLIGHT","PERSON","NONE DETECTED","NONE DETECTED","6FF96CB5-39BC-490F-ADE7-B58104D84751","PEDESTRIAN","Cross/Enter at Intersection","NO IMPROPER ACTIONS","AT INTERSECTION MARKED CROSSWALK","No","POSSIBLE INJURY","N/A","39.09779667","-77.13708167","    (39.09779667, -77.13708167)"
"MCP2110000S","16015611","Montgomery County Police","Injury Crash","03/30/2016 07:23:00 PM","County","SHADY GROVE RD","CRABBS BRANCH WAY",,"N/A","PEDESTRIAN","SINGLE VEHICLE","CLEAR","DRY","DUSK","TRAFFIC SIGNAL","N/A","N/A","701C326B-F38A-44F2-ACD5-3E3E93AC74DF","PEDESTRIAN","Cross/Enter at Intersection","FAILURE TO OBEY TRAFFIC SIGNS SIGNALS OR OFFICER","ON ROADWAY AT CROSSWALK","Unknown","SUSPECTED MINOR INJURY","NONE","39.12895833","-77.167165","    (39.12895833, -77.167165)"
"MCP1573000V","16015612","MONTGOMERY","Injury Crash","03/30/2016 07:19:00 PM","Maryland (State)","GEORGIA AVE","HATHAWAY DR",,"N/A","PEDESTRIAN","SINGLE VEHICLE","CLEAR","DRY","DAYLIGHT","OTHER","NONE DETECTED","NONE DETECTED","5A95192B-31BD-4653-8E7D-83653A3DF5B6","PEDESTRIAN","Cross/Enter at Intersection","NO IMPROPER ACTIONS","AT INTERSECTION MARKED CROSSWALK","No","SUSPECTED MINOR INJURY","N/A","39.06708667","-77.06004333","    (39.06708667, -77.06004333)"
"MCP1475000Q","16015424","Montgomery County Police","Injury Crash","03/29/2016 06:00:00 PM",,,,"PARKING LOT OF 9659 LOST KNIFE ROAD",,"PEDESTRIAN","OTHER","CLEAR",,"DAYLIGHT","N/A","NONE DETECTED","UNKNOWN","5B9D77E5-AA15-4692-8600-B4C466C77A47","PEDESTRIAN","Cross/Enter not at Intersection","IN ROADWAY IMPROPERLY","ON ROADWAY NOT AT CROSSWALK","Yes","SUSPECTED MINOR INJURY","N/A","39.153467","-77.198422","    (39.153467, -77.198422)"
"MCP1475000Q","16015424","Montgomery County Police","Injury Crash","03/29/2016 06:00:00 PM",,,,"PARKING LOT OF 9659 LOST KNIFE ROAD",,"PEDESTRIAN","OTHER","CLEAR",,"DAYLIGHT","N/A","NONE DETECTED","UNKNOWN","77D47AB4-2721-4792-B33C-A907F0BE2384","PEDESTRIAN","Cross/Enter not at Intersection","IN ROADWAY IMPROPERLY","ON ROADWAY NOT AT CROSSWALK","Yes","SUSPECTED MINOR INJURY","N/A","39.153467","-77.198422","    (39.153467, -77.198422)"
"DD55930022","16015181","Rockville Police Departme","Injury Crash","03/28/2016 03:23:00 PM","Maryland (State)","ROCKVILLE PIKE","EDMONSTON DR",,"ROCKVILLE","BICYCLIST","ANGLE MEETS RIGHT TURN","SEVERE WINDS","DRY","DAYLIGHT","NO CONTROLS","NONE DETECTED","NONE DETECTED","767519DF-8A12-42C5-886C-AD555FA6430D","BICYCLIST","Cross/Enter at Intersection","NO IMPROPER ACTIONS","SIDEWALK","No","SUSPECTED MINOR INJURY","NONE","39.07397667","-77.13543333","    (39.07397667, -77.13543333)"
"MCP2682000H","16015156","Montgomery County Police","Injury Crash","03/28/2016 02:27:00 PM","County","WATKINS MILL RD","APPLE RIDGE RD",,"N/A","BICYCLIST","HEAD ON","CLEAR","DRY","DAYLIGHT","TRAFFIC SIGNAL","NONE DETECTED","NONE DETECTED","4471D236-B436-4353-A16D-4FCC62E83CAD","BICYCLIST","Cross/Enter at Intersection","FAILURE TO OBEY TRAFFIC SIGNS SIGNALS OR OFFICER","ON ROADWAY AT CROSSWALK","Yes","SUSPECTED MINOR INJURY","NONE","39.184465","-77.21097167","    (39.184465, -77.21097167)"
"MCP2347000B","16015117","Montgomery County Police","Injury Crash","03/28/2016 09:44:00 AM","County","GRACEFIELD RD","CALVERTON BLVD",,"N/A","PEDESTRIAN","OTHER","CLEAR","DRY","DAYLIGHT","STOP SIGN","N/A","NONE DETECTED","4CB5A2DD-5229-41D1-BE88-E5DC7A4BCE96","PEDESTRIAN","Cross/Enter at Intersection","DART DASH","AT INTERSECTION MARKED CROSSWALK","Yes","SUSPECTED MINOR INJURY","NONE","39.04097167","-76.98741333","    (39.04097167, -76.98741333)"
"DM8447000V","16015057","Takoma Park Police Depart","Injury Crash","03/27/2016 09:09:00 PM","Maryland (State)","UNIVERSITY BLVD E","MERRIMAC DR",,"TAKOMA PARK","PEDESTRIAN","STRAIGHT MOVEMENT ANGLE","RAINING","WET","DARK LIGHTS ON","NO CONTROLS","NONE DETECTED","UNKNOWN","5441A21A-CD0E-47EF-BCFA-6D67B8B2FDF0","PEDESTRIAN","Cross/Enter not at Intersection","UNKNOWN","ON ROADWAY NOT AT CROSSWALK","Yes","POSSIBLE INJURY","NONE","38.992718","-76.991393","    (38.992718, -76.991393)"
"MCP2986000K","16015043","Montgomery County Police","Injury Crash","03/27/2016 06:00:00 PM","County","E WAYNE AVE","FLOWER AVE",,"N/A","OTHER","SINGLE VEHICLE","N/A","DRY","DUSK","NO CONTROLS","NONE DETECTED","NONE DETECTED","AD76393A-831F-4E8B-B70E-F7FBE63144CE","OTHER","N/A","NO IMPROPER ACTIONS","INSIDE BUILDING","No","NO APPARENT INJURY","NONE","39.00237833","-77.00699167","    (39.00237833, -77.00699167)"
"MCP0704000P","16014748","MONTGOMERY","Injury Crash","03/25/2016 05:04:00 PM","County","WAVERLY ST","MONTGOMERY AVE",,"N/A","PEDESTRIAN","SINGLE VEHICLE","CLEAR","DRY","DAYLIGHT","TRAFFIC SIGNAL","NONE DETECTED","NONE DETECTED","D7BB9408-34FB-4200-909B-81691383A704","PEDESTRIAN","Cross/Enter at Intersection","NO IMPROPER ACTIONS","ON ROADWAY AT CROSSWALK","No","SUSPECTED MINOR INJURY","N/A","38.98379833","-77.093055","    (38.98379833, -77.093055)"
"MCP3007000N","16014539","Montgomery County Police","Injury Crash","03/24/2016 06:17:00 PM","County","ASPEN HILL RD","VEIRS MILL RD",,"N/A","PEDESTRIAN","SINGLE VEHICLE","CLEAR","N/A","DAYLIGHT","TRAFFIC SIGNAL","NONE DETECTED","NONE DETECTED","58B8AA1E-E34F-49FA-ADC5-097C8F1337E5","PEDESTRIAN","Cross/Enter at Intersection","NO IMPROPER ACTIONS","N/A","No","POSSIBLE INJURY","NONE","39.06919632","-77.1048148","    (39.06919632, -77.1048148)"
"HA22900002","16000332","Maryland-National Capital","Injury Crash","03/24/2016 09:02:00 AM","County","KENSINGTON PKWY","BEACH DR",,"N/A","BICYCLIST","STRAIGHT MOVEMENT ANGLE","CLEAR","DRY","DAYLIGHT","STOP SIGN","NONE DETECTED","NONE DETECTED","3E29C04B-E2BC-41A8-B4A0-272E98D9EF62","BICYCLIST","Cross/Enter at Intersection","FAILURE TO YIELD RIGHT OF WAY","AT INTERSECTION MARKED CROSSWALK","Yes","SUSPECTED MINOR INJURY","MC/BIKE HELMET","39.010214","-77.07392246","    (39.010214, -77.07392246)"
"EJ7851001F","16014440","Gaithersburg Police Depar","Injury Crash","03/24/2016 08:00:00 AM","Maryland (State)","FREDERICK RD","DALAMAR ST",,"GAITHERSBURG","PEDESTRIAN","OTHER","CLEAR","DRY","DAYLIGHT","N/A","NONE DETECTED","NONE DETECTED","A284AA65-5A49-41A6-A106-ACDCC31B9813","PEDESTRIAN","Cross/Enter at Intersection","NO IMPROPER ACTIONS","SIDEWALK","No","POSSIBLE INJURY","NONE","39.14614584","-77.20441461","    (39.14614584, -77.20441461)"
"MCP3008000F","16014307","MONTGOMERY","Injury Crash","03/23/2016 05:13:00 PM","US (State)","GEORGIA AVE","BLAIR RD",,"N/A","BICYCLIST","SAME DIR REAR END","CLEAR","DRY","DAYLIGHT","NO CONTROLS","NONE DETECTED","NONE DETECTED","07980B56-FC4B-4E52-89CE-D0E291747461","BICYCLIST","Walking/Riding w/Traffic","NO IMPROPER ACTIONS","SHOULDER","No","SUSPECTED MINOR INJURY","MC/BIKE HELMET","38.98898833","-77.02691667","    (38.98898833, -77.02691667)"
"MCP29780010","16014332","MONTGOMERY","Injury Crash","03/23/2016 11:45:00 AM","Maryland (State)","ROCKVILLE PIKE","FIRST ST",,"N/A","BICYCLIST","STRAIGHT MOVEMENT ANGLE","CLEAR","DRY","DAYLIGHT","STOP SIGN","UNKNOWN","NONE DETECTED","3AD24FDE-36B0-4BE9-904F-0ECF731E7499","BICYCLIST","Walking/Cycling on Sidewalk","NO IMPROPER ACTIONS","DRIVEWAY ACCESS MARKED CROSSWALK","No","SUSPECTED MINOR INJURY","UNKNOWN","39.07634285","-77.138502","    (39.07634285, -77.138502)"
"MCP11190029","16014195","Montgomery County Police","Injury Crash","03/23/2016 08:56:00 AM",,,,"DRIVEWAY OF 12512 BARBARA RD",,"PEDESTRIAN","OTHER","CLEAR",,"DAYLIGHT","NO CONTROLS","NONE DETECTED","NONE DETECTED","F17984F7-2221-42EA-8402-C908E10A1F17","PEDESTRIAN","Walking/Cycling on Sidewalk","NO IMPROPER ACTIONS","SIDEWALK","No","SUSPECTED MINOR INJURY","NONE","39.06175167","-77.08125167","    (39.06175167, -77.08125167)"
"MCP1366004D","16014186","Montgomery County Police","Injury Crash","03/23/2016 07:52:00 AM","County","POSTOAK RD","MILBERN DR",,"N/A","PEDESTRIAN","STRAIGHT MOVEMENT ANGLE","CLEAR","DRY","DAWN","STOP SIGN","NONE DETECTED","NONE DETECTED","30DE92F8-896F-4E46-A981-C98E2EC008EC","PEDESTRIAN","Cross/Enter at Intersection","NO IMPROPER ACTIONS","ON ROADWAY AT CROSSWALK","No","SUSPECTED SERIOUS INJURY","N/A","39.05091857","-77.17730284","    (39.05091857, -77.17730284)"
"MCP2508000C","16014050","MONTGOMERY","Injury Crash","03/22/2016 02:30:00 PM",,,,"PARKING LOT OF 19840 CENTURY BLVD.",,"PEDESTRIAN","OTHER","CLEAR",,"DAYLIGHT","NO CONTROLS","NONE DETECTED","NONE DETECTED","52C05DB0-1E0C-4A41-A1D5-A97CF93A89E5","PEDESTRIAN","Cross/Enter not at Intersection","NO IMPROPER ACTIONS","ON ROADWAY NOT AT CROSSWALK","No","POSSIBLE INJURY","NONE","39.18159167","-77.26644667","    (39.18159167, -77.26644667)"
"MCP2875001R","16013916","MONTGOMERY","Injury Crash","03/21/2016 08:25:00 PM","County","CRYSTAL ROCK DR","MIDDLEBROOK RD",,"N/A","PEDESTRIAN","OTHER","CLEAR","DRY","DARK LIGHTS ON","TRAFFIC SIGNAL","UNKNOWN","NONE DETECTED","1F2A83CA-EAF3-47CB-B4B6-2021AC110960","PEDESTRIAN","Cross/Enter at Intersection","NO IMPROPER ACTIONS","SIDEWALK","No","NO APPARENT INJURY","N/A","39.17714","-77.26406833","    (39.17714, -77.26406833)"
"MCP2875001R","16013916","MONTGOMERY","Injury Crash","03/21/2016 08:25:00 PM","County","CRYSTAL ROCK DR","MIDDLEBROOK RD",,"N/A","PEDESTRIAN","OTHER","CLEAR","DRY","DARK LIGHTS ON","TRAFFIC SIGNAL","UNKNOWN","NONE DETECTED","788573A4-D25A-47D5-A48F-314E111B9102","PEDESTRIAN","Cross/Enter at Intersection","NO IMPROPER ACTIONS","SIDEWALK","No","SUSPECTED MINOR INJURY","N/A","39.17714","-77.26406833","    (39.17714, -77.26406833)"
"MCP2868001W","16013604","MONTGOMERY","Injury Crash","03/19/2016 09:00:00 PM","County","CORDELL AVE","NORFOLK AVE",,"N/A","PEDESTRIAN","SINGLE VEHICLE","RAINING","WET","DARK LIGHTS ON","NO CONTROLS","NONE DETECTED","NONE DETECTED","E01B5887-E0BE-4012-BFDE-B0C8B21AFA8F","PEDESTRIAN","Cross/Enter not at Intersection","NO IMPROPER ACTIONS","CURB","No","POSSIBLE INJURY","NONE","38.98868545","-77.09864974","    (38.98868545, -77.09864974)"
"MCP2868001W","16013604","MONTGOMERY","Injury Crash","03/19/2016 09:00:00 PM","County","CORDELL AVE","NORFOLK AVE",,"N/A","PEDESTRIAN","SINGLE VEHICLE","RAINING","WET","DARK LIGHTS ON","NO CONTROLS","NONE DETECTED","NONE DETECTED","0D84E999-AE3F-41AA-97C4-30CE37139AFC","PEDESTRIAN","Cross/Enter not at Intersection","NO IMPROPER ACTIONS","SIDEWALK","No","POSSIBLE INJURY","NONE","38.98868545","-77.09864974","    (38.98868545, -77.09864974)"
"MCP10640043","16013352","Montgomery County Police","Injury Crash","03/18/2016 10:47:00 AM",,,,"DRIVEWAY- 8728 COLESVILLE RD
SILVER SPRING, MD 20910",,"PEDESTRIAN","OTHER","CLEAR",,"DAYLIGHT","N/A","N/A","N/A","29AF22AB-D5D8-43BA-92B2-920D707EBE79","PEDESTRIAN","Standing","NO IMPROPER ACTIONS","OTHER","No","SUSPECTED SERIOUS INJURY","N/A","38.99820167","-77.02671333","    (38.99820167, -77.02671333)"
"MCP2966001Q","16013189","MONTGOMERY","Injury Crash","03/17/2016 03:45:00 PM",,,,"2921 N LEISURE WORLD BLVD",,"PEDESTRIAN","SINGLE VEHICLE","CLEAR",,"DAYLIGHT","NO CONTROLS","N/A","NONE DETECTED","59DF52AE-8FED-45DB-86B1-BEF5586E0C95","PEDESTRIAN","Getting off/on Vehicle","OTHER","OTHER","No","SUSPECTED MINOR INJURY","NONE","39.05828333","-77.04810667","    (39.05828333, -77.04810667)"
"HA2413000C","16000302","Maryland-National Capital","Property Damage Crash","03/17/2016 07:26:00 AM",,,,"PARKING LOT OF CEDAR CREEK LP AT CROSS WALK",,"BICYCLIST","OTHER","CLEAR",,"DAYLIGHT","NO CONTROLS","N/A","NONE DETECTED","08C62822-BA60-4126-BC4C-D7C036D7CC33","BICYCLIST","Cross/Enter at Intersection","NO IMPROPER ACTIONS","AT INTERSECTION MARKED CROSSWALK","No","NO APPARENT INJURY","N/A","39.15187644","-77.28348613","    (39.15187644, -77.28348613)"
"MCP2799001F","16013039","MONTGOMERY","Injury Crash","03/16/2016 08:16:00 PM","County","MORNINGWOOD DR","HEADWATERS DR",,"N/A","PEDESTRIAN","STRAIGHT MOVEMENT ANGLE","CLEAR","DRY","DARK LIGHTS ON","STOP SIGN","NONE DETECTED","NONE DETECTED","977F67BF-B296-4EA5-9885-BF651580E436","PEDESTRIAN","Cross/Enter at Intersection","NOT VISIBLE","AT INTERSECTION MARKED CROSSWALK","No","SUSPECTED MINOR INJURY","NONE","39.1530017","-77.07724571","    (39.1530017, -77.07724571)"
"MCP2683001L","16012877","Montgomery County Police","Injury Crash","03/15/2016 11:11:00 PM","County","WATKINS MILL RD","STEDWICK RD",,"N/A","PEDESTRIAN","OTHER","N/A","DRY","DARK LIGHTS ON","TRAFFIC SIGNAL","NONE DETECTED","NONE DETECTED","4E921724-2BEC-4B8E-8171-70C680701174","PEDESTRIAN","Cross/Enter at Intersection","FAILURE TO OBEY TRAFFIC SIGNS SIGNALS OR OFFICER","ON ROADWAY AT CROSSWALK","Yes","SUSPECTED SERIOUS INJURY","NONE","39.17056667","-77.20898333","    (39.17056667, -77.20898333)"
"MCP15540018","16012852","MONTGOMERY","Injury Crash","03/15/2016 08:33:00 PM","County","REDLAND RD","FREDERICK RD",,"N/A","PEDESTRIAN","OTHER","CLEAR","DRY","DARK LIGHTS ON","TRAFFIC SIGNAL","NONE DETECTED","NONE DETECTED","215C76F2-7863-4B2E-93D5-EB8B9CD814B0","PEDESTRIAN","Cross/Enter at Intersection","NO IMPROPER ACTIONS","ON ROADWAY AT CROSSWALK","No","SUSPECTED MINOR INJURY","N/A","39.11576833","-77.165735","    (39.11576833, -77.165735)"
"MCP3000000M","16012804","MONTGOMERY","Injury Crash","03/15/2016 04:26:00 PM","County","MIDDLEBROOK RD","GREAT SENECA HWY",,"N/A","PEDESTRIAN","STRAIGHT MOVEMENT ANGLE","CLEAR","DRY","DAYLIGHT","TRAFFIC SIGNAL","UNKNOWN","NONE DETECTED","961DADA1-7442-40AF-A4AF-FE527FFD0D1D","PEDESTRIAN","Cross/Enter at Intersection","NO IMPROPER ACTIONS","AT INTERSECTION MARKED CROSSWALK","No","SUSPECTED MINOR INJURY","N/A","39.174895","-77.26154833","    (39.174895, -77.26154833)"
"MCP0619000T","16012744","MONTGOMERY","Injury Crash","03/15/2016 11:56:00 AM","Municipality","JEFFERSON PLAZA","PARK AVE",,"ROCKVILLE","PEDESTRIAN","OTHER","CLOUDY","DRY","DAYLIGHT","OTHER","N/A","N/A","F27E8171-409F-4DE4-86BE-08171A7005AC","PEDESTRIAN","Other","OTHER","ON ROADWAY NOT AT CROSSWALK","No","SUSPECTED MINOR INJURY","N/A","39.08102248","-77.14677796","    (39.08102248, -77.14677796)"
"MCP28910022","16012593","MONTGOMERY","Injury Crash","03/14/2016 01:24:00 PM",,,,"PARKING LOT OF 1939 SEMINARY RD, SILVER SPRING, MD 20910",,"PEDESTRIAN","SINGLE VEHICLE","CLEAR",,"DAYLIGHT","N/A","NONE DETECTED","NONE DETECTED","06A91E98-553E-4571-92EF-B15540BC355C","PEDESTRIAN","Getting off/on Vehicle","NO IMPROPER ACTIONS","OTHER","No","POSSIBLE INJURY","N/A","39.00904269","-77.04148382","    (39.00904269, -77.04148382)"
"MCP27910022","16012504","MONTGOMERY","Injury Crash","03/13/2016 08:55:00 PM",,,,"PARKING LOT AT 13820 OLD COLUMBIA PIKE",,"PEDESTRIAN","SINGLE VEHICLE","RAINING",,"DARK LIGHTS ON","NO CONTROLS","NONE DETECTED","ALCOHOL PRESENT","19E161CF-5C1E-45B5-B69A-DFB59B9AD61D","PEDESTRIAN","Other","INATTENTIVE","OTHER","Yes","POSSIBLE INJURY","NONE","39.083745","-76.95171167","    (39.083745, -76.95171167)"
"MCP2940000F","16012303","MONTGOMERY","Injury Crash","03/12/2016 01:13:00 PM","Maryland (State)","OLD GEORGETOWN RD","TUCKERMAN LA",,"N/A","PEDESTRIAN","SAME DIR REAR END","CLEAR","DRY","DAYLIGHT","TRAFFIC SIGNAL","NONE DETECTED","NONE DETECTED","E87FC4DC-2AF6-4FA8-9316-1444ACC6B107","PEDESTRIAN","Cross/Enter at Intersection","NO IMPROPER ACTIONS","ON ROADWAY AT CROSSWALK","No","POSSIBLE INJURY","NONE","39.03463935","-77.12504804","    (39.03463935, -77.12504804)"
"MCP2991000N","16012108","MONTGOMERY","Injury Crash","03/11/2016 11:30:00 AM","Maryland (State)","UNIVERSITY BLVD W","GRANDVIEW AVE",,"N/A","PEDESTRIAN","SINGLE VEHICLE","N/A","N/A","DAYLIGHT","TRAFFIC SIGNAL","NONE DETECTED","NONE DETECTED","666A22C5-51DD-4126-B30B-73251BD3832F","PEDESTRIAN","Cross/Enter at Intersection","NO IMPROPER ACTIONS","ON ROADWAY AT CROSSWALK","No","SUSPECTED MINOR INJURY","N/A","39.04119253","-77.05307499","    (39.04119253, -77.05307499)"
"MCP2385000P","16012022","MONTGOMERY","Injury Crash","03/10/2016 11:03:00 PM","Other Public Roadway","ARORA HILLS DR","NEWCUT RD",,"N/A","OTHER CONVEYANCE","SINGLE VEHICLE","CLEAR","DRY","DARK LIGHTS ON","NO CONTROLS","ALCOHOL CONTRIBUTED","NONE DETECTED","9326F160-AFE5-44E3-B944-F53A648C8C4B","OTHER CONVEYANCE","Cross/Enter at Intersection","NO IMPROPER ACTIONS","AT INTERSECTION BUT NO CROSSWALK","No","POSSIBLE INJURY","NONE","39.23046833","-77.248095","    (39.23046833, -77.248095)"
"MCP2969001P","16011970","MONTGOMERY","Injury Crash","03/10/2016 06:46:00 PM",,,,"4701 SANGAMORE RD, CVS PARKING LOT",,"PEDESTRIAN","OTHER","CLEAR",,"DARK LIGHTS ON","NO CONTROLS","NONE DETECTED","NONE DETECTED","259D9CC1-9FF8-4388-AD58-5AAD6821F29D","PEDESTRIAN","Cross/Enter at Intersection","NO IMPROPER ACTIONS","OTHER","No","SUSPECTED MINOR INJURY","NONE","38.94955543","-77.11827278","    (38.94955543, -77.11827278)"
"MCP2191000V","16011909","MONTGOMERY","Injury Crash","03/10/2016 02:22:00 PM",,,,"ON THE SIDEWALK OF 11620 ROCKVILLE PIKE",,"BICYCLIST","STRAIGHT MOVEMENT ANGLE","CLEAR",,"DAYLIGHT","NO CONTROLS","NONE DETECTED","NONE DETECTED","DFDAF24C-DDD9-4A24-AA1D-E290A10EA3DF","BICYCLIST","Walking/Cycling on Sidewalk","NO IMPROPER ACTIONS","SIDEWALK","No","SUSPECTED SERIOUS INJURY","NONE","39.04840167","-77.11371333","    (39.04840167, -77.11371333)"
"MCP2690001B","16011767","MONTGOMERY","Injury Crash","03/09/2016 07:11:00 PM","County","SHADY GROVE RD","EPSILON DR",,"N/A","PEDESTRIAN","SINGLE VEHICLE","CLEAR","DRY","DARK LIGHTS ON","TRAFFIC SIGNAL","NONE DETECTED","NONE DETECTED","7FA0C343-FB82-471E-B117-BAED52162760","PEDESTRIAN","Cross/Enter at Intersection","NO IMPROPER ACTIONS","ON ROADWAY AT CROSSWALK","No","SUSPECTED MINOR INJURY","NONE","39.13842","-77.15335833","    (39.13842, -77.15335833)"
"MCP25090012","16011683","MONTGOMERY","Injury Crash","03/09/2016 11:00:00 AM","Maryland (State)","PINEY BRANCH RD","SLIGO CREEK PKWY",,"N/A","BICYCLIST","HEAD ON LEFT TURN","CLEAR","DRY","DAYLIGHT","TRAFFIC SIGNAL","NONE DETECTED","NONE DETECTED","2355E384-C64D-4C33-B8A2-07FD96D10ABE","BICYCLIST","Cross/Enter at Intersection","NO IMPROPER ACTIONS","ON ROADWAY AT CROSSWALK","No","SUSPECTED SERIOUS INJURY","MC/BIKE HELMET","38.99536167","-77.00674833","    (38.99536167, -77.00674833)"