"Report Number","Local Case Number","Agency Name","ACRS Report Type","Crash Date/Time","Route Type","Road Name","Cross-Street Name","Off-Road Description","Municipality","Related Non-Motorist","Collision Type","Weather","Surface Condition","Light","Traffic Control","Driver Substance Abuse","Non-Motorist Substance Abuse","Person ID","Pedestrian Type","Pedestrian Movement","Pedestrian Actions","Pedestrian Location","At Fault","Injury Severity","Safety Equipment","Latitude","Longitude","Location"
"MCP29310011","16001442","Montgomery County Police","Injury Crash","01/08/2016 05:45:00 PM","Municipality","ATLANTIC AVE","VEIRS MILL RD",,"N/A","PEDESTRIAN","OTHER","RAINING","WET","DARK NO LIGHTS","TRAFFIC SIGNAL","N/A","N/A","1FC41B48-E393-49D9-9DC9-E12D012DE1B4","PEDESTRIAN","Cross/Enter at Intersection","NO IMPROPER ACTIONS","AT INTERSECTION MARKED CROSSWALK","No","SUSPECTED MINOR INJURY","NONE","39.07458167","-77.11539833","    (39.07458167, -77.11539833)"
"DD55380016","16001429","Rockville Police Departme","Injury Crash","01/08/2016 05:07:00 PM","Municipality","N WASHINGTON ST","HUNGERFORD DR",,"N/A","PEDESTRIAN","SINGLE VEHICLE","RAINING","WET","DARK LIGHTS ON","NO CONTROLS","NONE DETECTED","NONE DETECTED","FDCFFF7A-7963-4DCD-AC34-E06D44B60C4E","PEDESTRIAN","Cross/Enter not at Intersection","IN ROADWAY IMPROPERLY","ON ROADWAY NOT AT CROSSWALK","Yes","SUSPECTED MINOR INJURY","NONE","39.09152833","-77.15359667","    (39.09152833, -77.15359667)"
"MCP2456000T","16006689","Montgomery County Police","Injury Crash","01/08/2016 10:21:00 AM","Maryland (State)","UNIVERSITY BLVD W","LORAIN AVE",,"N/A","PEDESTRIAN","STRAIGHT MOVEMENT ANGLE","CLEAR","DRY","DAYLIGHT","N/A","NONE DETECTED","NONE DETECTED","A396EFD0-76D4-4158-B271-937D413F635F","PEDESTRIAN","Unknown","UNKNOWN","OTHER","Unknown","POSSIBLE INJURY","N/A","39.020875","-77.01510667","    (39.020875, -77.01510667)"
"MCP26670027","16001316","Montgomery County Police","Injury Crash","01/08/2016 08:45:00 AM",,,,"PARKING LOT OF 8751 SNOUFFER SCHOOL RD 
(NEW PSTA)",,"PEDESTRIAN","SINGLE VEHICLE","CLOUDY",,"DAYLIGHT","NO CONTROLS","NONE DETECTED","NONE DETECTED","10CBDF7F-6B3A-4AD2-9BB6-2B22AA3F7C08","PEDESTRIAN","Standing","NO IMPROPER ACTIONS","OTHER","No","SUSPECTED MINOR INJURY","REFLECTIVE CLOTHING","39.171245","-77.17567","    (39.171245, -77.17567)"
"MCP30050009","16001307","Montgomery County Police","Injury Crash","01/08/2016 06:51:00 AM","County","FLACK ST","WELLER RD",,"N/A","PEDESTRIAN","OTHER","CLOUDY","N/A","DAWN","NO CONTROLS","UNKNOWN","NONE DETECTED","2EC90A5A-E967-4589-84B1-4871A7AA6D2E","PEDESTRIAN","Cross/Enter at Intersection","IN ROADWAY IMPROPERLY","AT INTERSECTION BUT NO CROSSWALK","Yes","POSSIBLE INJURY","N/A","39.06619131","-77.06094325","    (39.06619131, -77.06094325)"
"MCP2809002S","16000772","Montgomery County Police","Injury Crash","01/05/2016 01:22:00 PM","Maryland (State)","UNIVERSITY BLVD W","GRANDVIEW AVE",,"N/A","BICYCLIST","OTHER","CLEAR","N/A","DAYLIGHT","NO CONTROLS","N/A","N/A","0C7A94D6-3334-4A7D-BE12-BEC690375555","BICYCLIST","Cross/Enter not at Intersection","DART DASH","ON ROADWAY NOT AT CROSSWALK","Yes","POSSIBLE INJURY","NONE","39.042895","-77.0529","    (39.042895, -77.0529)"
"MCP29400007","16000092","Montgomery County Police","Property Damage Crash","01/05/2016 10:48:00 AM","County","MACARTHUR BLVD","STABLE LA",,"N/A","BICYCLIST","SINGLE VEHICLE","CLOUDY","DRY","DAYLIGHT","NO CONTROLS","NONE DETECTED","NONE DETECTED","11FF6EBE-7C08-4146-83B6-921D40CE16DA","BICYCLIST","Walking/Riding w/Traffic","NO IMPROPER ACTIONS","ON ROADWAY NOT AT CROSSWALK","No","NO APPARENT INJURY","MC/BIKE HELMET","38.98223061","-77.22650528","    (38.98223061, -77.22650528)"
"DM83390009","16000721","Takoma Park Police Depart","Injury Crash","01/05/2016 09:03:00 AM","Maryland (State)","ETHAN ALLEN AVE","ALLEY",,"N/A","PEDESTRIAN","SAME DIRECTION RIGHT TURN","CLEAR","DRY","DAYLIGHT","NO CONTROLS","NONE DETECTED","NONE DETECTED","F8328DD1-5E75-4B01-B064-6A08DB52275E","PEDESTRIAN","Other","UNKNOWN","OTHER","No","SUSPECTED MINOR INJURY","N/A","38.97534167","-76.99543667","    (38.97534167, -76.99543667)"
"MCP1227000G","16000724","Montgomery County Police","Fatal Crash","01/05/2016 07:50:00 AM","County","BATTERY LA","OLD GEORGETOWN RD",,"N/A","PEDESTRIAN","SINGLE VEHICLE","CLEAR","DRY","DAYLIGHT","TRAFFIC SIGNAL","NONE DETECTED","NONE DETECTED","FA235AD8-F380-4E87-AF17-B77FFDE54251","PEDESTRIAN","Cross/Enter at Intersection","UNKNOWN","ON ROADWAY AT CROSSWALK","Unknown","FATAL INJURY","N/A","38.99033138","-77.10351527","    (38.99033138, -77.10351527)"
"MCP23480018","16000640","Montgomery County Police","Injury Crash","01/04/2016 07:04:00 PM","Maryland (State)","GEORGIA AVE","BLUERIDGE AVE",,"N/A","PEDESTRIAN","SINGLE VEHICLE","CLEAR","DRY","DARK LIGHTS ON","N/A","NONE DETECTED","UNKNOWN","67815600-7E63-42BE-B082-052AFBC7DC35","PEDESTRIAN","Cross/Enter not at Intersection","IN ROADWAY IMPROPERLY","ON ROADWAY NOT AT CROSSWALK","Yes","SUSPECTED SERIOUS INJURY","NONE","39.04270333","-77.051935","    (39.04270333, -77.051935)"
"DD5611000W","16000618","Rockville Police Departme","Injury Crash","01/04/2016 05:36:00 PM","Municipality","N WASHINGTON ST","MARTINS LA",,"ROCKVILLE","PEDESTRIAN","SINGLE VEHICLE","CLEAR","DRY","DARK LIGHTS ON","TRAFFIC SIGNAL","NONE DETECTED","UNKNOWN","A99096BC-2EC4-42DE-BC5C-84F3F75C07E4","PEDESTRIAN","Cross/Enter at Intersection","DART DASH","ON ROADWAY NOT AT CROSSWALK","Yes","POSSIBLE INJURY","NONE","39.09080965","-77.15365648","    (39.09080965, -77.15365648)"
"MCP26670021","16000550","Montgomery County Police","Injury Crash","01/04/2016 11:42:00 AM","County","SHADY GROVE RD","CHOKE CHERRY RD",,"ROCKVILLE","PEDESTRIAN","SINGLE VEHICLE","CLEAR","DRY","DAYLIGHT","TRAFFIC SIGNAL","NONE DETECTED","NONE DETECTED","89998815-C61A-403C-BDCE-246D47C57CF9","PEDESTRIAN","Cross/Enter at Intersection","NO IMPROPER ACTIONS","ON ROADWAY AT CROSSWALK","No","SUSPECTED MINOR INJURY","NONE","39.1145953","-77.18575716","    (39.1145953, -77.18575716)"
"MCP29910009","16000507","Montgomery County Police","Injury Crash","01/04/2016 08:30:00 AM","Maryland (State)","VEIRS MILL RD","NEWPORT MILL RD",,"N/A","PEDESTRIAN","SINGLE VEHICLE","CLEAR","DRY","DAWN","TRAFFIC SIGNAL","NONE DETECTED","NONE DETECTED","8018C9C0-3768-4DA7-9890-CC9916798C61","PEDESTRIAN","Cross/Enter at Intersection","NO IMPROPER ACTIONS","UNKNOWN","No","SUSPECTED MINOR INJURY","NONE","39.04506831","-77.06502154","    (39.04506831, -77.06502154)"
"MCP1453002D","16000517","Montgomery County Police","Injury Crash","01/04/2016 08:19:00 AM",,,,"PARKING LOT OF 20910 FREDERICK RD (WALMART)",,"PEDESTRIAN","SINGLE VEHICLE","CLEAR",,"DAYLIGHT","STOP SIGN","NONE DETECTED","NONE DETECTED","4B1C641C-875E-4C59-9B0B-3AD7C4CBB578","PEDESTRIAN","Cross/Enter at Intersection","NO IMPROPER ACTIONS","DRIVEWAY ACCESS MARKED CROSSWALK","No","SUSPECTED MINOR INJURY","NONE","39.197795","-77.25234333","    (39.197795, -77.25234333)"
"MCP25040013","16000449","Montgomery County Police","Injury Crash","01/03/2016 05:40:00 PM",,,,"PARKING LOT ROADWAY IN FRONT OF 7901 TUCKERMAN LANE",,"PEDESTRIAN","STRAIGHT MOVEMENT ANGLE","CLEAR",,"DUSK","OTHER","NONE DETECTED","NONE DETECTED","7D2231B3-619F-47BC-A5FD-C190EC7DF2C9","PEDESTRIAN","Cross/Enter at Intersection","NO IMPROPER ACTIONS","ON ROADWAY AT CROSSWALK","No","SUSPECTED MINOR INJURY","N/A","39.039952","-77.15729","    (39.039952, -77.15729)"
"MCP9419000G","16000419","Montgomery County Police","Injury Crash","01/03/2016 02:18:00 PM",,,,"PARKING LOT OF SAFEWAY   2010 VEIRS MILL RD",,"PEDESTRIAN","SINGLE VEHICLE","CLEAR",,"DAYLIGHT","NO CONTROLS","NONE DETECTED","NONE DETECTED","E292DE5F-D970-4F26-B8FC-F4E147672C7D","PEDESTRIAN","Other","NO IMPROPER ACTIONS","SIDEWALK","No","POSSIBLE INJURY","NONE","39.07601803","-77.11702824","    (39.07601803, -77.11702824)"
"MCP2470000X","16000073","Montgomery County Police","Injury Crash","01/01/2016 05:28:00 AM","Maryland (State)","MUNCASTER MILL RD","SNOW CREEK DR",,"N/A","PEDESTRIAN","OTHER","CLEAR","DRY","DARK NO LIGHTS","NO CONTROLS","NONE DETECTED","ALCOHOL PRESENT","F87BCCCC-CDB9-4665-9641-CF544F3D492A","PEDESTRIAN","Standing","IN ROADWAY IMPROPERLY","ON ROADWAY NOT AT CROSSWALK","Yes","SUSPECTED SERIOUS INJURY","NONE","39.152605","-77.15181167","    (39.152605, -77.15181167)"
"MCP2564000V","15067154","MONTGOMERY","Injury Crash","12/31/2015 04:48:00 PM",,,,"PARKING LOT OF 20044 GOSHEN RD",,"PEDESTRIAN","STRAIGHT MOVEMENT ANGLE","CLEAR",,"DARK LIGHTS ON","NO CONTROLS","NONE DETECTED","NONE DETECTED","84975DFB-E201-4B7B-A240-71C88E2B0DD2","PEDESTRIAN","Other","FAILURE TO YIELD RIGHT OF WAY","OTHER","Yes","SUSPECTED MINOR INJURY","NONE","39.18651008","-77.18803033","    (39.18651008, -77.18803033)"
"MCP9301000R","15067125","Montgomery County Police","Injury Crash","12/31/2015 01:40:00 PM","Maryland (State)","QUINCE ORCHARD RD","FIRSTFIELD RD",,"GAITHERSBURG","PEDESTRIAN","SINGLE VEHICLE","N/A","DRY","DAYLIGHT","TRAFFIC SIGNAL","NONE DETECTED","N/A","6A4BB574-EFF1-4687-9E69-39822CA0310F","PEDESTRIAN","Getting off/on Vehicle","DART DASH","AT INTERSECTION BUT NO CROSSWALK","Yes","SUSPECTED SERIOUS INJURY","N/A","39.14588333","-77.22","    (39.14588333, -77.22)"
"MCP29990008","15067038","MONTGOMERY","Injury Crash","12/30/2015 10:30:00 PM","County","BRIGGS CHANEY RD","RAMP 6 FR BRIGGS CHANEY RD TO US 29 SB",,"N/A","BICYCLIST","STRAIGHT MOVEMENT ANGLE","RAINING","WET","DARK LIGHTS ON","TRAFFIC SIGNAL","UNKNOWN","NONE DETECTED","E628F675-FDF6-4A14-8A5C-8D2B779F9CAE","BICYCLIST","Walking/Cycling on Sidewalk","NO IMPROPER ACTIONS","ON ROADWAY AT CROSSWALK","No","POSSIBLE INJURY","NONE","39.0838655","-76.9495149","    (39.0838655, -76.9495149)"
"MCP2398000P","15067004","MONTGOMERY","Property Damage Crash","12/30/2015 07:26:00 PM",,,,"PARKING LOT OF 19328 MONTGOMERY VILLAGE AVE (S.S VAPE STORE)",,"MACHINE OPERATOR/RIDER","SAME DIR REAR END","RAINING",,"DARK LIGHTS ON","OTHER","ALCOHOL PRESENT","NONE DETECTED","B72D12A7-6303-494B-8B27-85ADB6B7BC4D","MACHINE OPERATOR/RIDER","Standing","NO IMPROPER ACTIONS","N/A","No","NO APPARENT INJURY","N/A","39.17306167","-77.204825","    (39.17306167, -77.204825)"
"MCP27890021","15066997","Montgomery County Police","Injury Crash","12/30/2015 07:14:00 PM","Maryland (State)","16TH ST","EAST WEST HWY",,"N/A","PEDESTRIAN","SINGLE VEHICLE","FOGGY","WET","DARK LIGHTS ON","TRAFFIC SIGNAL","N/A","N/A","E5109CE6-D4E4-4CD4-9299-3F102D4FDAA6","PEDESTRIAN","Cross/Enter at Intersection","NO IMPROPER ACTIONS","AT INTERSECTION MARKED CROSSWALK","No","SUSPECTED MINOR INJURY","N/A","38.99486333","-77.03616333","    (38.99486333, -77.03616333)"
"MCP2796002Y","15066796","Montgomery County Police","Injury Crash","12/29/2015 06:47:00 PM","Maryland (State)","LAYHILL RD","ENT TO SHOPPING CENTER",,"N/A","PEDESTRIAN","OTHER","CLOUDY","DRY","DARK LIGHTS ON","NO CONTROLS","NONE DETECTED","NONE DETECTED","B9AFB98F-47E5-4A33-ACF4-BB3E79EA3D68","PEDESTRIAN","Cross/Enter not at Intersection","IN ROADWAY IMPROPERLY","ON ROADWAY NOT AT CROSSWALK","Yes","SUSPECTED MINOR INJURY","N/A","39.06159333","-77.05088667","    (39.06159333, -77.05088667)"
"MCP2492000J","15066635","MONTGOMERY","Fatal Crash","12/28/2015 07:28:00 PM","Maryland (State)","VEIRS MILL RD","TURKEY BRANCH PKWY",,"N/A","BICYCLIST","OTHER","RAINING","WET","DARK LIGHTS ON","WARNING SIGN","NONE DETECTED","UNKNOWN","3FF25FAE-8BD6-4A28-9777-7A88AE8666C6","BICYCLIST","Cross/Enter at Intersection","UNKNOWN","ON ROADWAY AT CROSSWALK","Unknown","FATAL INJURY","MC/BIKE HELMET","39.06005167","-77.089165","    (39.06005167, -77.089165)"
"DD5610001J","15066436","Rockville Police Departme","Injury Crash","12/27/2015 05:43:00 PM","County","TWINBROOK PKWY","HALPINE RD",,"N/A","PEDESTRIAN","SINGLE VEHICLE","CLEAR","DRY","DARK LIGHTS ON","N/A","N/A","N/A","9E896C50-590E-4936-B3FA-5FE42084B688","PEDESTRIAN","Cross/Enter at Intersection","NO IMPROPER ACTIONS","ON ROADWAY AT CROSSWALK","No","SUSPECTED MINOR INJURY","NONE","39.069593","-77.114073","    (39.069593, -77.114073)"
"MCP9301000S","15066413","Montgomery County Police","Injury Crash","12/27/2015 01:11:00 PM","Municipality","BOOTH ST","MIDTOWN RD",,"GAITHERSBURG","PEDESTRIAN","SINGLE VEHICLE","N/A","N/A","DAYLIGHT","STOP SIGN","NONE DETECTED","NONE DETECTED","014563E6-4450-4FF0-A855-1B157E536DFB","PEDESTRIAN","Cross/Enter at Intersection","UNKNOWN","AT INTERSECTION MARKED CROSSWALK","Unknown","SUSPECTED MINOR INJURY","NONE","39.15428833","-77.21278","    (39.15428833, -77.21278)"
"MCP27570010","15066325","MONTGOMERY","Injury Crash","12/26/2015 11:04:00 PM","Maryland (State)","LAYHILL RD","GLENALLAN AVE",,"N/A","PEDESTRIAN","SINGLE VEHICLE","RAINING","WET","DARK LIGHTS ON","TRAFFIC SIGNAL","NONE DETECTED","NONE DETECTED","1D71B8A1-052D-4F08-8BC5-ECFCE9C42C18","PEDESTRIAN","Cross/Enter at Intersection","NO IMPROPER ACTIONS","AT INTERSECTION MARKED CROSSWALK","No","POSSIBLE INJURY","NONE","39.06319659","-77.05016613","    (39.06319659, -77.05016613)"
"MCP2948000N","15066287","MONTGOMERY","Injury Crash","12/26/2015 07:01:00 PM","County","RANDOLPH RD","GLENMONT CIR #1",,"N/A","PEDESTRIAN","SINGLE VEHICLE","RAINING","WET","DARK LIGHTS ON","NO CONTROLS","NONE DETECTED","ALCOHOL PRESENT","E0B21649-0015-446B-A062-2DB8CFDDE832","PEDESTRIAN","Cross/Enter not at Intersection","IN ROADWAY IMPROPERLY","ON ROADWAY NOT AT CROSSWALK","Yes","POSSIBLE INJURY","NONE","39.059115","-77.04746667","    (39.059115, -77.04746667)"
"MCP2627000W","15066281","MONTGOMERY","Injury Crash","12/26/2015 05:41:00 PM","County","WESTBARD AVE","MASSACHUSETTS AVE",,"N/A","PEDESTRIAN","SINGLE VEHICLE","RAINING","WET","DARK LIGHTS ON","TRAFFIC SIGNAL","NONE DETECTED","NONE DETECTED","003BFD2A-D43C-482B-8FC0-9800896D6BB5","PEDESTRIAN","Cross/Enter at Intersection","NO IMPROPER ACTIONS","ON ROADWAY AT CROSSWALK","No","SUSPECTED MINOR INJURY","NONE","38.95797","-77.10966667","    (38.95797, -77.10966667)"
"MCP27660022","15066255","MONTGOMERY","Injury Crash","12/26/2015 03:22:00 PM","County","DEWEY RD","CLEARFIELD RD",,"N/A","OTHER CONVEYANCE","STRAIGHT MOVEMENT ANGLE","N/A","DRY","N/A","STOP SIGN","NONE DETECTED","NONE DETECTED","75FD8A88-5BD5-41FD-B268-CD4D85E13DC8","OTHER CONVEYANCE","Cross/Enter at Intersection","FAILURE TO OBEY TRAFFIC SIGNS SIGNALS OR OFFICER","ON ROADWAY NOT AT CROSSWALK","Yes","POSSIBLE INJURY","MC/BIKE HELMET","39.42665667","-77.42961667","    (39.42665667, -77.42961667)"
"MCP2835000Z","15066183","MONTGOMERY","Injury Crash","12/25/2015 11:00:00 PM",,,,"PARKING LOT BEHIND 8105 EAST WEST HWY",,"PEDESTRIAN","HEAD ON","CLEAR",,"DARK LIGHTS ON","NO CONTROLS","NONE DETECTED","NONE DETECTED","9EB27A18-61F3-4C3E-886A-97F777D6AF88","PEDESTRIAN","Other","NO IMPROPER ACTIONS","OTHER","No","SUSPECTED MINOR INJURY","NONE","38.99828114","-77.0416005","    (38.99828114, -77.0416005)"
"MCP15690008","15066152","MONTGOMERY","Property Damage Crash","12/25/2015 04:56:00 PM","County","TRAVILLE  GATEWAY DR","SHADY GROVE RD",,"N/A","PEDESTRIAN","OTHER","RAINING","WET","DARK LIGHTS ON","NO CONTROLS","N/A","N/A","7F089091-6AF0-48CA-8802-2761FD753EE5","PEDESTRIAN","Cross/Enter not at Intersection","IN ROADWAY IMPROPERLY","ON ROADWAY NOT AT CROSSWALK","Yes","NO APPARENT INJURY","NONE","39.09135333","-77.204255","    (39.09135333, -77.204255)"
"MCP2531000D","15065828","MONTGOMERY","Injury Crash","12/23/2015 07:01:00 PM","County","CROWN FARM DR","STORY DR",,"GAITHERSBURG","PEDESTRIAN","SINGLE VEHICLE","RAINING","WET","DARK -- UNKNOWN LIGHTING","STOP SIGN","N/A","N/A","CA7E9CE1-F6F6-4DCA-AC02-18BE195F5D15","PEDESTRIAN","Cross/Enter not at Intersection","NO IMPROPER ACTIONS","ON ROADWAY AT CROSSWALK","No","SUSPECTED MINOR INJURY","NONE","39.11576833","-77.21183","    (39.11576833, -77.21183)"
"MCP2531000D","15065828","MONTGOMERY","Injury Crash","12/23/2015 07:01:00 PM","County","CROWN FARM DR","STORY DR",,"GAITHERSBURG","PEDESTRIAN","SINGLE VEHICLE","RAINING","WET","DARK -- UNKNOWN LIGHTING","STOP SIGN","N/A","N/A","0589AEB2-5354-48E0-9AD7-825EB693BD1E","PEDESTRIAN","Cross/Enter at Intersection","NO IMPROPER ACTIONS","ON ROADWAY AT CROSSWALK","No","SUSPECTED SERIOUS INJURY","NONE","39.11576833","-77.21183","    (39.11576833, -77.21183)"
"DD56030028","15065817","ROCKVILLE","Injury Crash","12/23/2015 06:19:00 PM","Municipality","KING FARM BLVD","ELMCROFT BLVD",,"ROCKVILLE","PEDESTRIAN","STRAIGHT MOVEMENT ANGLE","RAINING","WET","DARK LIGHTS ON","STOP SIGN","UNKNOWN","NONE DETECTED","D5344C47-EA84-4D91-994A-98D4307BF15D","PEDESTRIAN","Cross/Enter at Intersection","NO IMPROPER ACTIONS","AT INTERSECTION MARKED CROSSWALK","No","SUSPECTED MINOR INJURY","NONE","39.11636836","-77.1700716","    (39.11636836, -77.1700716)"
"MCP26080019","15065799","MONTGOMERY","Injury Crash","12/23/2015 05:25:00 PM","County","SECOND AVE","16TH ST",,"N/A","BICYCLIST","HEAD ON LEFT TURN","RAINING","WET","DARK LIGHTS ON","TRAFFIC SIGNAL","NONE DETECTED","NONE DETECTED","EFCD9377-5E51-4891-B22B-62D5E4D4DCAF","BICYCLIST","Cross/Enter at Intersection","NO IMPROPER ACTIONS","ON ROADWAY AT CROSSWALK","No","SUSPECTED MINOR INJURY","MC/BIKE HELMET","39.00316167","-77.04003167","    (39.00316167, -77.04003167)"
"MCP1550001T","15065798","MONTGOMERY","Injury Crash","12/23/2015 05:25:00 PM","Municipality","FREDERICK AVE","KENSINGTON PKWY",,"KENSINGTON","PEDESTRIAN","OTHER","RAINING","WET","DARK LIGHTS ON","NO CONTROLS","NONE DETECTED","NONE DETECTED","16686E31-762F-4331-A2BB-39141E265109","PEDESTRIAN","Other","NO IMPROPER ACTIONS","OTHER","No","SUSPECTED MINOR INJURY","N/A","39.02557667","-77.07174833","    (39.02557667, -77.07174833)"
"EJ7833001K","15065800","Gaithersburg Police Depar","Injury Crash","12/23/2015 05:20:00 PM","Municipality","CHESTERTOWN ST","TSCHIFFELY SQUARE RD",,"GAITHERSBURG","PEDESTRIAN","OTHER","CLOUDY","WET","DARK LIGHTS ON","NO CONTROLS","NONE DETECTED","NONE DETECTED","F814F2D7-40B0-4564-BF8F-82264EFC4CB6","PEDESTRIAN","Cross/Enter at Intersection","NOT VISIBLE","ON ROADWAY AT CROSSWALK","No","SUSPECTED MINOR INJURY","NONE","39.12399333","-77.24435667","    (39.12399333, -77.24435667)"
"MCP2531000C","15065793","MONTGOMERY","Injury Crash","12/23/2015 05:00:00 PM","Municipality","WASHINGTONIAN BLVD","RIO BLVD",,"GAITHERSBURG","PEDESTRIAN","SINGLE VEHICLE","RAINING","WET","DARK -- UNKNOWN LIGHTING","YIELD SIGN","N/A","N/A","AFBFC24B-E0FC-4FD0-8591-AF34BFE7E5FB","PEDESTRIAN","Cross/Enter at Intersection","NO IMPROPER ACTIONS","AT INTERSECTION MARKED CROSSWALK","No","SUSPECTED SERIOUS INJURY","NONE","39.116915","-77.20144","    (39.116915, -77.20144)"
"DD5616000K","15065670","ROCKVILLE","Injury Crash","12/23/2015 07:20:00 AM","Municipality","MONROE PL","ROCKVILLE PIKE",,"N/A","PEDESTRIAN","N/A","FOGGY","WET","DAWN","TRAFFIC SIGNAL","NONE DETECTED","NONE DETECTED","8317457E-E69A-4421-930F-A67503F477C7","PEDESTRIAN","Cross/Enter at Intersection","NO IMPROPER ACTIONS","AT INTERSECTION MARKED CROSSWALK","No","POSSIBLE INJURY","N/A","39.08353863","-77.14712262","    (39.08353863, -77.14712262)"
"MCP2565002G","15065549","Montgomery County Police","Injury Crash","12/22/2015 05:15:00 PM","Maryland (State)","OLD GEORGETOWN RD","TILDEN LA",,"N/A","PEDESTRIAN","SINGLE VEHICLE","RAINING","WET","DARK LIGHTS ON","TRAFFIC SIGNAL","NONE DETECTED","NONE DETECTED","3FE115DE-8FB9-4197-9979-66DF6C3522A0","PEDESTRIAN","Cross/Enter at Intersection","NO IMPROPER ACTIONS","AT INTERSECTION MARKED CROSSWALK","No","SUSPECTED MINOR INJURY","NONE","39.04474491","-77.12067738","    (39.04474491, -77.12067738)"
"MCP2378000K","15065374","MONTGOMERY","Injury Crash","12/21/2015 09:35:00 PM",,,,"PARKING LOT OF 11509 AMHERST AVENUE WHEATON, MD",,"PEDESTRIAN","SINGLE VEHICLE","CLEAR",,"DARK LIGHTS ON","N/A","NONE DETECTED","NONE DETECTED","3460A41A-23E5-41E3-9039-57A918DD1B97","PEDESTRIAN","Standing","UNKNOWN","OTHER","No","SUSPECTED MINOR INJURY","N/A","38.99006","-77.09686667","    (38.99006, -77.09686667)"
"MCP2909000W","15065349","Montgomery County Police","Injury Crash","12/21/2015 06:46:00 PM","County","EDGEMOOR LA","ARLINGTON RD",,"N/A","PEDESTRIAN","OTHER","CLEAR","DRY","DARK LIGHTS ON","TRAFFIC SIGNAL","NONE DETECTED","NONE DETECTED","68DA21B4-2489-47F9-A979-B92196F4E3D0","PEDESTRIAN","Cross/Enter at Intersection","NO IMPROPER ACTIONS","AT INTERSECTION MARKED CROSSWALK","No","SUSPECTED MINOR INJURY","NONE","38.98720167","-77.09895667","    (38.98720167, -77.09895667)"
"MCP2864001H","15065163","MONTGOMERY","Injury Crash","12/20/2015 07:34:00 PM","Maryland (State)","ROCKVILLE PIKE","HALPINE RD",,"ROCKVILLE","PEDESTRIAN","OTHER","CLEAR","DRY","DARK LIGHTS ON","TRAFFIC SIGNAL","NONE DETECTED","NONE DETECTED","E8D5A850-15C1-405B-9CD7-7EDFA294EAC3","PEDESTRIAN","Cross/Enter at Intersection","NO IMPROPER ACTIONS","ON ROADWAY AT CROSSWALK","No","SUSPECTED MINOR INJURY","NONE","39.06229667","-77.1241","    (39.06229667, -77.1241)"
"MCP2864001H","15065163","MONTGOMERY","Injury Crash","12/20/2015 07:34:00 PM","Maryland (State)","ROCKVILLE PIKE","HALPINE RD",,"ROCKVILLE","PEDESTRIAN","OTHER","CLEAR","DRY","DARK LIGHTS ON","TRAFFIC SIGNAL","NONE DETECTED","NONE DETECTED","BF054CA2-1D26-4BCB-9979-5E6267597CA0","PEDESTRIAN","Cross/Enter at Intersection","NO IMPROPER ACTIONS","ON ROADWAY AT CROSSWALK","No","SUSPECTED MINOR INJURY","NONE","39.06229667","-77.1241","    (39.06229667, -77.1241)"
"MCP2812001S","15064832","Montgomery County Police","Injury Crash","12/18/2015 11:40:00 PM","Maryland (State)","GEORGIA AVE","SPRING ST",,"N/A","PEDESTRIAN","SINGLE VEHICLE","CLEAR","DRY","DARK LIGHTS ON","TRAFFIC SIGNAL","N/A","N/A","EA145D40-83EC-4E85-A363-91A17B1DA7E5","PEDESTRIAN","Cross/Enter at Intersection","DART DASH","ON ROADWAY AT CROSSWALK","Unknown","SUSPECTED MINOR INJURY","N/A","38.99944794","-77.03172594","    (38.99944794, -77.03172594)"
"MCP25630009","15064811","MONTGOMERY","Injury Crash","12/18/2015 07:09:00 PM","County","E RANDOLPH RD","SERPENTINE WAY",,"N/A","PEDESTRIAN","SINGLE VEHICLE","CLEAR","DRY","DARK LIGHTS ON","TRAFFIC SIGNAL","NONE DETECTED","UNKNOWN","32215F20-D5E7-4FC6-A6F3-2A5F44713AD0","PEDESTRIAN","Unknown","UNKNOWN","ON ROADWAY NOT AT CROSSWALK","Unknown","SUSPECTED SERIOUS INJURY","NONE","39.06437221","-76.96906283","    (39.06437221, -76.96906283)"
"MCP2961000V","15064766","MONTGOMERY","Injury Crash","12/18/2015 05:00:00 PM","Maryland (State)","CONNECTICUT AVE","RANDOLPH RD",,"N/A","PEDESTRIAN","SINGLE VEHICLE","N/A","DRY","DARK LIGHTS ON","NO CONTROLS","N/A","N/A","63B84238-CCF9-4925-982C-15C5E8FD96E9","PEDESTRIAN","Cross/Enter at Intersection","FAILURE TO YIELD RIGHT OF WAY","ON ROADWAY NOT AT CROSSWALK","Unknown","SUSPECTED MINOR INJURY","NONE","39.0565611","-77.07360595","    (39.0565611, -77.07360595)"
"EJ7829001T","54142","GAITHERSBURG","Injury Crash","12/18/2015 03:54:00 PM",,,,"PARKING LOT OF GAITHERSURG ELEMENTARY SCHOOL 35 N. SUMMIT AVE",,"PEDESTRIAN","SINGLE VEHICLE","CLOUDY",,"DAYLIGHT","N/A","NONE DETECTED","N/A","E3792BD0-C4E3-4659-81E4-3AA303C4012E","PEDESTRIAN","Cross/Enter not at Intersection","DART DASH","ON ROADWAY NOT AT CROSSWALK","Yes","POSSIBLE INJURY","NONE","39.14419047","-77.19281673","    (39.14419047, -77.19281673)"
"EJ78520018","15064548","GAITHERSBURG","Injury Crash","12/17/2015 06:36:00 PM","Municipality","BOOTH ST","KENTLANDS BLVD",,"GAITHERSBURG","PEDESTRIAN","HEAD ON LEFT TURN","FOGGY","WET","DARK LIGHTS ON","STOP SIGN","NONE DETECTED","NONE DETECTED","1F5EACAB-907B-4C5D-8204-5C438E54178E","PEDESTRIAN","Cross/Enter at Intersection","UNKNOWN","UNKNOWN","Unknown","POSSIBLE INJURY","NONE","39.12469833","-77.24017833","    (39.12469833, -77.24017833)"
"MCP2740001H","15064496","MONTGOMERY","Injury Crash","12/17/2015 03:35:00 PM","County","BUCKINGHAM DR","UNIVERSITY BLVD E",,"N/A","PEDESTRIAN","OTHER","RAINING","WET","DAYLIGHT","TRAFFIC SIGNAL","NONE DETECTED","NONE DETECTED","3F588D77-9AE9-4563-AF86-604A5E3066CD","PEDESTRIAN","Cross/Enter at Intersection","NO IMPROPER ACTIONS","ON ROADWAY AT CROSSWALK","No","SUSPECTED MINOR INJURY","NONE","39.00629462","-76.99746877","    (39.00629462, -76.99746877)"