"Report Number","Local Case Number","Agency Name","ACRS Report Type","Crash Date/Time","Route Type","Road Name","Cross-Street Name","Off-Road Description","Municipality","Related Non-Motorist","Collision Type","Weather","Surface Condition","Light","Traffic Control","Driver Substance Abuse","Non-Motorist Substance Abuse","Person ID","Pedestrian Type","Pedestrian Movement","Pedestrian Actions","Pedestrian Location","At Fault","Injury Severity","Safety Equipment","Latitude","Longitude","Location"
"MCP2492000G","15059115","MONTGOMERY","Property Damage Crash","11/19/2015 03:08:00 PM","Municipality","MAIN ST","DARNESTOWN RD",,"N/A","BICYCLIST","OTHER","RAINING","WET","DAYLIGHT","TRAFFIC SIGNAL","N/A","N/A","F3A1A7CA-1D8E-4486-AB4D-0316DB3BBD8D","BICYCLIST","Cross/Enter at Intersection","FAILURE TO OBEY TRAFFIC SIGNS SIGNALS OR OFFICER","ON ROADWAY AT CROSSWALK","Yes","NO APPARENT INJURY","NONE","39.11228577","-77.24056005","    (39.11228577, -77.24056005)"
"MCP26120018","15059112","MONTGOMERY","Injury Crash","11/19/2015 02:47:00 PM","County","INTERNATIONAL DR","GEORGIA AVE",,"N/A","PEDESTRIAN","SINGLE VEHICLE","RAINING","WET","DAYLIGHT","STOP SIGN","NONE DETECTED","NONE DETECTED","B3EB9EB8-302D-46D9-B0A0-F55C50235E28","PEDESTRIAN","Cross/Enter at Intersection","IN ROADWAY IMPROPERLY","ON ROADWAY NOT AT CROSSWALK","Yes","SUSPECTED MINOR INJURY","NONE","39.10398167","-77.07608667","    (39.10398167, -77.07608667)"
"MCP2730000M","15059015","MONTGOMERY","Injury Crash","11/19/2015 05:30:00 AM","Maryland (State)","GERMANTOWN RD","CRYSTAL ROCK DR",,"N/A","PEDESTRIAN","OTHER","RAINING","WET","DARK LIGHTS ON","NO CONTROLS","N/A","N/A","4A201E9E-E1D0-4CE4-ACB8-0E8454E57D12","PEDESTRIAN","Walking/Cycling on Sidewalk","NO IMPROPER ACTIONS","SIDEWALK","No","SUSPECTED MINOR INJURY","N/A","39.18418","-77.26321","    (39.18418, -77.26321)"
"MCP2978000T","15058952","MONTGOMERY","Injury Crash","11/18/2015 10:00:00 PM","County","PLATINUM DR","OUTPOST DR",,"N/A","PEDESTRIAN","SINGLE VEHICLE","CLEAR","DRY","DARK LIGHTS ON","STOP SIGN","NONE DETECTED","NONE DETECTED","B12627B4-2935-4228-AED2-4B4BAC35E24F","PEDESTRIAN","Cross/Enter at Intersection","FAILURE TO YIELD RIGHT OF WAY","ON ROADWAY NOT AT CROSSWALK","Yes","SUSPECTED MINOR INJURY","NONE","39.09175374","-77.21927136","    (39.09175374, -77.21927136)"
"MCP24110006","15058987","MONTGOMERY","Injury Crash","11/18/2015 08:30:00 PM","Municipality","E JEFFERSON ST","ROLLINS AVE",,"ROCKVILLE","PEDESTRIAN","OTHER","CLEAR","DRY","DARK -- UNKNOWN LIGHTING","TRAFFIC SIGNAL","N/A","N/A","F37F32F1-E8B8-42FE-9BF2-E923D41D927E","PEDESTRIAN","Cross/Enter not at Intersection","IN ROADWAY IMPROPERLY","ON ROADWAY NOT AT CROSSWALK","No","POSSIBLE INJURY","N/A","39.05850016","-77.12604046","    (39.05850016, -77.12604046)"
"MCP29700014","15058902","MONTGOMERY","Injury Crash","11/18/2015 01:54:00 PM","County","GRANDVIEW AVE","ENNALLS AVE",,"N/A","PEDESTRIAN","SINGLE VEHICLE","CLOUDY","DRY","DAYLIGHT","STOP SIGN","N/A","N/A","EF5ED284-D620-4B88-A2CD-78DAB2E97A0D","PEDESTRIAN","Cross/Enter at Intersection","NO IMPROPER ACTIONS","ON ROADWAY AT CROSSWALK","No","SUSPECTED MINOR INJURY","N/A","39.04006912","-77.05277927","    (39.04006912, -77.05277927)"
"MCP2796002F","15058687","MONTGOMERY","Injury Crash","11/17/2015 01:47:00 PM",,,,"Parking lot of KMart store located at 14014 Connecticut Avenue, Silver Spring",,"PEDESTRIAN","SINGLE VEHICLE","CLEAR",,"DAYLIGHT","N/A","N/A","NONE DETECTED","D9E844C2-E353-41E5-827A-FD615D20BA7F","PEDESTRIAN","Other","NO IMPROPER ACTIONS","OTHER","No","SUSPECTED MINOR INJURY","N/A","39.08544","-77.07649167","    (39.08544, -77.07649167)"
"MCP0113000J","15058620","MONTGOMERY","Injury Crash","11/17/2015 09:22:00 AM","County","CEDAR LA","ELMHIRST PKWY",,"N/A","PEDESTRIAN","SINGLE VEHICLE","CLOUDY","DRY","DAYLIGHT","TRAFFIC SIGNAL","NONE DETECTED","NONE DETECTED","E3A56A20-5FDA-4828-89F7-8366BF9AC3CD","PEDESTRIAN","Cross/Enter at Intersection","DART DASH","AT INTERSECTION MARKED CROSSWALK","Yes","SUSPECTED MINOR INJURY","NONE","39.00792","-77.09456167","    (39.00792, -77.09456167)"
"MCP2740001C","15058201","MONTGOMERY","Injury Crash","11/15/2015 06:49:00 PM","Maryland (State)","PINEY BRANCH RD","DALE DR",,"N/A","PEDESTRIAN","SINGLE VEHICLE","CLEAR","DRY","DARK LIGHTS ON","TRAFFIC SIGNAL","UNKNOWN","NONE DETECTED","A73E325B-FF18-44ED-BB1A-9167A011786F","PEDESTRIAN","Cross/Enter at Intersection","NO IMPROPER ACTIONS","ON ROADWAY AT CROSSWALK","No","SUSPECTED MINOR INJURY","NONE","38.99374833","-77.00917167","    (38.99374833, -77.00917167)"
"MCP2813001L","15058336","MONTGOMERY","Injury Crash","11/15/2015 05:15:00 PM","County","VALLEYWOOD DR","MEDWAY ST",,"N/A","PEDESTRIAN","SINGLE VEHICLE","CLEAR","DRY","DARK LIGHTS ON","NO CONTROLS","N/A","N/A","5BABD51C-FFB9-428B-8499-50EDC28BEE22","PEDESTRIAN","Playing","INATTENTIVE","CURB","Yes","POSSIBLE INJURY","NONE","39.05404333","-77.06722167","    (39.05404333, -77.06722167)"
"MCP2177000S","15058277","MONTGOMERY","Injury Crash","11/15/2015 10:05:00 AM","County","TUCKERMAN LA","DEBORAH DR",,"N/A","BICYCLIST","SAME DIR REAR END","CLEAR","DRY","DAYLIGHT","NO CONTROLS","NONE DETECTED","NONE DETECTED","0D6807CD-A2EE-40DE-9D01-C377599E5AA5","BICYCLIST","Walking/Riding w/Traffic","NO IMPROPER ACTIONS","IN BIKEWAY","No","SUSPECTED MINOR INJURY","MC/BIKE HELMET","39.04142793","-77.16446042","    (39.04142793, -77.16446042)"
"MCP27450018","15058225","MONTGOMERY","Injury Crash","11/14/2015 09:50:00 PM","County","FLOWER HILL WAY","WOODFIELD RD",,"N/A","PEDESTRIAN","OTHER","N/A","DRY","DARK LIGHTS ON","NO CONTROLS","UNKNOWN","N/A","B928E4E0-F6F9-4E53-A6B2-31F6E55F2F28","PEDESTRIAN","Cross/Enter not at Intersection","UNKNOWN","SIDEWALK","No","SUSPECTED SERIOUS INJURY","NONE","39.15570833","-77.16471833","    (39.15570833, -77.16471833)"
"MCP2874000W","15058210","MONTGOMERY","Injury Crash","11/14/2015 08:07:00 PM","Maryland (State)","GEORGIA AVE","SHOREFIELD RD",,"N/A","PEDESTRIAN","SINGLE VEHICLE","CLEAR","DRY","DARK LIGHTS ON","TRAFFIC SIGNAL","NONE DETECTED","UNKNOWN","0265D3BF-51A5-4DC2-9C1F-30170CF57E07","PEDESTRIAN","Cross/Enter at Intersection","NO IMPROPER ACTIONS","ON ROADWAY AT CROSSWALK","No","SUSPECTED MINOR INJURY","N/A","39.053245","-77.05103333","    (39.053245, -77.05103333)"
"MCP04050004","15058162","Montgomery County Police","Injury Crash","11/14/2015 02:45:00 PM",,"11902 RUSTIC FARM COURT","RUSTIC FARM COURT",,"N/A","PEDESTRIAN","SINGLE VEHICLE","CLEAR","DRY","DAYLIGHT","NO CONTROLS","NONE DETECTED","N/A","CF636CCD-EBEC-4A4F-B84B-CA039B94FC40","PEDESTRIAN","Playing","NOT VISIBLE","ON ROADWAY NOT AT CROSSWALK","Unknown","SUSPECTED SERIOUS INJURY","N/A","39.171015","-77.24577167","    (39.171015, -77.24577167)"
"MCP2298006X","15058021","MONTGOMERY","Injury Crash","11/13/2015 07:13:00 PM",,,,"DRIVE WAY TO 19815 GERMANTOWN ROAD EXXON",,"PEDESTRIAN","OTHER","CLEAR",,"DARK LIGHTS ON","NO CONTROLS","NONE DETECTED","NONE DETECTED","E7ABAB42-5A70-4151-B788-8F851BA8AF10","PEDESTRIAN","Walking/Cycling on Sidewalk","UNKNOWN","OTHER","Unknown","SUSPECTED MINOR INJURY","NONE","39.181165","-77.26164833","    (39.181165, -77.26164833)"
"MCP1227000F","15058046","MONTGOMERY","Fatal Crash","11/13/2015 06:11:00 PM","Maryland (State)","FREDERICK RD","MAGNOLIA DR",,"N/A","PEDESTRIAN","SINGLE VEHICLE","CLEAR","DRY","DARK NO LIGHTS","NO CONTROLS","NONE DETECTED","NONE DETECTED","20B85BBE-DA98-46F9-AD23-64FF7B134EAD","PEDESTRIAN","Cross/Enter not at Intersection","UNKNOWN","ON ROADWAY NOT AT CROSSWALK","Unknown","FATAL INJURY","NONE","39.176967","-77.2383821","    (39.176967, -77.2383821)"
"MCP28860010","15057995","MONTGOMERY","Injury Crash","11/13/2015 04:19:00 PM","County","GRIDLEY RD","SELFRIDGE RD",,"N/A","PEDESTRIAN","SINGLE VEHICLE","CLEAR","DRY","DAYLIGHT","N/A","NONE DETECTED","NONE DETECTED","AA212CF7-22FD-467D-A997-6CBB4912CF52","PEDESTRIAN","Cross/Enter at Intersection","NO IMPROPER ACTIONS","AT INTERSECTION MARKED CROSSWALK","No","POSSIBLE INJURY","NONE","39.056545","-77.08547","    (39.056545, -77.08547)"
"MCP2933000N","15058000","MONTGOMERY","Injury Crash","11/13/2015 04:10:00 PM","Maryland (State)","WILSON LA","MERRICK RD",,"N/A","PEDESTRIAN","SINGLE VEHICLE","CLEAR","DRY","DAYLIGHT","NO CONTROLS","NONE DETECTED","NONE DETECTED","87CBB804-905E-41FB-A27D-2BB1EFD0034C","PEDESTRIAN","Cross/Enter not at Intersection","DART DASH","ON ROADWAY NOT AT CROSSWALK","Yes","SUSPECTED MINOR INJURY","N/A","38.98963612","-77.12262869","    (38.98963612, -77.12262869)"
"MCP28460019","15057967","MONTGOMERY","Injury Crash","11/13/2015 02:50:00 PM","County","GRANDVIEW AVE","BLUERIDGE AVE",,"N/A","PEDESTRIAN","OTHER","CLEAR","DRY","DAYLIGHT","NO CONTROLS","NONE DETECTED","NONE DETECTED","5E5194E6-475A-4A36-B2E4-BE60B2FBC644","PEDESTRIAN","Cross/Enter at Intersection","INATTENTIVE","ON ROADWAY AT CROSSWALK","No","POSSIBLE INJURY","NONE","39.04284167","-77.05323167","    (39.04284167, -77.05323167)"
"MCP2717003W","15037541","MONTGOMERY","Injury Crash","11/12/2015 07:10:00 PM","County","MARINELLI RD","CITADEL AVE",,"N/A","PEDESTRIAN","OTHER","CLEAR","DRY","DARK LIGHTS ON","NO CONTROLS","NONE DETECTED","NONE DETECTED","E31764FE-4F85-416B-BC0E-29FFA4C89A09","PEDESTRIAN","Cross/Enter at Intersection","NO IMPROPER ACTIONS","AT INTERSECTION MARKED CROSSWALK","No","SUSPECTED MINOR INJURY","N/A","39.04724412","-77.11291909","    (39.04724412, -77.11291909)"
"MCP20610005","15061920","Montgomery County Police","Injury Crash","11/12/2015 07:30:00 AM","Municipality","NORRIS RD","FISHER AVE",,"N/A","PEDESTRIAN","STRAIGHT MOVEMENT ANGLE","CLEAR","DRY","DAWN","STOP SIGN","N/A","N/A","0B3B1321-2B1E-46E3-84B4-FA167BB1684F","PEDESTRIAN","Cross/Enter at Intersection","NO IMPROPER ACTIONS","ON ROADWAY AT CROSSWALK","Unknown","SUSPECTED MINOR INJURY","NONE","39.14544691","-77.41474271","    (39.14544691, -77.41474271)"
"MCP27980017","15057637","MONTGOMERY","Injury Crash","11/11/2015 09:28:00 PM",,,,"rear parking lot of 15503 Old Columbia Pike, Burtonsville, MD 20866",,"PEDESTRIAN","OTHER","CLEAR",,"DARK LIGHTS ON","N/A","UNKNOWN","NONE DETECTED","2C8A55B1-15C6-4D92-B749-306581014270","PEDESTRIAN","Other","OTHER","OTHER","No","POSSIBLE INJURY","NONE","39.04617333","-76.990255","    (39.04617333, -76.990255)"
"MCP2909000V","15057599","MONTGOMERY","Property Damage Crash","11/11/2015 06:09:00 PM","Maryland (State)","OLD GEORGETOWN RD","DEL RAY AVE",,"N/A","BICYCLIST","OTHER","CLEAR","N/A","DARK LIGHTS ON","N/A","NONE DETECTED","NONE DETECTED","5A5B0280-A135-45FD-984B-5298C02580D7","BICYCLIST","Other","NO IMPROPER ACTIONS","ON ROADWAY NOT AT CROSSWALK","No","NO APPARENT INJURY","NONE","38.990655","-77.09964167","    (38.990655, -77.09964167)"
"DD5574000B","15057604","ROCKVILLE","Injury Crash","11/11/2015 05:46:00 PM","Municipality","VEIRS MILL SERV RD","CLAGETT DR",,"ROCKVILLE","PEDESTRIAN","SINGLE VEHICLE","CLEAR","DRY","DARK NO LIGHTS","NO CONTROLS","NONE DETECTED","NONE DETECTED","23D48318-35E7-4165-89F2-1A21B2857C07","PEDESTRIAN","Cross/Enter at Intersection","N/A","AT INTERSECTION BUT NO CROSSWALK","No","SUSPECTED SERIOUS INJURY","NONE","39.07829178","-77.12795019","    (39.07829178, -77.12795019)"
"MCP2840000M","15057597","MONTGOMERY","Injury Crash","11/11/2015 05:30:00 PM","County","LOCKWOOD DR","NEW HAMPSHIRE AVE",,"N/A","PEDESTRIAN","N/A","N/A","DRY","DUSK","NO CONTROLS","N/A","NONE DETECTED","B398C0C2-16C0-4339-82E1-0DE8E4358016","PEDESTRIAN","Cross/Enter not at Intersection","NOT VISIBLE","UNKNOWN","Yes","POSSIBLE INJURY","NONE","39.04226667","-76.98699167","    (39.04226667, -76.98699167)"
"MCP2008001G","15057569","MONTGOMERY","Injury Crash","11/11/2015 03:53:00 PM",,,,"Parking lot of 7103 Democracy Blvd (Sears-Montgomery Mall)",,"PEDESTRIAN","OTHER","CLEAR",,"DAYLIGHT","N/A","NONE DETECTED","NONE DETECTED","C4272973-F77D-4E6E-8556-5590AEF77944","PEDESTRIAN","Cross/Enter not at Intersection","IN ROADWAY IMPROPERLY","ON ROADWAY NOT AT CROSSWALK","Yes","POSSIBLE INJURY","N/A","39.02492669","-77.14436531","    (39.02492669, -77.14436531)"
"MCP00360034","15057435","MONTGOMERY","Injury Crash","11/10/2015 08:18:00 PM","Maryland (State)","WOODFIELD RD","BETHESDA CHURCH RD",,"N/A","PEDESTRIAN","SINGLE VEHICLE","RAINING","WET","DARK LIGHTS ON","NO CONTROLS","NONE DETECTED","NONE DETECTED","165315B7-130C-4534-B51B-1C2A0886D9FB","PEDESTRIAN","Cross/Enter not at Intersection","DART DASH","OUTSIDE RIGHT OF WAY","Unknown","SUSPECTED SERIOUS INJURY","N/A","39.28388833","-77.20184667","    (39.28388833, -77.20184667)"
"MCP2656000Z","15057405","MONTGOMERY","Injury Crash","11/10/2015 06:25:00 PM","Maryland (State)","OLD COLUMBIA PIKE","ENT TO BUSINESS",,"N/A","PEDESTRIAN","OTHER","RAINING","WET","DARK NO LIGHTS","TRAFFIC SIGNAL","NONE DETECTED","NONE DETECTED","C8A3F647-7FF8-4E3F-9999-28A550AA105A","PEDESTRIAN","Cross/Enter at Intersection","NO IMPROPER ACTIONS","ON ROADWAY AT CROSSWALK","No","POSSIBLE INJURY","N/A","39.11253333","-76.932735","    (39.11253333, -76.932735)"
"EJ7829001N","15057386","GAITHERSBURG","Injury Crash","11/10/2015 05:40:00 PM","Municipality","PALM SPRING DR","PALMTREE DR",,"GAITHERSBURG","PEDESTRIAN","SINGLE VEHICLE","RAINING","WET","DARK LIGHTS ON","NO CONTROLS","NONE DETECTED","NONE DETECTED","78111F0E-1331-4D51-ABF1-3A6D0256A7BB","PEDESTRIAN","Cross/Enter at Intersection","FAILURE TO YIELD RIGHT OF WAY","ON ROADWAY AT CROSSWALK","No","SUSPECTED MINOR INJURY","N/A","39.12377667","-77.21204167","    (39.12377667, -77.21204167)"
"EJ7829001N","15057386","GAITHERSBURG","Injury Crash","11/10/2015 05:40:00 PM","Municipality","PALM SPRING DR","PALMTREE DR",,"GAITHERSBURG","PEDESTRIAN","SINGLE VEHICLE","RAINING","WET","DARK LIGHTS ON","NO CONTROLS","NONE DETECTED","NONE DETECTED","56E96419-7E87-418E-9E15-E50886C20558","PEDESTRIAN","Cross/Enter at Intersection","FAILURE TO YIELD RIGHT OF WAY","ON ROADWAY AT CROSSWALK","No","SUSPECTED MINOR INJURY","NONE","39.12377667","-77.21204167","    (39.12377667, -77.21204167)"
"MCP2298006W","15057385","MONTGOMERY","Injury Crash","11/10/2015 05:26:00 PM","County","FATHER HURLEY BLVD","HOPKINS RD",,"N/A","PEDESTRIAN","OTHER","SEVERE WINDS","WET","DUSK","TRAFFIC SIGNAL","NONE DETECTED","NONE DETECTED","6B82E6C9-C3A2-4E42-833A-07F8D101064C","PEDESTRIAN","Cross/Enter at Intersection","FAILURE TO OBEY TRAFFIC SIGNS SIGNALS OR OFFICER","AT INTERSECTION MARKED CROSSWALK","Yes","SUSPECTED MINOR INJURY","NONE","39.16919019","-77.28293896","    (39.16919019, -77.28293896)"
"MCP2671000Y","15057392","MONTGOMERY","Injury Crash","11/10/2015 05:20:00 PM","County","FOREST GLEN RD","SLIGO CREEK PKWY",,"N/A","PEDESTRIAN","SINGLE VEHICLE","RAINING","WET","DARK NO LIGHTS","OTHER","NONE DETECTED","NONE DETECTED","EB715312-379F-4AAB-97C7-F2D98B2C1E55","PEDESTRIAN","Cross/Enter at Intersection","NOT VISIBLE","ON ROADWAY AT CROSSWALK","No","SUSPECTED MINOR INJURY","NONE","39.0161057","-77.0331046","    (39.0161057, -77.0331046)"
"MCP2770000S","15057404","MONTGOMERY","Injury Crash","11/10/2015 03:30:00 PM",,,,"Parking lot area of 10011 Stedwick Road, between the Capitol One bank and US Post Office.",,"BICYCLIST","HEAD ON LEFT TURN","RAINING",,"DAYLIGHT","NO CONTROLS","UNKNOWN","NONE DETECTED","6ECA0951-31A1-485C-B89C-30E2956D50D3","BICYCLIST","Walking/Riding w/Traffic","UNKNOWN","OTHER","Unknown","SUSPECTED MINOR INJURY","NONE","39.17091198","-77.20771909","    (39.17091198, -77.20771909)"
"MCP2774001G","15057231","MONTGOMERY","Injury Crash","11/10/2015 05:34:00 AM","Maryland (State)","EAST WEST HWY","COLESVILLE RD",,"N/A","PEDESTRIAN","N/A","RAINING","WET","DARK LIGHTS ON","TRAFFIC SIGNAL","NONE DETECTED","N/A","977A32E2-2588-4465-91E8-867BFFB7BD43","PEDESTRIAN","Cross/Enter at Intersection","NO IMPROPER ACTIONS","AT INTERSECTION MARKED CROSSWALK","No","SUSPECTED MINOR INJURY","N/A","38.99418","-77.03288167","    (38.99418, -77.03288167)"
"MCP20540005","15057210","MONTGOMERY","Injury Crash","11/09/2015 09:30:00 PM","County","TECH RD","BROADBIRCH DR",,"N/A","PEDESTRIAN","STRAIGHT MOVEMENT ANGLE","RAINING","WET","DARK NO LIGHTS","STOP SIGN","NONE DETECTED","NONE DETECTED","7B7B5AA6-21AF-499A-BE8D-361A1B6E9A15","PEDESTRIAN","Cross/Enter at Intersection","NO IMPROPER ACTIONS","AT INTERSECTION MARKED CROSSWALK","No","POSSIBLE INJURY","NONE","39.05590918","-76.96655363","    (39.05590918, -76.96655363)"
"MCP27820016","15057063","MONTGOMERY","Injury Crash","11/09/2015 07:30:00 AM","County","LONGMEAD CROSSING DR","LADY MEADE DR",,"N/A","PEDESTRIAN","STRAIGHT MOVEMENT ANGLE","CLEAR","DRY","DAYLIGHT","NO CONTROLS","NONE DETECTED","NONE DETECTED","0F9815A6-3679-48D5-8AA2-F8E08F66B9A5","PEDESTRIAN","Cross/Enter not at Intersection","IN ROADWAY IMPROPERLY","ON ROADWAY NOT AT CROSSWALK","Yes","SUSPECTED MINOR INJURY","NONE","39.10058167","-77.05125","    (39.10058167, -77.05125)"
"MCP2512001K","15056825","MONTGOMERY","Injury Crash","11/07/2015 06:40:00 PM",,,,"Parking lot of 16541 S Frederick Ave",,"PEDESTRIAN","OTHER","CLOUDY",,"DARK LIGHTS ON","NO CONTROLS","NONE DETECTED","NONE DETECTED","9EE90D6C-AEB3-4B8D-A508-C48E4C105136","PEDESTRIAN","Other","NO IMPROPER ACTIONS","OTHER","No","SUSPECTED MINOR INJURY","N/A","39.12707","-77.18435","    (39.12707, -77.18435)"
"MCP2659000W","15056739","MONTGOMERY","Injury Crash","11/07/2015 03:30:00 AM","County","GRANDVIEW AVE","REEDIE DR",,"N/A","PEDESTRIAN","OTHER","CLEAR","DRY","DARK LIGHTS ON","NO CONTROLS","UNKNOWN","ALCOHOL PRESENT","79B7E095-6A46-4534-98B7-9F0EC2D97F44","PEDESTRIAN","Other","INATTENTIVE","ON ROADWAY NOT AT CROSSWALK","Yes","POSSIBLE INJURY","NONE","39.03918167","-77.05237833","    (39.03918167, -77.05237833)"
"MCP2789001R","15056617","MONTGOMERY","Injury Crash","11/06/2015 06:00:00 PM","Maryland (State)","GEORGIA AVE","16TH ST",,"N/A","PEDESTRIAN","SINGLE VEHICLE","N/A","DRY","DARK LIGHTS ON","TRAFFIC SIGNAL","UNKNOWN","N/A","9EC04718-153F-4465-826C-930469470117","PEDESTRIAN","Cross/Enter at Intersection","NO IMPROPER ACTIONS","ON ROADWAY AT CROSSWALK","Unknown","SUSPECTED MINOR INJURY","N/A","39.00546667","-77.02337667","    (39.00546667, -77.02337667)"
"MCP2796002C","15056537","MONTGOMERY","Injury Crash","11/06/2015 11:15:00 AM",,,,"Parking lot in front of entrance to Best Buy located at 10901 Georgia Avenue, Silver Spring",,"PEDESTRIAN","SINGLE VEHICLE","CLEAR",,"DAYLIGHT","N/A","UNKNOWN","NONE DETECTED","83ABAFF8-23B0-45CC-819C-6D05504C3CE6","PEDESTRIAN","Other","NO IMPROPER ACTIONS","OTHER","No","SUSPECTED MINOR INJURY","N/A","39.03438333","-77.04835667","    (39.03438333, -77.04835667)"
"MCP1205001J","15056511","MONTGOMERY","Injury Crash","11/06/2015 08:58:00 AM","Maryland (State)","CONNECTICUT AVE","CHEVY CHASE LAKE DR",,"N/A","BICYCLIST","STRAIGHT MOVEMENT ANGLE","CLOUDY","WET","DAYLIGHT","TRAFFIC SIGNAL","NONE DETECTED","NONE DETECTED","2EBCE682-6916-4AC1-88D2-F16BD42BCF18","BICYCLIST","Cross/Enter at Intersection","N/A","AT INTERSECTION MARKED CROSSWALK","No","POSSIBLE INJURY","MC/BIKE HELMET","38.99387225","-77.07717061","    (38.99387225, -77.07717061)"
"MCP26010009","15056452","MONTGOMERY","Injury Crash","11/05/2015 08:48:00 PM","Maryland (State)","EAST WEST HWY","ENT TO SHOPPING CENTER",,"N/A","PEDESTRIAN","OTHER","FOGGY","WET","DARK LIGHTS ON","TRAFFIC SIGNAL","N/A","NONE DETECTED","45C1F4C9-29EA-45C1-91B9-0ADB27248E10","PEDESTRIAN","Cross/Enter at Intersection","FAILURE TO OBEY TRAFFIC SIGNS SIGNALS OR OFFICER","ON ROADWAY AT CROSSWALK","Yes","SUSPECTED MINOR INJURY","N/A","38.99282158","-77.03160524","    (38.99282158, -77.03160524)"
"MCP2796002B","15056417","MONTGOMERY","Injury Crash","11/05/2015 05:24:00 PM",,"SOUTH LEISUREWORLD BLVD","GLENEAGLES DR",,"N/A","PEDESTRIAN","SINGLE VEHICLE","CLOUDY","DRY","DARK LIGHTS ON","NO CONTROLS","NONE DETECTED","NONE DETECTED","F6373CFA-8AC5-4A63-8BD0-D5C3349D7A5A","PEDESTRIAN","Cross/Enter at Intersection","NO IMPROPER ACTIONS","ON ROADWAY AT CROSSWALK","No","SUSPECTED MINOR INJURY","N/A","39.09837","-77.07358833","    (39.09837, -77.07358833)"
"MCP9113000Z","15056420","MONTGOMERY","Injury Crash","11/05/2015 05:23:00 PM","Maryland (State)","OLNEY SANDY SPRING RD","VILLAGE CENTER DR",,"N/A","BICYCLIST","SINGLE VEHICLE","CLEAR","DRY","DARK LIGHTS ON","STOP SIGN","NONE DETECTED","NONE DETECTED","3FA7741B-CCD5-48AB-977A-C94C8C74CF5D","BICYCLIST","Cross/Enter at Intersection","N/A","ON ROADWAY AT CROSSWALK","No","SUSPECTED MINOR INJURY","N/A","39.151609","-77.063577","    (39.151609, -77.063577)"
"MCP21990005","15056281","MONTGOMERY","Injury Crash","11/04/2015 05:35:00 PM","County","MIDDLEBROOK RD","FATHER HURLEY BLVD",,"N/A","PEDESTRIAN","SINGLE VEHICLE","CLEAR","DRY","DUSK","TRAFFIC SIGNAL","N/A","N/A","47C564AA-8210-4FB4-BCFF-9A7429D53AAD","PEDESTRIAN","Walking to/from school","FAILURE TO OBEY TRAFFIC SIGNS SIGNALS OR OFFICER","AT INTERSECTION MARKED CROSSWALK","Yes","SUSPECTED MINOR INJURY","N/A","39.18380322","-77.27381945","    (39.18380322, -77.27381945)"
"MCP2191000P","15056121","MONTGOMERY","Injury Crash","11/04/2015 06:59:00 AM","County","TUCKERMAN LA","SUGARBUSH LA",,"N/A","BICYCLIST","STRAIGHT MOVEMENT ANGLE","CLEAR","DRY","DAYLIGHT","TRAFFIC SIGNAL","NONE DETECTED","NONE DETECTED","2CCF370D-9D7D-4E7D-A401-2CA4475CE7DA","BICYCLIST","Cross/Enter at Intersection","NO IMPROPER ACTIONS","AT INTERSECTION MARKED CROSSWALK","No","POSSIBLE INJURY","MC/BIKE HELMET","39.03212667","-77.11793667","    (39.03212667, -77.11793667)"
"MCP2767001G","15056017","MONTGOMERY","Injury Crash","11/03/2015 04:38:00 PM",,,,"In parking lot in front of 11240 Georgia Avenue, Wheaton MD 20902",,"PEDESTRIAN","SINGLE VEHICLE","CLEAR",,"DAYLIGHT","NO CONTROLS","NONE DETECTED","NONE DETECTED","23AFD6CC-11A4-4EBE-BC82-126892C93966","PEDESTRIAN","Standing","NO IMPROPER ACTIONS","OTHER","No","SUSPECTED SERIOUS INJURY","N/A","39.03979833","-77.05151","    (39.03979833, -77.05151)"
"MCP2298006Q","15056003","MONTGOMERY","Injury Crash","11/03/2015 03:25:00 PM","Maryland (State)","FREDERICK RD","BRINK RD",,"N/A","PEDESTRIAN","SAME DIR REAR END","CLEAR","DRY","DAYLIGHT","NO CONTROLS","NONE DETECTED, UNKNOWN","NONE DETECTED","53C626E7-E07D-4B71-A08A-ECC687C2D27B","PEDESTRIAN","Standing","OTHER","ON ROADWAY NOT AT CROSSWALK","No","NO APPARENT INJURY","N/A","39.21385143","-77.24928796","    (39.21385143, -77.24928796)"
"MCP2492000F","15055888","MONTGOMERY","Injury Crash","11/02/2015 10:20:00 PM","US (State)","COLUMBIA PIKE","TECH RD",,"N/A","PEDESTRIAN","OTHER","CLEAR","DRY","DARK LIGHTS ON","TRAFFIC SIGNAL","UNKNOWN","UNKNOWN","80EE11E2-E538-4372-B684-55358A9E733C","PEDESTRIAN","Cross/Enter at Intersection","UNKNOWN","ON ROADWAY AT CROSSWALK","Unknown","SUSPECTED SERIOUS INJURY","NONE","39.05782952","-76.96838826","    (39.05782952, -76.96838826)"
"HA2389000D","15001213","MCPARK","Injury Crash","11/02/2015 05:46:00 PM",,,,"OCCURRED ON NE CAPITAL CRESCENT TRAIL, APPROXIMATELY 50 FEET PRIOR TO DORSET AVENUE INTERSECTION.",,"BICYCLIST","HEAD ON","CLEAR",,"DARK -- UNKNOWN LIGHTING","N/A",,"UNKNOWN","56920666-4276-4E05-8DDA-E910B16642CE","BICYCLIST","N/A","IMPROPER PASSING","SHARED USE PATH OR TRAILS","Yes","NO APPARENT INJURY","UNKNOWN","38.96842663","-77.10256577","    (38.96842663, -77.10256577)"
"HA2389000D","15001213","MCPARK","Injury Crash","11/02/2015 05:46:00 PM",,,,"OCCURRED ON NE CAPITAL CRESCENT TRAIL, APPROXIMATELY 50 FEET PRIOR TO DORSET AVENUE INTERSECTION.",,"BICYCLIST","HEAD ON","CLEAR",,"DARK -- UNKNOWN LIGHTING","N/A",,"N/A","5856E3E8-B376-430B-8F51-92580E238F2D","BICYCLIST","Other","NO IMPROPER ACTIONS","SHARED USE PATH OR TRAILS","No","SUSPECTED MINOR INJURY","MC/BIKE HELMET","38.96842663","-77.10256577","    (38.96842663, -77.10256577)"
"MCP27400016","15055621","MONTGOMERY","Injury Crash","11/01/2015 05:52:00 PM","Maryland (State)","UNIVERSITY BLVD E","FORSTON DR",,"N/A","BICYCLIST","N/A","CLEAR","DRY","DARK NO LIGHTS","N/A","NONE DETECTED","NONE DETECTED","1E6773F8-B53E-4B4A-B108-1BBAA49C2C0C","BICYCLIST","Cross/Enter at Intersection","NO IMPROPER ACTIONS","ON ROADWAY AT CROSSWALK","No","SUSPECTED MINOR INJURY","NONE","38.99483118","-76.99300289","    (38.99483118, -76.99300289)"
"MCP2600001F","15055481","MONTGOMERY","Injury Crash","10/31/2015 10:35:00 PM","Maryland (State)","NEW HAMPSHIRE AVE","POWDER MILL RD",,"N/A","PEDESTRIAN","OTHER","CLEAR","DRY","DARK LIGHTS ON","TRAFFIC SIGNAL","NONE DETECTED","UNKNOWN","BB0B789B-27B4-42A6-8D2A-F56FD7CDDAE4","PEDESTRIAN","Cross/Enter at Intersection","UNKNOWN","ON ROADWAY NOT AT CROSSWALK","Yes","POSSIBLE INJURY","N/A","39.02158667","-76.97838","    (39.02158667, -76.97838)"